"","simu","n","p","omega_structure","zi_type","zi_config","method","criterion","omega_rmse","AUC","rmse_fit","fallout","recall","precision","f1_score","time"
"1","1","300","20","erdos_renyi","sites","sites_1","PLN","BIC","0.03","0.904","0.631226702133599","0","0.4","1","0.571","2.01056671142578"
"2","1","300","20","erdos_renyi","sites","sites_1","ZIPLN","BIC","0.04","0.8636","0.721268535801907","0.005","0.4","0.667","0.5","27.3524787425995"
"3","2","300","20","erdos_renyi","sites","sites_1","PLN","BIC","0.05","0.6975","0.63865292497935","0.005","0.8","0.8","0.8","1.89217329025269"
"4","2","300","20","erdos_renyi","sites","sites_1","ZIPLN","BIC","0.05","0.6395","0.734943415232561","0.022","0.8","0.5","0.615","31.6409559249878"
"5","3","300","20","erdos_renyi","sites","sites_1","PLN","BIC","0.03","0.7211","0.626990407944392","0","0.4","1","0.571","2.33718204498291"
"6","3","300","20","erdos_renyi","sites","sites_1","ZIPLN","BIC","0.04","0.7295","0.707372714236829","0.011","0.6","0.6","0.6","27.8275275230408"
"7","4","300","20","erdos_renyi","sites","sites_1","PLN","BIC","0.06","0.7479255","0.636149422771857","0.017","0.889","0.727","0.8","2.13719582557678"
"8","4","300","20","erdos_renyi","sites","sites_1","ZIPLN","BIC","0.04","0.672307","0.731275452304351","0.022","0.889","0.667","0.762","27.2684133052826"
"9","5","300","20","erdos_renyi","sites","sites_1","PLN","BIC","0.08","0.811385","0.686066955923768","0.017","0.714","0.769","0.741","2.16112613677979"
"10","5","300","20","erdos_renyi","sites","sites_1","ZIPLN","BIC","0.04","0.7797165","0.766078405263155","0.068","0.929","0.52","0.667","29.6005430221558"
"11","6","300","20","erdos_renyi","sites","sites_1","PLN","BIC","0.06","0.811602","0.630769015323541","0.028","0.818","0.643","0.72","2.59241914749146"
"12","6","300","20","erdos_renyi","sites","sites_1","ZIPLN","BIC","0.04","0.7700545","0.721024930801095","0.039","0.727","0.533","0.615","29.0249156951904"
"13","7","300","20","erdos_renyi","sites","sites_1","PLN","BIC","0.05","0.8628","0.639422901266321","0","0.6","1","0.75","1.65127301216125"
"14","7","300","20","erdos_renyi","sites","sites_1","ZIPLN","BIC","0.04","0.6096","0.726108394489071","0.022","0.8","0.5","0.615","26.1508164405823"
"15","8","300","20","erdos_renyi","sites","sites_1","PLN","BIC","0.05","0.9223785","0.661317267885736","0.005","0.667","0.8","0.727","1.93296146392822"
"16","8","300","20","erdos_renyi","sites","sites_1","ZIPLN","BIC","0.04","0.8194775","0.761129009023909","0.022","0.833","0.556","0.667","27.1562507152557"
"17","9","300","20","erdos_renyi","sites","sites_1","PLN","BIC","0.07","0.7713","0.678328012417572","0.039","0.8","0.533","0.64","2.61571526527405"
"18","9","300","20","erdos_renyi","sites","sites_1","ZIPLN","BIC","0.04","0.65825","0.771732488902783","0.044","0.8","0.5","0.615","27.5620629787445"
"19","10","300","20","erdos_renyi","sites","sites_1","PLN","BIC","0.05","0.8630815","0.653700384063901","0.022","1","0.6","0.75","2.18746042251587"
"20","10","300","20","erdos_renyi","sites","sites_1","ZIPLN","BIC","0.04","0.7871675","0.745635624680179","0.016","1","0.667","0.8","27.5719037055969"
"21","11","300","20","erdos_renyi","sites","sites_1","PLN","BIC","0.07","0.7015775","0.656794200079619","0.066","0.778","0.368","0.5","1.54282689094543"
"22","11","300","20","erdos_renyi","sites","sites_1","ZIPLN","BIC","0.04","0.575698","0.742853331360092","0.044","0.778","0.467","0.583","38.9277679920197"
"23","12","300","20","erdos_renyi","sites","sites_1","PLN","BIC","0.07","0.719157","0.655527486530368","0.084","0.818","0.375","0.514","2.26520824432373"
"24","12","300","20","erdos_renyi","sites","sites_1","ZIPLN","BIC","0.05","0.653923","0.739273511443071","0.045","0.727","0.5","0.593","27.7524428367615"
"25","13","300","20","erdos_renyi","sites","sites_1","PLN","BIC","0.08","0.769963","0.649807851417441","0.112","1","0.375","0.545","2.38166403770447"
"26","13","300","20","erdos_renyi","sites","sites_1","ZIPLN","BIC","0.04","0.6315975","0.740418170654293","0.084","1","0.444","0.615","27.4482550621033"
"27","14","300","20","erdos_renyi","sites","sites_1","PLN","BIC","0.03","0.9175125","0.645570521869171","0","0.667","1","0.8","1.86327409744263"
"28","14","300","20","erdos_renyi","sites","sites_1","ZIPLN","BIC","0.05","0.863336","0.749418657060014","0","0.667","1","0.8","27.7467365264893"
"29","15","300","20","erdos_renyi","sites","sites_1","PLN","BIC","0.06","0.79975","0.668796005839522","0","0.875","1","0.933","2.20815467834473"
"30","15","300","20","erdos_renyi","sites","sites_1","ZIPLN","BIC","0.04","0.7533125","0.749246655594548","0.022","0.875","0.636","0.737","19.8035163879395"
"31","16","300","20","erdos_renyi","sites","sites_1","PLN","BIC","0.08","0.8822585","0.637623056942279","0.051","1","0.571","0.727","2.0694580078125"
"32","16","300","20","erdos_renyi","sites","sites_1","ZIPLN","BIC","0.04","0.8075385","0.716582388166305","0.096","0.917","0.393","0.55","27.7482397556305"
"33","17","300","20","erdos_renyi","sites","sites_1","PLN","BIC","0.08","0.8775","0.659272536439537","0.017","0.9","0.75","0.818","2.00248551368713"
"34","17","300","20","erdos_renyi","sites","sites_1","ZIPLN","BIC","0.05","0.76445","0.741062655808222","0.006","0.9","0.9","0.9","26.6671416759491"
"35","18","300","20","erdos_renyi","sites","sites_1","PLN","BIC","0.03","0.90725","0.622699170303724","0.011","1","0.5","0.667","2.16551113128662"
"36","18","300","20","erdos_renyi","sites","sites_1","ZIPLN","BIC","0.03","0.947","0.709874309796089","0.016","1","0.4","0.571","25.4439504146576"
"37","19","300","20","erdos_renyi","sites","sites_1","PLN","BIC","0.07","0.76385","0.587656798817091","0.011","0.9","0.818","0.857","1.90044450759888"
"38","19","300","20","erdos_renyi","sites","sites_1","ZIPLN","BIC","0.03","0.67615","0.6794214277038","0.122","0.9","0.29","0.439","27.1307761669159"
"39","20","300","20","erdos_renyi","sites","sites_1","PLN","BIC","0.06","0.6464295","0.719069413710554","0.088","0.778","0.304","0.438","1.81108045578003"
"40","20","300","20","erdos_renyi","sites","sites_1","ZIPLN","BIC","0.05","0.6019695","0.830802907557307","0.028","0.778","0.583","0.667","27.9087374210358"
"41","21","300","20","erdos_renyi","sites","sites_1","PLN","BIC","0.06","0.682316","0.71495457757005","0.016","0.571","0.571","0.571","1.07717370986938"
"42","21","300","20","erdos_renyi","sites","sites_1","ZIPLN","BIC","0.04","0.757603","0.807991648345997","0","0.571","1","0.727","18.7811915874481"
"43","22","300","20","erdos_renyi","sites","sites_1","PLN","BIC","0.1","0.7491575","0.682250518522213","0.052","0.471","0.471","0.471","1.92871999740601"
"44","22","300","20","erdos_renyi","sites","sites_1","ZIPLN","BIC","0.06","0.6329565","0.780953751497127","0.046","0.824","0.636","0.718","27.6132309436798"
"45","23","300","20","erdos_renyi","sites","sites_1","PLN","BIC","0.05","0.7485","0.63365143343033","0.132","0.875","0.226","0.359","1.80431509017944"
"46","23","300","20","erdos_renyi","sites","sites_1","ZIPLN","BIC","0.04","0.7905625","0.732978467175925","0.027","0.75","0.545","0.632","38.940943479538"
"47","24","300","20","erdos_renyi","sites","sites_1","PLN","BIC","0.05","0.803066","0.665179022951831","0","0.714","1","0.833","1.78166508674622"
"48","24","300","20","erdos_renyi","sites","sites_1","ZIPLN","BIC","0.04","0.7703075","0.757285052637822","0.011","0.714","0.714","0.714","26.9149549007416"
"49","25","300","20","erdos_renyi","sites","sites_1","PLN","BIC","0.08","0.8968685","0.703862273203455","0.017","0.643","0.75","0.692","1.87306356430054"
"50","25","300","20","erdos_renyi","sites","sites_1","ZIPLN","BIC","0.05","0.803526","0.807810612842952","0.034","0.786","0.647","0.71","25.7620012760162"
"51","26","300","20","erdos_renyi","sites","sites_1","PLN","BIC","0.06","0.7338125","0.658889416044692","0.005","0.5","0.8","0.615","2.23350262641907"
"52","26","300","20","erdos_renyi","sites","sites_1","ZIPLN","BIC","0.04","0.80275","0.744230390135441","0.033","0.75","0.5","0.6","24.7859563827515"
"53","27","300","20","erdos_renyi","sites","sites_1","PLN","BIC","0.04","0.8987","0.614333628439611","0.005","0.8","0.8","0.8","1.33069157600403"
"54","27","300","20","erdos_renyi","sites","sites_1","ZIPLN","BIC","0.05","0.0053","60.8653400394535","0.097","0.2","0.053","0.083","1.09643583695094"
"55","28","300","20","erdos_renyi","sites","sites_1","PLN","BIC","0.08","0.825752","0.658457964597292","0.039","0.636","0.5","0.56","2.33496713638306"
"56","28","300","20","erdos_renyi","sites","sites_1","ZIPLN","BIC","0.04","0.693265","0.759715841738971","0.101","1","0.379","0.55","22.2088513374329"
"57","29","300","20","erdos_renyi","sites","sites_1","PLN","BIC","0.05","0.924","0.63931711525191","0.011","1","0.714","0.833","1.60597586631775"
"58","29","300","20","erdos_renyi","sites","sites_1","ZIPLN","BIC","0.04","0.881","0.723367137489104","0.016","1","0.625","0.769","16.5661199092865"
"59","30","300","20","erdos_renyi","sites","sites_1","PLN","BIC","0.06","0.8872","0.677625391322019","0.061","0.9","0.45","0.6","2.124840259552"
"60","30","300","20","erdos_renyi","sites","sites_1","ZIPLN","BIC","0.04","0.8405","0.769192127425754","0.044","0.9","0.529","0.667","24.3620643615723"
"61","1","300","20","erdos_renyi","sites","sites_2","PLN","BIC","0.12","0.643345","0.5319552805307","0","0",NA,"0","2.84157109260559"
"62","1","300","20","erdos_renyi","sites","sites_2","ZIPLN","BIC","0.07","0.674913","0.731688497489904","0.023","0.538","0.636","0.583","24.9423220157623"
"63","2","300","20","erdos_renyi","sites","sites_2","PLN","BIC","0.1","0.6404885","0.538221371592273","0","0",NA,"0","2.91268634796143"
"64","2","300","20","erdos_renyi","sites","sites_2","ZIPLN","BIC","0.06","0.7244965","0.714846894840942","0.011","0.556","0.714","0.625","27.9449138641357"
"65","Error in if (parameters_converged | objective_converged) { : 
  valeur manquante là où TRUE / FALSE est requis
","Error in if (parameters_converged | objective_converged) { : 
  valeur manquante là où TRUE / FALSE est requis
","Error in if (parameters_converged | objective_converged) { : 
  valeur manquante là où TRUE / FALSE est requis
","Error in if (parameters_converged | objective_converged) { : 
  valeur manquante là où TRUE / FALSE est requis
","Error in if (parameters_converged | objective_converged) { : 
  valeur manquante là où TRUE / FALSE est requis
","Error in if (parameters_converged | objective_converged) { : 
  valeur manquante là où TRUE / FALSE est requis
","Error in if (parameters_converged | objective_converged) { : 
  valeur manquante là où TRUE / FALSE est requis
","Error in if (parameters_converged | objective_converged) { : 
  valeur manquante là où TRUE / FALSE est requis
","Error in if (parameters_converged | objective_converged) { : 
  valeur manquante là où TRUE / FALSE est requis
","Error in if (parameters_converged | objective_converged) { : 
  valeur manquante là où TRUE / FALSE est requis
","Error in if (parameters_converged | objective_converged) { : 
  valeur manquante là où TRUE / FALSE est requis
","Error in if (parameters_converged | objective_converged) { : 
  valeur manquante là où TRUE / FALSE est requis
","Error in if (parameters_converged | objective_converged) { : 
  valeur manquante là où TRUE / FALSE est requis
","Error in if (parameters_converged | objective_converged) { : 
  valeur manquante là où TRUE / FALSE est requis
","Error in if (parameters_converged | objective_converged) { : 
  valeur manquante là où TRUE / FALSE est requis
","Error in if (parameters_converged | objective_converged) { : 
  valeur manquante là où TRUE / FALSE est requis
"
"66","4","300","20","erdos_renyi","sites","sites_2","PLN","BIC","0.07","0.821","0.485419679117139","0","0",NA,"0","3.07087779045105"
"67","4","300","20","erdos_renyi","sites","sites_2","ZIPLN","BIC","0.05","0.7432","0.6505499957042","0.011","0.6","0.6","0.6","27.1244781017303"
"68","5","300","20","erdos_renyi","sites","sites_2","PLN","BIC","0.11","0.783875","0.504604006733262","0","0",NA,"0","1.74483752250671"
"69","5","300","20","erdos_renyi","sites","sites_2","ZIPLN","BIC","0.05","0.8775","0.734599267022582","0.011","0.875","0.778","0.824","21.6366555690765"
"70","6","300","20","erdos_renyi","sites","sites_2","PLN","BIC","0.1","0.840943","0.511580152355537","0.005","0.5","0.75","0.6","2.83396339416504"
"71","6","300","20","erdos_renyi","sites","sites_2","ZIPLN","BIC","0.04","0.6741075","0.694438050690108","0.027","0.667","0.444","0.533","25.472639799118"
"72","7","300","20","erdos_renyi","sites","sites_2","PLN","BIC","0.14","0.785652","0.522097439227765","0","0",NA,"0","2.71744728088379"
"73","7","300","20","erdos_renyi","sites","sites_2","ZIPLN","BIC","0.1","0.006468","70.4985775776336","0.09","0.154","0.111","0.129","2.16987193425496"
"74","8","300","20","erdos_renyi","sites","sites_2","PLN","BIC","0.12","0.78041","0.508724897859819","0","0.364","1","0.533","3.22922158241272"
"75","8","300","20","erdos_renyi","sites","sites_2","ZIPLN","BIC","0.08","0.7258555","0.695752010576496","0.028","0.909","0.667","0.769","27.1506867408752"
"76","Error in if (parameters_converged | objective_converged) { : 
  valeur manquante là où TRUE / FALSE est requis
","Error in if (parameters_converged | objective_converged) { : 
  valeur manquante là où TRUE / FALSE est requis
","Error in if (parameters_converged | objective_converged) { : 
  valeur manquante là où TRUE / FALSE est requis
","Error in if (parameters_converged | objective_converged) { : 
  valeur manquante là où TRUE / FALSE est requis
","Error in if (parameters_converged | objective_converged) { : 
  valeur manquante là où TRUE / FALSE est requis
","Error in if (parameters_converged | objective_converged) { : 
  valeur manquante là où TRUE / FALSE est requis
","Error in if (parameters_converged | objective_converged) { : 
  valeur manquante là où TRUE / FALSE est requis
","Error in if (parameters_converged | objective_converged) { : 
  valeur manquante là où TRUE / FALSE est requis
","Error in if (parameters_converged | objective_converged) { : 
  valeur manquante là où TRUE / FALSE est requis
","Error in if (parameters_converged | objective_converged) { : 
  valeur manquante là où TRUE / FALSE est requis
","Error in if (parameters_converged | objective_converged) { : 
  valeur manquante là où TRUE / FALSE est requis
","Error in if (parameters_converged | objective_converged) { : 
  valeur manquante là où TRUE / FALSE est requis
","Error in if (parameters_converged | objective_converged) { : 
  valeur manquante là où TRUE / FALSE est requis
","Error in if (parameters_converged | objective_converged) { : 
  valeur manquante là où TRUE / FALSE est requis
","Error in if (parameters_converged | objective_converged) { : 
  valeur manquante là où TRUE / FALSE est requis
","Error in if (parameters_converged | objective_converged) { : 
  valeur manquante là où TRUE / FALSE est requis
"
"77","10","300","20","erdos_renyi","sites","sites_2","PLN","BIC","0.07","0.6935","0.479304155150092","0","0",NA,"0","3.28164339065552"
"78","10","300","20","erdos_renyi","sites","sites_2","ZIPLN","BIC","0.06","0.6891","0.652439246439947","0","0",NA,"0","26.6543424129486"
"79","11","300","20","erdos_renyi","sites","sites_2","PLN","BIC","0.09","0.777832","0.493793111649617","0","0",NA,"0","1.87892317771912"
"80","11","300","20","erdos_renyi","sites","sites_2","ZIPLN","BIC","0.05","0.6830995","0.669044825277343","0.022","0.571","0.5","0.533","18.0986545085907"
"81","12","300","20","erdos_renyi","sites","sites_2","PLN","BIC","0.07","0.726125","0.503889531696803","0","0",NA,"0","2.80449914932251"
"82","12","300","20","erdos_renyi","sites","sites_2","ZIPLN","BIC","0.05","0.6615","0.67169987345224","0","0.75","1","0.857","27.0181548595428"
"83","13","300","20","erdos_renyi","sites","sites_2","PLN","BIC","0.1","0.826626","0.531760243138563","0","0",NA,"0","1.97228264808655"
"84","13","300","20","erdos_renyi","sites","sites_2","ZIPLN","BIC","0.1","0.7392355","0.746987416822583","0","0.667","1","0.8","16.8758792877197"
"85","14","300","20","erdos_renyi","sites","sites_2","PLN","BIC","0.09","0.636529","0.539308122424196","0","0.222","1","0.364","2.82959866523743"
"86","14","300","20","erdos_renyi","sites","sites_2","ZIPLN","BIC","0.07","0.6391015","0.730341301503151","0","0.222","1","0.364","26.8855321407318"
"87","Error in if (parameters_converged | objective_converged) { : 
  valeur manquante là où TRUE / FALSE est requis
","Error in if (parameters_converged | objective_converged) { : 
  valeur manquante là où TRUE / FALSE est requis
","Error in if (parameters_converged | objective_converged) { : 
  valeur manquante là où TRUE / FALSE est requis
","Error in if (parameters_converged | objective_converged) { : 
  valeur manquante là où TRUE / FALSE est requis
","Error in if (parameters_converged | objective_converged) { : 
  valeur manquante là où TRUE / FALSE est requis
","Error in if (parameters_converged | objective_converged) { : 
  valeur manquante là où TRUE / FALSE est requis
","Error in if (parameters_converged | objective_converged) { : 
  valeur manquante là où TRUE / FALSE est requis
","Error in if (parameters_converged | objective_converged) { : 
  valeur manquante là où TRUE / FALSE est requis
","Error in if (parameters_converged | objective_converged) { : 
  valeur manquante là où TRUE / FALSE est requis
","Error in if (parameters_converged | objective_converged) { : 
  valeur manquante là où TRUE / FALSE est requis
","Error in if (parameters_converged | objective_converged) { : 
  valeur manquante là où TRUE / FALSE est requis
","Error in if (parameters_converged | objective_converged) { : 
  valeur manquante là où TRUE / FALSE est requis
","Error in if (parameters_converged | objective_converged) { : 
  valeur manquante là où TRUE / FALSE est requis
","Error in if (parameters_converged | objective_converged) { : 
  valeur manquante là où TRUE / FALSE est requis
","Error in if (parameters_converged | objective_converged) { : 
  valeur manquante là où TRUE / FALSE est requis
","Error in if (parameters_converged | objective_converged) { : 
  valeur manquante là où TRUE / FALSE est requis
"
"88","16","300","20","erdos_renyi","sites","sites_2","PLN","BIC","0.09","0.7103115","0.494511036477849","0","0.167","1","0.286","3.02408576011658"
"89","16","300","20","erdos_renyi","sites","sites_2","ZIPLN","BIC","0.05","0.6711515","0.694645390276286","0.011","0.5","0.6","0.545","18.9874453544617"
"90","17","300","20","erdos_renyi","sites","sites_2","PLN","BIC","0.08","0.8313","0.499954396470658","0","0",NA,"0","1.97035145759583"
"91","17","300","20","erdos_renyi","sites","sites_2","ZIPLN","BIC","0.07","0.7552","0.697160419110828","0","0.4","1","0.571","18.2928986549377"
"92","18","300","20","erdos_renyi","sites","sites_2","PLN","BIC","0.08","0.7789","0.502466829713354","0","0",NA,"0","2.49713277816772"
"93","18","300","20","erdos_renyi","sites","sites_2","ZIPLN","BIC","0.06","0.828","0.677071056741216","0","0.6","1","0.75","25.1491565704346"
"94","19","300","20","erdos_renyi","sites","sites_2","PLN","BIC","0.11","0.7972355","0.514127712840224","0","0",NA,"0","2.17284870147705"
"95","19","300","20","erdos_renyi","sites","sites_2","ZIPLN","BIC","0.07","0.691104","0.709125559367699","0.022","0.75","0.692","0.72","17.3889653682709"
"96","20","300","20","erdos_renyi","sites","sites_2","PLN","BIC","0.12","0.6279345","0.483469045978542","0","0",NA,"0","3.06268119812012"
"97","20","300","20","erdos_renyi","sites","sites_2","ZIPLN","BIC","0.06","0.7408845","0.645508529991437","0.023","0.643","0.692","0.667","26.1480922698975"
"98","Error in if (parameters_converged | objective_converged) { : 
  valeur manquante là où TRUE / FALSE est requis
","Error in if (parameters_converged | objective_converged) { : 
  valeur manquante là où TRUE / FALSE est requis
","Error in if (parameters_converged | objective_converged) { : 
  valeur manquante là où TRUE / FALSE est requis
","Error in if (parameters_converged | objective_converged) { : 
  valeur manquante là où TRUE / FALSE est requis
","Error in if (parameters_converged | objective_converged) { : 
  valeur manquante là où TRUE / FALSE est requis
","Error in if (parameters_converged | objective_converged) { : 
  valeur manquante là où TRUE / FALSE est requis
","Error in if (parameters_converged | objective_converged) { : 
  valeur manquante là où TRUE / FALSE est requis
","Error in if (parameters_converged | objective_converged) { : 
  valeur manquante là où TRUE / FALSE est requis
","Error in if (parameters_converged | objective_converged) { : 
  valeur manquante là où TRUE / FALSE est requis
","Error in if (parameters_converged | objective_converged) { : 
  valeur manquante là où TRUE / FALSE est requis
","Error in if (parameters_converged | objective_converged) { : 
  valeur manquante là où TRUE / FALSE est requis
","Error in if (parameters_converged | objective_converged) { : 
  valeur manquante là où TRUE / FALSE est requis
","Error in if (parameters_converged | objective_converged) { : 
  valeur manquante là où TRUE / FALSE est requis
","Error in if (parameters_converged | objective_converged) { : 
  valeur manquante là où TRUE / FALSE est requis
","Error in if (parameters_converged | objective_converged) { : 
  valeur manquante là où TRUE / FALSE est requis
","Error in if (parameters_converged | objective_converged) { : 
  valeur manquante là où TRUE / FALSE est requis
"
"99","22","300","20","erdos_renyi","sites","sites_2","PLN","BIC","0.11","0.7325","0.512962976578029","0","0.1","1","0.182","1.79276561737061"
"100","22","300","20","erdos_renyi","sites","sites_2","ZIPLN","BIC","0.07","0.6773","0.704376845526324","0.011","0.7","0.778","0.737","18.0455641746521"
"101","23","300","20","erdos_renyi","sites","sites_2","PLN","BIC","0.09","0.5102865","0.491487829962645","0","0.111","1","0.2","1.83417439460754"
"102","23","300","20","erdos_renyi","sites","sites_2","ZIPLN","BIC","0.05","0.6223515","0.671054441420902","0","0.111","1","0.2","25.4387094974518"
"103","24","300","20","erdos_renyi","sites","sites_2","PLN","BIC","0.13","0.640604","0.557100921726091","0.046","0.333","0.385","0.357","2.89179921150208"
"104","24","300","20","erdos_renyi","sites","sites_2","ZIPLN","BIC","0.09","0.44332","0.789456901416763","0.006","0.2","0.75","0.316","25.321338891983"
"105","25","300","20","erdos_renyi","sites","sites_2","PLN","BIC","0.11","0.802875","0.511985670748641","0","0",NA,"0","2.01508522033691"
"106","25","300","20","erdos_renyi","sites","sites_2","ZIPLN","BIC","0.05","0.7838125","0.724563035675051","0.011","0.75","0.75","0.75","17.1124906539917"
"107","26","300","20","erdos_renyi","sites","sites_2","PLN","BIC","0.12","0.6801765","0.515109332844003","0","0",NA,"0","2.17570281028748"
"108","26","300","20","erdos_renyi","sites","sites_2","ZIPLN","BIC","0.06","0.623062","0.69676978751811","0.045","0.538","0.467","0.5","21.3234038352966"
"109","Error in if (parameters_converged | objective_converged) { : 
  valeur manquante là où TRUE / FALSE est requis
","Error in if (parameters_converged | objective_converged) { : 
  valeur manquante là où TRUE / FALSE est requis
","Error in if (parameters_converged | objective_converged) { : 
  valeur manquante là où TRUE / FALSE est requis
","Error in if (parameters_converged | objective_converged) { : 
  valeur manquante là où TRUE / FALSE est requis
","Error in if (parameters_converged | objective_converged) { : 
  valeur manquante là où TRUE / FALSE est requis
","Error in if (parameters_converged | objective_converged) { : 
  valeur manquante là où TRUE / FALSE est requis
","Error in if (parameters_converged | objective_converged) { : 
  valeur manquante là où TRUE / FALSE est requis
","Error in if (parameters_converged | objective_converged) { : 
  valeur manquante là où TRUE / FALSE est requis
","Error in if (parameters_converged | objective_converged) { : 
  valeur manquante là où TRUE / FALSE est requis
","Error in if (parameters_converged | objective_converged) { : 
  valeur manquante là où TRUE / FALSE est requis
","Error in if (parameters_converged | objective_converged) { : 
  valeur manquante là où TRUE / FALSE est requis
","Error in if (parameters_converged | objective_converged) { : 
  valeur manquante là où TRUE / FALSE est requis
","Error in if (parameters_converged | objective_converged) { : 
  valeur manquante là où TRUE / FALSE est requis
","Error in if (parameters_converged | objective_converged) { : 
  valeur manquante là où TRUE / FALSE est requis
","Error in if (parameters_converged | objective_converged) { : 
  valeur manquante là où TRUE / FALSE est requis
","Error in if (parameters_converged | objective_converged) { : 
  valeur manquante là où TRUE / FALSE est requis
"
"110","28","300","20","erdos_renyi","sites","sites_2","PLN","BIC","0.1","0.7339235","0.49456130818037","0.005","0.286","0.667","0.4","2.01021981239319"
"111","28","300","20","erdos_renyi","sites","sites_2","ZIPLN","BIC","0.06","0.652303","0.68692860073515","0.016","0.571","0.571","0.571","18.1031522750854"
"112","29","300","20","erdos_renyi","sites","sites_2","PLN","BIC","0.09","0.80789","0.51432363872824","0","0",NA,"0","3.27329134941101"
"113","29","300","20","erdos_renyi","sites","sites_2","ZIPLN","BIC","0.06","0.7849325","0.701445826094632","0","0.286","1","0.444","25.7516634464264"
"114","30","300","20","erdos_renyi","sites","sites_2","PLN","BIC","0.13","0.581621","0.524656591575057","0","0",NA,"0","2.83239078521729"
"115","30","300","20","erdos_renyi","sites","sites_2","ZIPLN","BIC","0.07","0.5901815","0.730157505572713","0","0.455","1","0.625","19.4689025878906"
"116","1","300","20","erdos_renyi","sites","sites_3","PLN","BIC","0.12","0.6014375","0.354973967921434","0","0",NA,"0","6.52783703804016"
"117","1","300","20","erdos_renyi","sites","sites_3","ZIPLN","BIC","0.08","0.7060625","0.572816475880317","0","0",NA,"0","29.5295259952545"
"118","2","300","20","erdos_renyi","sites","sites_3","PLN","BIC","0.13","0.4657925","0.364064003420012","0","0",NA,"0","4.35316324234009"
"119","2","300","20","erdos_renyi","sites","sites_3","ZIPLN","BIC","0.08","0.805043","0.621381180603811","0","0",NA,"0","20.9916834831238"
"120","3","300","20","erdos_renyi","sites","sites_3","PLN","BIC","0.14","0.48095","0.369135563208844","0","0",NA,"0","6.18562006950378"
"121","3","300","20","erdos_renyi","sites","sites_3","ZIPLN","BIC","0.08","0.5413","0.632776109411913","0","0",NA,"0","25.1250755786896"
"122","4","300","20","erdos_renyi","sites","sites_3","PLN","BIC","0.1","0.56825","0.365569816262603","0","0",NA,"0","6.9358925819397"
"123","4","300","20","erdos_renyi","sites","sites_3","ZIPLN","BIC","0.08","0.885125","0.581285389729152","0","0",NA,"0","25.5996427536011"
"124","5","300","20","erdos_renyi","sites","sites_3","PLN","BIC","0.12","0.734163","0.362505809517258","0","0",NA,"0","6.11800575256348"
"125","5","300","20","erdos_renyi","sites","sites_3","ZIPLN","BIC","0.08","0.8740405","0.577744139049071","0","0",NA,"0","24.5508460998535"
"126","Error in if (parameters_converged | objective_converged) { : 
  valeur manquante là où TRUE / FALSE est requis
","Error in if (parameters_converged | objective_converged) { : 
  valeur manquante là où TRUE / FALSE est requis
","Error in if (parameters_converged | objective_converged) { : 
  valeur manquante là où TRUE / FALSE est requis
","Error in if (parameters_converged | objective_converged) { : 
  valeur manquante là où TRUE / FALSE est requis
","Error in if (parameters_converged | objective_converged) { : 
  valeur manquante là où TRUE / FALSE est requis
","Error in if (parameters_converged | objective_converged) { : 
  valeur manquante là où TRUE / FALSE est requis
","Error in if (parameters_converged | objective_converged) { : 
  valeur manquante là où TRUE / FALSE est requis
","Error in if (parameters_converged | objective_converged) { : 
  valeur manquante là où TRUE / FALSE est requis
","Error in if (parameters_converged | objective_converged) { : 
  valeur manquante là où TRUE / FALSE est requis
","Error in if (parameters_converged | objective_converged) { : 
  valeur manquante là où TRUE / FALSE est requis
","Error in if (parameters_converged | objective_converged) { : 
  valeur manquante là où TRUE / FALSE est requis
","Error in if (parameters_converged | objective_converged) { : 
  valeur manquante là où TRUE / FALSE est requis
","Error in if (parameters_converged | objective_converged) { : 
  valeur manquante là où TRUE / FALSE est requis
","Error in if (parameters_converged | objective_converged) { : 
  valeur manquante là où TRUE / FALSE est requis
","Error in if (parameters_converged | objective_converged) { : 
  valeur manquante là où TRUE / FALSE est requis
","Error in if (parameters_converged | objective_converged) { : 
  valeur manquante là où TRUE / FALSE est requis
"
"127","7","300","20","erdos_renyi","sites","sites_3","PLN","BIC","0.13","0.53575","0.351263314814006","0","0",NA,"0","6.62905550003052"
"128","7","300","20","erdos_renyi","sites","sites_3","ZIPLN","BIC","0.06","0.7080625","0.590104665283674","0","0",NA,"0","25.1858696937561"
"129","8","300","20","erdos_renyi","sites","sites_3","PLN","BIC","0.12","0.490404","0.3626287664636","0","0",NA,"0","4.52386283874512"
"130","8","300","20","erdos_renyi","sites","sites_3","ZIPLN","BIC","0.07","0.6545305","0.572873978203952","0","0",NA,"0","21.5980913639069"
"131","9","300","20","erdos_renyi","sites","sites_3","PLN","BIC","0.13","0.65395","0.371515163147241","0","0",NA,"0","3.75544905662537"
"132","9","300","20","erdos_renyi","sites","sites_3","ZIPLN","BIC","0.09","0.67435","0.616793123291504","0","0",NA,"0","36.5592737197876"
"133","10","300","20","erdos_renyi","sites","sites_3","PLN","BIC","0.16","0.470794","0.346311107408306","0","0",NA,"0","6.84646677970886"
"134","10","300","20","erdos_renyi","sites","sites_3","ZIPLN","BIC","0.08","0.652706","0.611015672111123","0","0",NA,"0","25.4630575180054"
"135","11","300","20","erdos_renyi","sites","sites_3","PLN","BIC","0.15","0.428877","0.370607195206504","0","0",NA,"0","5.82301306724548"
"136","11","300","20","erdos_renyi","sites","sites_3","ZIPLN","BIC","0.1","0.7062035","0.613778826383855","0","0",NA,"0","24.4329843521118"
"137","Error in if (parameters_converged | objective_converged) { : 
  valeur manquante là où TRUE / FALSE est requis
","Error in if (parameters_converged | objective_converged) { : 
  valeur manquante là où TRUE / FALSE est requis
","Error in if (parameters_converged | objective_converged) { : 
  valeur manquante là où TRUE / FALSE est requis
","Error in if (parameters_converged | objective_converged) { : 
  valeur manquante là où TRUE / FALSE est requis
","Error in if (parameters_converged | objective_converged) { : 
  valeur manquante là où TRUE / FALSE est requis
","Error in if (parameters_converged | objective_converged) { : 
  valeur manquante là où TRUE / FALSE est requis
","Error in if (parameters_converged | objective_converged) { : 
  valeur manquante là où TRUE / FALSE est requis
","Error in if (parameters_converged | objective_converged) { : 
  valeur manquante là où TRUE / FALSE est requis
","Error in if (parameters_converged | objective_converged) { : 
  valeur manquante là où TRUE / FALSE est requis
","Error in if (parameters_converged | objective_converged) { : 
  valeur manquante là où TRUE / FALSE est requis
","Error in if (parameters_converged | objective_converged) { : 
  valeur manquante là où TRUE / FALSE est requis
","Error in if (parameters_converged | objective_converged) { : 
  valeur manquante là où TRUE / FALSE est requis
","Error in if (parameters_converged | objective_converged) { : 
  valeur manquante là où TRUE / FALSE est requis
","Error in if (parameters_converged | objective_converged) { : 
  valeur manquante là où TRUE / FALSE est requis
","Error in if (parameters_converged | objective_converged) { : 
  valeur manquante là où TRUE / FALSE est requis
","Error in if (parameters_converged | objective_converged) { : 
  valeur manquante là où TRUE / FALSE est requis
"
"138","13","300","20","erdos_renyi","sites","sites_3","PLN","BIC","0.13","0.428859","0.379142511502366","0","0",NA,"0","5.83740091323853"
"139","13","300","20","erdos_renyi","sites","sites_3","ZIPLN","BIC","0.1","0.5892955","0.615585176274457","0","0",NA,"0","25.2851650714874"
"140","14","300","20","erdos_renyi","sites","sites_3","PLN","BIC","0.11","0.369624","0.356215682865284","0","0",NA,"0","4.2311110496521"
"141","14","300","20","erdos_renyi","sites","sites_3","ZIPLN","BIC","0.08","0.6554145","0.588708259570412","0","0",NA,"0","17.5594675540924"
"142","15","300","20","erdos_renyi","sites","sites_3","PLN","BIC","0.11","0.2332","0.366748404533824","0","0",NA,"0","7.20927572250366"
"143","15","300","20","erdos_renyi","sites","sites_3","ZIPLN","BIC","0.09","0.8371","0.597073609171466","0","0",NA,"0","25.6936151981354"
"144","16","300","20","erdos_renyi","sites","sites_3","PLN","BIC","0.15","0.4535815","0.376312430802801","0","0",NA,"0","6.08398628234863"
"145","16","300","20","erdos_renyi","sites","sites_3","ZIPLN","BIC","0.1","0.686524","0.592417115849277","0","0",NA,"0","25.792596578598"
"146","17","300","20","erdos_renyi","sites","sites_3","PLN","BIC","0.14","0.5121","0.364745394039027","0","0",NA,"0","6.2451343536377"
"147","17","300","20","erdos_renyi","sites","sites_3","ZIPLN","BIC","0.08","0.7133","0.611592408306999","0","0",NA,"0","24.8715159893036"
"148","Error in if (parameters_converged | objective_converged) { : 
  valeur manquante là où TRUE / FALSE est requis
","Error in if (parameters_converged | objective_converged) { : 
  valeur manquante là où TRUE / FALSE est requis
","Error in if (parameters_converged | objective_converged) { : 
  valeur manquante là où TRUE / FALSE est requis
","Error in if (parameters_converged | objective_converged) { : 
  valeur manquante là où TRUE / FALSE est requis
","Error in if (parameters_converged | objective_converged) { : 
  valeur manquante là où TRUE / FALSE est requis
","Error in if (parameters_converged | objective_converged) { : 
  valeur manquante là où TRUE / FALSE est requis
","Error in if (parameters_converged | objective_converged) { : 
  valeur manquante là où TRUE / FALSE est requis
","Error in if (parameters_converged | objective_converged) { : 
  valeur manquante là où TRUE / FALSE est requis
","Error in if (parameters_converged | objective_converged) { : 
  valeur manquante là où TRUE / FALSE est requis
","Error in if (parameters_converged | objective_converged) { : 
  valeur manquante là où TRUE / FALSE est requis
","Error in if (parameters_converged | objective_converged) { : 
  valeur manquante là où TRUE / FALSE est requis
","Error in if (parameters_converged | objective_converged) { : 
  valeur manquante là où TRUE / FALSE est requis
","Error in if (parameters_converged | objective_converged) { : 
  valeur manquante là où TRUE / FALSE est requis
","Error in if (parameters_converged | objective_converged) { : 
  valeur manquante là où TRUE / FALSE est requis
","Error in if (parameters_converged | objective_converged) { : 
  valeur manquante là où TRUE / FALSE est requis
","Error in if (parameters_converged | objective_converged) { : 
  valeur manquante là où TRUE / FALSE est requis
"
"149","19","300","20","erdos_renyi","sites","sites_3","PLN","BIC","0.13","0.6873835","0.348802273247457","0","0",NA,"0","6.55206346511841"
"150","19","300","20","erdos_renyi","sites","sites_3","ZIPLN","BIC","0.1","0.805706","0.592055181436047","0","0",NA,"0","25.5034310817719"
"151","20","300","20","erdos_renyi","sites","sites_3","PLN","BIC","0.15","0.54425","0.389924901185048","0","0",NA,"0","3.75919795036316"
"152","20","300","20","erdos_renyi","sites","sites_3","ZIPLN","BIC","0.08","0.47795","0.636508318186147","0.006","0.3","0.75","0.429","19.2849826812744"
"153","21","300","20","erdos_renyi","sites","sites_3","PLN","BIC","0.12","0.3850125","0.370431207550267","0","0",NA,"0","6.5092785358429"
"154","21","300","20","erdos_renyi","sites","sites_3","ZIPLN","BIC","0.11","0.707454","0.633502349530081","0","0",NA,"0","19.7031953334808"
"155","22","300","20","erdos_renyi","sites","sites_3","PLN","BIC","0.13","0.504875","0.362504465144253","0","0",NA,"0","6.7680389881134"
"156","22","300","20","erdos_renyi","sites","sites_3","ZIPLN","BIC","0.08","0.7958125","0.597023772611317","0","0",NA,"0","21.9516530036926"
"157","23","300","20","erdos_renyi","sites","sites_3","PLN","BIC","0.18","0.4182945","0.358096191013657","0","0",NA,"0","6.54182815551758"
"158","23","300","20","erdos_renyi","sites","sites_3","ZIPLN","BIC","0.15","0.6943515","0.618214724472368","0","0",NA,"0","24.7086274623871"
"159","Error in if (parameters_converged | objective_converged) { : 
  valeur manquante là où TRUE / FALSE est requis
","Error in if (parameters_converged | objective_converged) { : 
  valeur manquante là où TRUE / FALSE est requis
","Error in if (parameters_converged | objective_converged) { : 
  valeur manquante là où TRUE / FALSE est requis
","Error in if (parameters_converged | objective_converged) { : 
  valeur manquante là où TRUE / FALSE est requis
","Error in if (parameters_converged | objective_converged) { : 
  valeur manquante là où TRUE / FALSE est requis
","Error in if (parameters_converged | objective_converged) { : 
  valeur manquante là où TRUE / FALSE est requis
","Error in if (parameters_converged | objective_converged) { : 
  valeur manquante là où TRUE / FALSE est requis
","Error in if (parameters_converged | objective_converged) { : 
  valeur manquante là où TRUE / FALSE est requis
","Error in if (parameters_converged | objective_converged) { : 
  valeur manquante là où TRUE / FALSE est requis
","Error in if (parameters_converged | objective_converged) { : 
  valeur manquante là où TRUE / FALSE est requis
","Error in if (parameters_converged | objective_converged) { : 
  valeur manquante là où TRUE / FALSE est requis
","Error in if (parameters_converged | objective_converged) { : 
  valeur manquante là où TRUE / FALSE est requis
","Error in if (parameters_converged | objective_converged) { : 
  valeur manquante là où TRUE / FALSE est requis
","Error in if (parameters_converged | objective_converged) { : 
  valeur manquante là où TRUE / FALSE est requis
","Error in if (parameters_converged | objective_converged) { : 
  valeur manquante là où TRUE / FALSE est requis
","Error in if (parameters_converged | objective_converged) { : 
  valeur manquante là où TRUE / FALSE est requis
"
"160","25","300","20","erdos_renyi","sites","sites_3","PLN","BIC","0.11","0.374","0.363071976363022","0","0",NA,"0","6.07560324668884"
"161","25","300","20","erdos_renyi","sites","sites_3","ZIPLN","BIC","0.08","0.7805","0.597118557949517","0","0",NA,"0","20.5417723655701"
"162","26","300","20","erdos_renyi","sites","sites_3","PLN","BIC","0.12","0.4455645","0.363264358745231","0","0",NA,"0","4.01878976821899"
"163","26","300","20","erdos_renyi","sites","sites_3","ZIPLN","BIC","0.06","0.6351095","0.596140905972615","0","0",NA,"0","18.1749713420868"
"164","27","300","20","erdos_renyi","sites","sites_3","PLN","BIC","0.14","0.4112675","0.366096927957759","0","0",NA,"0","3.94820356369019"
"165","27","300","20","erdos_renyi","sites","sites_3","ZIPLN","BIC","0.08","0.693966","0.611488303095122","0","0",NA,"0","17.9801952838898"
"166","28","300","20","erdos_renyi","sites","sites_3","PLN","BIC","0.12","0.691491","0.346217370462982","0","0",NA,"0","4.03523349761963"
"167","28","300","20","erdos_renyi","sites","sites_3","ZIPLN","BIC","0.08","0.7103235","0.565533317235877","0","0",NA,"0","18.0936665534973"
"168","29","300","20","erdos_renyi","sites","sites_3","PLN","BIC","0.12","0.582973","0.365712174239533","0","0",NA,"0","6.09860897064209"
"169","29","300","20","erdos_renyi","sites","sites_3","ZIPLN","BIC","0.08","0.844443","0.582315730026924","0","0.143","1","0.25","23.897686958313"
"170","Error in if (parameters_converged | objective_converged) { : 
  valeur manquante là où TRUE / FALSE est requis
","Error in if (parameters_converged | objective_converged) { : 
  valeur manquante là où TRUE / FALSE est requis
","Error in if (parameters_converged | objective_converged) { : 
  valeur manquante là où TRUE / FALSE est requis
","Error in if (parameters_converged | objective_converged) { : 
  valeur manquante là où TRUE / FALSE est requis
","Error in if (parameters_converged | objective_converged) { : 
  valeur manquante là où TRUE / FALSE est requis
","Error in if (parameters_converged | objective_converged) { : 
  valeur manquante là où TRUE / FALSE est requis
","Error in if (parameters_converged | objective_converged) { : 
  valeur manquante là où TRUE / FALSE est requis
","Error in if (parameters_converged | objective_converged) { : 
  valeur manquante là où TRUE / FALSE est requis
","Error in if (parameters_converged | objective_converged) { : 
  valeur manquante là où TRUE / FALSE est requis
","Error in if (parameters_converged | objective_converged) { : 
  valeur manquante là où TRUE / FALSE est requis
","Error in if (parameters_converged | objective_converged) { : 
  valeur manquante là où TRUE / FALSE est requis
","Error in if (parameters_converged | objective_converged) { : 
  valeur manquante là où TRUE / FALSE est requis
","Error in if (parameters_converged | objective_converged) { : 
  valeur manquante là où TRUE / FALSE est requis
","Error in if (parameters_converged | objective_converged) { : 
  valeur manquante là où TRUE / FALSE est requis
","Error in if (parameters_converged | objective_converged) { : 
  valeur manquante là où TRUE / FALSE est requis
","Error in if (parameters_converged | objective_converged) { : 
  valeur manquante là où TRUE / FALSE est requis
"
"171","1","300","20","erdos_renyi","sites","sites_4","PLN","BIC","0.11","0.515145","0.336174609319205","0","0",NA,"0","5.18165493011475"
"172","1","300","20","erdos_renyi","sites","sites_4","ZIPLN","BIC","0.08","0.8063995","0.525064704692677","0","0",NA,"0","18.5411829948425"
"173","2","300","20","erdos_renyi","sites","sites_4","PLN","BIC","0.16","0.398693","0.340225094968436","0","0",NA,"0","8.36373233795166"
"174","2","300","20","erdos_renyi","sites","sites_4","ZIPLN","BIC","0.13","0.680199","0.583629615555314","0","0",NA,"0","26.229612827301"
"175","3","300","20","erdos_renyi","sites","sites_4","PLN","BIC","0.15","0.7100395","0.335945795543583","0","0",NA,"0","7.83735656738281"
"176","3","300","20","erdos_renyi","sites","sites_4","ZIPLN","BIC","0.08","0.5763355","0.606535558233604","0","0",NA,"0","1.7777744491895"
"177","4","300","20","erdos_renyi","sites","sites_4","PLN","BIC","0.15","0.40251","0.341912607316741","0","0",NA,"0","8.04924488067627"
"178","4","300","20","erdos_renyi","sites","sites_4","ZIPLN","BIC","0.09","0.7525035","0.587774164119785","0","0",NA,"0","25.9488520622253"
"179","5","300","20","erdos_renyi","sites","sites_4","PLN","BIC","0.14","0.4709","0.350268494424718","0","0",NA,"0","6.96878528594971"
"180","5","300","20","erdos_renyi","sites","sites_4","ZIPLN","BIC","0.08","0.6441","0.594694595724253","0","0",NA,"0","26.2685978412628"
"181","6","300","20","erdos_renyi","sites","sites_4","PLN","BIC","0.12","0.605493","0.330334047392902","0","0",NA,"0","6.22751641273499"
"182","6","300","20","erdos_renyi","sites","sites_4","ZIPLN","BIC","0.1","0.683911","0.576603790120339","0","0",NA,"0","24.3644633293152"
"183","7","300","20","erdos_renyi","sites","sites_4","PLN","BIC","0.19","0.3545155","0.363130780457389","0","0",NA,"0","4.27630591392517"
"184","7","300","20","erdos_renyi","sites","sites_4","ZIPLN","BIC","0.1","0.6456965","0.638562503145884","0","0",NA,"0","18.1699547767639"
"185","8","300","20","erdos_renyi","sites","sites_4","PLN","BIC","0.12","0.258969","0.334925237386722","0","0",NA,"0","7.54239678382874"
"186","8","300","20","erdos_renyi","sites","sites_4","ZIPLN","BIC","0.1","0.7448845","0.593493849708868","0","0",NA,"0","25.5403137207031"
"187","9","300","20","erdos_renyi","sites","sites_4","PLN","BIC","0.12","0.219195","0.337460545954773","0","0",NA,"0","7.16131043434143"
"188","9","300","20","erdos_renyi","sites","sites_4","ZIPLN","BIC","0.08","0.7274085","0.574847964643947","0","0",NA,"0","21.4516410827637"
"189","10","300","20","erdos_renyi","sites","sites_4","PLN","BIC","0.16","0.4149335","0.336755119188502","0","0",NA,"0","8.10084962844849"
"190","10","300","20","erdos_renyi","sites","sites_4","ZIPLN","BIC","0.09","0.733213","0.598741191374933","0","0",NA,"0","23.7919631004333"
"191","11","300","20","erdos_renyi","sites","sites_4","PLN","BIC","0.15","0.469052","0.333339601154524","0","0",NA,"0","8.09967160224915"
"192","11","300","20","erdos_renyi","sites","sites_4","ZIPLN","BIC","0.11","0.829572","0.557548076008299","0","0",NA,"0","22.7962000370026"
"193","12","300","20","erdos_renyi","sites","sites_4","PLN","BIC","0.16","0.396931","0.34063015727461","0","0",NA,"0","8.24192881584167"
"194","12","300","20","erdos_renyi","sites","sites_4","ZIPLN","BIC","0.11","0.837563","0.586915857157461","0","0",NA,"0","24.4380946159363"
"195","13","300","20","erdos_renyi","sites","sites_4","PLN","BIC","0.14","0.4229375","0.340453933384051","0","0",NA,"0","5.23232626914978"
"196","13","300","20","erdos_renyi","sites","sites_4","ZIPLN","BIC","0.07","0.817625","0.550042876692031","0","0",NA,"0","21.498539686203"
"197","14","300","20","erdos_renyi","sites","sites_4","PLN","BIC","0.12","0.420465","0.347100414705807","0","0",NA,"0","6.94792294502258"
"198","14","300","20","erdos_renyi","sites","sites_4","ZIPLN","BIC","0.08","0.7891985","0.572701188546932","0","0",NA,"0","24.1549565792084"
"199","15","300","20","erdos_renyi","sites","sites_4","PLN","BIC","0.12","0.4597085","0.340948949517733","0","0",NA,"0","4.45935034751892"
"200","15","300","20","erdos_renyi","sites","sites_4","ZIPLN","BIC","0.08","0.7365795","0.570150304182437","0","0",NA,"0","17.3699412345886"
"201","16","300","20","erdos_renyi","sites","sites_4","PLN","BIC","0.11","0.5455765","0.343427354374982","0","0",NA,"0","7.28979015350342"
"202","16","300","20","erdos_renyi","sites","sites_4","ZIPLN","BIC","0.1","0.7502285","0.555652595201955","0","0",NA,"0","24.6298794746399"
"203","17","300","20","erdos_renyi","sites","sites_4","PLN","BIC","0.11","0.6330905","0.336989830971582","0","0",NA,"0","4.84004950523376"
"204","17","300","20","erdos_renyi","sites","sites_4","ZIPLN","BIC","0.08","0.8101915","0.562333939312265","0","0",NA,"0","17.7421751022339"
"205","18","300","20","erdos_renyi","sites","sites_4","PLN","BIC","0.17","0.3389555","0.3459725386637","0","0",NA,"0","6.60372495651245"
"206","18","300","20","erdos_renyi","sites","sites_4","ZIPLN","BIC","0.09","0.7611965","0.628370954544254","0","0",NA,"0","24.0161290168762"
"207","19","300","20","erdos_renyi","sites","sites_4","PLN","BIC","0.14","0.5786875","0.333714699816935","0","0",NA,"0","8.36418581008911"
"208","19","300","20","erdos_renyi","sites","sites_4","ZIPLN","BIC","0.1","0.8671875","0.555051857044062","0","0",NA,"0","24.1080250740051"
"209","20","300","20","erdos_renyi","sites","sites_4","PLN","BIC","0.15","0.3074375","0.315527941246887","0","0",NA,"0","5.93101263046265"
"210","20","300","20","erdos_renyi","sites","sites_4","ZIPLN","BIC","0.07","0.8403125","0.560208957714063","0","0",NA,"0","25.5808873176575"
"211","21","300","20","erdos_renyi","sites","sites_4","PLN","BIC","0.15","0.3974375","0.343048632726631","0","0",NA,"0","4.54292774200439"
"212","21","300","20","erdos_renyi","sites","sites_4","ZIPLN","BIC","0.09","0.6391875","0.624132905595506","0","0",NA,"0","16.3708157539368"
"213","22","300","20","erdos_renyi","sites","sites_4","PLN","BIC","0.11","0.6019","0.325582854333508","0","0",NA,"0","7.28288340568542"
"214","22","300","20","erdos_renyi","sites","sites_4","ZIPLN","BIC","0.08","0.8606","0.534674474368085","0","0",NA,"0","25.7097840309143"
"215","23","300","20","erdos_renyi","sites","sites_4","PLN","BIC","0.13","0.348125","0.326058873032082","0","0",NA,"0","4.5656373500824"
"216","23","300","20","erdos_renyi","sites","sites_4","ZIPLN","BIC","0.07","0.784625","0.561315534408806","0","0",NA,"0","18.7838144302368"
"217","24","300","20","erdos_renyi","sites","sites_4","PLN","BIC","0.09","0.415625","0.319273099318667","0","0",NA,"0","7.7953770160675"
"218","24","300","20","erdos_renyi","sites","sites_4","ZIPLN","BIC","0.05","0.400125","0.508113872887991","0","0",NA,"0","30.6587393283844"
"219","25","300","20","erdos_renyi","sites","sites_4","PLN","BIC","0.11","0.6250625","0.344597748073063","0","0",NA,"0","7.00101709365845"
"220","25","300","20","erdos_renyi","sites","sites_4","ZIPLN","BIC","0.07","0.7528125","0.526804155940378","0","0",NA,"0","25.0124449729919"
"221","26","300","20","erdos_renyi","sites","sites_4","PLN","BIC","0.16","0.4811875","0.358048007358288","0","0",NA,"0","7.07947492599487"
"222","26","300","20","erdos_renyi","sites","sites_4","ZIPLN","BIC","0.1","0.789988","0.600416747241436","0","0",NA,"0","23.0833592414856"
"223","27","300","20","erdos_renyi","sites","sites_4","PLN","BIC","0.17","0.5698855","0.352484359299606","0","0",NA,"0","4.40294146537781"
"224","27","300","20","erdos_renyi","sites","sites_4","ZIPLN","BIC","0.11","0.7067355","0.58126962327675","0","0",NA,"0","21.7871978282928"
"225","28","300","20","erdos_renyi","sites","sites_4","PLN","BIC","0.13","0.6374775","0.342390515259062","0","0",NA,"0","8.03285717964172"
"226","28","300","20","erdos_renyi","sites","sites_4","ZIPLN","BIC","0.09","0.626894","0.56760712939408","0","0",NA,"0","21.98335313797"
"227","29","300","20","erdos_renyi","sites","sites_4","PLN","BIC","0.09","0.617375","0.345020103318912","0","0",NA,"0","4.69643330574036"
"228","29","300","20","erdos_renyi","sites","sites_4","ZIPLN","BIC","0.08","0.725375","0.541185324776465","0","0",NA,"0","18.2999520301819"
"229","30","300","20","erdos_renyi","sites","sites_4","PLN","BIC","0.12","0.116678","0.348674661744015","0","0",NA,"0","4.6415479183197"
"230","30","300","20","erdos_renyi","sites","sites_4","ZIPLN","BIC","0.09","0.6278275","0.598291649663029","0","0",NA,"0","17.4975261688232"
"231","Error in if (parameters_converged | objective_converged) { : 
  valeur manquante là où TRUE / FALSE est requis
","Error in if (parameters_converged | objective_converged) { : 
  valeur manquante là où TRUE / FALSE est requis
","Error in if (parameters_converged | objective_converged) { : 
  valeur manquante là où TRUE / FALSE est requis
","Error in if (parameters_converged | objective_converged) { : 
  valeur manquante là où TRUE / FALSE est requis
","Error in if (parameters_converged | objective_converged) { : 
  valeur manquante là où TRUE / FALSE est requis
","Error in if (parameters_converged | objective_converged) { : 
  valeur manquante là où TRUE / FALSE est requis
","Error in if (parameters_converged | objective_converged) { : 
  valeur manquante là où TRUE / FALSE est requis
","Error in if (parameters_converged | objective_converged) { : 
  valeur manquante là où TRUE / FALSE est requis
","Error in if (parameters_converged | objective_converged) { : 
  valeur manquante là où TRUE / FALSE est requis
","Error in if (parameters_converged | objective_converged) { : 
  valeur manquante là où TRUE / FALSE est requis
","Error in if (parameters_converged | objective_converged) { : 
  valeur manquante là où TRUE / FALSE est requis
","Error in if (parameters_converged | objective_converged) { : 
  valeur manquante là où TRUE / FALSE est requis
","Error in if (parameters_converged | objective_converged) { : 
  valeur manquante là où TRUE / FALSE est requis
","Error in if (parameters_converged | objective_converged) { : 
  valeur manquante là où TRUE / FALSE est requis
","Error in if (parameters_converged | objective_converged) { : 
  valeur manquante là où TRUE / FALSE est requis
","Error in if (parameters_converged | objective_converged) { : 
  valeur manquante là où TRUE / FALSE est requis
"
"232","2","300","20","community","sites","sites_1","PLN","BIC","0.08","0.823223","0.65895764071702","0.022","0.667","0.667","0.667","1.94282245635986"
"233","2","300","20","community","sites","sites_1","ZIPLN","BIC","0.04","0.693591","0.752081749998451","0.051","0.75","0.5","0.6","27.4624619483948"
"234","3","300","20","community","sites","sites_1","PLN","BIC","0.07","0.7479305","0.66451378005682","0.035","0.882","0.714","0.789","2.54635238647461"
"235","3","300","20","community","sites","sites_1","ZIPLN","BIC","0.04","0.7312865","0.74008750870424","0.092","0.941","0.5","0.653","27.7066648006439"
"236","4","300","20","community","sites","sites_1","PLN","BIC","0.07","0.8429025","0.688713323931392","0.028","0.833","0.667","0.741","1.76380109786987"
"237","4","300","20","community","sites","sites_1","ZIPLN","BIC","0.04","0.764044","0.76457857315628","0.022","0.833","0.714","0.769","30.8953194618225"
"238","5","300","20","community","sites","sites_1","PLN","BIC","0.12","0.7341775","0.722411506202253","0.04","0.647","0.611","0.629","2.16720819473267"
"239","5","300","20","community","sites","sites_1","ZIPLN","BIC","0.05","0.7968305","0.854530407276421","0.092","0.882","0.484","0.625","27.7305228710175"
"240","Error in if (parameters_converged | objective_converged) { : 
  valeur manquante là où TRUE / FALSE est requis
","Error in if (parameters_converged | objective_converged) { : 
  valeur manquante là où TRUE / FALSE est requis
","Error in if (parameters_converged | objective_converged) { : 
  valeur manquante là où TRUE / FALSE est requis
","Error in if (parameters_converged | objective_converged) { : 
  valeur manquante là où TRUE / FALSE est requis
","Error in if (parameters_converged | objective_converged) { : 
  valeur manquante là où TRUE / FALSE est requis
","Error in if (parameters_converged | objective_converged) { : 
  valeur manquante là où TRUE / FALSE est requis
","Error in if (parameters_converged | objective_converged) { : 
  valeur manquante là où TRUE / FALSE est requis
","Error in if (parameters_converged | objective_converged) { : 
  valeur manquante là où TRUE / FALSE est requis
","Error in if (parameters_converged | objective_converged) { : 
  valeur manquante là où TRUE / FALSE est requis
","Error in if (parameters_converged | objective_converged) { : 
  valeur manquante là où TRUE / FALSE est requis
","Error in if (parameters_converged | objective_converged) { : 
  valeur manquante là où TRUE / FALSE est requis
","Error in if (parameters_converged | objective_converged) { : 
  valeur manquante là où TRUE / FALSE est requis
","Error in if (parameters_converged | objective_converged) { : 
  valeur manquante là où TRUE / FALSE est requis
","Error in if (parameters_converged | objective_converged) { : 
  valeur manquante là où TRUE / FALSE est requis
","Error in if (parameters_converged | objective_converged) { : 
  valeur manquante là où TRUE / FALSE est requis
","Error in if (parameters_converged | objective_converged) { : 
  valeur manquante là où TRUE / FALSE est requis
"
"241","Error in if (parameters_converged | objective_converged) { : 
  valeur manquante là où TRUE / FALSE est requis
","Error in if (parameters_converged | objective_converged) { : 
  valeur manquante là où TRUE / FALSE est requis
","Error in if (parameters_converged | objective_converged) { : 
  valeur manquante là où TRUE / FALSE est requis
","Error in if (parameters_converged | objective_converged) { : 
  valeur manquante là où TRUE / FALSE est requis
","Error in if (parameters_converged | objective_converged) { : 
  valeur manquante là où TRUE / FALSE est requis
","Error in if (parameters_converged | objective_converged) { : 
  valeur manquante là où TRUE / FALSE est requis
","Error in if (parameters_converged | objective_converged) { : 
  valeur manquante là où TRUE / FALSE est requis
","Error in if (parameters_converged | objective_converged) { : 
  valeur manquante là où TRUE / FALSE est requis
","Error in if (parameters_converged | objective_converged) { : 
  valeur manquante là où TRUE / FALSE est requis
","Error in if (parameters_converged | objective_converged) { : 
  valeur manquante là où TRUE / FALSE est requis
","Error in if (parameters_converged | objective_converged) { : 
  valeur manquante là où TRUE / FALSE est requis
","Error in if (parameters_converged | objective_converged) { : 
  valeur manquante là où TRUE / FALSE est requis
","Error in if (parameters_converged | objective_converged) { : 
  valeur manquante là où TRUE / FALSE est requis
","Error in if (parameters_converged | objective_converged) { : 
  valeur manquante là où TRUE / FALSE est requis
","Error in if (parameters_converged | objective_converged) { : 
  valeur manquante là où TRUE / FALSE est requis
","Error in if (parameters_converged | objective_converged) { : 
  valeur manquante là où TRUE / FALSE est requis
"
"242","8","300","20","community","sites","sites_1","PLN","BIC","0.07","0.778297","0.655158648737449","0.069","0.867","0.52","0.65","2.45076370239258"
"243","8","300","20","community","sites","sites_1","ZIPLN","BIC","0.05","0.787754","0.740183864539947","0.04","0.867","0.65","0.743","28.1652972698212"
"244","9","300","20","community","sites","sites_1","PLN","BIC","0.07","0.795412","0.649478185616086","0.062","1","0.522","0.686","2.58232545852661"
"245","9","300","20","community","sites","sites_1","ZIPLN","BIC","0.05","0.725537","0.73996879466559","0.101","1","0.4","0.571","27.6546249389648"
"246","10","300","20","community","sites","sites_1","PLN","BIC","0.09","0.775176","0.665645940318577","0.028","0.818","0.643","0.72","2.38944530487061"
"247","10","300","20","community","sites","sites_1","ZIPLN","BIC","0.04","0.710422","0.759819612094577","0.056","0.818","0.474","0.6","26.2456650733948"
"248","11","300","20","community","sites","sites_1","PLN","BIC","0.06","0.8934375","0.677109705419132","0.038","1","0.533","0.696","1.883620262146"
"249","11","300","20","community","sites","sites_1","ZIPLN","BIC","0.04","0.8056875","0.778160473465845","0.027","0.875","0.583","0.7","30.844536781311"
"250","Error in if (parameters_converged | objective_converged) { : 
  valeur manquante là où TRUE / FALSE est requis
","Error in if (parameters_converged | objective_converged) { : 
  valeur manquante là où TRUE / FALSE est requis
","Error in if (parameters_converged | objective_converged) { : 
  valeur manquante là où TRUE / FALSE est requis
","Error in if (parameters_converged | objective_converged) { : 
  valeur manquante là où TRUE / FALSE est requis
","Error in if (parameters_converged | objective_converged) { : 
  valeur manquante là où TRUE / FALSE est requis
","Error in if (parameters_converged | objective_converged) { : 
  valeur manquante là où TRUE / FALSE est requis
","Error in if (parameters_converged | objective_converged) { : 
  valeur manquante là où TRUE / FALSE est requis
","Error in if (parameters_converged | objective_converged) { : 
  valeur manquante là où TRUE / FALSE est requis
","Error in if (parameters_converged | objective_converged) { : 
  valeur manquante là où TRUE / FALSE est requis
","Error in if (parameters_converged | objective_converged) { : 
  valeur manquante là où TRUE / FALSE est requis
","Error in if (parameters_converged | objective_converged) { : 
  valeur manquante là où TRUE / FALSE est requis
","Error in if (parameters_converged | objective_converged) { : 
  valeur manquante là où TRUE / FALSE est requis
","Error in if (parameters_converged | objective_converged) { : 
  valeur manquante là où TRUE / FALSE est requis
","Error in if (parameters_converged | objective_converged) { : 
  valeur manquante là où TRUE / FALSE est requis
","Error in if (parameters_converged | objective_converged) { : 
  valeur manquante là où TRUE / FALSE est requis
","Error in if (parameters_converged | objective_converged) { : 
  valeur manquante là où TRUE / FALSE est requis
"
"251","Error in if (parameters_converged | objective_converged) { : 
  valeur manquante là où TRUE / FALSE est requis
","Error in if (parameters_converged | objective_converged) { : 
  valeur manquante là où TRUE / FALSE est requis
","Error in if (parameters_converged | objective_converged) { : 
  valeur manquante là où TRUE / FALSE est requis
","Error in if (parameters_converged | objective_converged) { : 
  valeur manquante là où TRUE / FALSE est requis
","Error in if (parameters_converged | objective_converged) { : 
  valeur manquante là où TRUE / FALSE est requis
","Error in if (parameters_converged | objective_converged) { : 
  valeur manquante là où TRUE / FALSE est requis
","Error in if (parameters_converged | objective_converged) { : 
  valeur manquante là où TRUE / FALSE est requis
","Error in if (parameters_converged | objective_converged) { : 
  valeur manquante là où TRUE / FALSE est requis
","Error in if (parameters_converged | objective_converged) { : 
  valeur manquante là où TRUE / FALSE est requis
","Error in if (parameters_converged | objective_converged) { : 
  valeur manquante là où TRUE / FALSE est requis
","Error in if (parameters_converged | objective_converged) { : 
  valeur manquante là où TRUE / FALSE est requis
","Error in if (parameters_converged | objective_converged) { : 
  valeur manquante là où TRUE / FALSE est requis
","Error in if (parameters_converged | objective_converged) { : 
  valeur manquante là où TRUE / FALSE est requis
","Error in if (parameters_converged | objective_converged) { : 
  valeur manquante là où TRUE / FALSE est requis
","Error in if (parameters_converged | objective_converged) { : 
  valeur manquante là où TRUE / FALSE est requis
","Error in if (parameters_converged | objective_converged) { : 
  valeur manquante là où TRUE / FALSE est requis
"
"252","14","300","20","community","sites","sites_1","PLN","BIC","0.1","0.8449815","0.700812654071525","0.087","0.824","0.483","0.609","2.34545159339905"
"253","14","300","20","community","sites","sites_1","ZIPLN","BIC","0.05","0.712051","0.803365940680137","0.081","0.941","0.533","0.681","20.7906668186188"
"254","15","300","20","community","sites","sites_1","PLN","BIC","0.06","0.7358125","0.635643760125257","0.016","0.75","0.667","0.706","2.01103639602661"
"255","15","300","20","community","sites","sites_1","ZIPLN","BIC","0.03","0.6785","0.725423059689207","0.011","0.75","0.75","0.75","26.1227974891663"
"256","16","300","20","community","sites","sites_1","PLN","BIC","0.07","0.8613775","0.623478625155018","0.051","0.846","0.55","0.667","2.68147397041321"
"257","16","300","20","community","sites","sites_1","ZIPLN","BIC","0.04","0.8063275","0.697643253385347","0.085","0.846","0.423","0.564","27.5077497959137"
"258","17","300","20","community","sites","sites_1","PLN","BIC","0.06","0.8294","0.659139078028581","0.089","0.9","0.36","0.514","2.44957852363586"
"259","17","300","20","community","sites","sites_1","ZIPLN","BIC","0.03","0.7302","0.760665346107201","0.083","0.9","0.375","0.529","25.8301901817322"
"260","Error in if (parameters_converged | objective_converged) { : 
  valeur manquante là où TRUE / FALSE est requis
","Error in if (parameters_converged | objective_converged) { : 
  valeur manquante là où TRUE / FALSE est requis
","Error in if (parameters_converged | objective_converged) { : 
  valeur manquante là où TRUE / FALSE est requis
","Error in if (parameters_converged | objective_converged) { : 
  valeur manquante là où TRUE / FALSE est requis
","Error in if (parameters_converged | objective_converged) { : 
  valeur manquante là où TRUE / FALSE est requis
","Error in if (parameters_converged | objective_converged) { : 
  valeur manquante là où TRUE / FALSE est requis
","Error in if (parameters_converged | objective_converged) { : 
  valeur manquante là où TRUE / FALSE est requis
","Error in if (parameters_converged | objective_converged) { : 
  valeur manquante là où TRUE / FALSE est requis
","Error in if (parameters_converged | objective_converged) { : 
  valeur manquante là où TRUE / FALSE est requis
","Error in if (parameters_converged | objective_converged) { : 
  valeur manquante là où TRUE / FALSE est requis
","Error in if (parameters_converged | objective_converged) { : 
  valeur manquante là où TRUE / FALSE est requis
","Error in if (parameters_converged | objective_converged) { : 
  valeur manquante là où TRUE / FALSE est requis
","Error in if (parameters_converged | objective_converged) { : 
  valeur manquante là où TRUE / FALSE est requis
","Error in if (parameters_converged | objective_converged) { : 
  valeur manquante là où TRUE / FALSE est requis
","Error in if (parameters_converged | objective_converged) { : 
  valeur manquante là où TRUE / FALSE est requis
","Error in if (parameters_converged | objective_converged) { : 
  valeur manquante là où TRUE / FALSE est requis
"
"261","Error in if (parameters_converged | objective_converged) { : 
  valeur manquante là où TRUE / FALSE est requis
","Error in if (parameters_converged | objective_converged) { : 
  valeur manquante là où TRUE / FALSE est requis
","Error in if (parameters_converged | objective_converged) { : 
  valeur manquante là où TRUE / FALSE est requis
","Error in if (parameters_converged | objective_converged) { : 
  valeur manquante là où TRUE / FALSE est requis
","Error in if (parameters_converged | objective_converged) { : 
  valeur manquante là où TRUE / FALSE est requis
","Error in if (parameters_converged | objective_converged) { : 
  valeur manquante là où TRUE / FALSE est requis
","Error in if (parameters_converged | objective_converged) { : 
  valeur manquante là où TRUE / FALSE est requis
","Error in if (parameters_converged | objective_converged) { : 
  valeur manquante là où TRUE / FALSE est requis
","Error in if (parameters_converged | objective_converged) { : 
  valeur manquante là où TRUE / FALSE est requis
","Error in if (parameters_converged | objective_converged) { : 
  valeur manquante là où TRUE / FALSE est requis
","Error in if (parameters_converged | objective_converged) { : 
  valeur manquante là où TRUE / FALSE est requis
","Error in if (parameters_converged | objective_converged) { : 
  valeur manquante là où TRUE / FALSE est requis
","Error in if (parameters_converged | objective_converged) { : 
  valeur manquante là où TRUE / FALSE est requis
","Error in if (parameters_converged | objective_converged) { : 
  valeur manquante là où TRUE / FALSE est requis
","Error in if (parameters_converged | objective_converged) { : 
  valeur manquante là où TRUE / FALSE est requis
","Error in if (parameters_converged | objective_converged) { : 
  valeur manquante là où TRUE / FALSE est requis
"
"262","20","300","20","community","sites","sites_1","PLN","BIC","0.08","0.7572775","0.647943313720086","0.079","0.833","0.417","0.556","1.49454951286316"
"263","20","300","20","community","sites","sites_1","ZIPLN","BIC","0.04","0.7565485","0.745412042387083","0.079","0.833","0.417","0.556","18.6021497249603"
"264","21","300","20","community","sites","sites_1","PLN","BIC","0.09","0.739914","0.722092383557038","0.012","0.421","0.8","0.552","2.02864789962769"
"265","21","300","20","community","sites","sites_1","ZIPLN","BIC","0.06","0.7315075","0.823173313459935","0.047","0.474","0.529","0.5","27.2244305610657"
"266","22","300","20","community","sites","sites_1","PLN","BIC","0.06","0.8049335","0.638575525707761","0.068","0.769","0.455","0.571","1.89476919174194"
"267","22","300","20","community","sites","sites_1","ZIPLN","BIC","0.04","0.772443","0.71857841632053","0.073","0.923","0.48","0.632","24.8938672542572"
"268","23","300","20","community","sites","sites_1","PLN","BIC","0.07","0.804516","0.682827858623724","0.079","0.75","0.391","0.514","2.02596926689148"
"269","23","300","20","community","sites","sites_1","ZIPLN","BIC","0.04","0.77427","0.786212545559343","0.062","0.833","0.476","0.606","25.9788613319397"
"270","Error in if (parameters_converged | objective_converged) { : 
  valeur manquante là où TRUE / FALSE est requis
","Error in if (parameters_converged | objective_converged) { : 
  valeur manquante là où TRUE / FALSE est requis
","Error in if (parameters_converged | objective_converged) { : 
  valeur manquante là où TRUE / FALSE est requis
","Error in if (parameters_converged | objective_converged) { : 
  valeur manquante là où TRUE / FALSE est requis
","Error in if (parameters_converged | objective_converged) { : 
  valeur manquante là où TRUE / FALSE est requis
","Error in if (parameters_converged | objective_converged) { : 
  valeur manquante là où TRUE / FALSE est requis
","Error in if (parameters_converged | objective_converged) { : 
  valeur manquante là où TRUE / FALSE est requis
","Error in if (parameters_converged | objective_converged) { : 
  valeur manquante là où TRUE / FALSE est requis
","Error in if (parameters_converged | objective_converged) { : 
  valeur manquante là où TRUE / FALSE est requis
","Error in if (parameters_converged | objective_converged) { : 
  valeur manquante là où TRUE / FALSE est requis
","Error in if (parameters_converged | objective_converged) { : 
  valeur manquante là où TRUE / FALSE est requis
","Error in if (parameters_converged | objective_converged) { : 
  valeur manquante là où TRUE / FALSE est requis
","Error in if (parameters_converged | objective_converged) { : 
  valeur manquante là où TRUE / FALSE est requis
","Error in if (parameters_converged | objective_converged) { : 
  valeur manquante là où TRUE / FALSE est requis
","Error in if (parameters_converged | objective_converged) { : 
  valeur manquante là où TRUE / FALSE est requis
","Error in if (parameters_converged | objective_converged) { : 
  valeur manquante là où TRUE / FALSE est requis
"
"271","Error in if (parameters_converged | objective_converged) { : 
  valeur manquante là où TRUE / FALSE est requis
","Error in if (parameters_converged | objective_converged) { : 
  valeur manquante là où TRUE / FALSE est requis
","Error in if (parameters_converged | objective_converged) { : 
  valeur manquante là où TRUE / FALSE est requis
","Error in if (parameters_converged | objective_converged) { : 
  valeur manquante là où TRUE / FALSE est requis
","Error in if (parameters_converged | objective_converged) { : 
  valeur manquante là où TRUE / FALSE est requis
","Error in if (parameters_converged | objective_converged) { : 
  valeur manquante là où TRUE / FALSE est requis
","Error in if (parameters_converged | objective_converged) { : 
  valeur manquante là où TRUE / FALSE est requis
","Error in if (parameters_converged | objective_converged) { : 
  valeur manquante là où TRUE / FALSE est requis
","Error in if (parameters_converged | objective_converged) { : 
  valeur manquante là où TRUE / FALSE est requis
","Error in if (parameters_converged | objective_converged) { : 
  valeur manquante là où TRUE / FALSE est requis
","Error in if (parameters_converged | objective_converged) { : 
  valeur manquante là où TRUE / FALSE est requis
","Error in if (parameters_converged | objective_converged) { : 
  valeur manquante là où TRUE / FALSE est requis
","Error in if (parameters_converged | objective_converged) { : 
  valeur manquante là où TRUE / FALSE est requis
","Error in if (parameters_converged | objective_converged) { : 
  valeur manquante là où TRUE / FALSE est requis
","Error in if (parameters_converged | objective_converged) { : 
  valeur manquante là où TRUE / FALSE est requis
","Error in if (parameters_converged | objective_converged) { : 
  valeur manquante là où TRUE / FALSE est requis
"
"272","26","300","20","community","sites","sites_1","PLN","BIC","0.09","0.7404655","0.681167446241886","0.126","0.938","0.405","0.566","1.7242603302002"
"273","26","300","20","community","sites","sites_1","ZIPLN","BIC","0.06","0.6555905","0.761748161703729","0.08","0.875","0.5","0.636","33.782817363739"
"274","27","300","20","community","sites","sites_1","PLN","BIC","0.08","0.8434675","0.723358022267073","0.006","0.917","0.917","0.917","1.63758873939514"
"275","27","300","20","community","sites","sites_1","ZIPLN","BIC","0.05","0.8510065","0.812110234362539","0.039","1","0.632","0.774","22.9330146312714"
"276","28","300","20","community","sites","sites_1","PLN","BIC","0.11","0.8782905","0.681338464608436","0.017","0.867","0.812","0.839","1.14554762840271"
"277","28","300","20","community","sites","sites_1","ZIPLN","BIC","0.04","0.7119135","0.800820530734834","0.143","1","0.375","0.545","18.4980449676514"
"278","29","300","20","community","sites","sites_1","PLN","BIC","0.08","0.8023835","0.638927867706092","0.034","0.833","0.625","0.714","1.47453999519348"
"279","29","300","20","community","sites","sites_1","ZIPLN","BIC","0.05","0.707374","0.723107085237362","0.034","0.75","0.6","0.667","18.978627204895"
"280","Error in if (parameters_converged | objective_converged) { : 
  valeur manquante là où TRUE / FALSE est requis
","Error in if (parameters_converged | objective_converged) { : 
  valeur manquante là où TRUE / FALSE est requis
","Error in if (parameters_converged | objective_converged) { : 
  valeur manquante là où TRUE / FALSE est requis
","Error in if (parameters_converged | objective_converged) { : 
  valeur manquante là où TRUE / FALSE est requis
","Error in if (parameters_converged | objective_converged) { : 
  valeur manquante là où TRUE / FALSE est requis
","Error in if (parameters_converged | objective_converged) { : 
  valeur manquante là où TRUE / FALSE est requis
","Error in if (parameters_converged | objective_converged) { : 
  valeur manquante là où TRUE / FALSE est requis
","Error in if (parameters_converged | objective_converged) { : 
  valeur manquante là où TRUE / FALSE est requis
","Error in if (parameters_converged | objective_converged) { : 
  valeur manquante là où TRUE / FALSE est requis
","Error in if (parameters_converged | objective_converged) { : 
  valeur manquante là où TRUE / FALSE est requis
","Error in if (parameters_converged | objective_converged) { : 
  valeur manquante là où TRUE / FALSE est requis
","Error in if (parameters_converged | objective_converged) { : 
  valeur manquante là où TRUE / FALSE est requis
","Error in if (parameters_converged | objective_converged) { : 
  valeur manquante là où TRUE / FALSE est requis
","Error in if (parameters_converged | objective_converged) { : 
  valeur manquante là où TRUE / FALSE est requis
","Error in if (parameters_converged | objective_converged) { : 
  valeur manquante là où TRUE / FALSE est requis
","Error in if (parameters_converged | objective_converged) { : 
  valeur manquante là où TRUE / FALSE est requis
"
"281","1","300","20","community","sites","sites_2","PLN","BIC","0.07","0.798375","0.484124599219947","0","0",NA,"0","3.03684401512146"
"282","1","300","20","community","sites","sites_2","ZIPLN","BIC","0.07","0","86.5497323812767","0.048","0","0","0","2.16965733766556"
"283","Error in dimnames(private$Sigma) <- dimnames(private$Omega) : 
  'dimnames' appliqué à autre chose qu'un tableau
","Error in dimnames(private$Sigma) <- dimnames(private$Omega) : 
  'dimnames' appliqué à autre chose qu'un tableau
","Error in dimnames(private$Sigma) <- dimnames(private$Omega) : 
  'dimnames' appliqué à autre chose qu'un tableau
","Error in dimnames(private$Sigma) <- dimnames(private$Omega) : 
  'dimnames' appliqué à autre chose qu'un tableau
","Error in dimnames(private$Sigma) <- dimnames(private$Omega) : 
  'dimnames' appliqué à autre chose qu'un tableau
","Error in dimnames(private$Sigma) <- dimnames(private$Omega) : 
  'dimnames' appliqué à autre chose qu'un tableau
","Error in dimnames(private$Sigma) <- dimnames(private$Omega) : 
  'dimnames' appliqué à autre chose qu'un tableau
","Error in dimnames(private$Sigma) <- dimnames(private$Omega) : 
  'dimnames' appliqué à autre chose qu'un tableau
","Error in dimnames(private$Sigma) <- dimnames(private$Omega) : 
  'dimnames' appliqué à autre chose qu'un tableau
","Error in dimnames(private$Sigma) <- dimnames(private$Omega) : 
  'dimnames' appliqué à autre chose qu'un tableau
","Error in dimnames(private$Sigma) <- dimnames(private$Omega) : 
  'dimnames' appliqué à autre chose qu'un tableau
","Error in dimnames(private$Sigma) <- dimnames(private$Omega) : 
  'dimnames' appliqué à autre chose qu'un tableau
","Error in dimnames(private$Sigma) <- dimnames(private$Omega) : 
  'dimnames' appliqué à autre chose qu'un tableau
","Error in dimnames(private$Sigma) <- dimnames(private$Omega) : 
  'dimnames' appliqué à autre chose qu'un tableau
","Error in dimnames(private$Sigma) <- dimnames(private$Omega) : 
  'dimnames' appliqué à autre chose qu'un tableau
","Error in dimnames(private$Sigma) <- dimnames(private$Omega) : 
  'dimnames' appliqué à autre chose qu'un tableau
"
"284","3","300","20","community","sites","sites_2","PLN","BIC","0.16","0.7467415","0.560308119716822","0","0",NA,"0","3.34724426269531"
"285","3","300","20","community","sites","sites_2","ZIPLN","BIC","0.09","0.5419715","0.742035478744376","0.076","0.833","0.536","0.652","30.0508468151093"
"286","4","300","20","community","sites","sites_2","PLN","BIC","0.14","0.675784","0.527785516746197","0.011","0.357","0.714","0.476","2.00534892082214"
"287","4","300","20","community","sites","sites_2","ZIPLN","BIC","0.06","0.6063285","0.720879954186803","0.085","0.714","0.4","0.513","19.2976121902466"
"288","5","300","20","community","sites","sites_2","PLN","BIC","0.12","0.6207345","0.55059495807177","0","0.231","1","0.375","3.06999850273132"
"289","5","300","20","community","sites","sites_2","ZIPLN","BIC","0.07","0.552336","0.745649651556425","0.017","0.308","0.571","0.4","27.780330657959"
"290","6","300","20","community","sites","sites_2","PLN","BIC","0.15","0.786895","0.545083396571995","0","0",NA,"0","2.81534838676453"
"291","6","300","20","community","sites","sites_2","ZIPLN","BIC","0.07","0.6825705","0.758233566126125","0.012","0.588","0.833","0.69","26.1439309120178"
"292","7","300","20","community","sites","sites_2","PLN","BIC","0.1","0.90145","0.499730014886167","0","0",NA,"0","1.90471792221069"
"293","7","300","20","community","sites","sites_2","ZIPLN","BIC","0.06","0.7731","0.660296484412864","0.017","0.8","0.727","0.762","17.2725176811218"
"294","Error in dimnames(private$Sigma) <- dimnames(private$Omega) : 
  'dimnames' appliqué à autre chose qu'un tableau
","Error in dimnames(private$Sigma) <- dimnames(private$Omega) : 
  'dimnames' appliqué à autre chose qu'un tableau
","Error in dimnames(private$Sigma) <- dimnames(private$Omega) : 
  'dimnames' appliqué à autre chose qu'un tableau
","Error in dimnames(private$Sigma) <- dimnames(private$Omega) : 
  'dimnames' appliqué à autre chose qu'un tableau
","Error in dimnames(private$Sigma) <- dimnames(private$Omega) : 
  'dimnames' appliqué à autre chose qu'un tableau
","Error in dimnames(private$Sigma) <- dimnames(private$Omega) : 
  'dimnames' appliqué à autre chose qu'un tableau
","Error in dimnames(private$Sigma) <- dimnames(private$Omega) : 
  'dimnames' appliqué à autre chose qu'un tableau
","Error in dimnames(private$Sigma) <- dimnames(private$Omega) : 
  'dimnames' appliqué à autre chose qu'un tableau
","Error in dimnames(private$Sigma) <- dimnames(private$Omega) : 
  'dimnames' appliqué à autre chose qu'un tableau
","Error in dimnames(private$Sigma) <- dimnames(private$Omega) : 
  'dimnames' appliqué à autre chose qu'un tableau
","Error in dimnames(private$Sigma) <- dimnames(private$Omega) : 
  'dimnames' appliqué à autre chose qu'un tableau
","Error in dimnames(private$Sigma) <- dimnames(private$Omega) : 
  'dimnames' appliqué à autre chose qu'un tableau
","Error in dimnames(private$Sigma) <- dimnames(private$Omega) : 
  'dimnames' appliqué à autre chose qu'un tableau
","Error in dimnames(private$Sigma) <- dimnames(private$Omega) : 
  'dimnames' appliqué à autre chose qu'un tableau
","Error in dimnames(private$Sigma) <- dimnames(private$Omega) : 
  'dimnames' appliqué à autre chose qu'un tableau
","Error in dimnames(private$Sigma) <- dimnames(private$Omega) : 
  'dimnames' appliqué à autre chose qu'un tableau
"
"295","9","300","20","community","sites","sites_2","PLN","BIC","0.14","0.7393515","0.528981820906232","0","0",NA,"0","2.31751203536987"
"296","9","300","20","community","sites","sites_2","ZIPLN","BIC","0.07","0.733463","0.736932291626255","0.029","0.333","0.5","0.4","19.0249512195587"
"297","10","300","20","community","sites","sites_2","PLN","BIC","0.11","0.6808","0.512560455243732","0.006","0.4","0.8","0.533","2.09508967399597"
"298","10","300","20","community","sites","sites_2","ZIPLN","BIC","0.08","0.72615","0.711943503066551","0.006","0.3","0.75","0.429","18.5262215137482"
"299","11","300","20","community","sites","sites_2","PLN","BIC","0.13","0.671546","0.508972768431207","0","0",NA,"0","3.44056868553162"
"300","11","300","20","community","sites","sites_2","ZIPLN","BIC","0.08","0.6976495","0.711489034980308","0","0.154","1","0.267","20.8119540214539"
"301","12","300","20","community","sites","sites_2","PLN","BIC","0.09","0.839893","0.498883063009752","0","0.333","1","0.5","3.37760090827942"
"302","12","300","20","community","sites","sites_2","ZIPLN","BIC","0.06","0.740017","0.694734384599081","0.033","0.667","0.4","0.5","24.7584314346313"
"303","13","300","20","community","sites","sites_2","PLN","BIC","0.15","0.7839115","0.538296650781076","0","0",NA,"0","2.01984238624573"
"304","13","300","20","community","sites","sites_2","ZIPLN","BIC","0.08","0.660101","0.73209890999381","0.034","0.667","0.625","0.645","17.6484444141388"
"305","Error in dimnames(private$Sigma) <- dimnames(private$Omega) : 
  'dimnames' appliqué à autre chose qu'un tableau
","Error in dimnames(private$Sigma) <- dimnames(private$Omega) : 
  'dimnames' appliqué à autre chose qu'un tableau
","Error in dimnames(private$Sigma) <- dimnames(private$Omega) : 
  'dimnames' appliqué à autre chose qu'un tableau
","Error in dimnames(private$Sigma) <- dimnames(private$Omega) : 
  'dimnames' appliqué à autre chose qu'un tableau
","Error in dimnames(private$Sigma) <- dimnames(private$Omega) : 
  'dimnames' appliqué à autre chose qu'un tableau
","Error in dimnames(private$Sigma) <- dimnames(private$Omega) : 
  'dimnames' appliqué à autre chose qu'un tableau
","Error in dimnames(private$Sigma) <- dimnames(private$Omega) : 
  'dimnames' appliqué à autre chose qu'un tableau
","Error in dimnames(private$Sigma) <- dimnames(private$Omega) : 
  'dimnames' appliqué à autre chose qu'un tableau
","Error in dimnames(private$Sigma) <- dimnames(private$Omega) : 
  'dimnames' appliqué à autre chose qu'un tableau
","Error in dimnames(private$Sigma) <- dimnames(private$Omega) : 
  'dimnames' appliqué à autre chose qu'un tableau
","Error in dimnames(private$Sigma) <- dimnames(private$Omega) : 
  'dimnames' appliqué à autre chose qu'un tableau
","Error in dimnames(private$Sigma) <- dimnames(private$Omega) : 
  'dimnames' appliqué à autre chose qu'un tableau
","Error in dimnames(private$Sigma) <- dimnames(private$Omega) : 
  'dimnames' appliqué à autre chose qu'un tableau
","Error in dimnames(private$Sigma) <- dimnames(private$Omega) : 
  'dimnames' appliqué à autre chose qu'un tableau
","Error in dimnames(private$Sigma) <- dimnames(private$Omega) : 
  'dimnames' appliqué à autre chose qu'un tableau
","Error in dimnames(private$Sigma) <- dimnames(private$Omega) : 
  'dimnames' appliqué à autre chose qu'un tableau
"
"306","15","300","20","community","sites","sites_2","PLN","BIC","0.12","0.67538","0.531294354253162","0.034","0.286","0.4","0.333","1.97033357620239"
"307","15","300","20","community","sites","sites_2","ZIPLN","BIC","0.07","0.5020235","0.712946238534544","0.074","0.571","0.381","0.457","20.7037796974182"
"308","16","300","20","community","sites","sites_2","PLN","BIC","0.13","0.79507","0.501191158373633","0","0",NA,"0","1.68753266334534"
"309","16","300","20","community","sites","sites_2","ZIPLN","BIC","0.06","0.701846","0.67658023615723","0.057","0.786","0.524","0.629","24.1419429779053"
"310","17","300","20","community","sites","sites_2","PLN","BIC","0.11","0.635648","0.557951246516304","0","0",NA,"0","1.80464267730713"
"311","17","300","20","community","sites","sites_2","ZIPLN","BIC","0.08","0.7656355","0.773390473417037","0","0",NA,"0","18.6332178115845"
"312","18","300","20","community","sites","sites_2","PLN","BIC","0.13","0.7170215","0.526960888472298","0.006","0.385","0.833","0.526","3.1998462677002"
"313","18","300","20","community","sites","sites_2","ZIPLN","BIC","0.07","0.5737775","0.705571031744288","0.028","0.615","0.615","0.615","23.5472095012665"
"314","19","300","20","community","sites","sites_2","PLN","BIC","0.12","0.7748255","0.527926272054718","0.006","0.5","0.857","0.632","2.21053743362427"
"315","19","300","20","community","sites","sites_2","ZIPLN","BIC","0.08","0.736086","0.710862597430391","0.011","0.417","0.714","0.526","17.9413704872131"
"316","Error in dimnames(private$Sigma) <- dimnames(private$Omega) : 
  'dimnames' appliqué à autre chose qu'un tableau
","Error in dimnames(private$Sigma) <- dimnames(private$Omega) : 
  'dimnames' appliqué à autre chose qu'un tableau
","Error in dimnames(private$Sigma) <- dimnames(private$Omega) : 
  'dimnames' appliqué à autre chose qu'un tableau
","Error in dimnames(private$Sigma) <- dimnames(private$Omega) : 
  'dimnames' appliqué à autre chose qu'un tableau
","Error in dimnames(private$Sigma) <- dimnames(private$Omega) : 
  'dimnames' appliqué à autre chose qu'un tableau
","Error in dimnames(private$Sigma) <- dimnames(private$Omega) : 
  'dimnames' appliqué à autre chose qu'un tableau
","Error in dimnames(private$Sigma) <- dimnames(private$Omega) : 
  'dimnames' appliqué à autre chose qu'un tableau
","Error in dimnames(private$Sigma) <- dimnames(private$Omega) : 
  'dimnames' appliqué à autre chose qu'un tableau
","Error in dimnames(private$Sigma) <- dimnames(private$Omega) : 
  'dimnames' appliqué à autre chose qu'un tableau
","Error in dimnames(private$Sigma) <- dimnames(private$Omega) : 
  'dimnames' appliqué à autre chose qu'un tableau
","Error in dimnames(private$Sigma) <- dimnames(private$Omega) : 
  'dimnames' appliqué à autre chose qu'un tableau
","Error in dimnames(private$Sigma) <- dimnames(private$Omega) : 
  'dimnames' appliqué à autre chose qu'un tableau
","Error in dimnames(private$Sigma) <- dimnames(private$Omega) : 
  'dimnames' appliqué à autre chose qu'un tableau
","Error in dimnames(private$Sigma) <- dimnames(private$Omega) : 
  'dimnames' appliqué à autre chose qu'un tableau
","Error in dimnames(private$Sigma) <- dimnames(private$Omega) : 
  'dimnames' appliqué à autre chose qu'un tableau
","Error in dimnames(private$Sigma) <- dimnames(private$Omega) : 
  'dimnames' appliqué à autre chose qu'un tableau
"
"317","21","300","20","community","sites","sites_2","PLN","BIC","0.15","0.684575","0.540055148209053","0","0",NA,"0","1.9228150844574"
"318","21","300","20","community","sites","sites_2","ZIPLN","BIC","0.06","0.650725","0.735240480314259","0.106","0.65","0.419","0.51","18.9298779964447"
"319","22","300","20","community","sites","sites_2","PLN","BIC","0.09","0.5624445","0.493224149179916","0","0.222","1","0.364","3.43426847457886"
"320","22","300","20","community","sites","sites_2","ZIPLN","BIC","0.05","0.52819","0.672518692119557","0.006","0.333","0.75","0.462","24.7745115756989"
"321","23","300","20","community","sites","sites_2","PLN","BIC","0.11","0.7368605","0.504993576372874","0.039","0.778","0.5","0.609","1.92687439918518"
"322","23","300","20","community","sites","sites_2","ZIPLN","BIC","0.06","0.7379995","0.700786317544953","0.011","0.556","0.714","0.625","18.0074374675751"
"323","24","300","20","community","sites","sites_2","PLN","BIC","0.13","0.731163","0.511299382773608","0","0",NA,"0","2.76761317253113"
"324","24","300","20","community","sites","sites_2","ZIPLN","BIC","0.06","0.718736","0.720226094204125","0.096","0.917","0.393","0.55","24.3405549526215"
"325","25","300","20","community","sites","sites_2","PLN","BIC","0.12","0.83092","0.5265612934811","0.011","0.571","0.8","0.667","1.89106869697571"
"326","25","300","20","community","sites","sites_2","ZIPLN","BIC","0.07","0.7240795","0.71114252964242","0.023","0.714","0.714","0.714","17.6731095314026"
"327","Error in dimnames(private$Sigma) <- dimnames(private$Omega) : 
  'dimnames' appliqué à autre chose qu'un tableau
","Error in dimnames(private$Sigma) <- dimnames(private$Omega) : 
  'dimnames' appliqué à autre chose qu'un tableau
","Error in dimnames(private$Sigma) <- dimnames(private$Omega) : 
  'dimnames' appliqué à autre chose qu'un tableau
","Error in dimnames(private$Sigma) <- dimnames(private$Omega) : 
  'dimnames' appliqué à autre chose qu'un tableau
","Error in dimnames(private$Sigma) <- dimnames(private$Omega) : 
  'dimnames' appliqué à autre chose qu'un tableau
","Error in dimnames(private$Sigma) <- dimnames(private$Omega) : 
  'dimnames' appliqué à autre chose qu'un tableau
","Error in dimnames(private$Sigma) <- dimnames(private$Omega) : 
  'dimnames' appliqué à autre chose qu'un tableau
","Error in dimnames(private$Sigma) <- dimnames(private$Omega) : 
  'dimnames' appliqué à autre chose qu'un tableau
","Error in dimnames(private$Sigma) <- dimnames(private$Omega) : 
  'dimnames' appliqué à autre chose qu'un tableau
","Error in dimnames(private$Sigma) <- dimnames(private$Omega) : 
  'dimnames' appliqué à autre chose qu'un tableau
","Error in dimnames(private$Sigma) <- dimnames(private$Omega) : 
  'dimnames' appliqué à autre chose qu'un tableau
","Error in dimnames(private$Sigma) <- dimnames(private$Omega) : 
  'dimnames' appliqué à autre chose qu'un tableau
","Error in dimnames(private$Sigma) <- dimnames(private$Omega) : 
  'dimnames' appliqué à autre chose qu'un tableau
","Error in dimnames(private$Sigma) <- dimnames(private$Omega) : 
  'dimnames' appliqué à autre chose qu'un tableau
","Error in dimnames(private$Sigma) <- dimnames(private$Omega) : 
  'dimnames' appliqué à autre chose qu'un tableau
","Error in dimnames(private$Sigma) <- dimnames(private$Omega) : 
  'dimnames' appliqué à autre chose qu'un tableau
"
"328","27","300","20","community","sites","sites_2","PLN","BIC","0.1","0.717389","0.51931027544733","0.039","0.444","0.364","0.4","2.06424164772034"
"329","27","300","20","community","sites","sites_2","ZIPLN","BIC","0.06","0.7002315","0.695420445954543","0.028","0.556","0.5","0.526","18.0749192237854"
"330","28","300","20","community","sites","sites_2","PLN","BIC","0.17","0.696721","0.562842501174815","0","0",NA,"0","2.44065523147583"
"331","28","300","20","community","sites","sites_2","ZIPLN","BIC","0.08","0.6908125","0.778760861000939","0.035","0.667","0.667","0.667","25.5229659080505"
"332","29","300","20","community","sites","sites_2","PLN","BIC","0.11","0.553201","0.528615496899385","0.028","0.357","0.5","0.417","1.61472868919373"
"333","29","300","20","community","sites","sites_2","ZIPLN","BIC","0.09","0.5273925","0.716481022323982","0.028","0.5","0.583","0.538","25.4537949562073"
"334","30","300","20","community","sites","sites_2","PLN","BIC","0.14","0.724998","0.524793954521692","0","0",NA,"0","3.06330800056458"
"335","30","300","20","community","sites","sites_2","ZIPLN","BIC","0.06","0.6742565","0.727426740980889","0.107","0.923","0.387","0.545","18.400356054306"
"336","1","300","20","community","sites","sites_3","PLN","BIC","0.15","0.3560005","0.357806593122444","0","0",NA,"0","6.90346503257751"
"337","1","300","20","community","sites","sites_3","ZIPLN","BIC","0.13","0.6528815","0.607844210534426","0","0",NA,"0","25.7291841506958"
"338","2","300","20","community","sites","sites_3","PLN","BIC","0.17","0.466599","0.365184064868539","0","0",NA,"0","5.57792186737061"
"339","2","300","20","community","sites","sites_3","ZIPLN","BIC","0.1","0.752443","0.640828674557535","0","0",NA,"0","22.0743689537048"
"340","3","300","20","community","sites","sites_3","PLN","BIC","0.12","0.421969","0.351696328705413","0","0",NA,"0","6.9173641204834"
"341","3","300","20","community","sites","sites_3","ZIPLN","BIC","0.06","0.735067","0.550150321624881","0","0",NA,"0","21.2787392139435"
"342","4","300","20","community","sites","sites_3","PLN","BIC","0.13","0.43435","0.357048576535505","0","0",NA,"0","6.78363227844238"
"343","4","300","20","community","sites","sites_3","ZIPLN","BIC","0.09","0.6967","0.57987353044056","0","0",NA,"0","26.34006524086"
"344","5","300","20","community","sites","sites_3","PLN","BIC","0.15","0.7051025","0.371995654881647","0","0",NA,"0","5.76730179786682"
"345","5","300","20","community","sites","sites_3","ZIPLN","BIC","0.1","0.657876","0.5909648800065","0","0",NA,"0","27.8947458267212"
"346","6","300","20","community","sites","sites_3","PLN","BIC","0.18","0.457365","0.382470080626703","0","0",NA,"0","6.47564005851746"
"347","6","300","20","community","sites","sites_3","ZIPLN","BIC","0.11","0.7617695","0.663838848372844","0","0",NA,"0","27.1069746017456"
"348","7","300","20","community","sites","sites_3","PLN","BIC","0.16","0.3690305","0.348313606687283","0","0",NA,"0","6.84360527992249"
"349","7","300","20","community","sites","sites_3","ZIPLN","BIC","0.09","0.6127105","0.597754555815984","0","0",NA,"0","25.1867995262146"
"350","8","300","20","community","sites","sites_3","PLN","BIC","0.15","0.50335","0.392013321725276","0","0",NA,"0","5.89210820198059"
"351","8","300","20","community","sites","sites_3","ZIPLN","BIC","0.09","0.6034","0.634509608860458","0","0.1","1","0.182","25.7290575504303"
"352","9","300","20","community","sites","sites_3","PLN","BIC","0.16","0.4683","0.338561575820748","0","0",NA,"0","5.08782601356506"
"353","9","300","20","community","sites","sites_3","ZIPLN","BIC","0.08","0","0.584094215142107","0","0",NA,"0","2.13236213922501"
"354","10","300","20","community","sites","sites_3","PLN","BIC","0.14","0.51602","0.370573419575498","0","0",NA,"0","7.03079700469971"
"355","10","300","20","community","sites","sites_3","ZIPLN","BIC","0.09","0.722063","0.61083154058134","0","0.091","1","0.167","25.2669942378998"
"356","11","300","20","community","sites","sites_3","PLN","BIC","0.16","0.4000825","0.370345066989094","0","0",NA,"0","5.64534425735474"
"357","11","300","20","community","sites","sites_3","ZIPLN","BIC","0.09","0.760017","0.653127232556301","0","0",NA,"0","24.213681936264"
"358","12","300","20","community","sites","sites_3","PLN","BIC","0.18","0.5074465","0.36433937301876","0","0",NA,"0","6.39166378974915"
"359","12","300","20","community","sites","sites_3","ZIPLN","BIC","0.1","0.66726","0.654283919876396","0","0.062","1","0.118","25.5635402202606"
"360","13","300","20","community","sites","sites_3","PLN","BIC","0.13","0.477241","0.352741440347844","0","0",NA,"0","5.60241961479187"
"361","13","300","20","community","sites","sites_3","ZIPLN","BIC","0.09","0.718163","0.575378359733844","0","0",NA,"0","27.6380665302277"
"362","14","300","20","community","sites","sites_3","PLN","BIC","0.14","0.5821985","0.376430046091693","0","0",NA,"0","5.72860813140869"
"363","14","300","20","community","sites","sites_3","ZIPLN","BIC","0.11","0.6553845","0.603881301505997","0","0",NA,"0","19.5053036212921"
"364","15","300","20","community","sites","sites_3","PLN","BIC","0.14","0.43945","0.366745591224826","0","0",NA,"0","3.94363284111023"
"365","15","300","20","community","sites","sites_3","ZIPLN","BIC","0.07","0.61845","0.627097720408335","0","0",NA,"0","16.5691413879395"
"366","16","300","20","community","sites","sites_3","PLN","BIC","0.14","0.4476325","0.333914527745737","0","0",NA,"0","6.39135146141052"
"367","16","300","20","community","sites","sites_3","ZIPLN","BIC","0.07","0.708633","0.574758087909691","0","0",NA,"0","25.1473264694214"
"368","17","300","20","community","sites","sites_3","PLN","BIC","0.15","0.4600695","0.364962086916044","0","0",NA,"0","5.82776355743408"
"369","17","300","20","community","sites","sites_3","ZIPLN","BIC","0.09","0.7331945","0.625754530963779","0","0",NA,"0","24.1780488491058"
"370","18","300","20","community","sites","sites_3","PLN","BIC","0.16","0.397396","0.348753034843532","0","0",NA,"0","6.2845516204834"
"371","18","300","20","community","sites","sites_3","ZIPLN","BIC","0.08","0.751719","0.629059089669438","0","0",NA,"0","25.2907638549805"
"372","19","300","20","community","sites","sites_3","PLN","BIC","0.14","0.49635","0.35220451370986","0","0",NA,"0","6.84873247146606"
"373","19","300","20","community","sites","sites_3","ZIPLN","BIC","0.07","0.74965","0.588600127616782","0","0",NA,"0","25.1166241168976"
"374","20","300","20","community","sites","sites_3","PLN","BIC","0.15","0.5222655","0.35723270580279","0","0",NA,"0","3.87419104576111"
"375","20","300","20","community","sites","sites_3","ZIPLN","BIC","0.08","0.009191","109.265799954792","0.101","0.091","0.053","0.067","1.43395379384359"
"376","21","300","20","community","sites","sites_3","PLN","BIC","0.14","0.3024285","0.380940711357126","0","0",NA,"0","4.00632452964783"
"377","21","300","20","community","sites","sites_3","ZIPLN","BIC","0.12","0.6075875","0.622911471171064","0","0",NA,"0","17.152284860611"
"378","22","300","20","community","sites","sites_3","PLN","BIC","0.15","0.2162135","0.324251629262706","0","0",NA,"0","6.54455709457397"
"379","22","300","20","community","sites","sites_3","ZIPLN","BIC","0.07","0.7705165","0.579650745947937","0","0",NA,"0","24.1601657867432"
"380","23","300","20","community","sites","sites_3","PLN","BIC","0.16","0.5313505","0.384676570660237","0","0",NA,"0","5.89095044136047"
"381","23","300","20","community","sites","sites_3","ZIPLN","BIC","0.1","0.6561725","0.611647274602848","0","0",NA,"0","23.6986725330353"
"382","24","300","20","community","sites","sites_3","PLN","BIC","0.15","0.469183","0.359358422127828","0","0",NA,"0","7.43021178245544"
"383","24","300","20","community","sites","sites_3","ZIPLN","BIC","0.08","0.675454","0.59902156836314","0","0",NA,"0","24.6436560153961"
"384","25","300","20","community","sites","sites_3","PLN","BIC","0.18","0.481","0.381330886898136","0","0",NA,"0","5.93730068206787"
"385","25","300","20","community","sites","sites_3","ZIPLN","BIC","0.11","0.7187725","0.641632841969445","0","0",NA,"0","24.280211687088"
"386","26","300","20","community","sites","sites_3","PLN","BIC","0.11","0.722675","0.366351845852193","0","0",NA,"0","3.90164947509766"
"387","26","300","20","community","sites","sites_3","ZIPLN","BIC","0.07","0.562068","0.574487468283829","0","0",NA,"0","17.5020735263824"
"388","27","300","20","community","sites","sites_3","PLN","BIC","0.14","0.561362","0.37089190231387","0","0",NA,"0","3.40547943115234"
"389","27","300","20","community","sites","sites_3","ZIPLN","BIC","0.09","0.7770015","0.612488520068229","0","0",NA,"0","20.0366988182068"
"390","28","300","20","community","sites","sites_3","PLN","BIC","0.17","0.63195","0.370111065288665","0","0",NA,"0","6.60919380187988"
"391","28","300","20","community","sites","sites_3","ZIPLN","BIC","0.11","0.7749","0.648193477914853","0","0",NA,"0","25.0944607257843"
"392","29","300","20","community","sites","sites_3","PLN","BIC","0.17","0.5517435","0.351411381052052","0","0",NA,"0","6.00287795066833"
"393","29","300","20","community","sites","sites_3","ZIPLN","BIC","0.09","0.7825165","0.620681712633015","0","0",NA,"0","23.2959225177765"
"394","30","300","20","community","sites","sites_3","PLN","BIC","0.15","0.5229385","0.37904616174043","0","0",NA,"0","5.60726737976074"
"395","30","300","20","community","sites","sites_3","ZIPLN","BIC","0.08","0.646149","0.618713968789776","0","0",NA,"0","25.1097142696381"
"396","1","300","20","community","sites","sites_4","PLN","BIC","0.17","0.5095275","0.332041885005992","0","0",NA,"0","8.07358360290527"
"397","1","300","20","community","sites","sites_4","ZIPLN","BIC","0.11","0.8111535","0.545588962292467","0","0",NA,"0","26.4155769348145"
"398","2","300","20","community","sites","sites_4","PLN","BIC","0.17","0.436314","0.339816009944141","0","0",NA,"0","7.96881723403931"
"399","2","300","20","community","sites","sites_4","ZIPLN","BIC","0.11","0.7890815","0.587266644567146","0","0",NA,"0","26.923318862915"
"400","3","300","20","community","sites","sites_4","PLN","BIC","0.16","0.3803795","0.344698278076934","0","0",NA,"0","7.04314804077148"
"401","3","300","20","community","sites","sites_4","ZIPLN","BIC","0.09","0.7500195","0.599386027170257","0","0",NA,"0","26.4309546947479"
"402","4","300","20","community","sites","sites_4","PLN","BIC","0.14","0.426564","0.337324979935382","0","0",NA,"0","7.41348719596863"
"403","4","300","20","community","sites","sites_4","ZIPLN","BIC","0.08","0.7425985","0.590220673057664","0","0",NA,"0","26.683531999588"
"404","5","300","20","community","sites","sites_4","PLN","BIC","0.18","0.571181","0.336587365117573","0","0",NA,"0","9.08019256591797"
"405","5","300","20","community","sites","sites_4","ZIPLN","BIC","0.13","0.7475245","0.611098203453991","0","0",NA,"0","26.7162730693817"
"406","6","300","20","community","sites","sites_4","PLN","BIC","0.2","0.342882","0.340591439916132","0","0",NA,"0","8.43025898933411"
"407","6","300","20","community","sites","sites_4","ZIPLN","BIC","0.12","0.767957","0.605931197656401","0","0",NA,"0","26.3931956291199"
"408","7","300","20","community","sites","sites_4","PLN","BIC","0.17","0.3936575","0.335456372487113","0","0",NA,"0","6.28402590751648"
"409","7","300","20","community","sites","sites_4","ZIPLN","BIC","0.1","0.8016875","0.567647779508428","0","0",NA,"0","26.1074018478394"
"410","8","300","20","community","sites","sites_4","PLN","BIC","0.16","0.4309075","0.339561783848647","0","0",NA,"0","8.35705304145813"
"411","8","300","20","community","sites","sites_4","ZIPLN","BIC","0.09","0.6821595","0.594354980431994","0","0",NA,"0","26.7365934848785"
"412","9","300","20","community","sites","sites_4","PLN","BIC","0.13","0.301521","0.344036509310583","0","0",NA,"0","7.40931797027588"
"413","9","300","20","community","sites","sites_4","ZIPLN","BIC","0.09","0.7247055","0.592104973616707","0","0",NA,"0","25.7520303726196"
"414","10","300","20","community","sites","sites_4","PLN","BIC","0.16","0.5462645","0.339211265388754","0","0",NA,"0","7.99812364578247"
"415","10","300","20","community","sites","sites_4","ZIPLN","BIC","0.11","0.739156","0.582168158124918","0","0",NA,"0","26.5824382305145"
"416","11","300","20","community","sites","sites_4","PLN","BIC","0.14","0.4780625","0.327848738301538","0","0",NA,"0","7.66583943367004"
"417","11","300","20","community","sites","sites_4","ZIPLN","BIC","0.09","0.768125","0.566529593464601","0","0",NA,"0","26.3792948722839"
"418","12","300","20","community","sites","sites_4","PLN","BIC","0.15","0.4208135","0.352724352145753","0","0",NA,"0","6.96669030189514"
"419","12","300","20","community","sites","sites_4","ZIPLN","BIC","0.1","0.6584275","0.570622638863788","0","0",NA,"0","26.2616608142853"
"420","13","300","20","community","sites","sites_4","PLN","BIC","0.16","0.460604","0.3449280459795","0","0",NA,"0","6.87675380706787"
"421","13","300","20","community","sites","sites_4","ZIPLN","BIC","0.11","0.715402","0.588609736380885","0","0",NA,"0","26.0622508525848"
"422","14","300","20","community","sites","sites_4","PLN","BIC","0.14","0.336778","0.339785266063917","0","0",NA,"0","7.90560531616211"
"423","14","300","20","community","sites","sites_4","ZIPLN","BIC","0.1","0.6322975","0.570873740552251","0","0",NA,"0","22.1461155414581"
"424","15","300","20","community","sites","sites_4","PLN","BIC","0.17","0.2982455","0.35010723029014","0","0",NA,"0","7.1249144077301"
"425","15","300","20","community","sites","sites_4","ZIPLN","BIC","0.1","0.8642475","0.59292392618459","0","0",NA,"0","25.5592305660248"
"426","16","300","20","community","sites","sites_4","PLN","BIC","0.12","0.554158","0.343974604362048","0","0",NA,"0","6.90173673629761"
"427","16","300","20","community","sites","sites_4","ZIPLN","BIC","0.08","0.8536735","0.59813285641961","0","0",NA,"0","25.880521774292"
"428","17","300","20","community","sites","sites_4","PLN","BIC","0.16","0.45583","0.358313961719497","0","0",NA,"0","7.23394775390625"
"429","17","300","20","community","sites","sites_4","ZIPLN","BIC","0.1","0.635313","0.618191714602835","0","0",NA,"0","27.0486629009247"
"430","18","300","20","community","sites","sites_4","PLN","BIC","0.19","0.589879","0.335624675220305","0","0",NA,"0","7.53261137008667"
"431","18","300","20","community","sites","sites_4","ZIPLN","BIC","0.11","0.7095775","0.603678909446778","0","0",NA,"0","25.6798007488251"
"432","19","300","20","community","sites","sites_4","PLN","BIC","0.19","0.626581","0.339008591795961","0","0",NA,"0","6.7667498588562"
"433","19","300","20","community","sites","sites_4","ZIPLN","BIC","0.14","0.0095525","53.2101715391516","0.098","0.125","0.105","0.114","1.2857342839241"
"434","20","300","20","community","sites","sites_4","PLN","BIC","0.17","0.544787","0.351595342841742","0","0",NA,"0","4.73698091506958"
"435","20","300","20","community","sites","sites_4","ZIPLN","BIC","0.1","0.6701325","0.614760801799158","0","0.077","1","0.143","18.3174195289612"
"436","21","300","20","community","sites","sites_4","PLN","BIC","0.16","0.5515885","0.348447559520111","0","0",NA,"0","6.79243922233582"
"437","21","300","20","community","sites","sites_4","ZIPLN","BIC","0.1","0.8742785","0.589704503649918","0","0",NA,"0","25.8861207962036"
"438","22","300","20","community","sites","sites_4","PLN","BIC","0.16","0.4338335","0.336669501108804","0","0",NA,"0","7.33157563209534"
"439","22","300","20","community","sites","sites_4","ZIPLN","BIC","0.08","0.8550865","0.590980459115277","0","0",NA,"0","25.5979323387146"
"440","23","300","20","community","sites","sites_4","PLN","BIC","0.11","0.358975","0.340880426136923","0","0",NA,"0","7.01510143280029"
"441","23","300","20","community","sites","sites_4","ZIPLN","BIC","0.08","0.7523285","0.545941400938771","0","0",NA,"0","25.2503454685211"
"442","24","300","20","community","sites","sites_4","PLN","BIC","0.13","0.4991875","0.335999328909653","0","0",NA,"0","7.68557834625244"
"443","24","300","20","community","sites","sites_4","ZIPLN","BIC","0.08","0.6504375","0.593676993600104","0","0",NA,"0","24.476158618927"
"444","25","300","20","community","sites","sites_4","PLN","BIC","0.12","0.492544","0.327838079842805","0","0",NA,"0","5.29070734977722"
"445","25","300","20","community","sites","sites_4","ZIPLN","BIC","0.11","0.736789","0.540421281193668","0","0",NA,"0","16.5113582611084"
"446","26","300","20","community","sites","sites_4","PLN","BIC","0.13","0.48382","0.334664592990735","0","0",NA,"0","5.22299337387085"
"447","26","300","20","community","sites","sites_4","ZIPLN","BIC","0.08","0.7284315","0.571286458930491","0","0",NA,"0","22.7381043434143"
"448","27","300","20","community","sites","sites_4","PLN","BIC","0.18","0.4653725","0.357307443189339","0","0",NA,"0","7.19686722755432"
"449","27","300","20","community","sites","sites_4","ZIPLN","BIC","0.13","0.6790475","0.625881369125771","0","0",NA,"0","24.7579183578491"
"450","28","300","20","community","sites","sites_4","PLN","BIC","0.16","0.403251","0.348889176306756","0","0",NA,"0","7.23939204216003"
"451","28","300","20","community","sites","sites_4","ZIPLN","BIC","0.11","0.546272","0.59823415533487","0","0",NA,"0","22.2821941375732"
"452","29","300","20","community","sites","sites_4","PLN","BIC","0.19","0.4463745","0.337821227825338","0","0",NA,"0","6.89507460594177"
"453","29","300","20","community","sites","sites_4","ZIPLN","BIC","0.1","0.6987085","0.602423378782942","0","0",NA,"0","22.6761903762817"
"454","30","300","20","community","sites","sites_4","PLN","BIC","0.16","0.410772","0.335756743030445","0","0",NA,"0","8.41159152984619"
"455","30","300","20","community","sites","sites_4","ZIPLN","BIC","0.09","0.8114785","0.548708120016219","0","0",NA,"0","20.1768381595612"
"456","1","300","20","preferential_attachment","sites","sites_1","PLN","BIC","0.11","0.6785285","0.73915683461919","0.053","0.579","0.55","0.564","2.0708155632019"
"457","1","300","20","preferential_attachment","sites","sites_1","ZIPLN","BIC","0.12","0","0.857557965282376","0","0",NA,"0","1.91000134944916"
"458","2","300","20","preferential_attachment","sites","sites_1","PLN","BIC","0.09","0.79365","0.695091027647173","0.029","0.632","0.706","0.667","1.66978716850281"
"459","2","300","20","preferential_attachment","sites","sites_1","ZIPLN","BIC","0.05","0.640844","0.781405526753588","0.099","0.737","0.452","0.56","28.7658288478851"
"460","3","300","20","preferential_attachment","sites","sites_1","PLN","BIC","0.09","0.6676935","0.708173122734476","0.064","0.842","0.593","0.696","2.19136762619019"
"461","3","300","20","preferential_attachment","sites","sites_1","ZIPLN","BIC","0.04","0.611896","0.801788414470369","0.088","0.789","0.5","0.612","27.8954331874847"
"462","4","300","20","preferential_attachment","sites","sites_1","PLN","BIC","0.1","0.766143","0.717667485125199","0.047","0.684","0.619","0.65","2.35512757301331"
"463","4","300","20","preferential_attachment","sites","sites_1","ZIPLN","BIC","0.07","0.6634355","0.819895905645319","0.064","0.632","0.522","0.571","28.2479526996613"
"464","5","300","20","preferential_attachment","sites","sites_1","PLN","BIC","0.1","0.7393965","0.653646703848895","0.129","0.789","0.405","0.536","2.08082270622253"
"465","5","300","20","preferential_attachment","sites","sites_1","ZIPLN","BIC","0.05","0.628614","0.74487058378779","0.111","0.842","0.457","0.593","27.8246507644653"
"466","6","300","20","preferential_attachment","sites","sites_1","PLN","BIC","0.11","0.8238935","0.777868591974924","0","0",NA,"0","1.85699558258057"
"467","6","300","20","preferential_attachment","sites","sites_1","ZIPLN","BIC","0.07","0.8712895","0.898530991735165","0","0.579","1","0.733","26.417005777359"
"468","7","300","20","preferential_attachment","sites","sites_1","PLN","BIC","0.1","0.782493","0.691227327472087","0.082","0.947","0.562","0.706","2.41932654380798"
"469","7","300","20","preferential_attachment","sites","sites_1","ZIPLN","BIC","0.05","0.8016775","0.789552859550401","0.099","1","0.528","0.691","19.4570465087891"
"470","8","300","20","preferential_attachment","sites","sites_1","PLN","BIC","0.09","0.806439","0.716120876431333","0.064","0.842","0.593","0.696","2.35872936248779"
"471","8","300","20","preferential_attachment","sites","sites_1","ZIPLN","BIC","0.04","0.852288","0.815392857374762","0.088","0.842","0.516","0.64","26.1748187541962"
"472","9","300","20","preferential_attachment","sites","sites_1","PLN","BIC","0.09","0.809679","0.771303861847469","0.041","0.684","0.65","0.667","1.87142992019653"
"473","9","300","20","preferential_attachment","sites","sites_1","ZIPLN","BIC","0.06","0.7635715","0.886047099689843","0.094","0.789","0.484","0.6","24.5360560417175"
"474","10","300","20","preferential_attachment","sites","sites_1","PLN","BIC","0.11","0.82356","0.754494154134436","0.07","0.632","0.5","0.558","2.0704174041748"
"475","10","300","20","preferential_attachment","sites","sites_1","ZIPLN","BIC","0.06","0.741607","0.864487158240701","0.099","0.789","0.469","0.588","26.7828929424286"
"476","11","300","20","preferential_attachment","sites","sites_1","PLN","BIC","0.09","0.756202","0.718642358365895","0.099","0.842","0.485","0.615","2.78066229820251"
"477","11","300","20","preferential_attachment","sites","sites_1","ZIPLN","BIC","0.06","0.6879385","0.794996184441682","0.035","0.789","0.714","0.75","29.7498106956482"
"478","12","300","20","preferential_attachment","sites","sites_1","PLN","BIC","0.09","0.820346","0.718394910907892","0.041","0.632","0.632","0.632","1.75771498680115"
"479","12","300","20","preferential_attachment","sites","sites_1","ZIPLN","BIC","0.05","0.7782025","0.816675577780532","0.029","0.684","0.722","0.703","25.6527333259583"
"480","13","300","20","preferential_attachment","sites","sites_1","PLN","BIC","0.1","0.8036385","0.710542553707733","0.023","0.474","0.692","0.562","1.36153030395508"
"481","13","300","20","preferential_attachment","sites","sites_1","ZIPLN","BIC","0.05","0.751372","0.810599818540262","0.064","0.842","0.593","0.696","17.6423559188843"
"482","14","300","20","preferential_attachment","sites","sites_1","PLN","BIC","0.12","0.7044415","0.733274244261451","0.012","0.526","0.833","0.645","2.42132639884949"
"483","14","300","20","preferential_attachment","sites","sites_1","ZIPLN","BIC","0.07","0.570705","0.823821965380466","0.047","0.632","0.6","0.615","27.1136541366577"
"484","15","300","20","preferential_attachment","sites","sites_1","PLN","BIC","0.1","0.901436","0.756216136248628","0.076","0.895","0.567","0.694","1.48745536804199"
"485","15","300","20","preferential_attachment","sites","sites_1","ZIPLN","BIC","0.05","0.754134","0.859793344481368","0.094","0.947","0.529","0.679","18.4611184597015"
"486","16","300","20","preferential_attachment","sites","sites_1","PLN","BIC","0.1","0.7728805","0.700582485514064","0.047","0.632","0.6","0.615","2.89525818824768"
"487","16","300","20","preferential_attachment","sites","sites_1","ZIPLN","BIC","0.06","0.6908335","0.806057731389881","0.094","0.789","0.484","0.6","29.9639308452606"
"488","17","300","20","preferential_attachment","sites","sites_1","PLN","BIC","0.1","0.7676105","0.725544732284411","0.088","0.842","0.516","0.64","2.70414328575134"
"489","17","300","20","preferential_attachment","sites","sites_1","ZIPLN","BIC","0.05","0.6578695","0.831881724792018","0.082","0.842","0.533","0.653","27.6179759502411"
"490","18","300","20","preferential_attachment","sites","sites_1","PLN","BIC","0.12","0.7309025","0.763989009531793","0.058","0.579","0.524","0.55","2.03275442123413"
"491","18","300","20","preferential_attachment","sites","sites_1","ZIPLN","BIC","0.07","0.7589545","0.871153449951375","0.023","0.737","0.778","0.757","26.110063791275"
"492","19","300","20","preferential_attachment","sites","sites_1","PLN","BIC","0.11","0.7800715","0.722225454011575","0.088","0.737","0.483","0.583","1.28139448165894"
"493","19","300","20","preferential_attachment","sites","sites_1","ZIPLN","BIC","0.06","0.7521215","0.837367886265223","0.064","0.895","0.607","0.723","17.3586251735687"
"494","20","300","20","preferential_attachment","sites","sites_1","PLN","BIC","0.11","0.5985085","0.739507908662974","0.035","0.526","0.625","0.571","2.10225057601929"
"495","20","300","20","preferential_attachment","sites","sites_1","ZIPLN","BIC","0.05","0.58401","0.849092959594497","0.076","0.789","0.536","0.638","27.1145355701447"
"496","21","300","20","preferential_attachment","sites","sites_1","PLN","BIC","0.1","0.6172705","0.7171609954594","0.047","0.579","0.579","0.579","1.66759705543518"
"497","21","300","20","preferential_attachment","sites","sites_1","ZIPLN","BIC","0.07","0.6105025","0.793086157272193","0.053","0.684","0.591","0.634","20.0515699386597"
"498","22","300","20","preferential_attachment","sites","sites_1","PLN","BIC","0.12","0.738381","0.707144886828545","0.047","0.684","0.619","0.65","1.99859094619751"
"499","22","300","20","preferential_attachment","sites","sites_1","ZIPLN","BIC","0.06","0.612665","0.820100953744215","0.135","0.789","0.395","0.526","26.4773714542389"
"500","23","300","20","preferential_attachment","sites","sites_1","PLN","BIC","0.1","0.834587","0.706377174206865","0.035","0.667","0.667","0.667","2.0665807723999"
"501","23","300","20","preferential_attachment","sites","sites_1","ZIPLN","BIC","0.04","0.8439315","0.803964370282857","0.047","0.944","0.68","0.791","25.9763784408569"
"502","24","300","20","preferential_attachment","sites","sites_1","PLN","BIC","0.1","0.6878405","0.715201924908765","0.087","0.667","0.444","0.533","1.94142007827759"
"503","24","300","20","preferential_attachment","sites","sites_1","ZIPLN","BIC","0.06","0.579777","0.829570744453358","0.058","0.722","0.565","0.634","25.6245350837708"
"504","25","300","20","preferential_attachment","sites","sites_1","PLN","BIC","0.1","0.677301","0.699331449351704","0.099","0.789","0.469","0.588","1.60236620903015"
"505","25","300","20","preferential_attachment","sites","sites_1","ZIPLN","BIC","0.06","0.505329","0.774267581122066","0.082","0.789","0.517","0.625","18.7240023612976"
"506","26","300","20","preferential_attachment","sites","sites_1","PLN","BIC","0.1","0.730844","0.740816649423173","0.047","0.556","0.556","0.556","1.56053185462952"
"507","26","300","20","preferential_attachment","sites","sites_1","ZIPLN","BIC","0.05","0.6328775","0.861026235355048","0.041","0.611","0.611","0.611","24.3675656318665"
"508","27","300","20","preferential_attachment","sites","sites_1","PLN","BIC","0.1","0.672609","0.657993512815272","0.07","0.789","0.556","0.652","1.41540622711182"
"509","27","300","20","preferential_attachment","sites","sites_1","ZIPLN","BIC","0.04","0.6301505","0.759436823882326","0.088","0.842","0.516","0.64","21.1244986057281"
"510","28","300","20","preferential_attachment","sites","sites_1","PLN","BIC","0.1","0.8636455","0.716140530258164","0.094","0.895","0.515","0.654","2.24212884902954"
"511","28","300","20","preferential_attachment","sites","sites_1","ZIPLN","BIC","0.05","0.7278255","0.837011835012016","0.117","1","0.487","0.655","23.4260551929474"
"512","29","300","20","preferential_attachment","sites","sites_1","PLN","BIC","0.11","0.706327","0.685818765800516","0.105","0.789","0.455","0.577","1.93727517127991"
"513","29","300","20","preferential_attachment","sites","sites_1","ZIPLN","BIC","0.06","0.6064495","0.78074725392149","0.076","0.737","0.519","0.609","19.2709422111511"
"514","30","300","20","preferential_attachment","sites","sites_1","PLN","BIC","0.09","0.706539","0.67154717795649","0.117","0.789","0.429","0.556","2.47746300697327"
"515","30","300","20","preferential_attachment","sites","sites_1","ZIPLN","BIC","0.06","0.7319725","0.733238418924438","0.064","0.842","0.593","0.696","27.0255720615387"
"516","1","300","20","preferential_attachment","sites","sites_2","PLN","BIC","0.14","0.644721","0.534140961877182","0","0",NA,"0","2.80245876312256"
"517","1","300","20","preferential_attachment","sites","sites_2","ZIPLN","BIC","0.07","0.754114","0.736388593044691","0","0.368","1","0.538","20.9187269210815"
"518","2","300","20","preferential_attachment","sites","sites_2","PLN","BIC","0.17","0.6633515","0.519843703470302","0.006","0.421","0.889","0.571","2.74284911155701"
"519","2","300","20","preferential_attachment","sites","sites_2","ZIPLN","BIC","0.07","0.65255","0.705455143621092","0.094","0.842","0.5","0.627","29.8593916893005"
"520","3","300","20","preferential_attachment","sites","sites_2","PLN","BIC","0.18","0.727858","0.5458063273023","0","0",NA,"0","2.63416838645935"
"521","3","300","20","preferential_attachment","sites","sites_2","ZIPLN","BIC","0.07","0.4932985","0.755920711356159","0.094","0.789","0.484","0.6","28.135577917099"
"522","4","300","20","preferential_attachment","sites","sites_2","PLN","BIC","0.17","0.633604","0.566103502799166","0","0",NA,"0","3.09999513626099"
"523","4","300","20","preferential_attachment","sites","sites_2","ZIPLN","BIC","0.07","0.678743","0.788389614636679","0.041","0.684","0.65","0.667","27.6978783607483"
"524","5","300","20","preferential_attachment","sites","sites_2","PLN","BIC","0.19","0.685406","0.579952525805777","0","0",NA,"0","3.27868580818176"
"525","5","300","20","preferential_attachment","sites","sites_2","ZIPLN","BIC","0.08","0.6971285","0.819734599887803","0.012","0.579","0.846","0.688","28.5999391078949"
"526","Error in dimnames(private$Sigma) <- dimnames(private$Omega) : 
  'dimnames' appliqué à autre chose qu'un tableau
","Error in dimnames(private$Sigma) <- dimnames(private$Omega) : 
  'dimnames' appliqué à autre chose qu'un tableau
","Error in dimnames(private$Sigma) <- dimnames(private$Omega) : 
  'dimnames' appliqué à autre chose qu'un tableau
","Error in dimnames(private$Sigma) <- dimnames(private$Omega) : 
  'dimnames' appliqué à autre chose qu'un tableau
","Error in dimnames(private$Sigma) <- dimnames(private$Omega) : 
  'dimnames' appliqué à autre chose qu'un tableau
","Error in dimnames(private$Sigma) <- dimnames(private$Omega) : 
  'dimnames' appliqué à autre chose qu'un tableau
","Error in dimnames(private$Sigma) <- dimnames(private$Omega) : 
  'dimnames' appliqué à autre chose qu'un tableau
","Error in dimnames(private$Sigma) <- dimnames(private$Omega) : 
  'dimnames' appliqué à autre chose qu'un tableau
","Error in dimnames(private$Sigma) <- dimnames(private$Omega) : 
  'dimnames' appliqué à autre chose qu'un tableau
","Error in dimnames(private$Sigma) <- dimnames(private$Omega) : 
  'dimnames' appliqué à autre chose qu'un tableau
","Error in dimnames(private$Sigma) <- dimnames(private$Omega) : 
  'dimnames' appliqué à autre chose qu'un tableau
","Error in dimnames(private$Sigma) <- dimnames(private$Omega) : 
  'dimnames' appliqué à autre chose qu'un tableau
","Error in dimnames(private$Sigma) <- dimnames(private$Omega) : 
  'dimnames' appliqué à autre chose qu'un tableau
","Error in dimnames(private$Sigma) <- dimnames(private$Omega) : 
  'dimnames' appliqué à autre chose qu'un tableau
","Error in dimnames(private$Sigma) <- dimnames(private$Omega) : 
  'dimnames' appliqué à autre chose qu'un tableau
","Error in dimnames(private$Sigma) <- dimnames(private$Omega) : 
  'dimnames' appliqué à autre chose qu'un tableau
"
"527","7","300","20","preferential_attachment","sites","sites_2","PLN","BIC","0.17","0.778008","0.538281218189529","0.029","0.579","0.688","0.629","2.13561320304871"
"528","7","300","20","preferential_attachment","sites","sites_2","ZIPLN","BIC","0.07","0.5721895","0.742825154013796","0.14","0.895","0.415","0.567","19.8960962295532"
"529","8","300","20","preferential_attachment","sites","sites_2","PLN","BIC","0.17","0.6181185","0.53673770684205","0","0.053","1","0.1","3.42926073074341"
"530","8","300","20","preferential_attachment","sites","sites_2","ZIPLN","BIC","0.08","0.625072","0.754206207770445","0.053","0.579","0.55","0.564","26.1707558631897"
"531","9","300","20","preferential_attachment","sites","sites_2","PLN","BIC","0.17","0.6702115","0.535822411549378","0","0.105","1","0.19","3.21778202056885"
"532","9","300","20","preferential_attachment","sites","sites_2","ZIPLN","BIC","0.08","0.667664","0.777491133634586","0.064","0.579","0.5","0.537","28.0996959209442"
"533","10","300","20","preferential_attachment","sites","sites_2","PLN","BIC","0.17","0.568546","0.532102796785668","0","0",NA,"0","2.9856424331665"
"534","10","300","20","preferential_attachment","sites","sites_2","ZIPLN","BIC","0.08","0.738617","0.739363379490529","0.053","0.737","0.609","0.667","26.9249305725098"
"535","11","300","20","preferential_attachment","sites","sites_2","PLN","BIC","0.16","0.7482995","0.54741383026528","0","0",NA,"0","2.71743774414062"
"536","11","300","20","preferential_attachment","sites","sites_2","ZIPLN","BIC","0.08","0.7014595","0.778399577875431","0","0.368","1","0.538","26.9311866760254"
"537","Error in dimnames(private$Sigma) <- dimnames(private$Omega) : 
  'dimnames' appliqué à autre chose qu'un tableau
","Error in dimnames(private$Sigma) <- dimnames(private$Omega) : 
  'dimnames' appliqué à autre chose qu'un tableau
","Error in dimnames(private$Sigma) <- dimnames(private$Omega) : 
  'dimnames' appliqué à autre chose qu'un tableau
","Error in dimnames(private$Sigma) <- dimnames(private$Omega) : 
  'dimnames' appliqué à autre chose qu'un tableau
","Error in dimnames(private$Sigma) <- dimnames(private$Omega) : 
  'dimnames' appliqué à autre chose qu'un tableau
","Error in dimnames(private$Sigma) <- dimnames(private$Omega) : 
  'dimnames' appliqué à autre chose qu'un tableau
","Error in dimnames(private$Sigma) <- dimnames(private$Omega) : 
  'dimnames' appliqué à autre chose qu'un tableau
","Error in dimnames(private$Sigma) <- dimnames(private$Omega) : 
  'dimnames' appliqué à autre chose qu'un tableau
","Error in dimnames(private$Sigma) <- dimnames(private$Omega) : 
  'dimnames' appliqué à autre chose qu'un tableau
","Error in dimnames(private$Sigma) <- dimnames(private$Omega) : 
  'dimnames' appliqué à autre chose qu'un tableau
","Error in dimnames(private$Sigma) <- dimnames(private$Omega) : 
  'dimnames' appliqué à autre chose qu'un tableau
","Error in dimnames(private$Sigma) <- dimnames(private$Omega) : 
  'dimnames' appliqué à autre chose qu'un tableau
","Error in dimnames(private$Sigma) <- dimnames(private$Omega) : 
  'dimnames' appliqué à autre chose qu'un tableau
","Error in dimnames(private$Sigma) <- dimnames(private$Omega) : 
  'dimnames' appliqué à autre chose qu'un tableau
","Error in dimnames(private$Sigma) <- dimnames(private$Omega) : 
  'dimnames' appliqué à autre chose qu'un tableau
","Error in dimnames(private$Sigma) <- dimnames(private$Omega) : 
  'dimnames' appliqué à autre chose qu'un tableau
"
"538","13","300","20","preferential_attachment","sites","sites_2","PLN","BIC","0.14","0.7651015","0.556805615308033","0","0",NA,"0","1.83372974395752"
"539","13","300","20","preferential_attachment","sites","sites_2","ZIPLN","BIC","0.07","0.654343","0.757594814009795","0.053","0.632","0.571","0.6","19.9429683685303"
"540","14","300","20","preferential_attachment","sites","sites_2","PLN","BIC","0.15","0.7786645","0.521456288792243","0","0.053","1","0.1","3.16465830802917"
"541","14","300","20","preferential_attachment","sites","sites_2","ZIPLN","BIC","0.07","0.6008715","0.707865937322835","0.14","0.737","0.368","0.491","25.7989954948425"
"542","15","300","20","preferential_attachment","sites","sites_2","PLN","BIC","0.17","0.6823905","0.531620908889411","0","0",NA,"0","3.53565335273743"
"543","15","300","20","preferential_attachment","sites","sites_2","ZIPLN","BIC","0.09","0.616548","0.776844851817065","0.012","0.526","0.833","0.645","27.6416890621185"
"544","16","300","20","preferential_attachment","sites","sites_2","PLN","BIC","0.16","0.6391555","0.540568169957299","0","0",NA,"0","2.85451340675354"
"545","16","300","20","preferential_attachment","sites","sites_2","ZIPLN","BIC","0.07","0.660471","0.728174870122926","0.181","0.842","0.34","0.485","28.4300136566162"
"546","17","300","20","preferential_attachment","sites","sites_2","PLN","BIC","0.15","0.735844","0.541220609167089","0","0",NA,"0","2.99322533607483"
"547","17","300","20","preferential_attachment","sites","sites_2","ZIPLN","BIC","0.09","0.650728","0.744174083393879","0.012","0.632","0.857","0.727","19.282502412796"
"548","Error in dimnames(private$Sigma) <- dimnames(private$Omega) : 
  'dimnames' appliqué à autre chose qu'un tableau
","Error in dimnames(private$Sigma) <- dimnames(private$Omega) : 
  'dimnames' appliqué à autre chose qu'un tableau
","Error in dimnames(private$Sigma) <- dimnames(private$Omega) : 
  'dimnames' appliqué à autre chose qu'un tableau
","Error in dimnames(private$Sigma) <- dimnames(private$Omega) : 
  'dimnames' appliqué à autre chose qu'un tableau
","Error in dimnames(private$Sigma) <- dimnames(private$Omega) : 
  'dimnames' appliqué à autre chose qu'un tableau
","Error in dimnames(private$Sigma) <- dimnames(private$Omega) : 
  'dimnames' appliqué à autre chose qu'un tableau
","Error in dimnames(private$Sigma) <- dimnames(private$Omega) : 
  'dimnames' appliqué à autre chose qu'un tableau
","Error in dimnames(private$Sigma) <- dimnames(private$Omega) : 
  'dimnames' appliqué à autre chose qu'un tableau
","Error in dimnames(private$Sigma) <- dimnames(private$Omega) : 
  'dimnames' appliqué à autre chose qu'un tableau
","Error in dimnames(private$Sigma) <- dimnames(private$Omega) : 
  'dimnames' appliqué à autre chose qu'un tableau
","Error in dimnames(private$Sigma) <- dimnames(private$Omega) : 
  'dimnames' appliqué à autre chose qu'un tableau
","Error in dimnames(private$Sigma) <- dimnames(private$Omega) : 
  'dimnames' appliqué à autre chose qu'un tableau
","Error in dimnames(private$Sigma) <- dimnames(private$Omega) : 
  'dimnames' appliqué à autre chose qu'un tableau
","Error in dimnames(private$Sigma) <- dimnames(private$Omega) : 
  'dimnames' appliqué à autre chose qu'un tableau
","Error in dimnames(private$Sigma) <- dimnames(private$Omega) : 
  'dimnames' appliqué à autre chose qu'un tableau
","Error in dimnames(private$Sigma) <- dimnames(private$Omega) : 
  'dimnames' appliqué à autre chose qu'un tableau
"
"549","19","300","20","preferential_attachment","sites","sites_2","PLN","BIC","0.16","0.7200375","0.528752299914617","0","0",NA,"0","2.31950402259827"
"550","19","300","20","preferential_attachment","sites","sites_2","ZIPLN","BIC","0.06","0.701211","0.70266967676102","0.076","0.895","0.567","0.694","19.0764546394348"
"551","20","300","20","preferential_attachment","sites","sites_2","PLN","BIC","0.17","0.6413335","0.518476133032797","0","0",NA,"0","3.39822864532471"
"552","20","300","20","preferential_attachment","sites","sites_2","ZIPLN","BIC","0.07","0.6816735","0.722532130513252","0.041","0.667","0.632","0.649","22.6202421188354"
"553","21","300","20","preferential_attachment","sites","sites_2","PLN","BIC","0.16","0.718675","0.533526858925545","0.035","0.316","0.5","0.387","3.02997708320618"
"554","21","300","20","preferential_attachment","sites","sites_2","ZIPLN","BIC","0.07","0.522094","0.725582822054202","0.129","0.789","0.405","0.536","28.0139725208282"
"555","22","300","20","preferential_attachment","sites","sites_2","PLN","BIC","0.2","0.667069","0.564038765598104","0","0",NA,"0","2.8676176071167"
"556","22","300","20","preferential_attachment","sites","sites_2","ZIPLN","BIC","0.06","0.569598","0.847798716746904","0.058","0.842","0.615","0.711","26.0416536331177"
"557","23","300","20","preferential_attachment","sites","sites_2","PLN","BIC","0.15","0.602395","0.535728334251713","0","0",NA,"0","1.66917681694031"
"558","23","300","20","preferential_attachment","sites","sites_2","ZIPLN","BIC","0.07","0.761469","0.763614279061981","0.012","0.474","0.818","0.6","17.8719024658203"
"559","Error in dimnames(private$Sigma) <- dimnames(private$Omega) : 
  'dimnames' appliqué à autre chose qu'un tableau
","Error in dimnames(private$Sigma) <- dimnames(private$Omega) : 
  'dimnames' appliqué à autre chose qu'un tableau
","Error in dimnames(private$Sigma) <- dimnames(private$Omega) : 
  'dimnames' appliqué à autre chose qu'un tableau
","Error in dimnames(private$Sigma) <- dimnames(private$Omega) : 
  'dimnames' appliqué à autre chose qu'un tableau
","Error in dimnames(private$Sigma) <- dimnames(private$Omega) : 
  'dimnames' appliqué à autre chose qu'un tableau
","Error in dimnames(private$Sigma) <- dimnames(private$Omega) : 
  'dimnames' appliqué à autre chose qu'un tableau
","Error in dimnames(private$Sigma) <- dimnames(private$Omega) : 
  'dimnames' appliqué à autre chose qu'un tableau
","Error in dimnames(private$Sigma) <- dimnames(private$Omega) : 
  'dimnames' appliqué à autre chose qu'un tableau
","Error in dimnames(private$Sigma) <- dimnames(private$Omega) : 
  'dimnames' appliqué à autre chose qu'un tableau
","Error in dimnames(private$Sigma) <- dimnames(private$Omega) : 
  'dimnames' appliqué à autre chose qu'un tableau
","Error in dimnames(private$Sigma) <- dimnames(private$Omega) : 
  'dimnames' appliqué à autre chose qu'un tableau
","Error in dimnames(private$Sigma) <- dimnames(private$Omega) : 
  'dimnames' appliqué à autre chose qu'un tableau
","Error in dimnames(private$Sigma) <- dimnames(private$Omega) : 
  'dimnames' appliqué à autre chose qu'un tableau
","Error in dimnames(private$Sigma) <- dimnames(private$Omega) : 
  'dimnames' appliqué à autre chose qu'un tableau
","Error in dimnames(private$Sigma) <- dimnames(private$Omega) : 
  'dimnames' appliqué à autre chose qu'un tableau
","Error in dimnames(private$Sigma) <- dimnames(private$Omega) : 
  'dimnames' appliqué à autre chose qu'un tableau
"
"560","25","300","20","preferential_attachment","sites","sites_2","PLN","BIC","0.16","0.755868","0.521783067633681","0.064","0.579","0.5","0.537","2.07201933860779"
"561","25","300","20","preferential_attachment","sites","sites_2","ZIPLN","BIC","0.08","0.457989","0.731344293819995","0.082","0.632","0.462","0.533","19.3959655761719"
"562","26","300","20","preferential_attachment","sites","sites_2","PLN","BIC","0.16","0.606344","0.525865291170479","0","0",NA,"0","2.08411645889282"
"563","26","300","20","preferential_attachment","sites","sites_2","ZIPLN","BIC","0.09","0.503879","0.733860758074424","0.053","0.526","0.526","0.526","18.3784346580505"
"564","27","300","20","preferential_attachment","sites","sites_2","PLN","BIC","0.18","0.8284495","0.554504717324342","0","0",NA,"0","2.00383949279785"
"565","27","300","20","preferential_attachment","sites","sites_2","ZIPLN","BIC","0.08","0.6455025","0.775263382378347","0.035","0.737","0.7","0.718","18.0977334976196"
"566","28","300","20","preferential_attachment","sites","sites_2","PLN","BIC","0.16","0.7974755","0.535668358871724","0.076","0.632","0.48","0.545","2.78581047058105"
"567","28","300","20","preferential_attachment","sites","sites_2","ZIPLN","BIC","0.13","0","0.729446722885386","0","0",NA,"0","59.044536113739"
"568","29","300","20","preferential_attachment","sites","sites_2","PLN","BIC","0.16","0.691547","0.574142315750237","0","0.053","1","0.1","1.77945804595947"
"569","29","300","20","preferential_attachment","sites","sites_2","ZIPLN","BIC","0.09","0.6554495","0.811775837621472","0","0.421","1","0.593","18.3456344604492"
"570","Error in dimnames(private$Sigma) <- dimnames(private$Omega) : 
  'dimnames' appliqué à autre chose qu'un tableau
","Error in dimnames(private$Sigma) <- dimnames(private$Omega) : 
  'dimnames' appliqué à autre chose qu'un tableau
","Error in dimnames(private$Sigma) <- dimnames(private$Omega) : 
  'dimnames' appliqué à autre chose qu'un tableau
","Error in dimnames(private$Sigma) <- dimnames(private$Omega) : 
  'dimnames' appliqué à autre chose qu'un tableau
","Error in dimnames(private$Sigma) <- dimnames(private$Omega) : 
  'dimnames' appliqué à autre chose qu'un tableau
","Error in dimnames(private$Sigma) <- dimnames(private$Omega) : 
  'dimnames' appliqué à autre chose qu'un tableau
","Error in dimnames(private$Sigma) <- dimnames(private$Omega) : 
  'dimnames' appliqué à autre chose qu'un tableau
","Error in dimnames(private$Sigma) <- dimnames(private$Omega) : 
  'dimnames' appliqué à autre chose qu'un tableau
","Error in dimnames(private$Sigma) <- dimnames(private$Omega) : 
  'dimnames' appliqué à autre chose qu'un tableau
","Error in dimnames(private$Sigma) <- dimnames(private$Omega) : 
  'dimnames' appliqué à autre chose qu'un tableau
","Error in dimnames(private$Sigma) <- dimnames(private$Omega) : 
  'dimnames' appliqué à autre chose qu'un tableau
","Error in dimnames(private$Sigma) <- dimnames(private$Omega) : 
  'dimnames' appliqué à autre chose qu'un tableau
","Error in dimnames(private$Sigma) <- dimnames(private$Omega) : 
  'dimnames' appliqué à autre chose qu'un tableau
","Error in dimnames(private$Sigma) <- dimnames(private$Omega) : 
  'dimnames' appliqué à autre chose qu'un tableau
","Error in dimnames(private$Sigma) <- dimnames(private$Omega) : 
  'dimnames' appliqué à autre chose qu'un tableau
","Error in dimnames(private$Sigma) <- dimnames(private$Omega) : 
  'dimnames' appliqué à autre chose qu'un tableau
"
"571","1","300","20","preferential_attachment","sites","sites_3","PLN","BIC","0.2","0.462952","0.381768038884783","0","0",NA,"0","5.56187605857849"
"572","1","300","20","preferential_attachment","sites","sites_3","ZIPLN","BIC","0.13","0.5445035","0.638183805253379","0","0",NA,"0","26.4071168899536"
"573","2","300","20","preferential_attachment","sites","sites_3","PLN","BIC","0.18","0.4288225","0.366338396561498","0","0",NA,"0","4.54356527328491"
"574","2","300","20","preferential_attachment","sites","sites_3","ZIPLN","BIC","0.12","0.662472","0.629866571553054","0","0",NA,"0","18.4089171886444"
"575","3","300","20","preferential_attachment","sites","sites_3","PLN","BIC","0.21","0.4505915","0.371668716922731","0.006","0","0","0","5.97867202758789"
"576","3","300","20","preferential_attachment","sites","sites_3","ZIPLN","BIC","0.14","0.544163","0.61362726207935","0","0",NA,"0","27.2300193309784"
"577","4","300","20","preferential_attachment","sites","sites_3","PLN","BIC","0.2","0.4364","0.364320033625816","0","0",NA,"0","6.51067972183228"
"578","4","300","20","preferential_attachment","sites","sites_3","ZIPLN","BIC","0.12","0.6612025","0.621290421902856","0","0.056","1","0.105","26.2811994552612"
"579","5","300","20","preferential_attachment","sites","sites_3","PLN","BIC","0.2","0.438403","0.35789414878092","0","0",NA,"0","6.72920346260071"
"580","5","300","20","preferential_attachment","sites","sites_3","ZIPLN","BIC","0.12","0.6171405","0.612183999133976","0","0",NA,"0","29.1941928863525"
"581","6","300","20","preferential_attachment","sites","sites_3","PLN","BIC","0.2","0.516064","0.36596530824938","0","0",NA,"0","6.45715880393982"
"582","6","300","20","preferential_attachment","sites","sites_3","ZIPLN","BIC","0.12","0.6553965","0.624513404455897","0","0",NA,"0","27.0861065387726"
"583","7","300","20","preferential_attachment","sites","sites_3","PLN","BIC","0.2","0.426727","0.380171753663077","0","0",NA,"0","3.7998161315918"
"584","7","300","20","preferential_attachment","sites","sites_3","ZIPLN","BIC","0.14","0.6320505","0.674358311157485","0","0",NA,"0","18.6497867107391"
"585","8","300","20","preferential_attachment","sites","sites_3","PLN","BIC","0.19","0.453323","0.397645358438563","0","0",NA,"0","5.34207773208618"
"586","8","300","20","preferential_attachment","sites","sites_3","ZIPLN","BIC","0.13","0.6924185","0.68358573293879","0","0",NA,"0","25.4102323055267"
"587","9","300","20","preferential_attachment","sites","sites_3","PLN","BIC","0.22","0.492706","0.395139804179259","0","0",NA,"0","6.41886758804321"
"588","9","300","20","preferential_attachment","sites","sites_3","ZIPLN","BIC","0.13","0.6765025","0.675839216741718","0","0",NA,"0","26.0855283737183"
"589","10","300","20","preferential_attachment","sites","sites_3","PLN","BIC","0.19","0.4441635","0.389168883098341","0","0",NA,"0","5.78806686401367"
"590","10","300","20","preferential_attachment","sites","sites_3","ZIPLN","BIC","0.12","0.727302","0.65845078124138","0","0",NA,"0","26.0011713504791"
"591","11","300","20","preferential_attachment","sites","sites_3","PLN","BIC","0.2","0.5454645","0.402726719327648","0","0",NA,"0","4.99523520469666"
"592","11","300","20","preferential_attachment","sites","sites_3","ZIPLN","BIC","0.13","0.708922","0.67451339817207","0","0",NA,"0","25.4968912601471"
"593","12","300","20","preferential_attachment","sites","sites_3","PLN","BIC","0.17","0.594147","0.382286818426272","0","0",NA,"0","5.97370004653931"
"594","12","300","20","preferential_attachment","sites","sites_3","ZIPLN","BIC","0.12","0.63685","0.620468478933758","0","0",NA,"0","26.0606706142426"
"595","13","300","20","preferential_attachment","sites","sites_3","PLN","BIC","0.2","0.301272","0.372406539448765","0","0",NA,"0","4.29413485527039"
"596","13","300","20","preferential_attachment","sites","sites_3","ZIPLN","BIC","0.08","0.64081","0.688720139392575","0","0",NA,"0","18.0169882774353"
"597","14","300","20","preferential_attachment","sites","sites_3","PLN","BIC","0.19","0.3482785","0.378042006728222","0","0",NA,"0","6.85013556480408"
"598","14","300","20","preferential_attachment","sites","sites_3","ZIPLN","BIC","0.11","0.6763905","0.675090364519605","0","0",NA,"0","25.5967020988464"
"599","15","300","20","preferential_attachment","sites","sites_3","PLN","BIC","0.23","0.3784745","0.399414620596917","0.006","0","0","0","5.97257256507874"
"600","15","300","20","preferential_attachment","sites","sites_3","ZIPLN","BIC","0.14","0.6237145","0.709949623330045","0","0",NA,"0","26.5982372760773"
"601","16","300","20","preferential_attachment","sites","sites_3","PLN","BIC","0.18","0.501202","0.379760229674902","0","0",NA,"0","5.62520980834961"
"602","16","300","20","preferential_attachment","sites","sites_3","ZIPLN","BIC","0.11","0.6210805","0.65803125482787","0","0",NA,"0","26.060230255127"
"603","17","300","20","preferential_attachment","sites","sites_3","PLN","BIC","0.2","0.3275935","0.414988659843128","0","0",NA,"0","5.29703736305237"
"604","17","300","20","preferential_attachment","sites","sites_3","ZIPLN","BIC","0.14","0.6456185","0.713697084667374","0","0",NA,"0","26.2470743656158"
"605","18","300","20","preferential_attachment","sites","sites_3","PLN","BIC","0.18","0.379416","0.398742672383336","0","0",NA,"0","5.69360637664795"
"606","18","300","20","preferential_attachment","sites","sites_3","ZIPLN","BIC","0.13","0.650628","0.665245557839394","0","0",NA,"0","25.8815867900848"
"607","19","300","20","preferential_attachment","sites","sites_3","PLN","BIC","0.21","0.4575915","0.381375394583014","0","0",NA,"0","4.12177467346191"
"608","19","300","20","preferential_attachment","sites","sites_3","ZIPLN","BIC","0.1","0.5663315","0.685981095630837","0","0",NA,"0","24.9415173530579"
"609","20","300","20","preferential_attachment","sites","sites_3","PLN","BIC","0.19","0.439271","0.37121807631117","0","0",NA,"0","5.31771492958069"
"610","20","300","20","preferential_attachment","sites","sites_3","ZIPLN","BIC","0.11","0.554164","0.639635275695085","0","0",NA,"0","25.6793506145477"
"611","21","300","20","preferential_attachment","sites","sites_3","PLN","BIC","0.2","0.548666","0.365303568505887","0","0",NA,"0","6.43882250785828"
"612","21","300","20","preferential_attachment","sites","sites_3","ZIPLN","BIC","0.11","0.696444","0.649416554151413","0","0",NA,"0","26.2939469814301"
"613","22","300","20","preferential_attachment","sites","sites_3","PLN","BIC","0.2","0.42925","0.368450365793838","0","0",NA,"0","6.36498785018921"
"614","22","300","20","preferential_attachment","sites","sites_3","ZIPLN","BIC","0.12","0.775071","0.609826117878303","0","0",NA,"0","26.1512498855591"
"615","23","300","20","preferential_attachment","sites","sites_3","PLN","BIC","0.2","0.3893925","0.398340035211662","0","0",NA,"0","6.00710391998291"
"616","23","300","20","preferential_attachment","sites","sites_3","ZIPLN","BIC","0.12","0.558515","0.671097855954941","0","0.053","1","0.1","25.3547792434692"
"617","24","300","20","preferential_attachment","sites","sites_3","PLN","BIC","0.18","0.520275","0.372005625029375","0","0",NA,"0","6.33125042915344"
"618","24","300","20","preferential_attachment","sites","sites_3","ZIPLN","BIC","0.1","0.599106","0.626213162645827","0","0",NA,"0","26.7605543136597"
"619","25","300","20","preferential_attachment","sites","sites_3","PLN","BIC","0.2","0.544355","0.372984412820357","0","0",NA,"0","6.49305987358093"
"620","25","300","20","preferential_attachment","sites","sites_3","ZIPLN","BIC","0.11","0.738155","0.645959192105491","0","0",NA,"0","25.3980705738068"
"621","26","300","20","preferential_attachment","sites","sites_3","PLN","BIC","0.18","0.440657","0.39331885842592","0","0",NA,"0","6.37370467185974"
"622","26","300","20","preferential_attachment","sites","sites_3","ZIPLN","BIC","0.14","0.5541665","0.678608051027258","0","0",NA,"0","25.4382526874542"
"623","27","300","20","preferential_attachment","sites","sites_3","PLN","BIC","0.18","0.376049","0.380337973129841","0","0",NA,"0","6.34043526649475"
"624","27","300","20","preferential_attachment","sites","sites_3","ZIPLN","BIC","0.12","0.559904","0.641208164709358","0","0.053","1","0.1","20.7983145713806"
"625","28","300","20","preferential_attachment","sites","sites_3","PLN","BIC","0.21","0.421047","0.383719659270249","0","0",NA,"0","6.4439651966095"
"626","28","300","20","preferential_attachment","sites","sites_3","ZIPLN","BIC","0.12","0.5589205","0.68072715759704","0","0",NA,"0","23.7211756706238"
"627","29","300","20","preferential_attachment","sites","sites_3","PLN","BIC","0.2","0.5922595","0.380452693418809","0","0",NA,"0","5.82438969612122"
"628","29","300","20","preferential_attachment","sites","sites_3","ZIPLN","BIC","0.12","0.5773285","0.68240409930436","0","0",NA,"0","18.3132054805756"
"629","30","300","20","preferential_attachment","sites","sites_3","PLN","BIC","0.18","0.3964945","0.402726679944907","0","0",NA,"0","6.02750682830811"
"630","30","300","20","preferential_attachment","sites","sites_3","ZIPLN","BIC","0.14","0.648443","0.670183047927277","0","0.053","1","0.1","22.6235811710358"
"631","1","300","20","preferential_attachment","sites","sites_4","PLN","BIC","0.18","0.5148555","0.380497654481158","0","0",NA,"0","6.14749121665955"
"632","1","300","20","preferential_attachment","sites","sites_4","ZIPLN","BIC","0.11","0.6612615","0.656025100376633","0","0",NA,"0","27.4551634788513"
"633","2","300","20","preferential_attachment","sites","sites_4","PLN","BIC","0.18","0.331294","0.33696206200923","0","0",NA,"0","8.39947485923767"
"634","2","300","20","preferential_attachment","sites","sites_4","ZIPLN","BIC","0.1","0.640729","0.573971787241817","0","0",NA,"0","25.9981830120087"
"635","3","300","20","preferential_attachment","sites","sites_4","PLN","BIC","0.18","0.512161","0.363055276096273","0","0",NA,"0","7.02216506004333"
"636","3","300","20","preferential_attachment","sites","sites_4","ZIPLN","BIC","0.11","0.6300135","0.605938190228081","0","0",NA,"0","26.2169272899628"
"637","4","300","20","preferential_attachment","sites","sites_4","PLN","BIC","0.18","0.429133","0.37085627222476","0","0",NA,"0","7.32584714889526"
"638","4","300","20","preferential_attachment","sites","sites_4","ZIPLN","BIC","0.12","0.568599","0.632716722812395","0","0",NA,"0","26.0362129211426"
"639","5","300","20","preferential_attachment","sites","sites_4","PLN","BIC","0.2","0.3245615","0.355253315850757","0","0",NA,"0","7.53052449226379"
"640","5","300","20","preferential_attachment","sites","sites_4","ZIPLN","BIC","0.1","0.762483","0.641581379368313","0","0",NA,"0","26.1705131530762"
"641","6","300","20","preferential_attachment","sites","sites_4","PLN","BIC","0.2","0.556491","0.332334851690766","0","0",NA,"0","8.12610340118408"
"642","6","300","20","preferential_attachment","sites","sites_4","ZIPLN","BIC","0.11","0.721998","0.572302009786355","0","0",NA,"0","21.0856621265411"
"643","7","300","20","preferential_attachment","sites","sites_4","PLN","BIC","0.21","0.4910545","0.360226231665717","0","0",NA,"0","6.32877087593079"
"644","7","300","20","preferential_attachment","sites","sites_4","ZIPLN","BIC","0.13","0.7379215","0.633754932410301","0","0",NA,"0","26.2662682533264"
"645","8","300","20","preferential_attachment","sites","sites_4","PLN","BIC","0.19","0.376923","0.358733018919297","0","0",NA,"0","6.64268732070923"
"646","8","300","20","preferential_attachment","sites","sites_4","ZIPLN","BIC","0.11","0.6113355","0.634451524463503","0","0",NA,"0","24.0541656017303"
"647","9","300","20","preferential_attachment","sites","sites_4","PLN","BIC","0.22","0.439564","0.343621022479856","0","0",NA,"0","7.80601572990417"
"648","9","300","20","preferential_attachment","sites","sites_4","ZIPLN","BIC","0.11","0.774066","0.639826064013547","0","0",NA,"0","24.514368057251"
"649","10","300","20","preferential_attachment","sites","sites_4","PLN","BIC","0.2","0.33171","0.359362954673299","0","0",NA,"0","6.9848039150238"
"650","10","300","20","preferential_attachment","sites","sites_4","ZIPLN","BIC","0.11","0.644061","0.653172969207385","0","0",NA,"0","20.288747549057"
"651","11","300","20","preferential_attachment","sites","sites_4","PLN","BIC","0.21","0.544824","0.372318003227978","0","0",NA,"0","6.39446568489075"
"652","11","300","20","preferential_attachment","sites","sites_4","ZIPLN","BIC","0.1","0.707966","0.642644635710731","0","0",NA,"0","26.0480227470398"
"653","12","300","20","preferential_attachment","sites","sites_4","PLN","BIC","0.22","0.385664","0.330777880251349","0","0",NA,"0","5.14108371734619"
"654","12","300","20","preferential_attachment","sites","sites_4","ZIPLN","BIC","0.12","0.5920565","0.623959293004377","0","0.105","1","0.19","20.6157884597778"
"655","13","300","20","preferential_attachment","sites","sites_4","PLN","BIC","0.19","0.2980635","0.337315293247422","0","0",NA,"0","7.84780812263489"
"656","13","300","20","preferential_attachment","sites","sites_4","ZIPLN","BIC","0.1","0.5766075","0.612045678607431","0","0",NA,"0","25.5554821491241"
"657","14","300","20","preferential_attachment","sites","sites_4","PLN","BIC","0.2","0.440748","0.353755034140945","0","0",NA,"0","4.49981045722961"
"658","14","300","20","preferential_attachment","sites","sites_4","ZIPLN","BIC","0.11","0.5633395","0.610867104313403","0","0",NA,"0","18.6549661159515"
"659","15","300","20","preferential_attachment","sites","sites_4","PLN","BIC","0.19","0.409623","0.33510256798283","0","0",NA,"0","8.01003670692444"
"660","15","300","20","preferential_attachment","sites","sites_4","ZIPLN","BIC","0.11","0.6789985","0.611305699512097","0","0",NA,"0","24.436493396759"
"661","16","300","20","preferential_attachment","sites","sites_4","PLN","BIC","0.21","0.6127895","0.365894938318961","0","0",NA,"0","6.12591767311096"
"662","16","300","20","preferential_attachment","sites","sites_4","ZIPLN","BIC","0.1","0.762662","0.646275483329445","0","0",NA,"0","26.2878217697144"
"663","17","300","20","preferential_attachment","sites","sites_4","PLN","BIC","0.2","0.2602625","0.344959522576098","0","0",NA,"0","7.24838185310364"
"664","17","300","20","preferential_attachment","sites","sites_4","ZIPLN","BIC","0.1","0.63019","0.625216880590038","0","0",NA,"0","26.2342057228088"
"665","18","300","20","preferential_attachment","sites","sites_4","PLN","BIC","0.23","0.4910805","0.352401526300458","0","0",NA,"0","6.98112726211548"
"666","18","300","20","preferential_attachment","sites","sites_4","ZIPLN","BIC","0.1","0.6624355","0.666640866127988","0","0",NA,"0","26.1872575283051"
"667","19","300","20","preferential_attachment","sites","sites_4","PLN","BIC","0.19","0.4646665","0.330315547107512","0","0",NA,"0","8.61225271224976"
"668","19","300","20","preferential_attachment","sites","sites_4","ZIPLN","BIC","0.1","0.631518","0.612905076567254","0","0",NA,"0","26.1499240398407"
"669","20","300","20","preferential_attachment","sites","sites_4","PLN","BIC","0.2","0.4071695","0.344345656941597","0","0",NA,"0","5.06483173370361"
"670","20","300","20","preferential_attachment","sites","sites_4","ZIPLN","BIC","0.1","0.6185265","0.627023408117605","0","0",NA,"0","23.7345423698425"
"671","21","300","20","preferential_attachment","sites","sites_4","PLN","BIC","0.21","0.472597","0.345139588725203","0","0",NA,"0","7.13424682617188"
"672","21","300","20","preferential_attachment","sites","sites_4","ZIPLN","BIC","0.17","0.6744275","0.66282629787467","0","0",NA,"0","24.096488237381"
"673","22","300","20","preferential_attachment","sites","sites_4","PLN","BIC","0.19","0.5169665","0.330415042869901","0","0",NA,"0","7.72946071624756"
"674","22","300","20","preferential_attachment","sites","sites_4","ZIPLN","BIC","0.1","0.673865","0.608482247063248","0","0",NA,"0","25.4295618534088"
"675","23","300","20","preferential_attachment","sites","sites_4","PLN","BIC","0.19","0.466861","0.36573197112499","0","0",NA,"0","6.56593227386475"
"676","23","300","20","preferential_attachment","sites","sites_4","ZIPLN","BIC","0.1","0.518956","0.650571844469697","0","0",NA,"0","19.5436255931854"
"677","24","300","20","preferential_attachment","sites","sites_4","PLN","BIC","0.21","0.3738255","0.339494015493435","0","0",NA,"0","7.29204106330872"
"678","24","300","20","preferential_attachment","sites","sites_4","ZIPLN","BIC","0.11","0.6641465","0.602396364067854","0","0",NA,"0","24.6008312702179"
"679","25","300","20","preferential_attachment","sites","sites_4","PLN","BIC","0.19","0.4161285","0.359108432805165","0","0",NA,"0","6.30132675170898"
"680","25","300","20","preferential_attachment","sites","sites_4","ZIPLN","BIC","0.11","0.715719","0.619331477503244","0","0",NA,"0","21.4080667495728"
"681","26","300","20","preferential_attachment","sites","sites_4","PLN","BIC","0.23","0.5597665","0.358145213034685","0","0",NA,"0","7.43269324302673"
"682","26","300","20","preferential_attachment","sites","sites_4","ZIPLN","BIC","0.12","0.5847185","0.65263181932503","0","0",NA,"0","25.643196105957"
"683","27","300","20","preferential_attachment","sites","sites_4","PLN","BIC","0.22","0.470457","0.336488414193381","0","0",NA,"0","8.45677542686462"
"684","27","300","20","preferential_attachment","sites","sites_4","ZIPLN","BIC","0.11","0.7221955","0.617055858318878","0","0",NA,"0","19.883900642395"
"685","28","300","20","preferential_attachment","sites","sites_4","PLN","BIC","0.2","0.4611915","0.346832584090223","0","0",NA,"0","8.5684757232666"
"686","28","300","20","preferential_attachment","sites","sites_4","ZIPLN","BIC","0.11","0.706159","0.631740984990551","0","0",NA,"0","21.5054862499237"
"687","29","300","20","preferential_attachment","sites","sites_4","PLN","BIC","0.2","0.382357","0.358190008963532","0","0",NA,"0","4.50093078613281"
"688","29","300","20","preferential_attachment","sites","sites_4","ZIPLN","BIC","0.12","0.7222825","0.633161723115757","0","0",NA,"0","18.4128293991089"
"689","30","300","20","preferential_attachment","sites","sites_4","PLN","BIC","0.18","0.3695385","0.340939850711557","0","0",NA,"0","7.72355723381042"
"690","30","300","20","preferential_attachment","sites","sites_4","ZIPLN","BIC","0.1","0.70465","0.610159723464585","0","0.105","1","0.19","25.8972153663635"
"691","1","300","20","erdos_renyi","species","species_1","PLN","BIC","0.07","0.790965","0.639909134174491","0.028","0.778","0.583","0.667","2.17655205726624"
"692","1","300","20","erdos_renyi","species","species_1","ZIPLN","BIC","0.05","0.779849","0.658904441979547","0.028","0.778","0.583","0.667","2.70450115203857"
"693","2","300","20","erdos_renyi","species","species_1","PLN","BIC","0.05","0.8704375","0.627934094005409","0.005","0.625","0.833","0.714","1.28850197792053"
"694","2","300","20","erdos_renyi","species","species_1","ZIPLN","BIC","0.04","0.887375","0.647263700116137","0.016","0.5","0.571","0.533","1.39052844047546"
"695","3","300","20","erdos_renyi","species","species_1","PLN","BIC","0.07","0.8174445","0.669038635553849","0.05","0.778","0.438","0.56","2.13230323791504"
"696","3","300","20","erdos_renyi","species","species_1","ZIPLN","BIC","0.06","0.783035","0.68986007862244","0.028","0.778","0.583","0.667","2.28650856018066"
"697","4","300","20","erdos_renyi","species","species_1","PLN","BIC","0.05","0.8755715","0.628278362548729","0.005","0.667","0.8","0.727","2.32481789588928"
"698","4","300","20","erdos_renyi","species","species_1","ZIPLN","BIC","0.03","0.868307","0.640357846958455","0.027","0.833","0.5","0.625","2.1124906539917"
"699","5","300","20","erdos_renyi","species","species_1","PLN","BIC","0.05","0.80095","0.580348505566668","0.05","0.9","0.5","0.643","2.22010731697083"
"700","5","300","20","erdos_renyi","species","species_1","ZIPLN","BIC","0.04","0.73475","0.614723742467717","0","0.8","1","0.889","6.90925526618958"
"701","6","300","20","erdos_renyi","species","species_1","PLN","BIC","0.05","0.4767","0.653881395891767","0","0.2","1","0.333","1.9300525188446"
"702","6","300","20","erdos_renyi","species","species_1","ZIPLN","BIC","0.04","0.493","0.674366243395764","0","0.2","1","0.333","2.51018905639648"
"703","7","300","20","erdos_renyi","species","species_1","PLN","BIC","0.07","0.6768955","0.687037454484226","0.011","0.5","0.75","0.6","1.97702741622925"
"704","7","300","20","erdos_renyi","species","species_1","ZIPLN","BIC","0.06","0.6767665","0.71069321797769","0.011","0.5","0.75","0.6","2.89961433410645"
"705","8","300","20","erdos_renyi","species","species_1","PLN","BIC","0.06","0.676243","0.68998560217213","0","0",NA,"0","1.13575839996338"
"706","8","300","20","erdos_renyi","species","species_1","ZIPLN","BIC","0.05","0.6587825","0.706460680816159","0","0.273","1","0.429","1.39381146430969"
"707","9","300","20","erdos_renyi","species","species_1","PLN","BIC","0.08","0.8222","0.728622610050741","0.028","0.7","0.583","0.636","1.85405087471008"
"708","9","300","20","erdos_renyi","species","species_1","ZIPLN","BIC","0.06","0.6752","0.771046539829883","0.017","0.8","0.727","0.762","3.42849469184875"
"709","10","300","20","erdos_renyi","species","species_1","PLN","BIC","0.07","0.80345","0.665748629792871","0.011","0.8","0.8","0.8","2.02080011367798"
"710","10","300","20","erdos_renyi","species","species_1","ZIPLN","BIC","0.06","0.8874","0.677863799252081","0.022","0.9","0.692","0.783","3.72312045097351"
"711","11","300","20","erdos_renyi","species","species_1","PLN","BIC","0.08","0.688674","0.67441758413272","0.168","0.882","0.341","0.492","2.3026282787323"
"712","11","300","20","erdos_renyi","species","species_1","ZIPLN","BIC","0.07","0.7244855","0.690531778574242","0.156","0.882","0.357","0.508","5.86818075180054"
"713","12","300","20","erdos_renyi","species","species_1","PLN","BIC","0.08","0.7333715","0.679256733412703","0","0.818","1","0.9","1.82704758644104"
"714","12","300","20","erdos_renyi","species","species_1","ZIPLN","BIC","0.06","0.7295165","0.687494369818804","0.05","0.727","0.471","0.571","2.17420506477356"
"715","13","300","20","erdos_renyi","species","species_1","PLN","BIC","0.07","0.87775","0.653498451578642","0.083","1","0.4","0.571","1.89800763130188"
"716","13","300","20","erdos_renyi","species","species_1","ZIPLN","BIC","0.05","0.8148","0.680353039659677","0.033","1","0.625","0.769","2.5618588924408"
"717","14","300","20","erdos_renyi","species","species_1","PLN","BIC","0.06","0.830375","0.654255917943044","0","0.875","1","0.933","1.12742018699646"
"718","14","300","20","erdos_renyi","species","species_1","ZIPLN","BIC","0.04","0.8295625","0.664697442593651","0.044","0.875","0.467","0.609","1.51525092124939"
"719","15","300","20","erdos_renyi","species","species_1","PLN","BIC","0.1","0.772796","0.717785762523119","0.057","0.786","0.524","0.629","2.10976815223694"
"720","15","300","20","erdos_renyi","species","species_1","ZIPLN","BIC","0.07","0.7197455","0.742324896079283","0.034","0.786","0.647","0.71","3.22620248794556"
"721","16","300","20","erdos_renyi","species","species_1","PLN","BIC","0.05","0.880375","0.655900819966981","0.005","0.75","0.857","0.8","2.45915102958679"
"722","16","300","20","erdos_renyi","species","species_1","ZIPLN","BIC","0.05","0.85475","0.659509103238432","0.022","0.75","0.6","0.667","4.33239197731018"
"723","17","300","20","erdos_renyi","species","species_1","PLN","BIC","0.04","0.7035","0.635137314564665","0","0.6","1","0.75","1.89308667182922"
"724","17","300","20","erdos_renyi","species","species_1","ZIPLN","BIC","0.03","0.6699","0.650370424127239","0","0.6","1","0.75","2.41552710533142"
"725","18","300","20","erdos_renyi","species","species_1","PLN","BIC","0.05","0.642125","0.651357821966796","0.016","0.625","0.625","0.625","1.69298481941223"
"726","18","300","20","erdos_renyi","species","species_1","ZIPLN","BIC","0.04","0.6434375","0.650523312620456","0.016","0.625","0.625","0.625","2.7102153301239"
"727","19","300","20","erdos_renyi","species","species_1","PLN","BIC","0.07","0.849564","0.68374445689967","0.119","0.923","0.364","0.522","1.59373307228088"
"728","19","300","20","erdos_renyi","species","species_1","ZIPLN","BIC","0.06","0.801357","0.696883869393078","0.04","0.692","0.562","0.621","5.37407207489014"
"729","20","300","20","erdos_renyi","species","species_1","PLN","BIC","0.07","0.8007265","0.661765773847169","0.08","0.857","0.462","0.6","1.77040648460388"
"730","20","300","20","erdos_renyi","species","species_1","ZIPLN","BIC","0.06","0.758227","0.675673092021854","0.045","0.857","0.6","0.706","2.40420007705688"
"731","21","300","20","erdos_renyi","species","species_1","PLN","BIC","0.07","0.8947195","0.659439326932888","0.022","0.917","0.733","0.815","2.17098999023438"
"732","21","300","20","erdos_renyi","species","species_1","ZIPLN","BIC","0.06","0.870574","0.659962023520839","0.045","1","0.6","0.75","2.51563310623169"
"733","22","300","20","erdos_renyi","species","species_1","PLN","BIC","0.06","0.8408685","0.687851958828081","0.043","0.833","0.385","0.526","1.50936484336853"
"734","22","300","20","erdos_renyi","species","species_1","ZIPLN","BIC","0.06","0.8165525","0.713341399871097","0.022","0.833","0.556","0.667","2.31206488609314"
"735","23","300","20","erdos_renyi","species","species_1","PLN","BIC","0.06","0.824893","0.619440861546075","0.044","1","0.529","0.692","2.11670184135437"
"736","23","300","20","erdos_renyi","species","species_1","ZIPLN","BIC","0.04","0.775892","0.649792098060514","0.039","1","0.562","0.72","2.1515953540802"
"737","24","300","20","erdos_renyi","species","species_1","PLN","BIC","0.08","0.744885","0.704569675593204","0.006","0.333","0.8","0.471","2.26088666915894"
"738","24","300","20","erdos_renyi","species","species_1","ZIPLN","BIC","0.06","0.6863235","0.731752031384829","0","0.25","1","0.4","5.65639925003052"
"739","25","300","20","erdos_renyi","species","species_1","PLN","BIC","0.07","0.7722","0.669740287628351","0.006","0.6","0.857","0.706","2.01441192626953"
"740","25","300","20","erdos_renyi","species","species_1","ZIPLN","BIC","0.04","0.718","0.692570844113434","0.011","0.8","0.8","0.8","2.41479778289795"
"741","26","300","20","erdos_renyi","species","species_1","PLN","BIC","0.05","0.743375","0.672487670831684","0.033","0.75","0.5","0.6","1.31649470329285"
"742","26","300","20","erdos_renyi","species","species_1","ZIPLN","BIC","0.07","0.6941875","0.696659438900141","0.027","0.75","0.545","0.632","1.53053283691406"
"743","27","300","20","erdos_renyi","species","species_1","PLN","BIC","0.04","0.779625","0.633282492015176","0.032","0.75","0.333","0.462","1.82037496566772"
"744","27","300","20","erdos_renyi","species","species_1","ZIPLN","BIC","0.05","0.739","0.659913012068191","0.032","0.75","0.333","0.462","4.12580966949463"
"745","28","300","20","erdos_renyi","species","species_1","PLN","BIC","0.05","0.9303","0.681833796450175","0","0",NA,"0","1.3440854549408"
"746","28","300","20","erdos_renyi","species","species_1","ZIPLN","BIC","0.04","0.917","0.701424926903325","0","0.2","1","0.333","1.81562328338623"
"747","29","300","20","erdos_renyi","species","species_1","PLN","BIC","0.05","0.865068","0.651721653190977","0","0",NA,"0","1.41791343688965"
"748","29","300","20","erdos_renyi","species","species_1","ZIPLN","BIC","0.04","0.8683605","0.676608635371124","0.005","0.167","0.5","0.25","2.05454635620117"
"749","30","300","20","erdos_renyi","species","species_1","PLN","BIC","0.04","0.7946315","0.636428828924157","0.022","0.429","0.429","0.429","2.04503488540649"
"750","30","300","20","erdos_renyi","species","species_1","ZIPLN","BIC","0.04","0.7748485","0.645067525475519","0","0.429","1","0.6","2.41449737548828"
"751","1","300","20","erdos_renyi","species","species_2","PLN","BIC","0.08","0.6875","0.597541496288474","0","0.25","1","0.4","2.96560716629028"
"752","1","300","20","erdos_renyi","species","species_2","ZIPLN","BIC","0.05","0.5875625","0.665855061765603","0.022","0.5","0.5","0.5","2.24271035194397"
"753","2","300","20","erdos_renyi","species","species_2","PLN","BIC","0.06","0.769692","0.610195966966235","0","0.833","1","0.909","2.47363948822021"
"754","2","300","20","erdos_renyi","species","species_2","ZIPLN","BIC","0.06","0.7266405","0.673882848624314","0.005","0.5","0.75","0.6","6.63297891616821"
"755","3","300","20","erdos_renyi","species","species_2","PLN","BIC","0.13","0.7723225","0.502696233706187","0","0",NA,"0","4.71104001998901"
"756","3","300","20","erdos_renyi","species","species_2","ZIPLN","BIC","0.08","0.6472585","0.655819412078466","0","0.167","1","0.286","2.54739093780518"
"757","4","300","20","erdos_renyi","species","species_2","PLN","BIC","0.12","0.580779","0.540270133041344","0","0",NA,"0","3.90687894821167"
"758","4","300","20","erdos_renyi","species","species_2","ZIPLN","BIC","0.08","0.6389735","0.685529702452942","0","0.444","1","0.615","3.18892049789429"
"759","5","300","20","erdos_renyi","species","species_2","PLN","BIC","0.1","0.8098125","0.547591323409933","0.005","0.625","0.833","0.714","2.11562585830688"
"760","5","300","20","erdos_renyi","species","species_2","ZIPLN","BIC","0.1","0.6868125","0.663972893783358","0.027","0.75","0.545","0.632","1.69719386100769"
"761","6","300","20","erdos_renyi","species","species_2","PLN","BIC","0.12","0.7320375","0.551319519245052","0.098","0.625","0.37","0.465","3.1367552280426"
"762","6","300","20","erdos_renyi","species","species_2","ZIPLN","BIC","0.08","0.6756715","0.655373787715907","0.006","0.5","0.889","0.64","2.64380645751953"
"763","7","300","20","erdos_renyi","species","species_2","PLN","BIC","0.09","0.6831225","0.545584620196581","0","0",NA,"0","2.74452328681946"
"764","7","300","20","erdos_renyi","species","species_2","ZIPLN","BIC","0.07","0.610332","0.638673248736548","0","0.143","1","0.25","2.38997364044189"
"765","8","300","20","erdos_renyi","species","species_2","PLN","BIC","0.06","0.6518","0.536454991660778","0","0.2","1","0.333","2.27721548080444"
"766","8","300","20","erdos_renyi","species","species_2","ZIPLN","BIC","0.06","0.664","0.638003760568181","0","0.4","1","0.571","2.20847415924072"
"767","9","300","20","erdos_renyi","species","species_2","PLN","BIC","0.1","0.644097","0.524864740325636","0","0",NA,"0","4.64697766304016"
"768","9","300","20","erdos_renyi","species","species_2","ZIPLN","BIC","0.11","0.5315545","0.635438650982138","0.039","0.455","0.417","0.435","1.63964080810547"
"769","10","300","20","erdos_renyi","species","species_2","PLN","BIC","0.09","0.817375","0.503900361618193","0.011","0.5","0.667","0.571","3.65198636054993"
"770","10","300","20","erdos_renyi","species","species_2","ZIPLN","BIC","0.06","0.82","0.625270948338292","0.005","0.75","0.857","0.8","4.43140268325806"
"771","11","300","20","erdos_renyi","species","species_2","PLN","BIC","0.1","0.715912","0.486260017636736","0.016","0.333","0.4","0.364","2.42372751235962"
"772","11","300","20","erdos_renyi","species","species_2","ZIPLN","BIC","0.05","0.6734095","0.622645837300946","0.011","0.667","0.667","0.667","1.41892528533936"
"773","12","300","20","erdos_renyi","species","species_2","PLN","BIC","0.13","0.729864","0.570665663650602","0.011","0.267","0.667","0.381","2.81785178184509"
"774","12","300","20","erdos_renyi","species","species_2","ZIPLN","BIC","0.07","0.686795","0.641381675637756","0.017","0.8","0.8","0.8","2.42476940155029"
"775","13","300","20","erdos_renyi","species","species_2","PLN","BIC","0.1","0.914375","0.628811388011276","0.038","0.625","0.417","0.5","2.60943198204041"
"776","13","300","20","erdos_renyi","species","species_2","ZIPLN","BIC","0.07","0.7193125","0.688818560480899","0.022","0.625","0.556","0.588","2.52449369430542"
"777","14","300","20","erdos_renyi","species","species_2","PLN","BIC","0.13","0.71455","0.583500853906011","0","0",NA,"0","3.9520525932312"
"778","14","300","20","erdos_renyi","species","species_2","ZIPLN","BIC","0.1","0.7269","0.740740083002816","0","0.1","1","0.182","2.49316501617432"
"779","15","300","20","erdos_renyi","species","species_2","PLN","BIC","0.07","0.71925","0.538172350092541","0","0",NA,"0","2.43434166908264"
"780","15","300","20","erdos_renyi","species","species_2","ZIPLN","BIC","0.05","0.800875","0.639716606240157","0.005","0.25","0.5","0.333","1.5750675201416"
"781","16","300","20","erdos_renyi","species","species_2","PLN","BIC","0.08","0.61875","0.565112393345899","0","0.25","1","0.4","2.61596584320068"
"782","16","300","20","erdos_renyi","species","species_2","ZIPLN","BIC","0.06","0.6859375","0.657618283166046","0.005","0.375","0.75","0.5","2.34093594551086"
"783","17","300","20","erdos_renyi","species","species_2","PLN","BIC","0.09","0.8199","0.560294658148375","0","0",NA,"0","1.99559497833252"
"784","17","300","20","erdos_renyi","species","species_2","ZIPLN","BIC","0.06","0.60825","0.660991359641618","0.006","0.3","0.75","0.429","2.23998713493347"
"785","18","300","20","erdos_renyi","species","species_2","PLN","BIC","0.09","0.748304","0.578562600419009","0.045","0.615","0.5","0.552","2.72193455696106"
"786","18","300","20","erdos_renyi","species","species_2","ZIPLN","BIC","0.07","0.510881","0.662002932861106","0.034","0.615","0.571","0.593","4.63680624961853"
"787","19","300","20","erdos_renyi","species","species_2","PLN","BIC","0.1","0.89925","0.617854285741286","0.039","0.7","0.5","0.583","2.57594203948975"
"788","19","300","20","erdos_renyi","species","species_2","ZIPLN","BIC","0.09","0.77495","0.713379066666453","0.006","0.4","0.8","0.533","2.84963512420654"
"789","20","300","20","erdos_renyi","species","species_2","PLN","BIC","0.09","0.5726245","0.554010310198076","0","0.143","1","0.25","3.18796896934509"
"790","20","300","20","erdos_renyi","species","species_2","ZIPLN","BIC","0.05","0.5901135","0.652856794327474","0.005","0.429","0.75","0.545","1.89119791984558"
"791","21","300","20","erdos_renyi","species","species_2","PLN","BIC","0.12","0.7270625","0.575568266703447","0","0.143","1","0.25","1.42571663856506"
"792","21","300","20","erdos_renyi","species","species_2","ZIPLN","BIC","0.1","0.560065","0.669696340850403","0.034","0.571","0.571","0.571","1.37159943580627"
"793","22","300","20","erdos_renyi","species","species_2","PLN","BIC","0.1","0.7503815","0.505767865579337","0","0",NA,"0","2.92891073226929"
"794","22","300","20","erdos_renyi","species","species_2","ZIPLN","BIC","0.06","0.8479195","0.622205912413609","0","0",NA,"0","1.19887328147888"
"795","23","300","20","erdos_renyi","species","species_2","PLN","BIC","0.12","0.7961","0.544725194871565","0","0",NA,"0","2.58640170097351"
"796","23","300","20","erdos_renyi","species","species_2","ZIPLN","BIC","0.08","0.8039","0.656837539870251","0.039","0.8","0.533","0.64","2.55179309844971"
"797","24","300","20","erdos_renyi","species","species_2","PLN","BIC","0.11","0.7156875","0.538222756447377","0","0",NA,"0","3.09829759597778"
"798","24","300","20","erdos_renyi","species","species_2","ZIPLN","BIC","0.09","0.784","0.655252840963873","0","0",NA,"0","2.62784099578857"
"799","25","300","20","erdos_renyi","species","species_2","PLN","BIC","0.09","0.815404","0.598886401299129","0","0",NA,"0","1.87002182006836"
"800","25","300","20","erdos_renyi","species","species_2","ZIPLN","BIC","0.08","0.5011825","0.673228068732874","0.011","0.333","0.5","0.4","2.85380029678345"
"801","26","300","20","erdos_renyi","species","species_2","PLN","BIC","0.1","0.660902","0.592940968426249","0","0",NA,"0","2.25776433944702"
"802","26","300","20","erdos_renyi","species","species_2","ZIPLN","BIC","0.07","0.669072","0.676188403985895","0.011","0.364","0.667","0.471","1.77578926086426"
"803","27","300","20","erdos_renyi","species","species_2","PLN","BIC","0.07","0.613259","0.524523642534393","0","0.167","1","0.286","1.9720733165741"
"804","27","300","20","erdos_renyi","species","species_2","ZIPLN","BIC","0.05","0.740172","0.600385011044986","0","0.167","1","0.286","1.22871518135071"
"805","28","300","20","erdos_renyi","species","species_2","PLN","BIC","0.1","0.6976875","0.534863079571004","0","0",NA,"0","2.19133520126343"
"806","28","300","20","erdos_renyi","species","species_2","ZIPLN","BIC","0.06","0.6705625","0.6674743277474","0.044","0.75","0.429","0.545","1.65793490409851"
"807","29","300","20","erdos_renyi","species","species_2","PLN","BIC","0.1","0.7465285","0.565557104440998","0","0",NA,"0","3.42464303970337"
"808","29","300","20","erdos_renyi","species","species_2","ZIPLN","BIC","0.07","0.665078","0.666246091612669","0.038","0.571","0.364","0.444","2.55516791343689"
"809","30","300","20","erdos_renyi","species","species_2","PLN","BIC","0.08","0.597921","0.558198871964889","0","0",NA,"0","1.78254818916321"
"810","30","300","20","erdos_renyi","species","species_2","ZIPLN","BIC","0.04","0.7933705","0.64611748591259","0","0.167","1","0.286","1.34715843200684"
"811","1","300","20","erdos_renyi","species","species_3","PLN","BIC","0.09","0.5998455","0.439152446096997","0","0",NA,"0","5.53817558288574"
"812","1","300","20","erdos_renyi","species","species_3","ZIPLN","BIC","0.07","0.382409","0.520932993338971","0","0",NA,"0","2.60055541992188"
"813","2","300","20","erdos_renyi","species","species_3","PLN","BIC","0.11","0.428045","0.467832193576431","0","0",NA,"0","3.44543123245239"
"814","2","300","20","erdos_renyi","species","species_3","ZIPLN","BIC","0.07","0.25459","0.541615464087663","0","0",NA,"0","1.60809659957886"
"815","3","300","20","erdos_renyi","species","species_3","PLN","BIC","0.13","0.639375","0.43835927605993","0","0",NA,"0","6.77634263038635"
"816","3","300","20","erdos_renyi","species","species_3","ZIPLN","BIC","0.07","0.3820625","0.481695794554352","0","0.25","1","0.4","1.92529392242432"
"817","4","300","20","erdos_renyi","species","species_3","PLN","BIC","0.13","0.5389775","0.471484189016343","0","0",NA,"0","5.80850386619568"
"818","4","300","20","erdos_renyi","species","species_3","ZIPLN","BIC","0.09","0.3827075","0.519837968423439","0.016","0.286","0.4","0.333","3.80496597290039"
"819","5","300","20","erdos_renyi","species","species_3","PLN","BIC","0.13","0.6222495","0.587237983287083","0","0",NA,"0","5.53177070617676"
"820","5","300","20","erdos_renyi","species","species_3","ZIPLN","BIC","0.09","0.5993275","0.698346437807511","0","0.182","1","0.308","2.38596177101135"
"821","6","300","20","erdos_renyi","species","species_3","PLN","BIC","0.12","0.467593","0.518579432893276","0","0",NA,"0","4.56889033317566"
"822","6","300","20","erdos_renyi","species","species_3","ZIPLN","BIC","0.09","0.370594","0.568059808228994","0","0",NA,"0","4.41834902763367"
"823","7","300","20","erdos_renyi","species","species_3","PLN","BIC","0.11","0.66985","0.569867835516259","0.017","0.1","0.25","0.143","2.86594891548157"
"824","7","300","20","erdos_renyi","species","species_3","ZIPLN","BIC","0.09","0.4934","0.632425251155355","0.033","0.6","0.5","0.545","2.49617004394531"
"825","8","300","20","erdos_renyi","species","species_3","PLN","BIC","0.11","0.5665865","0.425498724018329","0","0",NA,"0","2.7089102268219"
"826","8","300","20","erdos_renyi","species","species_3","ZIPLN","BIC","0.07","0.2778005","0.500383201308223","0.011","0.286","0.5","0.364","1.54207229614258"
"827","9","300","20","erdos_renyi","species","species_3","PLN","BIC","0.1","0.771963","0.531655250149278","0","0",NA,"0","2.4335629940033"
"828","9","300","20","erdos_renyi","species","species_3","ZIPLN","BIC","0.08","0.3539175","0.609653656600261","0","0",NA,"0","2.38342022895813"
"829","10","300","20","erdos_renyi","species","species_3","PLN","BIC","0.12","0.6113125","0.52916119194425","0","0",NA,"0","4.62922191619873"
"830","10","300","20","erdos_renyi","species","species_3","ZIPLN","BIC","0.1","0.14676","0.582384988225117","0","0.083","1","0.154","2.8788743019104"
"831","11","300","20","erdos_renyi","species","species_3","PLN","BIC","0.12","0.732641","0.549742975394909","0.045","0.5","0.467","0.483","4.06533050537109"
"832","11","300","20","erdos_renyi","species","species_3","ZIPLN","BIC","0.09","0.2814565","0.604765982376927","0.006","0.357","0.833","0.5","2.99601531028748"
"833","12","300","20","erdos_renyi","species","species_3","PLN","BIC","0.15","0.5765135","0.500185013711225","0","0",NA,"0","3.08574461936951"
"834","12","300","20","erdos_renyi","species","species_3","ZIPLN","BIC","0.1","0.351015","0.575297525505095","0.006","0.182","0.667","0.286","2.9558801651001"
"835","13","300","20","erdos_renyi","species","species_3","PLN","BIC","0.1","0.685375","0.464217129173879","0","0",NA,"0","3.89540266990662"
"836","13","300","20","erdos_renyi","species","species_3","ZIPLN","BIC","0.05","0.293125","0.502763674144843","0.011","0.125","0.333","0.182","2.32421398162842"
"837","14","300","20","erdos_renyi","species","species_3","PLN","BIC","0.1","0.54425","0.510369700520427","0.016","0.5","0.571","0.533","2.72957158088684"
"838","14","300","20","erdos_renyi","species","species_3","ZIPLN","BIC","0.09","0.3105","0.541024159664835","0.016","0.5","0.571","0.533","2.32099747657776"
"839","15","300","20","erdos_renyi","species","species_3","PLN","BIC","0.13","0.6900005","0.487076761501342","0.067","0.667","0.4","0.5","4.61484265327454"
"840","15","300","20","erdos_renyi","species","species_3","ZIPLN","BIC","0.13","0.3036045","0.581897359866458","0.017","0.417","0.625","0.5","5.36224985122681"
"841","16","300","20","erdos_renyi","species","species_3","PLN","BIC","0.1","0.497591","0.417745388503453","0.005","0.333","0.667","0.444","3.99864196777344"
"842","16","300","20","erdos_renyi","species","species_3","ZIPLN","BIC","0.07","0.3370995","0.494646629356911","0.011","0.333","0.5","0.4","3.24967646598816"
"843","17","300","20","erdos_renyi","species","species_3","PLN","BIC","0.14","0.5899425","0.465821003592666","0","0",NA,"0","4.38560819625854"
"844","17","300","20","erdos_renyi","species","species_3","ZIPLN","BIC","0.1","0.3898905","0.601169868692801","0.017","0.385","0.625","0.476","2.7270233631134"
"845","18","300","20","erdos_renyi","species","species_3","PLN","BIC","0.14","0.5438625","0.496509888006912","0","0",NA,"0","4.86606121063232"
"846","18","300","20","erdos_renyi","species","species_3","ZIPLN","BIC","0.07","0.3509985","0.588084027706002","0","0.235","1","0.381","3.39247369766235"
"847","19","300","20","erdos_renyi","species","species_3","PLN","BIC","0.11","0.3883625","0.464981298611345","0","0",NA,"0","4.51363658905029"
"848","19","300","20","erdos_renyi","species","species_3","ZIPLN","BIC","0.1","0.42804","0.513057057918226","0","0",NA,"0","1.99277544021606"
"849","20","300","20","erdos_renyi","species","species_3","PLN","BIC","0.13","0.5451","0.479074436723673","0.006","0.2","0.667","0.308","2.81394195556641"
"850","20","300","20","erdos_renyi","species","species_3","ZIPLN","BIC","0.12","0.27905","0.532447857824261","0.022","0.3","0.429","0.353","1.46564865112305"
"851","21","300","20","erdos_renyi","species","species_3","PLN","BIC","0.13","0.5964805","0.515146097779052","0","0",NA,"0","5.27863001823425"
"852","21","300","20","erdos_renyi","species","species_3","ZIPLN","BIC","0.09","0.465919","0.604679677819703","0.006","0.273","0.75","0.4","1.99517321586609"
"853","22","300","20","erdos_renyi","species","species_3","PLN","BIC","0.07","0.829625","0.579075163630445","0","0",NA,"0","3.12804675102234"
"854","22","300","20","erdos_renyi","species","species_3","ZIPLN","BIC","0.04","0.546","0.58480686499764","0.016","0.5","0.4","0.444","3.36067199707031"
"855","23","300","20","erdos_renyi","species","species_3","PLN","BIC","0.09","0.59575","0.52270863782158","0","0",NA,"0","3.87260818481445"
"856","23","300","20","erdos_renyi","species","species_3","ZIPLN","BIC","0.06","0.653625","0.585235882184664","0","0.125","1","0.222","2.10003995895386"
"857","24","300","20","erdos_renyi","species","species_3","PLN","BIC","0.09","0.6603445","0.499486008181634","0.016","0.429","0.5","0.462","4.11187314987183"
"858","24","300","20","erdos_renyi","species","species_3","ZIPLN","BIC","0.1","0.2409355","0.543710975506857","0","0.286","1","0.444","4.95997452735901"
"859","25","300","20","erdos_renyi","species","species_3","PLN","BIC","0.1","0.4825625","0.508893275165785","0","0",NA,"0","1.90283250808716"
"860","25","300","20","erdos_renyi","species","species_3","ZIPLN","BIC","0.08","0.4935","0.572397403831713","0","0",NA,"0","1.47999000549316"
"861","26","300","20","erdos_renyi","species","species_3","PLN","BIC","0.13","0.4421255","0.374360379994604","0","0",NA,"0","3.68821144104004"
"862","26","300","20","erdos_renyi","species","species_3","ZIPLN","BIC","0.06","0.333718","0.459916256715786","0","0.143","1","0.25","1.3206729888916"
"863","27","300","20","erdos_renyi","species","species_3","PLN","BIC","0.12","0.7877305","0.45633607519507","0","0",NA,"0","3.34610319137573"
"864","27","300","20","erdos_renyi","species","species_3","ZIPLN","BIC","0.08","0.4414095","0.533835611878986","0.022","0.333","0.429","0.375","1.87825036048889"
"865","28","300","20","erdos_renyi","species","species_3","PLN","BIC","0.11","0.8191835","0.546005555324798","0","0",NA,"0","2.94414234161377"
"866","28","300","20","erdos_renyi","species","species_3","ZIPLN","BIC","0.1","0.3513955","0.569756948865145","0.034","0.545","0.5","0.522","1.58989667892456"
"867","29","300","20","erdos_renyi","species","species_3","PLN","BIC","0.1","0.596947","0.511777723949079","0","0",NA,"0","3.18311977386475"
"868","29","300","20","erdos_renyi","species","species_3","ZIPLN","BIC","0.06","0.5026035","0.566401666315988","0","0",NA,"0","1.50977420806885"
"869","30","300","20","erdos_renyi","species","species_3","PLN","BIC","0.13","0.56975","0.473929067267351","0","0",NA,"0","2.92907071113586"
"870","30","300","20","erdos_renyi","species","species_3","ZIPLN","BIC","0.11","0.24655","0.553364874928636","0.006","0.1","0.5","0.167","1.74000477790833"
"871","1","300","20","erdos_renyi","species","species_4","PLN","BIC","0.12","0.6147965","0.498203735596407","0.028","0.556","0.5","0.526","3.60348892211914"
"872","1","300","20","erdos_renyi","species","species_4","ZIPLN","BIC","0.09","0.400807","0.551515218479769","0.011","0.556","0.714","0.625","2.84879088401794"
"873","2","300","20","erdos_renyi","species","species_4","PLN","BIC","0.1","0.5093895","0.541075754272919","0.005","0","0","0","4.9117591381073"
"874","2","300","20","erdos_renyi","species","species_4","ZIPLN","BIC","0.06","0.501685","0.605993234849055","0.005","0.5","0.75","0.6","4.94760847091675"
"875","3","300","20","erdos_renyi","species","species_4","PLN","BIC","0.12","0.589057","0.546438738636453","0.006","0.154","0.667","0.25","3.99943542480469"
"876","3","300","20","erdos_renyi","species","species_4","ZIPLN","BIC","0.08","0.331585","0.604272631691274","0.017","0.308","0.571","0.4","2.99633741378784"
"877","4","300","20","erdos_renyi","species","species_4","PLN","BIC","0.11","0.7142065","0.512614976950122","0","0",NA,"0","2.35544657707214"
"878","4","300","20","erdos_renyi","species","species_4","ZIPLN","BIC","0.08","0.6575995","0.576195834422599","0.022","0.889","0.667","0.762","1.37008190155029"
"879","5","300","20","erdos_renyi","species","species_4","PLN","BIC","0.11","0.7803175","0.493229903370218","0","0",NA,"0","3.52762627601624"
"880","5","300","20","erdos_renyi","species","species_4","ZIPLN","BIC","0.07","0.413128","0.541125123016302","0.011","0.429","0.6","0.5","2.89638805389404"
"881","6","300","20","erdos_renyi","species","species_4","PLN","BIC","0.14","0.4465895","0.450184382104542","0","0",NA,"0","6.61286759376526"
"882","6","300","20","erdos_renyi","species","species_4","ZIPLN","BIC","0.19","0.276967","0.538806408013439","0","0",NA,"0","3.05663132667542"
"883","7","300","20","erdos_renyi","species","species_4","PLN","BIC","0.13","0.6183125","0.448718269076737","0","0",NA,"0","6.32424306869507"
"884","7","300","20","erdos_renyi","species","species_4","ZIPLN","BIC","0.07","0.2331875","0.513118088545968","0.011","0.5","0.667","0.571","3.63726377487183"
"885","8","300","20","erdos_renyi","species","species_4","PLN","BIC","0.12","0.6127895","0.513704040283034","0","0",NA,"0","4.83025336265564"
"886","8","300","20","erdos_renyi","species","species_4","ZIPLN","BIC","0.08","0.4672635","0.56289577155118","0","0.333","1","0.5","2.38150930404663"
"887","9","300","20","erdos_renyi","species","species_4","PLN","BIC","0.14","0.5887875","0.56868297815622","0","0",NA,"0","5.46464967727661"
"888","9","300","20","erdos_renyi","species","species_4","ZIPLN","BIC","0.09","0.434598","0.599221818476746","0.006","0.267","0.8","0.4","2.6835310459137"
"889","10","300","20","erdos_renyi","species","species_4","PLN","BIC","0.12","0.62021","0.526591376716097","0","0",NA,"0","2.47113466262817"
"890","10","300","20","erdos_renyi","species","species_4","ZIPLN","BIC","0.08","0.280493","0.574144509618107","0","0",NA,"0","1.32670783996582"
"891","11","300","20","erdos_renyi","species","species_4","PLN","BIC","0.12","0.4525","0.439690117721239","0","0",NA,"0","4.67661333084106"
"892","11","300","20","erdos_renyi","species","species_4","ZIPLN","BIC","0.07","0.3384","0.51208831760264","0","0",NA,"0","3.72036838531494"
"893","12","300","20","erdos_renyi","species","species_4","PLN","BIC","0.11","0.4446115","0.572075126247278","0","0",NA,"0","3.38800835609436"
"894","12","300","20","erdos_renyi","species","species_4","ZIPLN","BIC","0.05","0.3838715","0.638248724218889","0","0",NA,"0","2.37341809272766"
"895","13","300","20","erdos_renyi","species","species_4","PLN","BIC","0.13","0.5560775","0.442382613622311","0","0",NA,"0","5.5814220905304"
"896","13","300","20","erdos_renyi","species","species_4","ZIPLN","BIC","0.08","0.096792","0.483274277786525","0","0.222","1","0.364","2.51624774932861"
"897","14","300","20","erdos_renyi","species","species_4","PLN","BIC","0.11","0.5062","0.517923117733309","0","0",NA,"0","2.53015542030334"
"898","14","300","20","erdos_renyi","species","species_4","ZIPLN","BIC","0.07","0.4295","0.555567557133419","0","0",NA,"0","1.78248929977417"
"899","15","300","20","erdos_renyi","species","species_4","PLN","BIC","0.12","0.6078005","0.514924735828347","0.006","0.222","0.667","0.333","4.01640677452087"
"900","15","300","20","erdos_renyi","species","species_4","ZIPLN","BIC","0.07","0.266868","0.547409823260097","0.033","0.222","0.25","0.235","2.9054102897644"
"901","16","300","20","erdos_renyi","species","species_4","PLN","BIC","0.12","0.731875","0.524396838334381","0.066","0.5","0.25","0.333","2.52516508102417"
"902","16","300","20","erdos_renyi","species","species_4","ZIPLN","BIC","0.07","0.3490625","0.558276194934238","0.011","0.5","0.667","0.571","1.52902793884277"
"903","17","300","20","erdos_renyi","species","species_4","PLN","BIC","0.11","0.5776","0.404629939475419","0","0",NA,"0","5.97280311584473"
"904","17","300","20","erdos_renyi","species","species_4","ZIPLN","BIC","0.16","0.4288","0.502978040836498","0","0",NA,"0","3.05087757110596"
"905","18","300","20","erdos_renyi","species","species_4","PLN","BIC","0.07","0.650125","0.464496968843419","0","0",NA,"0","4.06122064590454"
"906","18","300","20","erdos_renyi","species","species_4","ZIPLN","BIC","0.07","0.33125","0.511820995591686","0","0.25","1","0.4","2.14394307136536"
"907","19","300","20","erdos_renyi","species","species_4","PLN","BIC","0.11","0.6452955","0.503531739422514","0.028","0.222","0.286","0.25","2.58697557449341"
"908","19","300","20","erdos_renyi","species","species_4","ZIPLN","BIC","0.12","0.17094","0.56230804508841","0.006","0.222","0.667","0.333","1.47034478187561"
"909","20","300","20","erdos_renyi","species","species_4","PLN","BIC","0.12","0.35665","0.349533740944394","0","0",NA,"0","4.4018030166626"
"910","20","300","20","erdos_renyi","species","species_4","ZIPLN","BIC","0.15","0.1936","0.423145226256434","0","0",NA,"0","4.23217964172363"
"911","21","300","20","erdos_renyi","species","species_4","PLN","BIC","0.13","0.6455995","0.468390387851391","0","0.143","1","0.25","3.3988356590271"
"912","21","300","20","erdos_renyi","species","species_4","ZIPLN","BIC","0.3","0.153941","0.525663239240901","0","0.286","1","0.444","3.40268516540527"
"913","22","300","20","erdos_renyi","species","species_4","PLN","BIC","0.12","0.6669545","0.493261256964255","0.011","0.182","0.5","0.267","2.50205516815186"
"914","22","300","20","erdos_renyi","species","species_4","ZIPLN","BIC","0.1","0.190463","0.560335887463999","0.006","0.182","0.667","0.286","2.02073788642883"
"915","23","300","20","erdos_renyi","species","species_4","PLN","BIC","0.1","0.6051","0.363192901685291","0","0",NA,"0","3.84966778755188"
"916","23","300","20","erdos_renyi","species","species_4","ZIPLN","BIC","0.13","0.1252","0.39938820962783","0","0",NA,"0","2.15835380554199"
"917","24","300","20","erdos_renyi","species","species_4","PLN","BIC","0.11","0.7416875","0.466719578884699","0.011","0.25","0.5","0.333","3.65010666847229"
"918","24","300","20","erdos_renyi","species","species_4","ZIPLN","BIC","0.09","0.23625","0.54978156416464","0.005","0.25","0.667","0.364","2.50092744827271"
"919","25","300","20","erdos_renyi","species","species_4","PLN","BIC","0.08","0.552","0.408681406077318","0","0",NA,"0","2.6840193271637"
"920","25","300","20","erdos_renyi","species","species_4","ZIPLN","BIC","0.06","0.2985","0.467628635513396","0","0",NA,"0","1.40543127059937"
"921","26","300","20","erdos_renyi","species","species_4","PLN","BIC","0.12","0.4620625","0.450951602084558","0","0",NA,"0","2.73068594932556"
"922","26","300","20","erdos_renyi","species","species_4","ZIPLN","BIC","0.07","0.3398125","0.513995868968604","0","0",NA,"0","1.20040822029114"
"923","27","300","20","erdos_renyi","species","species_4","PLN","BIC","0.13","0.577377","0.508073714983587","0.056","0.273","0.231","0.25","3.11251974105835"
"924","27","300","20","erdos_renyi","species","species_4","ZIPLN","BIC","0.09","0.4452075","0.585279817217595","0.017","0.364","0.571","0.444","1.4880473613739"
"925","28","300","20","erdos_renyi","species","species_4","PLN","BIC","0.11","0.561063","0.526107389940386","0","0",NA,"0","4.00630068778992"
"926","28","300","20","erdos_renyi","species","species_4","ZIPLN","BIC","0.1","0.379459","0.609775213054176","0.011","0.111","0.333","0.167","2.63668894767761"
"927","29","300","20","erdos_renyi","species","species_4","PLN","BIC","0.1","0.695054","0.527243580908007","0","0.143","1","0.25","3.1339111328125"
"928","29","300","20","erdos_renyi","species","species_4","ZIPLN","BIC","0.07","0.3881515","0.626461921630834","0.016","0.286","0.4","0.333","1.4420907497406"
"929","30","300","20","erdos_renyi","species","species_4","PLN","BIC","0.13","0.6064965","0.43386265990546","0","0.077","1","0.143","4.71646738052368"
"930","30","300","20","erdos_renyi","species","species_4","ZIPLN","BIC","0.09","0.155001","0.494708490474573","0.023","0.308","0.5","0.381","2.08319854736328"
"931","1","300","20","community","species","species_1","PLN","BIC","0.08","0.804474","0.642299683801518","0.006","0.778","0.875","0.824","2.08362054824829"
"932","1","300","20","community","species","species_1","ZIPLN","BIC","0.05","0.717256","0.674635199405254","0.028","0.778","0.583","0.667","3.41127038002014"
"933","2","300","20","community","species","species_1","PLN","BIC","0.07","0.768797","0.651615015477798","0.028","0.818","0.643","0.72","2.42541217803955"
"934","2","300","20","community","species","species_1","ZIPLN","BIC","0.06","0.7365705","0.665842027901199","0.011","0.818","0.818","0.818","3.70866012573242"
"935","3","300","20","community","species","species_1","PLN","BIC","0.06","0.821375","0.647243423176755","0.028","0.833","0.667","0.741","2.43344974517822"
"936","3","300","20","community","species","species_1","ZIPLN","BIC","0.05","0.7695985","0.650693303057552","0.022","0.75","0.692","0.72","3.88834524154663"
"937","4","300","20","community","species","species_1","PLN","BIC","0.07","0.8616455","0.664392272262398","0.051","0.917","0.55","0.687","1.41426157951355"
"938","4","300","20","community","species","species_1","ZIPLN","BIC","0.06","0.8162005","0.664449157760036","0.039","0.917","0.611","0.733","3.26566123962402"
"939","5","300","20","community","species","species_1","PLN","BIC","0.09","0.744963","0.699144201012402","0.017","0.688","0.786","0.733","1.93417930603027"
"940","5","300","20","community","species","species_1","ZIPLN","BIC","0.07","0.711938","0.714731705262795","0.063","0.75","0.522","0.615","2.82327580451965"
"941","6","300","20","community","species","species_1","PLN","BIC","0.07","0.7562","0.691408530785023","0.022","0.727","0.667","0.696","1.73522210121155"
"942","6","300","20","community","species","species_1","ZIPLN","BIC","0.06","0.709294","0.695703444276982","0.017","0.727","0.727","0.727","3.39883065223694"
"943","7","300","20","community","species","species_1","PLN","BIC","0.07","0.77625","0.668624257675275","0.067","0.9","0.429","0.581","2.08268880844116"
"944","7","300","20","community","species","species_1","ZIPLN","BIC","0.07","0.7985","0.683892973027907","0.028","0.8","0.615","0.696","2.41180825233459"
"945","8","300","20","community","species","species_1","PLN","BIC","0.07","0.7886785","0.665093783366006","0.089","0.818","0.36","0.5","1.6729052066803"
"946","8","300","20","community","species","species_1","ZIPLN","BIC","0.06","0.811998","0.686113134986599","0.022","0.727","0.667","0.696","2.11920547485352"
"947","9","300","20","community","species","species_1","PLN","BIC","0.07","0.865156","0.662223677116197","0.045","0.909","0.556","0.69","2.22413349151611"
"948","9","300","20","community","species","species_1","ZIPLN","BIC","0.06","0.8494755","0.683219818268365","0.028","0.909","0.667","0.769","3.97877597808838"
"949","10","300","20","community","species","species_1","PLN","BIC","0.06","0.8327115","0.688016826165876","0.017","0.818","0.75","0.783","1.54188060760498"
"950","10","300","20","community","species","species_1","ZIPLN","BIC","0.06","0.8771145","0.695165206500509","0.006","0.727","0.889","0.8","2.6106104850769"
"951","11","300","20","community","species","species_1","PLN","BIC","0.08","0.8023045","0.663050061477606","0.039","0.833","0.588","0.69","2.42106509208679"
"952","11","300","20","community","species","species_1","ZIPLN","BIC","0.06","0.707597","0.690512330358054","0.034","0.667","0.571","0.615","2.93621134757996"
"953","12","300","20","community","species","species_1","PLN","BIC","0.07","0.7548125","0.671365780450518","0.011","0.625","0.714","0.667","2.21194362640381"
"954","12","300","20","community","species","species_1","ZIPLN","BIC","0.04","0.7589375","0.693560821689448","0.011","0.625","0.714","0.667","7.45437049865723"
"955","13","300","20","community","species","species_1","PLN","BIC","0.08","0.7707915","0.63741696960455","0.011","0.857","0.857","0.857","2.00962924957275"
"956","13","300","20","community","species","species_1","ZIPLN","BIC","0.05","0.748233","0.66516042512793","0.085","0.857","0.444","0.585","5.24854159355164"
"957","14","300","20","community","species","species_1","PLN","BIC","0.12","0.7295865","0.698727123801424","0.017","0.75","0.8","0.774","1.55767512321472"
"958","14","300","20","community","species","species_1","ZIPLN","BIC","0.1","0.736642","0.720258346708391","0.034","0.875","0.7","0.778","3.04673099517822"
"959","15","300","20","community","species","species_1","PLN","BIC","0.09","0.77578","0.684973167415147","0.063","0.812","0.542","0.65","2.50361657142639"
"960","15","300","20","community","species","species_1","ZIPLN","BIC","0.07","0.7503325","0.700323983369231","0.052","0.812","0.591","0.684","3.14265465736389"
"961","16","300","20","community","species","species_1","PLN","BIC","0.05","0.7379375","0.613764498645509","0.049","0.875","0.438","0.583","1.18569278717041"
"962","16","300","20","community","species","species_1","ZIPLN","BIC","0.04","0.712625","0.630823697822582","0.022","0.875","0.636","0.737","1.5120906829834"
"963","17","300","20","community","species","species_1","PLN","BIC","0.05","0.753375","0.674461426470471","0.011","0.625","0.714","0.667","1.85747194290161"
"964","17","300","20","community","species","species_1","ZIPLN","BIC","0.05","0.712625","0.688988418632737","0","0.5","1","0.667","2.37146353721619"
"965","18","300","20","community","species","species_1","PLN","BIC","0.05","0.859605","0.6823607725607","0","0.364","1","0.533","1.78305435180664"
"966","18","300","20","community","species","species_1","ZIPLN","BIC","0.04","0.808846","0.688815010010199","0.022","0.455","0.556","0.5","1.31621170043945"
"967","19","300","20","community","species","species_1","PLN","BIC","0.1","0.804356","0.653336805640805","0.057","0.75","0.545","0.632","2.18706035614014"
"968","19","300","20","community","species","species_1","ZIPLN","BIC","0.08","0.6957045","0.680073734725332","0.052","0.75","0.571","0.649","2.23332929611206"
"969","20","300","20","community","species","species_1","PLN","BIC","0.07","0.772479","0.747436139097338","0.046","0.562","0.529","0.545","2.05851411819458"
"970","20","300","20","community","species","species_1","ZIPLN","BIC","0.08","0.7571335","0.759127068885164","0.034","0.562","0.6","0.581","3.11896300315857"
"971","21","300","20","community","species","species_1","PLN","BIC","0.09","0.812951","0.624363082690369","0.034","0.692","0.6","0.643","2.1234815120697"
"972","21","300","20","community","species","species_1","ZIPLN","BIC","0.06","0.7599865","0.675482252064181","0.073","0.846","0.458","0.595","4.6892614364624"
"973","22","300","20","community","species","species_1","PLN","BIC","0.02","0.936","0.563239024188031","0.005","1","0.667","0.8","1.1437611579895"
"974","22","300","20","community","species","species_1","ZIPLN","BIC","0.03","0.92","0.614668341804391","0","1","1","1","1.62460446357727"
"975","23","300","20","community","species","species_1","PLN","BIC","0.07","0.7345","0.710001443108024","0","0.4","1","0.571","1.89166402816772"
"976","23","300","20","community","species","species_1","ZIPLN","BIC","0.05","0.70865","0.72877069153177","0.022","0.7","0.636","0.667","2.811194896698"
"977","24","300","20","community","species","species_1","PLN","BIC","0.1","0.7374655","0.683158371697707","0.058","0.722","0.565","0.634","1.57605385780334"
"978","24","300","20","community","species","species_1","ZIPLN","BIC","0.08","0.7024245","0.70528856855081","0.047","0.778","0.636","0.7","2.26636552810669"
"979","25","300","20","community","species","species_1","PLN","BIC","0.08","0.8021895","0.691989055228544","0.096","1","0.433","0.605","1.20979762077332"
"980","25","300","20","community","species","species_1","ZIPLN","BIC","0.07","0.782423","0.700814181381308","0.062","1","0.542","0.703","1.57410287857056"
"981","26","300","20","community","species","species_1","PLN","BIC","0.09","0.741832","0.702091213636065","0.028","0.571","0.615","0.593","1.70363283157349"
"982","26","300","20","community","species","species_1","ZIPLN","BIC","0.08","0.70886","0.7174906186654","0.045","0.714","0.556","0.625","2.8138644695282"
"983","27","300","20","community","species","species_1","PLN","BIC","0.08","0.833842","0.657113810295041","0.034","0.667","0.625","0.645","1.45172166824341"
"984","27","300","20","community","species","species_1","ZIPLN","BIC","0.06","0.748199","0.691202764147862","0.08","0.867","0.481","0.619","2.86986494064331"
"985","28","300","20","community","species","species_1","PLN","BIC","0.06","0.8776605","0.652050734371715","0.061","0.909","0.476","0.625","1.41242790222168"
"986","28","300","20","community","species","species_1","ZIPLN","BIC","0.05","0.834801","0.666813708329254","0.039","0.909","0.588","0.714","2.63049840927124"
"987","29","300","20","community","species","species_1","PLN","BIC","0.08","0.8553075","0.654743246467882","0.045","0.75","0.529","0.621","2.04450798034668"
"988","29","300","20","community","species","species_1","ZIPLN","BIC","0.08","0.7978685","0.666450811766042","0.017","0.667","0.727","0.696","2.53922748565674"
"989","30","300","20","community","species","species_1","PLN","BIC","0.06","0.62486","0.662577584743697","0.011","0.556","0.714","0.625","1.30487108230591"
"990","30","300","20","community","species","species_1","ZIPLN","BIC","0.05","0.620869","0.67354430588422","0.011","0.556","0.714","0.625","2.28611731529236"
"991","1","300","20","community","species","species_2","PLN","BIC","0.11","0.8674775","0.544196090250186","0.045","0.667","0.5","0.571","3.3896701335907"
"992","1","300","20","community","species","species_2","ZIPLN","BIC","0.07","0.7048795","0.655369186749858","0.034","0.75","0.6","0.667","3.98182892799377"
"993","2","300","20","community","species","species_2","PLN","BIC","0.15","0.6285035","0.552806702990394","0.029","0.333","0.545","0.414","2.44376540184021"
"994","2","300","20","community","species","species_2","ZIPLN","BIC","0.08","0.454008","0.682072262869673","0.14","0.722","0.351","0.473","2.45342183113098"
"995","3","300","20","community","species","species_2","PLN","BIC","0.14","0.798136","0.628469990081596","0","0",NA,"0","2.59698390960693"
"996","3","300","20","community","species","species_2","ZIPLN","BIC","0.11","0.530373","0.746722663454908","0.006","0.188","0.75","0.3","4.54113984107971"
"997","4","300","20","community","species","species_2","PLN","BIC","0.1","0.8221","0.615232252033949","0.033","0.7","0.538","0.609","3.81040215492249"
"998","4","300","20","community","species","species_2","ZIPLN","BIC","0.07","0.7652","0.698222772958559","0.028","0.7","0.583","0.636","4.98996329307556"
"999","5","300","20","community","species","species_2","PLN","BIC","0.12","0.730249","0.563101712408213","0.006","0.077","0.5","0.133","3.1295485496521"
"1000","5","300","20","community","species","species_2","ZIPLN","BIC","0.07","0.584974","0.656939123723008","0.04","0.385","0.417","0.4","1.61035966873169"
"1001","6","300","20","community","species","species_2","PLN","BIC","0.15","0.5858335","0.608130687870854","0.006","0.2","0.75","0.316","3.15214729309082"
"1002","6","300","20","community","species","species_2","ZIPLN","BIC","0.08","0.6667885","0.729960019221301","0.069","0.6","0.429","0.5","4.37561821937561"
"1003","7","300","20","community","species","species_2","PLN","BIC","0.13","0.75595","0.545786719352089","0","0.3","1","0.462","3.2824923992157"
"1004","7","300","20","community","species","species_2","ZIPLN","BIC","0.09","0.6401","0.672541151303789","0.006","0.4","0.8","0.533","1.54260468482971"
"1005","8","300","20","community","species","species_2","PLN","BIC","0.13","0.7505085","0.550015853446095","0.11","0.722","0.406","0.52","2.43399882316589"
"1006","8","300","20","community","species","species_2","ZIPLN","BIC","0.08","0.5792785","0.657473866906441","0.128","0.778","0.389","0.519","2.58100605010986"
"1007","9","300","20","community","species","species_2","PLN","BIC","0.14","0.7770635","0.564409908311171","0.028","0.615","0.615","0.615","3.38959527015686"
"1008","9","300","20","community","species","species_2","ZIPLN","BIC","0.08","0.6972555","0.688920469484038","0.073","0.769","0.435","0.556","2.74096393585205"
"1009","10","300","20","community","species","species_2","PLN","BIC","0.12","0.694587","0.597679027376638","0","0",NA,"0","3.37487864494324"
"1010","10","300","20","community","species","species_2","ZIPLN","BIC","0.08","0.6559955","0.687985673592719","0.051","0.583","0.438","0.5","2.60040807723999"
"1011","11","300","20","community","species","species_2","PLN","BIC","0.11","0.709486","0.570317540673573","0.045","0.615","0.5","0.552","2.11684274673462"
"1012","11","300","20","community","species","species_2","ZIPLN","BIC","0.07","0.671986","0.649943577433418","0.04","0.692","0.562","0.621","2.43487453460693"
"1013","12","300","20","community","species","species_2","PLN","BIC","0.12","0.796349","0.571159860552261","0","0",NA,"0","3.14401054382324"
"1014","12","300","20","community","species","species_2","ZIPLN","BIC","0.07","0.806207","0.659012246775768","0","0.636","1","0.778","2.55147099494934"
"1015","13","300","20","community","species","species_2","PLN","BIC","0.15","0.69428","0.583326792754745","0.061","0.48","0.545","0.511","2.0681266784668"
"1016","13","300","20","community","species","species_2","ZIPLN","BIC","0.09","0.58996","0.695790714776704","0.073","0.6","0.556","0.577","1.75103759765625"
"1017","14","300","20","community","species","species_2","PLN","BIC","0.1","0.761286","0.584894572209593","0","0",NA,"0","2.85540962219238"
"1018","14","300","20","community","species","species_2","ZIPLN","BIC","0.06","0.719467","0.661721425561928","0.022","0.667","0.667","0.667","2.47619271278381"
"1019","15","300","20","community","species","species_2","PLN","BIC","0.14","0.6580845","0.55559097957803","0","0",NA,"0","3.09657621383667"
"1020","15","300","20","community","species","species_2","ZIPLN","BIC","0.09","0.671363","0.683664827386808","0.006","0.25","0.8","0.381","2.40004801750183"
"1021","16","300","20","community","species","species_2","PLN","BIC","0.1","0.8168125","0.545672605790217","0","0.375","1","0.545","3.97431945800781"
"1022","16","300","20","community","species","species_2","ZIPLN","BIC","0.06","0.7755","0.636802983883296","0.022","0.75","0.6","0.667","3.04636812210083"
"1023","17","300","20","community","species","species_2","PLN","BIC","0.13","0.6450215","0.492038032669864","0.034","0.357","0.455","0.4","3.24129247665405"
"1024","17","300","20","community","species","species_2","ZIPLN","BIC","0.08","0.706248","0.639260077592735","0.04","0.429","0.462","0.444","3.11359810829163"
"1025","18","300","20","community","species","species_2","PLN","BIC","0.09","0.797791","0.605648148801381","0.011","0.417","0.714","0.526","3.34114909172058"
"1026","18","300","20","community","species","species_2","ZIPLN","BIC","0.05","0.734089","0.667866434146309","0.011","0.417","0.714","0.526","2.41504979133606"
"1027","19","300","20","community","species","species_2","PLN","BIC","0.11","0.6238775","0.514409074520557","0.011","0.333","0.6","0.429","2.6544976234436"
"1028","19","300","20","community","species","species_2","ZIPLN","BIC","0.09","0.5129755","0.64124916502097","0.006","0.222","0.667","0.333","1.49175786972046"
"1029","20","300","20","community","species","species_2","PLN","BIC","0.1","0.6574","0.595275811541213","0","0",NA,"0","3.20169973373413"
"1030","20","300","20","community","species","species_2","ZIPLN","BIC","0.06","0.74855","0.678461341748212","0","0.4","1","0.571","2.21167635917664"
"1031","21","300","20","community","species","species_2","PLN","BIC","0.1","0.7180565","0.588307062259715","0.101","0.5","0.25","0.333","2.41511297225952"
"1032","21","300","20","community","species","species_2","ZIPLN","BIC","0.09","0.622636","0.687504779946366","0.011","0.417","0.714","0.526","6.73363709449768"
"1033","22","300","20","community","species","species_2","PLN","BIC","0.17","0.784196","0.492514148850105","0","0",NA,"0","3.13388919830322"
"1034","22","300","20","community","species","species_2","ZIPLN","BIC","0.09","0.715912","0.629748398706915","0.052","0.75","0.571","0.649","1.73624348640442"
"1035","23","300","20","community","species","species_2","PLN","BIC","0.09","0.6963125","0.605151231577255","0","0",NA,"0","2.62524962425232"
"1036","23","300","20","community","species","species_2","ZIPLN","BIC","0.07","0.662125","0.673703063965508","0.022","0.25","0.333","0.286","3.69602060317993"
"1037","24","300","20","community","species","species_2","PLN","BIC","0.13","0.833885","0.57001492469426","0.006","0.273","0.75","0.4","3.4148645401001"
"1038","24","300","20","community","species","species_2","ZIPLN","BIC","0.09","0.50269","0.702995800736269","0.039","0.636","0.5","0.56","2.61058259010315"
"1039","25","300","20","community","species","species_2","PLN","BIC","0.12","0.7745865","0.58961072711446","0","0.083","1","0.154","2.43139672279358"
"1040","25","300","20","community","species","species_2","ZIPLN","BIC","0.08","0.4892705","0.684029871647979","0.011","0.333","0.667","0.444","1.46267127990723"
"1041","26","300","20","community","species","species_2","PLN","BIC","0.14","0.5705425","0.508797040800998","0.006","0","0","0","4.08883118629456"
"1042","26","300","20","community","species","species_2","ZIPLN","BIC","0.08","0.5671485","0.631742251903583","0.04","0.471","0.533","0.5","2.45155453681946"
"1043","27","300","20","community","species","species_2","PLN","BIC","0.12","0.776256","0.542952917000574","0.017","0.154","0.4","0.222","2.21025896072388"
"1044","27","300","20","community","species","species_2","ZIPLN","BIC","0.08","0.697286","0.66638671794538","0.017","0.538","0.7","0.609","1.42081022262573"
"1045","28","300","20","community","species","species_2","PLN","BIC","0.11","0.803431","0.567816786777373","0","0",NA,"0","1.85061383247375"
"1046","28","300","20","community","species","species_2","ZIPLN","BIC","0.06","0.715905","0.666938618156815","0.05","0.667","0.4","0.5","1.27612853050232"
"1047","29","300","20","community","species","species_2","PLN","BIC","0.11","0.736323","0.571437607368347","0","0",NA,"0","3.06024575233459"
"1048","29","300","20","community","species","species_2","ZIPLN","BIC","0.1","0.5894415","0.681850183047638","0","0",NA,"0","2.98254346847534"
"1049","30","300","20","community","species","species_2","PLN","BIC","0.09","0.8335625","0.53781378141851","0","0.125","1","0.222","2.11284947395325"
"1050","30","300","20","community","species","species_2","ZIPLN","BIC","0.08","0.6165","0.650366651984897","0","0.125","1","0.222","2.04724931716919"
"1051","1","300","20","community","species","species_3","PLN","BIC","0.13","0.5916295","0.493532360254485","0.034","0.154","0.25","0.19","6.26272296905518"
"1052","1","300","20","community","species","species_3","ZIPLN","BIC","0.07","0.201889","0.545946432446264","0.011","0.154","0.5","0.235","2.62681651115417"
"1053","2","300","20","community","species","species_3","PLN","BIC","0.16","0.506981","0.4327504880306","0","0",NA,"0","6.62772536277771"
"1054","2","300","20","community","species","species_3","ZIPLN","BIC","0.21","0.213836","0.537641106633464","0","0",NA,"0","3.68197989463806"
"1055","3","300","20","community","species","species_3","PLN","BIC","0.13","0.458575","0.525395816097594","0","0",NA,"0","6.12123560905457"
"1056","3","300","20","community","species","species_3","ZIPLN","BIC","0.12","0.334422","0.571585200409132","0.017","0.545","0.667","0.6","4.17551779747009"
"1057","4","300","20","community","species","species_3","PLN","BIC","0.14","0.6582185","0.423784500502426","0","0",NA,"0","3.31379914283752"
"1058","4","300","20","community","species","species_3","ZIPLN","BIC","0.1","0.2383995","0.492162425624152","0.006","0.154","0.667","0.25","1.51948094367981"
"1059","5","300","20","community","species","species_3","PLN","BIC","0.11","0.51775","0.4321397103237","0","0",NA,"0","5.35367369651794"
"1060","5","300","20","community","species","species_3","ZIPLN","BIC","0.07","0.3801875","0.49555561448781","0","0.125","1","0.222","2.2445216178894"
"1061","6","300","20","community","species","species_3","PLN","BIC","0.14","0.641134","0.499250622083578","0.006","0.25","0.8","0.381","3.51143836975098"
"1062","6","300","20","community","species","species_3","ZIPLN","BIC","0.09","0.1719175","0.573349349448907","0.006","0.375","0.857","0.522","4.40735054016113"
"1063","7","300","20","community","species","species_3","PLN","BIC","0.11","0.6053465","0.423803008482188","0","0",NA,"0","3.97253489494324"
"1064","7","300","20","community","species","species_3","ZIPLN","BIC","0.1","0.2917535","0.513704183292775","0.028","0.222","0.286","0.25","2.62871217727661"
"1065","8","300","20","community","species","species_3","PLN","BIC","0.16","0.425537","0.481782788572107","0","0",NA,"0","4.23258328437805"
"1066","8","300","20","community","species","species_3","ZIPLN","BIC","0.14","0.227678","0.577624502204767","0","0",NA,"0","2.59574508666992"
"1067","9","300","20","community","species","species_3","PLN","BIC","0.12","0.3900485","0.484158057978168","0","0",NA,"0","5.17382597923279"
"1068","9","300","20","community","species","species_3","ZIPLN","BIC","0.17","0.2029045","0.563322378795048","0.006","0.182","0.667","0.286","8.58011794090271"
"1069","10","300","20","community","species","species_3","PLN","BIC","0.15","0.472534","0.46139151450244","0","0",NA,"0","2.96221899986267"
"1070","10","300","20","community","species","species_3","ZIPLN","BIC","0.13","0.3614925","0.560353254580754","0","0.154","1","0.267","1.61584281921387"
"1071","11","300","20","community","species","species_3","PLN","BIC","0.08","0.528541","0.372155361689766","0","0",NA,"0","5.62639665603638"
"1072","11","300","20","community","species","species_3","ZIPLN","BIC","0.09","0.250708","0.435242639162001","0","0",NA,"0","2.30054926872253"
"1073","12","300","20","community","species","species_3","PLN","BIC","0.09","0.8838665","0.568606345277566","0.077","0.889","0.364","0.516","2.54803419113159"
"1074","12","300","20","community","species","species_3","ZIPLN","BIC","0.06","0.739567","0.604528459442786","0.083","1","0.375","0.545","5.12837481498718"
"1075","13","300","20","community","species","species_3","PLN","BIC","0.14","0.478062","0.538101133951952","0","0",NA,"0","4.85817313194275"
"1076","13","300","20","community","species","species_3","ZIPLN","BIC","0.12","0.373718","0.611349867751406","0.046","0.2","0.273","0.231","3.44346284866333"
"1077","14","300","20","community","species","species_3","PLN","BIC","0.15","0.38578","0.526672419225379","0","0",NA,"0","4.50978660583496"
"1078","14","300","20","community","species","species_3","ZIPLN","BIC","0.1","0.371653","0.628289975179814","0","0",NA,"0","2.71858477592468"
"1079","15","300","20","community","species","species_3","PLN","BIC","0.13","0.6005335","0.440496402963545","0","0.083","1","0.154","2.84109449386597"
"1080","15","300","20","community","species","species_3","ZIPLN","BIC","0.11","0.199139","0.505378058037356","0.034","0.25","0.333","0.286","2.76088047027588"
"1081","16","300","20","community","species","species_3","PLN","BIC","0.12","0.535463","0.52467832339736","0","0",NA,"0","2.45096135139465"
"1082","16","300","20","community","species","species_3","ZIPLN","BIC","0.09","0.3997205","0.608308102701271","0.006","0.143","0.667","0.235","1.92736864089966"
"1083","17","300","20","community","species","species_3","PLN","BIC","0.13","0.505931","0.473847126579502","0","0",NA,"0","3.83749580383301"
"1084","17","300","20","community","species","species_3","ZIPLN","BIC","0.07","0.4283815","0.550240165536808","0.023","0.385","0.556","0.455","4.51161789894104"
"1085","18","300","20","community","species","species_3","PLN","BIC","0.12","0.6342675","0.543808573097768","0","0",NA,"0","5.15042638778687"
"1086","18","300","20","community","species","species_3","ZIPLN","BIC","0.08","0.4532425","0.607954669412359","0.011","0.167","0.5","0.25","2.88004851341248"
"1087","19","300","20","community","species","species_3","PLN","BIC","0.12","0.5245805","0.548680872152737","0","0",NA,"0","3.13937163352966"
"1088","19","300","20","community","species","species_3","ZIPLN","BIC","0.07","0.522155","0.619633882630936","0.022","0.583","0.636","0.609","2.2975070476532"
"1089","20","300","20","community","species","species_3","PLN","BIC","0.09","0.687441","0.488490761802725","0","0.167","1","0.286","2.76721739768982"
"1090","20","300","20","community","species","species_3","ZIPLN","BIC","0.13","0.2476115","0.556581788389716","0","0.167","1","0.286","1.37654042243958"
"1091","21","300","20","community","species","species_3","PLN","BIC","0.13","0.7276215","0.45219397592346","0","0",NA,"0","2.31792140007019"
"1092","21","300","20","community","species","species_3","ZIPLN","BIC","0.08","0.353177","0.558571491036026","0","0",NA,"0","1.49910974502563"
"1093","22","300","20","community","species","species_3","PLN","BIC","0.16","0.4385765","0.466552869891127","0","0",NA,"0","2.84652924537659"
"1094","22","300","20","community","species","species_3","ZIPLN","BIC","0.12","0.226787","0.505525234673251","0.011","0.143","0.5","0.222","1.47119331359863"
"1095","23","300","20","community","species","species_3","PLN","BIC","0.12","0.524832","0.507710835553546","0.039","0.273","0.3","0.286","5.04689955711365"
"1096","23","300","20","community","species","species_3","ZIPLN","BIC","0.07","0.3854975","0.569412057435812","0.017","0.364","0.571","0.444","3.04568815231323"
"1097","24","300","20","community","species","species_3","PLN","BIC","0.12","0.41215","0.510724121238139","0.028","0.1","0.167","0.125","3.7205924987793"
"1098","24","300","20","community","species","species_3","ZIPLN","BIC","0.19","0.33115","0.623126712818865","0","0.2","1","0.333","2.9084415435791"
"1099","25","300","20","community","species","species_3","PLN","BIC","0.12","0.8292875","0.514784037950663","0","0",NA,"0","4.78983569145203"
"1100","25","300","20","community","species","species_3","ZIPLN","BIC","0.07","0.6817925","0.622046295351211","0.045","0.636","0.467","0.538","1.99103856086731"
"1101","26","300","20","community","species","species_3","PLN","BIC","0.16","0.5138085","0.523300762324871","0.041","0.368","0.5","0.424","3.62468552589417"
"1102","26","300","20","community","species","species_3","ZIPLN","BIC","0.12","0.260788","0.599863487523024","0.129","0.421","0.267","0.327","3.63192439079285"
"1103","27","300","20","community","species","species_3","PLN","BIC","0.14","0.43886","0.490981442463713","0","0",NA,"0","3.78413057327271"
"1104","27","300","20","community","species","species_3","ZIPLN","BIC","0.08","0.3188865","0.565201558234294","0.011","0.308","0.667","0.421","1.50149941444397"
"1105","28","300","20","community","species","species_3","PLN","BIC","0.12","0.326462","0.487292731980439","0","0",NA,"0","3.44539952278137"
"1106","28","300","20","community","species","species_3","ZIPLN","BIC","0.09","0.4747465","0.589350927656999","0","0",NA,"0","1.67797303199768"
"1107","29","300","20","community","species","species_3","PLN","BIC","0.11","0.652752","0.489392441271425","0","0",NA,"0","3.3821132183075"
"1108","29","300","20","community","species","species_3","ZIPLN","BIC","0.09","0.272601","0.548293232337779","0","0.111","1","0.2","1.84057831764221"
"1109","30","300","20","community","species","species_3","PLN","BIC","0.19","0.574975","0.497483093213193","0","0",NA,"0","5.75501894950867"
"1110","30","300","20","community","species","species_3","ZIPLN","BIC","0.14","0.291975","0.575883262843637","0","0.05","1","0.095","1.52052760124207"
"1111","1","300","20","community","species","species_4","PLN","BIC","0.12","0.6095855","0.603681359272494","0.068","0.462","0.333","0.387","4.43254375457764"
"1112","1","300","20","community","species","species_4","ZIPLN","BIC","0.08","0.462221","0.633147301348737","0.085","0.692","0.375","0.486","2.20808506011963"
"1113","2","300","20","community","species","species_4","PLN","BIC","0.16","0.546712","0.509959116393314","0.006","0.062","0.5","0.111","4.39750361442566"
"1114","2","300","20","community","species","species_4","ZIPLN","BIC","0.13","0.3890515","0.576310815176323","0.023","0.188","0.429","0.261","3.15460157394409"
"1115","3","300","20","community","species","species_4","PLN","BIC","0.1","0.4139385","0.389018766443189","0","0",NA,"0","4.73073863983154"
"1116","3","300","20","community","species","species_4","ZIPLN","BIC","0.09","0.126414","0.446528848718192","0","0",NA,"0","2.50935316085815"
"1117","4","300","20","community","species","species_4","PLN","BIC","0.15","0.4633585","0.49545667558752","0","0",NA,"0","3.64432144165039"
"1118","4","300","20","community","species","species_4","ZIPLN","BIC","0.11","0.277686","0.55161945314283","0","0.214","1","0.353","2.68672347068787"
"1119","5","300","20","community","species","species_4","PLN","BIC","0.08","0.67575","0.572832521805092","0","0",NA,"0","3.03863048553467"
"1120","5","300","20","community","species","species_4","ZIPLN","BIC","0.07","0.6105625","0.616458916234993","0.027","0.625","0.5","0.556","2.32273054122925"
"1121","6","300","20","community","species","species_4","PLN","BIC","0.16","0.363388","0.477137083358394","0","0",NA,"0","6.16423654556274"
"1122","6","300","20","community","species","species_4","ZIPLN","BIC","0.2","0.180799","0.553220475891879","0","0",NA,"0","3.84269547462463"
"1123","7","300","20","community","species","species_4","PLN","BIC","0.12","0.6644375","0.532432765737418","0","0",NA,"0","2.035893201828"
"1124","7","300","20","community","species","species_4","ZIPLN","BIC","0.08","0.369625","0.56735067991222","0.005","0.375","0.75","0.5","1.20158720016479"
"1125","8","300","20","community","species","species_4","PLN","BIC","0.16","0.425902","0.509818517029979","0","0",NA,"0","3.38840532302856"
"1126","8","300","20","community","species","species_4","ZIPLN","BIC","0.12","0.2682725","0.572504747552275","0.006","0","0","0","2.86512017250061"
"1127","9","300","20","community","species","species_4","PLN","BIC","0.12","0.432125","0.455050879752818","0.039","0.273","0.3","0.286","4.99898242950439"
"1128","9","300","20","community","species","species_4","ZIPLN","BIC","0.08","0.1719505","0.492485707928167","0","0.182","1","0.308","2.79597568511963"
"1129","10","300","20","community","species","species_4","PLN","BIC","0.13","0.45709","0.500287369301932","0","0",NA,"0","5.06026482582092"
"1130","10","300","20","community","species","species_4","ZIPLN","BIC","0.09","0.5270695","0.566416327071376","0","0",NA,"0","2.37194132804871"
"1131","11","300","20","community","species","species_4","PLN","BIC","0.13","0.5014805","0.502377021830284","0","0.091","1","0.167","3.52945995330811"
"1132","11","300","20","community","species","species_4","ZIPLN","BIC","0.1","0.1385475","0.551510479289451","0.039","0.182","0.222","0.2","2.09668445587158"
"1133","12","300","20","community","species","species_4","PLN","BIC","0.15","0.638783","0.510143458178354","0.006","0.067","0.5","0.118","4.37837171554565"
"1134","12","300","20","community","species","species_4","ZIPLN","BIC","0.15","0.111339","0.563218289437723","0","0.133","1","0.235","3.64203333854675"
"1135","13","300","20","community","species","species_4","PLN","BIC","0.14","0.4851","0.52300133604467","0","0",NA,"0","3.0824863910675"
"1136","13","300","20","community","species","species_4","ZIPLN","BIC","0.12","0.2867","0.589393280059256","0","0.2","1","0.333","1.92197847366333"
"1137","14","300","20","community","species","species_4","PLN","BIC","0.15","0.585957","0.468822465690037","0.029","0.235","0.444","0.308","2.82725620269775"
"1138","14","300","20","community","species","species_4","ZIPLN","BIC","0.1","0.112266","0.521400280266239","0.017","0.294","0.625","0.4","3.57766795158386"
"1139","15","300","20","community","species","species_4","PLN","BIC","0.12","0.8248365","0.560439258089915","0.006","0.182","0.667","0.286","3.81090927124023"
"1140","15","300","20","community","species","species_4","ZIPLN","BIC","0.13","0.373901","0.588416021537096","0.006","0.545","0.857","0.667","3.29771757125854"
"1141","16","300","20","community","species","species_4","PLN","BIC","0.13","0.5112375","0.531330822426939","0.023","0.308","0.5","0.381","4.30244159698486"
"1142","16","300","20","community","species","species_4","ZIPLN","BIC","0.09","0.2158055","0.568607979107851","0.006","0.385","0.833","0.526","3.13304996490479"
"1143","17","300","20","community","species","species_4","PLN","BIC","0.17","0.611306","0.428872015540549","0.04","0.214","0.3","0.25","4.13130879402161"
"1144","17","300","20","community","species","species_4","ZIPLN","BIC","0.14","0.087449","0.470195889568431","0.006","0.214","0.75","0.333","2.7713086605072"
"1145","18","300","20","community","species","species_4","PLN","BIC","0.13","0.50425","0.442814970696165","0","0",NA,"0","4.60814428329468"
"1146","18","300","20","community","species","species_4","ZIPLN","BIC","0.11","0.1245","0.506462033687578","0","0",NA,"0","3.17786526679993"
"1147","19","300","20","community","species","species_4","PLN","BIC","0.12","0.565378","0.526693436821288","0","0",NA,"0","2.83892869949341"
"1148","19","300","20","community","species","species_4","ZIPLN","BIC","0.08","0.267228","0.534058081834224","0.017","0.364","0.571","0.444","1.08064436912537"
"1149","20","300","20","community","species","species_4","PLN","BIC","0.14","0.672612","0.502938770157104","0","0",NA,"0","3.34199333190918"
"1150","20","300","20","community","species","species_4","ZIPLN","BIC","0.1","0.3918365","0.581986528005341","0.011","0.357","0.714","0.476","3.13673257827759"
"1151","21","300","20","community","species","species_4","PLN","BIC","0.17","0.561297","0.511065361013847","0","0.062","1","0.118","4.84096837043762"
"1152","21","300","20","community","species","species_4","ZIPLN","BIC","0.12","0.243049","0.577807676919365","0.006","0.312","0.833","0.455","2.64697098731995"
"1153","22","300","20","community","species","species_4","PLN","BIC","0.14","0.417201","0.497576255353416","0","0",NA,"0","3.78559947013855"
"1154","22","300","20","community","species","species_4","ZIPLN","BIC","0.11","0.2504815","0.593025355292842","0.006","0.154","0.667","0.25","2.66118621826172"
"1155","23","300","20","community","species","species_4","PLN","BIC","0.16","0.3940965","0.47649015940678","0","0",NA,"0","4.51080393791199"
"1156","23","300","20","community","species","species_4","ZIPLN","BIC","0.13","0.3977845","0.602532136432635","0.011","0.308","0.667","0.421","2.72856688499451"
"1157","24","300","20","community","species","species_4","PLN","BIC","0.16","0.6036455","0.419103613590877","0","0",NA,"0","3.67055535316467"
"1158","24","300","20","community","species","species_4","ZIPLN","BIC","0.15","0.1301445","0.472561004714477","0","0",NA,"0","3.22976779937744"
"1159","25","300","20","community","species","species_4","PLN","BIC","0.14","0.537319","0.524758302106017","0","0",NA,"0","2.42993664741516"
"1160","25","300","20","community","species","species_4","ZIPLN","BIC","0.1","0.251334","0.58338192056449","0.006","0.083","0.5","0.143","2.20553684234619"
"1161","26","300","20","community","species","species_4","PLN","BIC","0.16","0.403901","0.436695274037804","0","0",NA,"0","4.27827167510986"
"1162","26","300","20","community","species","species_4","ZIPLN","BIC","0.09","0.3299925","0.504697522869312","0.023","0.118","0.333","0.174","1.43044376373291"
"1163","27","300","20","community","species","species_4","PLN","BIC","0.14","0.617632","0.522647759982632","0.011","0.364","0.667","0.471","2.58999395370483"
"1164","27","300","20","community","species","species_4","ZIPLN","BIC","0.08","0.2681435","0.556419910223512","0.039","0.364","0.364","0.364","1.49483895301819"
"1165","28","300","20","community","species","species_4","PLN","BIC","0.1","0.5294565","0.497850679920166","0.017","0.273","0.5","0.353","3.15687894821167"
"1166","28","300","20","community","species","species_4","ZIPLN","BIC","0.12","0.212319","0.533665533429733","0.034","0.273","0.333","0.3","1.96066236495972"
"1167","29","300","20","community","species","species_4","PLN","BIC","0.11","0.512858","0.497632188954829","0.011","0.182","0.5","0.267","3.26275110244751"
"1168","29","300","20","community","species","species_4","ZIPLN","BIC","0.14","0.1571115","0.551388584279034","0.011","0.273","0.6","0.375","2.188152551651"
"1169","30","300","20","community","species","species_4","PLN","BIC","0.13","0.4704375","0.487779181818864","0","0",NA,"0","2.43483924865723"
"1170","30","300","20","community","species","species_4","ZIPLN","BIC","0.08","0.3140625","0.582356326119945","0","0",NA,"0","1.38214993476868"
"1171","1","300","20","preferential_attachment","species","species_1","PLN","BIC","0.11","0.7319505","0.718952141188914","0.058","0.632","0.545","0.585","1.57688593864441"
"1172","1","300","20","preferential_attachment","species","species_1","ZIPLN","BIC","0.09","0.638293","0.735424725110768","0.047","0.632","0.6","0.615","2.45972514152527"
"1173","2","300","20","preferential_attachment","species","species_1","PLN","BIC","0.11","0.776416","0.678277198107607","0.105","0.684","0.419","0.52","2.0601761341095"
"1174","2","300","20","preferential_attachment","species","species_1","ZIPLN","BIC","0.09","0.6996715","0.726199243057926","0.076","0.684","0.5","0.578","3.94492864608765"
"1175","3","300","20","preferential_attachment","species","species_1","PLN","BIC","0.11","0.7508895","0.717018030662213","0.023","0.421","0.667","0.516","2.56660270690918"
"1176","3","300","20","preferential_attachment","species","species_1","ZIPLN","BIC","0.1","0.72742","0.769354003808692","0.064","0.684","0.542","0.605","3.12166237831116"
"1177","4","300","20","preferential_attachment","species","species_1","PLN","BIC","0.1","0.797366","0.642863221874963","0.076","0.895","0.567","0.694","2.36903524398804"
"1178","4","300","20","preferential_attachment","species","species_1","ZIPLN","BIC","0.08","0.769598","0.664473398227184","0.164","0.947","0.391","0.554","3.13994455337524"
"1179","5","300","20","preferential_attachment","species","species_1","PLN","BIC","0.12","0.796337","0.71670305407419","0.099","0.842","0.485","0.615","2.2227087020874"
"1180","5","300","20","preferential_attachment","species","species_1","ZIPLN","BIC","0.1","0.7468935","0.735507225646978","0.088","0.895","0.531","0.667","3.0470757484436"
"1181","6","300","20","preferential_attachment","species","species_1","PLN","BIC","0.11","0.593898","0.667517543908889","0.076","0.842","0.552","0.667","2.31434655189514"
"1182","6","300","20","preferential_attachment","species","species_1","ZIPLN","BIC","0.09","0.6315795","0.68667884759624","0.088","0.842","0.516","0.64","3.73417401313782"
"1183","7","300","20","preferential_attachment","species","species_1","PLN","BIC","0.12","0.7004795","0.658969591474734","0.14","0.895","0.415","0.567","2.62125182151794"
"1184","7","300","20","preferential_attachment","species","species_1","ZIPLN","BIC","0.07","0.641817","0.707500078115208","0.187","0.895","0.347","0.5","4.95658087730408"
"1185","8","300","20","preferential_attachment","species","species_1","PLN","BIC","0.12","0.7030325","0.722901829957521","0.018","0.421","0.727","0.533","1.99841165542603"
"1186","8","300","20","preferential_attachment","species","species_1","ZIPLN","BIC","0.09","0.657788","0.762772888398539","0.041","0.421","0.533","0.471","3.80600190162659"
"1187","9","300","20","preferential_attachment","species","species_1","PLN","BIC","0.13","0.7132105","0.676793865347677","0.047","0.778","0.636","0.7","2.07362651824951"
"1188","9","300","20","preferential_attachment","species","species_1","ZIPLN","BIC","0.1","0.616619","0.705619468157183","0.047","0.722","0.619","0.667","2.42371654510498"
"1189","10","300","20","preferential_attachment","species","species_1","PLN","BIC","0.09","0.769335","0.702352060511905","0.018","0.632","0.8","0.706","2.48982572555542"
"1190","10","300","20","preferential_attachment","species","species_1","ZIPLN","BIC","0.07","0.7039335","0.735446828192554","0.152","0.737","0.35","0.475","3.92822051048279"
"1191","11","300","20","preferential_attachment","species","species_1","PLN","BIC","0.12","0.6604295","0.74659749672056","0.018","0.474","0.75","0.581","2.35427308082581"
"1192","11","300","20","preferential_attachment","species","species_1","ZIPLN","BIC","0.11","0.679615","0.75902266396547","0.029","0.579","0.688","0.629","3.83768844604492"
"1193","12","300","20","preferential_attachment","species","species_1","PLN","BIC","0.11","0.7626055","0.690368921729212","0.047","0.632","0.6","0.615","1.20779395103455"
"1194","12","300","20","preferential_attachment","species","species_1","ZIPLN","BIC","0.09","0.727266","0.718078744481844","0.088","0.789","0.5","0.612","1.62224888801575"
"1195","13","300","20","preferential_attachment","species","species_1","PLN","BIC","0.1","0.8015435","0.709292644414577","0.018","0.632","0.8","0.706","2.39722752571106"
"1196","13","300","20","preferential_attachment","species","species_1","ZIPLN","BIC","0.08","0.8332185","0.741886661404061","0.058","0.737","0.583","0.651","2.85861015319824"
"1197","14","300","20","preferential_attachment","species","species_1","PLN","BIC","0.11","0.7903285","0.735453168425521","0.018","0.684","0.812","0.743","1.88519811630249"
"1198","14","300","20","preferential_attachment","species","species_1","ZIPLN","BIC","0.09","0.799566","0.756759042532084","0.082","0.789","0.517","0.625","2.41207909584045"
"1199","15","300","20","preferential_attachment","species","species_1","PLN","BIC","0.09","0.760912","0.732146823710492","0.064","0.684","0.542","0.605","1.69415926933289"
"1200","15","300","20","preferential_attachment","species","species_1","ZIPLN","BIC","0.09","0.763661","0.733730443246224","0.058","0.737","0.583","0.651","3.62976789474487"
"1201","16","300","20","preferential_attachment","species","species_1","PLN","BIC","0.1","0.757883","0.684632355414453","0.035","0.632","0.667","0.649","2.43610239028931"
"1202","16","300","20","preferential_attachment","species","species_1","ZIPLN","BIC","0.08","0.8278405","0.691533951422669","0.053","0.684","0.591","0.634","3.42907524108887"
"1203","17","300","20","preferential_attachment","species","species_1","PLN","BIC","0.1","0.698797","0.662774854961856","0.058","0.842","0.615","0.711","2.45762705802917"
"1204","17","300","20","preferential_attachment","species","species_1","ZIPLN","BIC","0.08","0.6712975","0.673655784667873","0.082","0.842","0.533","0.653","4.44505214691162"
"1205","18","300","20","preferential_attachment","species","species_1","PLN","BIC","0.1","0.7212055","0.692454023698084","0.088","0.789","0.5","0.612","1.44875621795654"
"1206","18","300","20","preferential_attachment","species","species_1","ZIPLN","BIC","0.08","0.7360745","0.709345877001276","0.082","0.789","0.517","0.625","2.53652334213257"
"1207","19","300","20","preferential_attachment","species","species_1","PLN","BIC","0.1","0.676275","0.790739641242916","0.035","0.474","0.6","0.529","1.95146465301514"
"1208","19","300","20","preferential_attachment","species","species_1","ZIPLN","BIC","0.1","0.679945","0.788620769716586","0.018","0.474","0.75","0.581","2.17603540420532"
"1209","20","300","20","preferential_attachment","species","species_1","PLN","BIC","0.1","0.7476545","0.69473168866841","0.029","0.526","0.667","0.588","2.04037189483643"
"1210","20","300","20","preferential_attachment","species","species_1","ZIPLN","BIC","0.08","0.6901055","0.707296585127778","0.105","0.684","0.419","0.52","6.64155530929565"
"1211","21","300","20","preferential_attachment","species","species_1","PLN","BIC","0.1","0.785745","0.688348507780594","0.064","0.789","0.577","0.667","1.42193222045898"
"1212","21","300","20","preferential_attachment","species","species_1","ZIPLN","BIC","0.06","0.7006135","0.725988003603283","0.076","0.895","0.567","0.694","1.5823917388916"
"1213","22","300","20","preferential_attachment","species","species_1","PLN","BIC","0.12","0.673488","0.720659316530796","0.035","0.579","0.647","0.611","1.31843447685242"
"1214","22","300","20","preferential_attachment","species","species_1","ZIPLN","BIC","0.09","0.6404895","0.735787227718862","0.029","0.526","0.667","0.588","2.38706111907959"
"1215","23","300","20","preferential_attachment","species","species_1","PLN","BIC","0.11","0.782967","0.695034487709853","0.111","0.842","0.457","0.593","1.71751499176025"
"1216","23","300","20","preferential_attachment","species","species_1","ZIPLN","BIC","0.1","0.7619215","0.694702939001871","0.041","0.737","0.667","0.7","3.9501953125"
"1217","24","300","20","preferential_attachment","species","species_1","PLN","BIC","0.09","0.6967665","0.700415905925825","0.105","0.737","0.438","0.549","1.51705527305603"
"1218","24","300","20","preferential_attachment","species","species_1","ZIPLN","BIC","0.08","0.64947","0.723155750547857","0.082","0.684","0.481","0.565","3.07420063018799"
"1219","25","300","20","preferential_attachment","species","species_1","PLN","BIC","0.11","0.824104","0.721499710790073","0.035","0.737","0.7","0.718","1.79206418991089"
"1220","25","300","20","preferential_attachment","species","species_1","ZIPLN","BIC","0.08","0.778558","0.761061280508289","0.07","0.895","0.586","0.708","1.5912971496582"
"1221","26","300","20","preferential_attachment","species","species_1","PLN","BIC","0.12","0.6346365","0.69294546035856","0.006","0.368","0.875","0.519","1.36498713493347"
"1222","26","300","20","preferential_attachment","species","species_1","ZIPLN","BIC","0.1","0.64976","0.716735534372772","0.023","0.368","0.636","0.467","1.40224957466125"
"1223","27","300","20","preferential_attachment","species","species_1","PLN","BIC","0.1","0.7630025","0.686696093604919","0.14","0.947","0.429","0.59","1.68397545814514"
"1224","27","300","20","preferential_attachment","species","species_1","ZIPLN","BIC","0.08","0.7371175","0.709855379960968","0.094","0.895","0.515","0.654","1.70339632034302"
"1225","28","300","20","preferential_attachment","species","species_1","PLN","BIC","0.12","0.6412185","0.720124224141637","0.058","0.579","0.524","0.55","1.57355451583862"
"1226","28","300","20","preferential_attachment","species","species_1","ZIPLN","BIC","0.09","0.6307425","0.760159267105828","0.047","0.632","0.6","0.615","2.36177396774292"
"1227","29","300","20","preferential_attachment","species","species_1","PLN","BIC","0.1","0.828888","0.697546589120731","0.111","0.895","0.472","0.618","1.59476232528687"
"1228","29","300","20","preferential_attachment","species","species_1","ZIPLN","BIC","0.1","0.791343","0.709973162482726","0.058","0.789","0.6","0.682","1.48693919181824"
"1229","30","300","20","preferential_attachment","species","species_1","PLN","BIC","0.13","0.7887","0.706424937051824","0.006","0.684","0.929","0.788","2.46627688407898"
"1230","30","300","20","preferential_attachment","species","species_1","ZIPLN","BIC","0.09","0.7634925","0.742094596183505","0.088","0.737","0.483","0.583","3.22025775909424"
"1231","1","300","20","preferential_attachment","species","species_2","PLN","BIC","0.17","0.630413","0.58391225297763","0","0",NA,"0","2.10745000839233"
"1232","1","300","20","preferential_attachment","species","species_2","ZIPLN","BIC","0.11","0.477033","0.679238291502977","0.029","0.474","0.643","0.545","2.94747400283813"
"1233","2","300","20","preferential_attachment","species","species_2","PLN","BIC","0.15","0.6008915","0.613265037691441","0.023","0.263","0.556","0.357","2.94098377227783"
"1234","2","300","20","preferential_attachment","species","species_2","ZIPLN","BIC","0.1","0.5331425","0.709953623797727","0.041","0.263","0.417","0.323","3.06961131095886"
"1235","3","300","20","preferential_attachment","species","species_2","PLN","BIC","0.15","0.5793845","0.599499914013857","0","0.105","1","0.19","4.12449240684509"
"1236","3","300","20","preferential_attachment","species","species_2","ZIPLN","BIC","0.11","0.741953","0.706330262670574","0.029","0.263","0.5","0.345","2.84186387062073"
"1237","4","300","20","preferential_attachment","species","species_2","PLN","BIC","0.17","0.634962","0.575895688415525","0","0",NA,"0","3.50409364700317"
"1238","4","300","20","preferential_attachment","species","species_2","ZIPLN","BIC","0.1","0.56522","0.68675598734999","0.07","0.632","0.5","0.558","3.38003635406494"
"1239","5","300","20","preferential_attachment","species","species_2","PLN","BIC","0.17","0.719575","0.580313566758979","0","0.053","1","0.1","3.84189367294312"
"1240","5","300","20","preferential_attachment","species","species_2","ZIPLN","BIC","0.09","0.544084","0.709137569740258","0.023","0.368","0.636","0.467","3.1373119354248"
"1241","6","300","20","preferential_attachment","species","species_2","PLN","BIC","0.15","0.7285135","0.58482633891707","0","0",NA,"0","3.85897779464722"
"1242","6","300","20","preferential_attachment","species","species_2","ZIPLN","BIC","0.11","0.4654595","0.727820736235229","0.058","0.5","0.474","0.486","2.87807822227478"
"1243","7","300","20","preferential_attachment","species","species_2","PLN","BIC","0.15","0.661202","0.610056476101672","0.023","0.316","0.6","0.414","2.51458525657654"
"1244","7","300","20","preferential_attachment","species","species_2","ZIPLN","BIC","0.12","0.6282065","0.713240188428312","0.035","0.474","0.6","0.529","1.74071311950684"
"1245","8","300","20","preferential_attachment","species","species_2","PLN","BIC","0.15","0.6635205","0.606014040798903","0.082","0.526","0.417","0.465","3.7280261516571"
"1246","8","300","20","preferential_attachment","species","species_2","ZIPLN","BIC","0.09","0.4413705","0.712503656304707","0.041","0.368","0.5","0.424","2.80758309364319"
"1247","9","300","20","preferential_attachment","species","species_2","PLN","BIC","0.16","0.69313","0.582400677939806","0","0",NA,"0","3.24339270591736"
"1248","9","300","20","preferential_attachment","species","species_2","ZIPLN","BIC","0.08","0.7256755","0.72523251934752","0.023","0.474","0.692","0.562","2.45271611213684"
"1249","10","300","20","preferential_attachment","species","species_2","PLN","BIC","0.15","0.7454845","0.615430692211144","0","0",NA,"0","3.2929470539093"
"1250","10","300","20","preferential_attachment","species","species_2","ZIPLN","BIC","0.1","0.564025","0.717040553902482","0","0.105","1","0.19","2.97083425521851"
"1251","11","300","20","preferential_attachment","species","species_2","PLN","BIC","0.17","0.6272785","0.680616822038785","0","0.053","1","0.1","3.2202627658844"
"1252","11","300","20","preferential_attachment","species","species_2","ZIPLN","BIC","0.14","0.541898","0.775351768563604","0.058","0.526","0.5","0.513","2.55158829689026"
"1253","12","300","20","preferential_attachment","species","species_2","PLN","BIC","0.19","0.6917745","0.597873876425735","0","0",NA,"0","3.60221838951111"
"1254","12","300","20","preferential_attachment","species","species_2","ZIPLN","BIC","0.09","0.7631075","0.790434301129972","0.018","0.368","0.7","0.483","2.54197549819946"
"1255","13","300","20","preferential_attachment","species","species_2","PLN","BIC","0.15","0.7024385","0.58497711544864","0.047","0.474","0.529","0.5","1.70461869239807"
"1256","13","300","20","preferential_attachment","species","species_2","ZIPLN","BIC","0.09","0.7112215","0.654724966701362","0.082","0.684","0.481","0.565","1.63466238975525"
"1257","14","300","20","preferential_attachment","species","species_2","PLN","BIC","0.16","0.550011","0.566073298402276","0","0",NA,"0","3.63225102424622"
"1258","14","300","20","preferential_attachment","species","species_2","ZIPLN","BIC","0.09","0.613543","0.716138196116721","0.006","0.316","0.857","0.462","4.16603064537048"
"1259","15","300","20","preferential_attachment","species","species_2","PLN","BIC","0.17","0.6482255","0.516487935693764","0","0",NA,"0","3.50947308540344"
"1260","15","300","20","preferential_attachment","species","species_2","ZIPLN","BIC","0.1","0.5723335","0.693772347548641","0.029","0.389","0.583","0.467","2.8840160369873"
"1261","16","300","20","preferential_attachment","species","species_2","PLN","BIC","0.16","0.70656","0.606849440746748","0.047","0.526","0.556","0.541","3.24212217330933"
"1262","16","300","20","preferential_attachment","species","species_2","ZIPLN","BIC","0.11","0.418232","0.733842674789459","0.146","0.684","0.342","0.456","3.5659544467926"
"1263","17","300","20","preferential_attachment","species","species_2","PLN","BIC","0.16","0.68169","0.612001615598628","0","0",NA,"0","2.83118772506714"
"1264","17","300","20","preferential_attachment","species","species_2","ZIPLN","BIC","0.12","0.662033","0.772872304449279","0.006","0.474","0.9","0.621","4.48482394218445"
"1265","18","300","20","preferential_attachment","species","species_2","PLN","BIC","0.16","0.726604","0.525702424742092","0.029","0.421","0.615","0.5","3.39834833145142"
"1266","18","300","20","preferential_attachment","species","species_2","ZIPLN","BIC","0.09","0.5287495","0.696537361550398","0.035","0.474","0.6","0.529","3.05341863632202"
"1267","19","300","20","preferential_attachment","species","species_2","PLN","BIC","0.14","0.574938","0.579097131845908","0","0.105","1","0.19","2.10434198379517"
"1268","19","300","20","preferential_attachment","species","species_2","ZIPLN","BIC","0.08","0.6395855","0.684583125868092","0.076","0.421","0.381","0.4","1.51032829284668"
"1269","20","300","20","preferential_attachment","species","species_2","PLN","BIC","0.19","0.589141","0.514401275348173","0","0",NA,"0","3.91176676750183"
"1270","20","300","20","preferential_attachment","species","species_2","ZIPLN","BIC","0.14","0.5305075","0.776175752926807","0.012","0.474","0.818","0.6","2.62980842590332"
"1271","21","300","20","preferential_attachment","species","species_2","PLN","BIC","0.16","0.652386","0.611860965355462","0.023","0.368","0.636","0.467","3.01254820823669"
"1272","21","300","20","preferential_attachment","species","species_2","ZIPLN","BIC","0.1","0.5336625","0.76070001571809","0.023","0.316","0.6","0.414","6.68313980102539"
"1273","22","300","20","preferential_attachment","species","species_2","PLN","BIC","0.17","0.5956985","0.597458188132143","0.029","0.105","0.286","0.154","2.69618129730225"
"1274","22","300","20","preferential_attachment","species","species_2","ZIPLN","BIC","0.1","0.513422","0.713577775246191","0.029","0.263","0.5","0.345","2.62256741523743"
"1275","23","300","20","preferential_attachment","species","species_2","PLN","BIC","0.14","0.6250935","0.650978327335383","0","0",NA,"0","2.54111814498901"
"1276","23","300","20","preferential_attachment","species","species_2","ZIPLN","BIC","0.09","0.7107905","0.752485144963402","0.006","0.158","0.75","0.261","1.63279867172241"
"1277","24","300","20","preferential_attachment","species","species_2","PLN","BIC","0.16","0.701658","0.544303234583114","0","0",NA,"0","3.12966275215149"
"1278","24","300","20","preferential_attachment","species","species_2","ZIPLN","BIC","0.1","0.5624465","0.722537506952994","0.064","0.611","0.5","0.55","2.71178817749023"
"1279","25","300","20","preferential_attachment","species","species_2","PLN","BIC","0.15","0.6498435","0.586809313269038","0","0",NA,"0","2.38899660110474"
"1280","25","300","20","preferential_attachment","species","species_2","ZIPLN","BIC","0.12","0.6111065","0.722885572798981","0.006","0.474","0.9","0.621","2.75805139541626"
"1281","26","300","20","preferential_attachment","species","species_2","PLN","BIC","0.15","0.712397","0.594997208765087","0","0.053","1","0.1","2.19217538833618"
"1282","26","300","20","preferential_attachment","species","species_2","ZIPLN","BIC","0.08","0.551726","0.718930112681608","0.035","0.474","0.6","0.529","1.50603675842285"
"1283","27","300","20","preferential_attachment","species","species_2","PLN","BIC","0.15","0.676563","0.644435403141051","0","0",NA,"0","2.43332028388977"
"1284","27","300","20","preferential_attachment","species","species_2","ZIPLN","BIC","0.1","0.708144","0.742293156577721","0.006","0.211","0.8","0.333","2.74959874153137"
"1285","28","300","20","preferential_attachment","species","species_2","PLN","BIC","0.13","0.7847215","0.589082644499604","0.047","0.684","0.619","0.65","2.57871794700623"
"1286","28","300","20","preferential_attachment","species","species_2","ZIPLN","BIC","0.09","0.6459985","0.695969097506784","0.023","0.632","0.75","0.686","3.71734261512756"
"1287","29","300","20","preferential_attachment","species","species_2","PLN","BIC","0.16","0.7669665","0.575631944971416","0.023","0.263","0.556","0.357","2.29324340820312"
"1288","29","300","20","preferential_attachment","species","species_2","ZIPLN","BIC","0.09","0.645237","0.689698549576949","0.123","0.789","0.417","0.545","1.66293454170227"
"1289","30","300","20","preferential_attachment","species","species_2","PLN","BIC","0.14","0.783698","0.65730399936468","0.018","0.474","0.75","0.581","3.67816853523254"
"1290","30","300","20","preferential_attachment","species","species_2","ZIPLN","BIC","0.13","0.7035255","0.742473654323694","0.047","0.789","0.652","0.714","2.58911919593811"
"1291","1","300","20","preferential_attachment","species","species_3","PLN","BIC","0.18","0.4525345","0.526269678026738","0","0",NA,"0","4.75394344329834"
"1292","1","300","20","preferential_attachment","species","species_3","ZIPLN","BIC","0.13","0.247386","0.6255647845876","0","0",NA,"0","2.77188110351562"
"1293","2","300","20","preferential_attachment","species","species_3","PLN","BIC","0.19","0.4170195","0.50624432263409","0","0",NA,"0","4.50147080421448"
"1294","2","300","20","preferential_attachment","species","species_3","ZIPLN","BIC","0.18","0.2587015","0.619560817207979","0.012","0.211","0.667","0.32","3.16616439819336"
"1295","3","300","20","preferential_attachment","species","species_3","PLN","BIC","0.17","0.439074","0.510709960618667","0","0",NA,"0","5.67126154899597"
"1296","3","300","20","preferential_attachment","species","species_3","ZIPLN","BIC","0.1","0.370448","0.630105350984571","0","0.053","1","0.1","3.71303129196167"
"1297","4","300","20","preferential_attachment","species","species_3","PLN","BIC","0.17","0.6468105","0.503942760675196","0.07","0.421","0.4","0.41","6.29380774497986"
"1298","4","300","20","preferential_attachment","species","species_3","ZIPLN","BIC","0.11","0.350407","0.585019032747285","0.018","0.263","0.625","0.37","3.30993509292603"
"1299","5","300","20","preferential_attachment","species","species_3","PLN","BIC","0.16","0.4328015","0.581238126347658","0","0",NA,"0","3.30381727218628"
"1300","5","300","20","preferential_attachment","species","species_3","ZIPLN","BIC","0.1","0.3369895","0.612888462434497","0.018","0.263","0.625","0.37","1.47759675979614"
"1301","6","300","20","preferential_attachment","species","species_3","PLN","BIC","0.18","0.3382355","0.553946223317042","0","0",NA,"0","6.62334084510803"
"1302","6","300","20","preferential_attachment","species","species_3","ZIPLN","BIC","0.14","0.2563165","0.622663807536309","0.018","0.053","0.25","0.087","3.16912937164307"
"1303","7","300","20","preferential_attachment","species","species_3","PLN","BIC","0.17","0.599234","0.430928233032896","0","0.105","1","0.19","4.03919887542725"
"1304","7","300","20","preferential_attachment","species","species_3","ZIPLN","BIC","0.1","0.2076565","0.543032840292874","0.018","0.105","0.4","0.167","2.32361698150635"
"1305","8","300","20","preferential_attachment","species","species_3","PLN","BIC","0.16","0.6082505","0.540859992862384","0","0",NA,"0","3.23966503143311"
"1306","8","300","20","preferential_attachment","species","species_3","ZIPLN","BIC","0.12","0.3802695","0.628328934709758","0","0.111","1","0.2","2.7689151763916"
"1307","9","300","20","preferential_attachment","species","species_3","PLN","BIC","0.16","0.6558045","0.55804878799382","0.018","0.263","0.625","0.37","3.25983262062073"
"1308","9","300","20","preferential_attachment","species","species_3","ZIPLN","BIC","0.12","0.4033785","0.633919608843088","0.023","0.263","0.556","0.357","4.68554329872131"
"1309","10","300","20","preferential_attachment","species","species_3","PLN","BIC","0.18","0.557507","0.553020231046156","0","0",NA,"0","3.20377492904663"
"1310","10","300","20","preferential_attachment","species","species_3","ZIPLN","BIC","0.11","0.2980125","0.66151606536121","0.012","0.263","0.714","0.385","1.74364280700684"
"1311","11","300","20","preferential_attachment","species","species_3","PLN","BIC","0.19","0.4511735","0.536344270404971","0","0",NA,"0","3.44709134101868"
"1312","11","300","20","preferential_attachment","species","species_3","ZIPLN","BIC","0.12","0.481647","0.634000922825674","0","0",NA,"0","2.24355173110962"
"1313","12","300","20","preferential_attachment","species","species_3","PLN","BIC","0.18","0.4753705","0.507627163100247","0.035","0.211","0.4","0.276","4.44215440750122"
"1314","12","300","20","preferential_attachment","species","species_3","ZIPLN","BIC","0.12","0.253102","0.591238492813656","0.012","0.316","0.75","0.444","2.1973602771759"
"1315","13","300","20","preferential_attachment","species","species_3","PLN","BIC","0.16","0.467062","0.562429006360833","0","0",NA,"0","5.25275349617004"
"1316","13","300","20","preferential_attachment","species","species_3","ZIPLN","BIC","0.1","0.256361","0.629300926866603","0","0.105","1","0.19","3.26233768463135"
"1317","14","300","20","preferential_attachment","species","species_3","PLN","BIC","0.17","0.443128","0.608526944121518","0","0",NA,"0","4.82040667533875"
"1318","14","300","20","preferential_attachment","species","species_3","ZIPLN","BIC","0.1","0.2511555","0.635037573525714","0","0.053","1","0.1","2.57912349700928"
"1319","15","300","20","preferential_attachment","species","species_3","PLN","BIC","0.19","0.535517","0.453668509072295","0","0",NA,"0","6.11283230781555"
"1320","15","300","20","preferential_attachment","species","species_3","ZIPLN","BIC","0.13","0.28435","0.55596371744407","0","0",NA,"0","2.56173348426819"
"1321","16","300","20","preferential_attachment","species","species_3","PLN","BIC","0.15","0.4512675","0.598113169356999","0","0.053","1","0.1","2.06683349609375"
"1322","16","300","20","preferential_attachment","species","species_3","ZIPLN","BIC","0.1","0.2961625","0.660102910278269","0.006","0.053","0.5","0.095","1.5629985332489"
"1323","17","300","20","preferential_attachment","species","species_3","PLN","BIC","0.16","0.477934","0.524126169373288","0","0",NA,"0","4.16213512420654"
"1324","17","300","20","preferential_attachment","species","species_3","ZIPLN","BIC","0.11","0.2396265","0.569288170327467","0.053","0.105","0.182","0.133","3.25659346580505"
"1325","18","300","20","preferential_attachment","species","species_3","PLN","BIC","0.19","0.6318355","0.463657376785215","0.029","0.105","0.286","0.154","5.23303389549255"
"1326","18","300","20","preferential_attachment","species","species_3","ZIPLN","BIC","0.13","0.1825055","0.515179479539507","0.006","0.158","0.75","0.261","3.48064184188843"
"1327","19","300","20","preferential_attachment","species","species_3","PLN","BIC","0.17","0.55945","0.530157304562909","0","0.056","1","0.105","4.12125492095947"
"1328","19","300","20","preferential_attachment","species","species_3","ZIPLN","BIC","0.12","0.17253","0.621556956703851","0.006","0.167","0.75","0.273","2.48489451408386"
"1329","20","300","20","preferential_attachment","species","species_3","PLN","BIC","0.17","0.5840515","0.570410064191539","0","0",NA,"0","3.90108680725098"
"1330","20","300","20","preferential_attachment","species","species_3","ZIPLN","BIC","0.1","0.4320175","0.622265668699188","0.029","0.421","0.615","0.5","2.40939950942993"
"1331","21","300","20","preferential_attachment","species","species_3","PLN","BIC","0.18","0.5518115","0.558769474805877","0","0",NA,"0","2.54333782196045"
"1332","21","300","20","preferential_attachment","species","species_3","ZIPLN","BIC","0.15","0.3260465","0.622279905584722","0.006","0.105","0.667","0.182","1.91923117637634"
"1333","22","300","20","preferential_attachment","species","species_3","PLN","BIC","0.17","0.625425","0.623919605491977","0","0",NA,"0","2.08448100090027"
"1334","22","300","20","preferential_attachment","species","species_3","ZIPLN","BIC","0.11","0.520247","0.66082382032338","0.07","0.526","0.455","0.488","1.47644519805908"
"1335","23","300","20","preferential_attachment","species","species_3","PLN","BIC","0.2","0.399628","0.386724081033396","0","0",NA,"0","6.48554468154907"
"1336","23","300","20","preferential_attachment","species","species_3","ZIPLN","BIC","0.13","0.1703175","0.498329677495692","0","0.053","1","0.1","3.03132843971252"
"1337","24","300","20","preferential_attachment","species","species_3","PLN","BIC","0.19","0.5136205","0.48342842687097","0","0",NA,"0","3.01360630989075"
"1338","24","300","20","preferential_attachment","species","species_3","ZIPLN","BIC","0.13","0.231122","0.537252272602044","0.018","0.211","0.571","0.308","1.58116793632507"
"1339","25","300","20","preferential_attachment","species","species_3","PLN","BIC","0.19","0.4816345","0.539942705570113","0","0",NA,"0","4.71372246742249"
"1340","25","300","20","preferential_attachment","species","species_3","ZIPLN","BIC","0.13","0.25364","0.605492419558059","0","0.056","1","0.105","1.92789268493652"
"1341","26","300","20","preferential_attachment","species","species_3","PLN","BIC","0.14","0.611565","0.595756431164571","0","0",NA,"0","4.4721097946167"
"1342","26","300","20","preferential_attachment","species","species_3","ZIPLN","BIC","0.11","0.371272","0.628554127666528","0.006","0.222","0.8","0.348","2.753098487854"
"1343","27","300","20","preferential_attachment","species","species_3","PLN","BIC","0.21","0.456054","0.421206619861001","0","0",NA,"0","2.9084644317627"
"1344","27","300","20","preferential_attachment","species","species_3","ZIPLN","BIC","0.17","0.1048945","0.52547683458097","0.012","0.111","0.5","0.182","1.79917430877686"
"1345","28","300","20","preferential_attachment","species","species_3","PLN","BIC","0.17","0.441212","0.537756908100669","0","0",NA,"0","3.99585866928101"
"1346","28","300","20","preferential_attachment","species","species_3","ZIPLN","BIC","0.11","0.3974845","0.606792748871191","0","0",NA,"0","1.62707710266113"
"1347","29","300","20","preferential_attachment","species","species_3","PLN","BIC","0.18","0.5289165","0.447923787255138","0","0.053","1","0.1","5.13502788543701"
"1348","29","300","20","preferential_attachment","species","species_3","ZIPLN","BIC","0.11","0.177763","0.518290257504266","0.006","0.158","0.75","0.261","2.34571981430054"
"1349","30","300","20","preferential_attachment","species","species_3","PLN","BIC","0.19","0.6385525","0.47767262096567","0","0",NA,"0","2.73622536659241"
"1350","30","300","20","preferential_attachment","species","species_3","ZIPLN","BIC","0.13","0.3249135","0.565345377847376","0","0",NA,"0","1.53898787498474"
"1351","1","300","20","preferential_attachment","species","species_4","PLN","BIC","0.17","0.571653","0.550532600684986","0","0",NA,"0","4.2621111869812"
"1352","1","300","20","preferential_attachment","species","species_4","ZIPLN","BIC","0.11","0.1947235","0.595333197831247","0","0.105","1","0.19","2.43376922607422"
"1353","2","300","20","preferential_attachment","species","species_4","PLN","BIC","0.17","0.5205255","0.506156797427115","0","0",NA,"0","4.35050010681152"
"1354","2","300","20","preferential_attachment","species","species_4","ZIPLN","BIC","0.12","0.339467","0.599296839952006","0.006","0.053","0.5","0.095","2.6659996509552"
"1355","3","300","20","preferential_attachment","species","species_4","PLN","BIC","0.2","0.4112215","0.339724929462731","0","0",NA,"0","5.74298691749573"
"1356","3","300","20","preferential_attachment","species","species_4","ZIPLN","BIC","0.13","0.094838","0.426280921613992","0","0.105","1","0.19","5.26287627220154"
"1357","4","300","20","preferential_attachment","species","species_4","PLN","BIC","0.18","0.582388","0.521654442909639","0.012","0.316","0.75","0.444","2.64770102500916"
"1358","4","300","20","preferential_attachment","species","species_4","ZIPLN","BIC","0.19","0.2745925","0.581299057800633","0.07","0.316","0.333","0.324","1.95055508613586"
"1359","5","300","20","preferential_attachment","species","species_4","PLN","BIC","0.16","0.584272","0.536211435186853","0","0",NA,"0","3.9256706237793"
"1360","5","300","20","preferential_attachment","species","species_4","ZIPLN","BIC","0.12","0.301706","0.599071354320638","0.07","0.368","0.368","0.368","3.30926322937012"
"1361","6","300","20","preferential_attachment","species","species_4","PLN","BIC","0.18","0.431806","0.476260282786237","0","0",NA,"0","4.11873340606689"
"1362","6","300","20","preferential_attachment","species","species_4","ZIPLN","BIC","0.21","0.2085925","0.595952664246411","0.023","0.263","0.556","0.357","3.49775791168213"
"1363","7","300","20","preferential_attachment","species","species_4","PLN","BIC","0.17","0.548259","0.593547327503144","0","0.105","1","0.19","3.23378682136536"
"1364","7","300","20","preferential_attachment","species","species_4","ZIPLN","BIC","0.11","0.4252475","0.626418572780028","0.064","0.211","0.267","0.235","2.22120237350464"
"1365","8","300","20","preferential_attachment","species","species_4","PLN","BIC","0.17","0.6426145","0.503570365921851","0","0",NA,"0","5.41523694992065"
"1366","8","300","20","preferential_attachment","species","species_4","ZIPLN","BIC","0.18","0.269924","0.594329193579963","0","0.105","1","0.19","3.07326459884644"
"1367","9","300","20","preferential_attachment","species","species_4","PLN","BIC","0.17","0.5704575","0.532605578241295","0","0.105","1","0.19","4.09423089027405"
"1368","9","300","20","preferential_attachment","species","species_4","ZIPLN","BIC","0.11","0.2595255","0.586435150751038","0.035","0.263","0.455","0.333","3.02165937423706"
"1369","10","300","20","preferential_attachment","species","species_4","PLN","BIC","0.18","0.5386305","0.515117183009424","0","0",NA,"0","3.01401281356812"
"1370","10","300","20","preferential_attachment","species","species_4","ZIPLN","BIC","0.1","0.3002745","0.610755080100665","0.012","0.158","0.6","0.25","1.68170571327209"
"1371","11","300","20","preferential_attachment","species","species_4","PLN","BIC","0.16","0.4804565","0.496535477280224","0.023","0.211","0.5","0.296","5.0804660320282"
"1372","11","300","20","preferential_attachment","species","species_4","ZIPLN","BIC","0.09","0.3154025","0.577498216537705","0.047","0.368","0.467","0.412","4.45198249816895"
"1373","12","300","20","preferential_attachment","species","species_4","PLN","BIC","0.19","0.386926","0.593166653268288","0","0",NA,"0","4.43830490112305"
"1374","12","300","20","preferential_attachment","species","species_4","ZIPLN","BIC","0.15","0.3192205","0.657096986525701","0","0.053","1","0.1","2.94283699989319"
"1375","13","300","20","preferential_attachment","species","species_4","PLN","BIC","0.18","0.463829","0.540194221431314","0","0",NA,"0","4.90597176551819"
"1376","13","300","20","preferential_attachment","species","species_4","ZIPLN","BIC","0.2","0.3242905","0.611084076148352","0.018","0.316","0.667","0.429","3.59209036827087"
"1377","14","300","20","preferential_attachment","species","species_4","PLN","BIC","0.18","0.6532965","0.567036374809731","0","0",NA,"0","3.36444664001465"
"1378","14","300","20","preferential_attachment","species","species_4","ZIPLN","BIC","0.12","0.3767","0.658980605273426","0.012","0.053","0.333","0.091","2.77708125114441"
"1379","15","300","20","preferential_attachment","species","species_4","PLN","BIC","0.19","0.580298","0.473018444105576","0","0",NA,"0","5.74311900138855"
"1380","15","300","20","preferential_attachment","species","species_4","ZIPLN","BIC","0.14","0.2906015","0.577408822670935","0","0.105","1","0.19","9.75708842277527"
"1381","16","300","20","preferential_attachment","species","species_4","PLN","BIC","0.16","0.568112","0.46015242128489","0","0",NA,"0","3.28745365142822"
"1382","16","300","20","preferential_attachment","species","species_4","ZIPLN","BIC","0.16","0.1691145","0.539555643467109","0.047","0.211","0.333","0.258","2.24889636039734"
"1383","17","300","20","preferential_attachment","species","species_4","PLN","BIC","0.17","0.4715305","0.492429885309961","0.041","0.211","0.364","0.267","4.22596144676208"
"1384","17","300","20","preferential_attachment","species","species_4","ZIPLN","BIC","0.1","0.1499335","0.531442566366591","0.029","0.316","0.545","0.4","2.28870558738708"
"1385","18","300","20","preferential_attachment","species","species_4","PLN","BIC","0.19","0.477629","0.492596611753667","0","0",NA,"0","4.87903237342834"
"1386","18","300","20","preferential_attachment","species","species_4","ZIPLN","BIC","0.13","0.243121","0.563121318619886","0.006","0.105","0.667","0.182","2.84422898292542"
"1387","19","300","20","preferential_attachment","species","species_4","PLN","BIC","0.16","0.554842","0.524080354098652","0","0",NA,"0","3.32344675064087"
"1388","19","300","20","preferential_attachment","species","species_4","ZIPLN","BIC","0.1","0.341892","0.581577454876725","0.041","0.474","0.562","0.514","2.25570940971375"
"1389","20","300","20","preferential_attachment","species","species_4","PLN","BIC","0.18","0.5766825","0.450825148817271","0.023","0.211","0.5","0.296","2.98168992996216"
"1390","20","300","20","preferential_attachment","species","species_4","ZIPLN","BIC","0.12","0.1623835","0.514828425130408","0.076","0.368","0.35","0.359","2.63359355926514"
"1391","21","300","20","preferential_attachment","species","species_4","PLN","BIC","0.16","0.501048","0.558528653372727","0","0",NA,"0","3.60890650749207"
"1392","21","300","20","preferential_attachment","species","species_4","ZIPLN","BIC","0.13","0.2135975","0.60385092292072","0.018","0.158","0.5","0.24","2.05972671508789"
"1393","22","300","20","preferential_attachment","species","species_4","PLN","BIC","0.18","0.6728485","0.497020089654275","0.023","0.158","0.429","0.231","3.2736177444458"
"1394","22","300","20","preferential_attachment","species","species_4","ZIPLN","BIC","0.1","0.327779","0.619866291404727","0.018","0.263","0.625","0.37","1.53686428070068"
"1395","23","300","20","preferential_attachment","species","species_4","PLN","BIC","0.17","0.588107","0.534589442354396","0.047","0.368","0.467","0.412","3.10832166671753"
"1396","23","300","20","preferential_attachment","species","species_4","ZIPLN","BIC","0.1","0.2376","0.590660919845736","0.012","0.263","0.714","0.385","1.40256762504578"
"1397","24","300","20","preferential_attachment","species","species_4","PLN","BIC","0.18","0.418796","0.46278701817266","0","0",NA,"0","3.51892137527466"
"1398","24","300","20","preferential_attachment","species","species_4","ZIPLN","BIC","0.14","0.1254115","0.557859971123223","0","0.111","1","0.2","3.44852185249329"
"1399","25","300","20","preferential_attachment","species","species_4","PLN","BIC","0.18","0.4716955","0.531434267846559","0","0",NA,"0","5.14302539825439"
"1400","25","300","20","preferential_attachment","species","species_4","ZIPLN","BIC","0.12","0.359234","0.617039986271047","0.029","0.158","0.375","0.222","2.46308708190918"
"1401","26","300","20","preferential_attachment","species","species_4","PLN","BIC","0.15","0.549167","0.536989644440146","0.018","0.421","0.727","0.533","3.53876328468323"
"1402","26","300","20","preferential_attachment","species","species_4","ZIPLN","BIC","0.09","0.2287075","0.600820967949486","0.053","0.421","0.471","0.444","2.22341132164001"
"1403","27","300","20","preferential_attachment","species","species_4","PLN","BIC","0.18","0.576709","0.556616188181558","0","0",NA,"0","3.33049559593201"
"1404","27","300","20","preferential_attachment","species","species_4","ZIPLN","BIC","0.12","0.3458845","0.608425154229263","0.047","0.263","0.385","0.312","1.63792324066162"
"1405","28","300","20","preferential_attachment","species","species_4","PLN","BIC","0.21","0.534903","0.457942447598007","0","0",NA,"0","3.22757005691528"
"1406","28","300","20","preferential_attachment","species","species_4","ZIPLN","BIC","0.12","0.266663","0.544541993623042","0.012","0.211","0.667","0.32","1.65534520149231"
"1407","29","300","20","preferential_attachment","species","species_4","PLN","BIC","0.17","0.411085","0.582106453851294","0","0",NA,"0","2.30542993545532"
"1408","29","300","20","preferential_attachment","species","species_4","ZIPLN","BIC","0.12","0.3396065","0.631998617942166","0","0.263","1","0.417","1.78579688072205"
"1409","30","300","20","preferential_attachment","species","species_4","PLN","BIC","0.19","0.4371405","0.519625066678247","0.006","0.053","0.5","0.095","3.44397234916687"
"1410","30","300","20","preferential_attachment","species","species_4","ZIPLN","BIC","0.11","0.211909","0.614359589714001","0.029","0.316","0.545","0.4","2.19602799415588"
"1411","1","300","20","erdos_renyi","covar","covar_1","PLN","BIC","0.09","0.506984","0.456711685440853","0","0",NA,"0","4.56003713607788"
"1412","1","300","20","erdos_renyi","covar","covar_1","ZIPLN","BIC","0.05","0.7837925","0.609276286664834","0.005","0.5","0.75","0.6","9.02027440071106"
"1413","1","300","20","erdos_renyi","covar","covar_1","PLN_ZIvar","BIC","0.08","0.7131565","0.488519241678233","0","0",NA,"0","5.08107590675354"
"1414","2","300","20","erdos_renyi","covar","covar_1","PLN","BIC","0.08","0.3587","0.446434785141669","0","0",NA,"0","2.73316073417664"
"1415","2","300","20","erdos_renyi","covar","covar_1","ZIPLN","BIC","0.05","0.5957","0.601844639548523","0","0",NA,"0","1.76487183570862"
"1416","2","300","20","erdos_renyi","covar","covar_1","PLN_ZIvar","BIC","0.08","0.7404","0.47198084842968","0","0",NA,"0","3.36019492149353"
"1417","3","300","20","erdos_renyi","covar","covar_1","PLN","BIC","0.14","0.5034445","0.466945857410383","0.208","0.333","0.098","0.151","4.57128739356995"
"1418","3","300","20","erdos_renyi","covar","covar_1","ZIPLN","BIC","0.07","0.830023","0.650123274493172","0.006","0.583","0.875","0.7","4.1394510269165"
"1419","3","300","20","erdos_renyi","covar","covar_1","PLN_ZIvar","BIC","0.14","0.729251","0.503311150018414","0","0",NA,"0","5.26825404167175"
"1420","4","300","20","erdos_renyi","covar","covar_1","PLN","BIC","0.13","0.6183755","0.469053600040789","0","0",NA,"0","4.42915558815002"
"1421","4","300","20","erdos_renyi","covar","covar_1","ZIPLN","BIC","0.07","0.492056","0.648516445598151","0.006","0.308","0.8","0.444","6.77620601654053"
"1422","4","300","20","erdos_renyi","covar","covar_1","PLN_ZIvar","BIC","0.13","0.7496955","0.507109319202443","0","0",NA,"0","6.42211699485779"
"1423","5","300","20","erdos_renyi","covar","covar_1","PLN","BIC","0.1","0.342643","0.470845436160076","0.19","0.167","0.028","0.048","4.55380725860596"
"1424","5","300","20","erdos_renyi","covar","covar_1","ZIPLN","BIC","0.05","0.758701","0.637525473489756","0.011","0.5","0.6","0.545","3.86140203475952"
"1425","5","300","20","erdos_renyi","covar","covar_1","PLN_ZIvar","BIC","0.09","0.645642","0.504762363115037","0","0",NA,"0","4.88944792747498"
"1426","6","300","20","erdos_renyi","covar","covar_1","PLN","BIC","0.12","0.5776335","0.438309922656747","0.442","0.556","0.059","0.106","4.33419370651245"
"1427","6","300","20","erdos_renyi","covar","covar_1","ZIPLN","BIC","0.06","0.6525375","0.618427091705525","0","0.111","1","0.2","4.1576976776123"
"1428","6","300","20","erdos_renyi","covar","covar_1","PLN_ZIvar","BIC","0.11","0.763784","0.47522971540295","0","0.222","1","0.364","6.47800874710083"
"1429","7","300","20","erdos_renyi","covar","covar_1","PLN","BIC","0.13","0.4291955","0.431881771253655","0.399","0.571","0.052","0.095","4.96488547325134"
"1430","7","300","20","erdos_renyi","covar","covar_1","ZIPLN","BIC","0.06","0.7594015","0.634648711455637","0","0.143","1","0.25","4.56618690490723"
"1431","7","300","20","erdos_renyi","covar","covar_1","PLN_ZIvar","BIC","0.12","0.614057","0.485953443099356","0","0.143","1","0.25","5.86147451400757"
"1432","8","300","20","erdos_renyi","covar","covar_1","PLN","BIC","0.13","0.439529","0.488609096651153","0.068","0.154","0.143","0.148","2.40744090080261"
"1433","8","300","20","erdos_renyi","covar","covar_1","ZIPLN","BIC","0.08","0.6456065","0.646017889899299","0.028","0.615","0.615","0.615","6.72827005386353"
"1434","8","300","20","erdos_renyi","covar","covar_1","PLN_ZIvar","BIC","0.12","0.690512","0.515913943602836","0","0",NA,"0","2.69323897361755"
"1435","9","300","20","erdos_renyi","covar","covar_1","PLN","BIC","0.1","0.4822","0.460438165014477","0","0",NA,"0","3.89532542228699"
"1436","9","300","20","erdos_renyi","covar","covar_1","ZIPLN","BIC","0.07","0.66135","0.625507236248162","0","0.2","1","0.333","6.06534290313721"
"1437","9","300","20","erdos_renyi","covar","covar_1","PLN_ZIvar","BIC","0.09","0.6428","0.485139298967107","0","0",NA,"0","4.68191266059875"
"1438","10","300","20","erdos_renyi","covar","covar_1","PLN","BIC","0.12","0.582229","0.493595177719886","0","0",NA,"0","4.07816576957703"
"1439","10","300","20","erdos_renyi","covar","covar_1","ZIPLN","BIC","0.07","0.7543875","0.647321085104682","0.011","0.714","0.714","0.714","4.12345743179321"
"1440","10","300","20","erdos_renyi","covar","covar_1","PLN_ZIvar","BIC","0.12","0.8495905","0.515359060668454","0","0",NA,"0","4.84588265419006"
"1441","11","300","20","erdos_renyi","covar","covar_1","PLN","BIC","0.07","0.5456","0.419348979682793","0.303","0.6","0.051","0.094","4.89252877235413"
"1442","11","300","20","erdos_renyi","covar","covar_1","ZIPLN","BIC","0.05","0.7995","0.598026401901605","0","0",NA,"0","3.50573563575745"
"1443","11","300","20","erdos_renyi","covar","covar_1","PLN_ZIvar","BIC","0.06","0.6151","0.45617944036561","0","0",NA,"0","6.30531740188599"
"1444","12","300","20","erdos_renyi","covar","covar_1","PLN","BIC","0.12","0.6283685","0.457350505326359","0","0",NA,"0","4.79294681549072"
"1445","12","300","20","erdos_renyi","covar","covar_1","ZIPLN","BIC","0.08","0.628412","0.654422628242621","0","0",NA,"0","12.0941112041473"
"1446","12","300","20","erdos_renyi","covar","covar_1","PLN_ZIvar","BIC","0.11","0.5653835","0.486824027824786","0","0",NA,"0","5.84963583946228"
"1447","13","300","20","erdos_renyi","covar","covar_1","PLN","BIC","0.15","0.507278","0.49931086870308","0.267","0.286","0.078","0.123","3.18488883972168"
"1448","13","300","20","erdos_renyi","covar","covar_1","ZIPLN","BIC","0.08","0.567086","0.656416675196074","0","0.357","1","0.526","6.12866425514221"
"1449","13","300","20","erdos_renyi","covar","covar_1","PLN_ZIvar","BIC","0.14","0.7021115","0.537320503497","0","0",NA,"0","3.43178200721741"
"1450","14","300","20","erdos_renyi","covar","covar_1","PLN","BIC","0.13","0.403991","0.442922894997968","0.397","0.25","0.055","0.09","3.01396131515503"
"1451","14","300","20","erdos_renyi","covar","covar_1","ZIPLN","BIC","0.08","0.6692015","0.622171395037265","0","0",NA,"0","4.82830810546875"
"1452","14","300","20","erdos_renyi","covar","covar_1","PLN_ZIvar","BIC","0.13","0.683874","0.476098270882666","0","0",NA,"0","3.7885754108429"
"1453","15","300","20","erdos_renyi","covar","covar_1","PLN","BIC","0.11","0.294877","0.448114486360068","0.429","0","0","0","4.40936589241028"
"1454","15","300","20","erdos_renyi","covar","covar_1","ZIPLN","BIC","0.06","0.739299","0.651876969529281","0","0",NA,"0","4.17612361907959"
"1455","15","300","20","erdos_renyi","covar","covar_1","PLN_ZIvar","BIC","0.1","0.7391805","0.488667582542066","0","0",NA,"0","5.76951003074646"
"1456","16","300","20","erdos_renyi","covar","covar_1","PLN","BIC","0.15","0.422236","0.464675446889868","0.522","0.667","0.079","0.142","6.00653743743896"
"1457","16","300","20","erdos_renyi","covar","covar_1","ZIPLN","BIC","0.08","0.6448285","0.643833135313621","0.011","0.5","0.75","0.6","8.78583478927612"
"1458","16","300","20","erdos_renyi","covar","covar_1","PLN_ZIvar","BIC","0.14","0.5930515","0.498700126835593","0","0.083","1","0.154","6.46993088722229"
"1459","17","300","20","erdos_renyi","covar","covar_1","PLN","BIC","0.09","0.4805","0.41451320205742","0.562","0.6","0.028","0.054","3.99624037742615"
"1460","17","300","20","erdos_renyi","covar","covar_1","ZIPLN","BIC","0.06","0.6469","0.610958918927282","0","0",NA,"0","4.74251961708069"
"1461","17","300","20","erdos_renyi","covar","covar_1","PLN_ZIvar","BIC","0.09","0.6642","0.454858608717058","0","0",NA,"0","5.0740008354187"
"1462","18","300","20","erdos_renyi","covar","covar_1","PLN","BIC","0.14","0.43","0.419921497848895","0.006","0.1","0.5","0.167","4.56004643440247"
"1463","18","300","20","erdos_renyi","covar","covar_1","ZIPLN","BIC","0.09","0.617","0.647679928091674","0","0.2","1","0.333","3.57583236694336"
"1464","18","300","20","erdos_renyi","covar","covar_1","PLN_ZIvar","BIC","0.13","0.81855","0.457381814213011","0","0",NA,"0","4.5459771156311"
"1465","19","300","20","erdos_renyi","covar","covar_1","PLN","BIC","0.1","0.7115735","0.468077412671921","0","0",NA,"0","4.15452194213867"
"1466","19","300","20","erdos_renyi","covar","covar_1","ZIPLN","BIC","0.09","0.5239275","0.653744923409811","0.005","0.143","0.5","0.222","4.42614936828613"
"1467","19","300","20","erdos_renyi","covar","covar_1","PLN_ZIvar","BIC","0.09","0.7751375","0.50027743042294","0","0.143","1","0.25","4.43627619743347"
"1468","20","300","20","erdos_renyi","covar","covar_1","PLN","BIC","0.13","0.58665","0.448719750625503","0.344","0.4","0.061","0.105","3.51636600494385"
"1469","20","300","20","erdos_renyi","covar","covar_1","ZIPLN","BIC","0.07","0.7736","0.636875500837772","0","0.4","1","0.571","4.1605532169342"
"1470","20","300","20","erdos_renyi","covar","covar_1","PLN_ZIvar","BIC","0.12","0.80625","0.488552239863404","0.006","0.4","0.8","0.533","5.3354127407074"
"1471","21","300","20","erdos_renyi","covar","covar_1","PLN","BIC","0.07","0.7218395","0.453038897025772","0","0",NA,"0","3.83895087242126"
"1472","21","300","20","erdos_renyi","covar","covar_1","ZIPLN","BIC","0.05","0.822501","0.594820856576755","0.011","1","0.75","0.857","3.15353298187256"
"1473","21","300","20","erdos_renyi","covar","covar_1","PLN_ZIvar","BIC","0.07","0.947758","0.476921483788559","0","0",NA,"0","5.16933393478394"
"1474","22","300","20","erdos_renyi","covar","covar_1","PLN","BIC","0.12","0.6634175","0.446508420757096","0.145","0.636","0.212","0.318","4.15284848213196"
"1475","22","300","20","erdos_renyi","covar","covar_1","ZIPLN","BIC","0.06","0.7936435","0.609923381657326","0.017","0.727","0.727","0.727","3.77752780914307"
"1476","22","300","20","erdos_renyi","covar","covar_1","PLN_ZIvar","BIC","0.11","0.8026535","0.477209361127235","0","0.182","1","0.308","4.87821865081787"
"1477","23","300","20","erdos_renyi","covar","covar_1","PLN","BIC","0.13","0.372264","0.4328956126582","0.446","0.308","0.048","0.083","3.37093186378479"
"1478","23","300","20","erdos_renyi","covar","covar_1","ZIPLN","BIC","0.07","0.6482825","0.626756553065567","0.034","0.538","0.538","0.538","2.47033905982971"
"1479","23","300","20","erdos_renyi","covar","covar_1","PLN_ZIvar","BIC","0.12","0.658501","0.476942165890277","0","0.077","1","0.143","3.11722159385681"
"1480","24","300","20","erdos_renyi","covar","covar_1","PLN","BIC","0.11","0.427625","0.417339714320369","0.379","0.375","0.042","0.075","4.20781135559082"
"1481","24","300","20","erdos_renyi","covar","covar_1","ZIPLN","BIC","0.07","0.7754375","0.630280291277777","0","0",NA,"0","3.2917115688324"
"1482","24","300","20","erdos_renyi","covar","covar_1","PLN_ZIvar","BIC","0.11","0.748875","0.458090242380003","0","0",NA,"0","5.38167285919189"
"1483","25","300","20","erdos_renyi","covar","covar_1","PLN","BIC","0.11","0.600832","0.460771645335391","0","0",NA,"0","3.06583213806152"
"1484","25","300","20","erdos_renyi","covar","covar_1","ZIPLN","BIC","0.19","0.691327","0.644788586725107","0","0.111","1","0.2","5.56942558288574"
"1485","25","300","20","erdos_renyi","covar","covar_1","PLN_ZIvar","BIC","0.1","0.686218","0.486209293329814","0","0.111","1","0.2","3.83465671539307"
"1486","26","300","20","erdos_renyi","covar","covar_1","PLN","BIC","0.16","0.3909685","0.407832807040802","0.486","0.385","0.055","0.096","5.30396771430969"
"1487","26","300","20","erdos_renyi","covar","covar_1","ZIPLN","BIC","0.09","0.6101985","0.612083973229101","0","0.385","1","0.556","3.30104541778564"
"1488","26","300","20","erdos_renyi","covar","covar_1","PLN_ZIvar","BIC","0.16","0.7128005","0.440132550231654","0","0",NA,"0","5.3975031375885"
"1489","27","300","20","erdos_renyi","covar","covar_1","PLN","BIC","0.11","0.6785545","0.434313856333149","0","0",NA,"0","4.09986972808838"
"1490","27","300","20","erdos_renyi","covar","covar_1","ZIPLN","BIC","0.06","0.8419085","0.616261557059326","0","0.167","1","0.286","3.13764619827271"
"1491","27","300","20","erdos_renyi","covar","covar_1","PLN_ZIvar","BIC","0.1","0.8385","0.472836799378309","0","0",NA,"0","5.67702412605286"
"1492","28","300","20","erdos_renyi","covar","covar_1","PLN","BIC","0.11","0.4611875","0.482999081666491","0.016","0.25","0.4","0.308","2.80328512191772"
"1493","28","300","20","erdos_renyi","covar","covar_1","ZIPLN","BIC","0.06","0.778875","0.659406809035126","0","0.125","1","0.222","2.48018836975098"
"1494","28","300","20","erdos_renyi","covar","covar_1","PLN_ZIvar","BIC","0.1","0.776625","0.520470059292249","0","0",NA,"0","2.820960521698"
"1495","29","300","20","erdos_renyi","covar","covar_1","PLN","BIC","0.11","0.655792","0.47298541518756","0.273","0.571","0.074","0.131","2.95970273017883"
"1496","29","300","20","erdos_renyi","covar","covar_1","ZIPLN","BIC","0.06","0.642098","0.656415532298508","0","0.429","1","0.6","6.47134494781494"
"1497","29","300","20","erdos_renyi","covar","covar_1","PLN_ZIvar","BIC","0.1","0.71601","0.507181501595549","0.005","0","0","0","3.81009101867676"
"1498","30","300","20","erdos_renyi","covar","covar_1","PLN","BIC","0.1","0.6792825","0.479957769841006","0","0",NA,"0","2.59469103813171"
"1499","30","300","20","erdos_renyi","covar","covar_1","ZIPLN","BIC","0.05","0.610311","0.626394187650774","0.006","0.417","0.833","0.556","3.37483525276184"
"1500","30","300","20","erdos_renyi","covar","covar_1","PLN_ZIvar","BIC","0.1","0.5822625","0.508664309931966","0","0.083","1","0.154","3.40590286254883"
"1501","1","300","20","community","covar","covar_1","PLN","BIC","0.15","0.558262","0.440934357924123","0.303","0.533","0.131","0.211","3.72841358184814"
"1502","1","300","20","community","covar","covar_1","ZIPLN","BIC","0.09","0.745905","0.665087799610642","0","0.333","1","0.5","4.82172131538391"
"1503","1","300","20","community","covar","covar_1","PLN_ZIvar","BIC","0.14","0.5521535","0.489064958544088","0","0.067","1","0.125","4.23753595352173"
"1504","2","300","20","community","covar","covar_1","PLN","BIC","0.11","0.44525","0.446006468231838","0","0",NA,"0","4.37383651733398"
"1505","2","300","20","community","covar","covar_1","ZIPLN","BIC","0.07","0.716","0.662637655198993","0","0.1","1","0.182","6.03116750717163"
"1506","2","300","20","community","covar","covar_1","PLN_ZIvar","BIC","0.1","0.6409","0.487789821006117","0","0",NA,"0","5.36369156837463"
"1507","3","300","20","community","covar","covar_1","PLN","BIC","0.1","0.611024","0.441998204429015","0","0",NA,"0","5.03073906898499"
"1508","3","300","20","community","covar","covar_1","ZIPLN","BIC","0.08","0.685849","0.636717145427544","0.022","0.667","0.6","0.632","6.50394773483276"
"1509","3","300","20","community","covar","covar_1","PLN_ZIvar","BIC","0.1","0.716295","0.483742513878216","0","0",NA,"0","5.94082570075989"
"1510","4","300","20","community","covar","covar_1","PLN","BIC","0.15","0.5101125","0.460652688302983","0.275","0.526","0.175","0.263","2.74982666969299"
"1511","4","300","20","community","covar","covar_1","ZIPLN","BIC","0.07","0.5532265","0.653482330071825","0.041","0.474","0.562","0.514","5.95185136795044"
"1512","4","300","20","community","covar","covar_1","PLN_ZIvar","BIC","0.14","0.7401055","0.487275428655537","0.035","0.526","0.625","0.571","3.12147068977356"
"1513","5","300","20","community","covar","covar_1","PLN","BIC","0.13","0.59645","0.455049369766154","0.122","0.4","0.154","0.222","4.12534713745117"
"1514","5","300","20","community","covar","covar_1","ZIPLN","BIC","0.07","0.68995","0.651442353351763","0.006","0.5","0.833","0.625","5.88294720649719"
"1515","5","300","20","community","covar","covar_1","PLN_ZIvar","BIC","0.12","0.7596","0.48234815279983","0.05","0.6","0.4","0.48","5.81471705436707"
"1516","6","300","20","community","covar","covar_1","PLN","BIC","0.14","0.5019905","0.426579517330733","0","0",NA,"0","4.59448003768921"
"1517","6","300","20","community","covar","covar_1","ZIPLN","BIC","0.08","0.6855315","0.635437001155609","0","0.267","1","0.421","6.13678908348083"
"1518","6","300","20","community","covar","covar_1","PLN_ZIvar","BIC","0.13","0.7563215","0.466447033891956","0","0",NA,"0","6.00866556167603"
"1519","7","300","20","community","covar","covar_1","PLN","BIC","0.12","0.5947215","0.467167320680259","0.279","0.455","0.091","0.152","4.42071390151978"
"1520","7","300","20","community","covar","covar_1","ZIPLN","BIC","0.07","0.649672","0.638803589507794","0.011","0.455","0.714","0.556","11.2791533470154"
"1521","7","300","20","community","covar","covar_1","PLN_ZIvar","BIC","0.11","0.61063","0.503016125053504","0","0.182","1","0.308","6.9466073513031"
"1522","8","300","20","community","covar","covar_1","PLN","BIC","0.13","0.3634115","0.489359479304549","0","0",NA,"0","4.57368111610413"
"1523","8","300","20","community","covar","covar_1","ZIPLN","BIC","0.08","0.7093735","0.644955515725647","0.04","0.615","0.533","0.571","3.61700105667114"
"1524","8","300","20","community","covar","covar_1","PLN_ZIvar","BIC","0.13","0.733335","0.527311757842531","0","0",NA,"0","4.41024565696716"
"1525","9","300","20","community","covar","covar_1","PLN","BIC","0.13","0.67875","0.445089433075232","0.472","0.9","0.096","0.173","4.7467200756073"
"1526","9","300","20","community","covar","covar_1","ZIPLN","BIC","0.11","0.6328","0.641589644420338","0.022","0.9","0.692","0.783","7.20419526100159"
"1527","9","300","20","community","covar","covar_1","PLN_ZIvar","BIC","0.13","0.81","0.485329220019102","0","0",NA,"0","5.50003409385681"
"1528","10","300","20","community","covar","covar_1","PLN","BIC","0.16","0.5581975","0.48977666630716","0","0",NA,"0","3.11546921730042"
"1529","10","300","20","community","covar","covar_1","ZIPLN","BIC","0.12","0.690964","0.66660073647965","0","0",NA,"0","9.82949709892273"
"1530","10","300","20","community","covar","covar_1","PLN_ZIvar","BIC","0.15","0.62415","0.52797187048946","0","0",NA,"0","3.79789042472839"
"1531","11","300","20","community","covar","covar_1","PLN","BIC","0.13","0.490619","0.482293098396013","0.286","0.333","0.091","0.143","4.48051476478577"
"1532","11","300","20","community","covar","covar_1","ZIPLN","BIC","0.07","0.7612885","0.617971755046727","0.034","0.6","0.6","0.6","6.01577830314636"
"1533","11","300","20","community","covar","covar_1","PLN_ZIvar","BIC","0.13","0.7678295","0.510348258836153","0","0.2","1","0.333","5.48624467849731"
"1534","12","300","20","community","covar","covar_1","PLN","BIC","0.09","0.523823","0.405110257717458","0.514","0.714","0.051","0.094","4.41536617279053"
"1535","12","300","20","community","covar","covar_1","ZIPLN","BIC","0.05","0.612378","0.600084304712131","0","0.429","1","0.6","3.07668948173523"
"1536","12","300","20","community","covar","covar_1","PLN_ZIvar","BIC","0.08","0.5905955","0.451671127046042","0","0",NA,"0","5.24788784980774"
"1537","13","300","20","community","covar","covar_1","PLN","BIC","0.13","0.379278","0.483217140142275","0.281","0.167","0.038","0.062","3.47817754745483"
"1538","13","300","20","community","covar","covar_1","ZIPLN","BIC","0.06","0.6253345","0.65331907502765","0.011","0.5","0.75","0.6","8.10040283203125"
"1539","13","300","20","community","covar","covar_1","PLN_ZIvar","BIC","0.12","0.574844","0.516699623617851","0","0",NA,"0","4.08715653419495"
"1540","14","300","20","community","covar","covar_1","PLN","BIC","0.15","0.5384","0.42980994956257","0.381","0.571","0.107","0.18","2.7072536945343"
"1541","14","300","20","community","covar","covar_1","ZIPLN","BIC","0.07","0.6755575","0.655119943684392","0.034","0.5","0.538","0.519","1.96893119812012"
"1542","14","300","20","community","covar","covar_1","PLN_ZIvar","BIC","0.15","0.5893525","0.474372823643425","0","0",NA,"0","3.91219663619995"
"1543","15","300","20","community","covar","covar_1","PLN","BIC","0.12","0.3926875","0.439805184393623","0.297","0.125","0.018","0.032","4.97709178924561"
"1544","15","300","20","community","covar","covar_1","ZIPLN","BIC","0.06","0.755875","0.657753917748334","0","0",NA,"0","3.62736868858337"
"1545","15","300","20","community","covar","covar_1","PLN_ZIvar","BIC","0.11","0.8074375","0.477224266312378","0","0",NA,"0","5.71834373474121"
"1546","16","300","20","community","covar","covar_1","PLN","BIC","0.13","0.4550665","0.471957709759021","0.114","0.214","0.13","0.162","3.21649956703186"
"1547","16","300","20","community","covar","covar_1","ZIPLN","BIC","0.07","0.5689525","0.652336145750096","0.023","0.571","0.667","0.615","3.90193367004395"
"1548","16","300","20","community","covar","covar_1","PLN_ZIvar","BIC","0.13","0.529915","0.50844884019941","0","0.214","1","0.353","5.13831114768982"
"1549","17","300","20","community","covar","covar_1","PLN","BIC","0.13","0.4686995","0.415006083488739","0.391","0.364","0.054","0.094","3.51381397247314"
"1550","17","300","20","community","covar","covar_1","ZIPLN","BIC","0.08","0.567501","0.616549587652107","0","0.364","1","0.533","2.99856853485107"
"1551","17","300","20","community","covar","covar_1","PLN_ZIvar","BIC","0.13","0.636068","0.46629939412724","0","0.091","1","0.167","3.75479578971863"
"1552","18","300","20","community","covar","covar_1","PLN","BIC","0.1","0.4394375","0.470984621933502","0.006","0.111","0.5","0.182","4.18550157546997"
"1553","18","300","20","community","covar","covar_1","ZIPLN","BIC","0.05","0.603268","0.623591909348596","0.006","0.111","0.5","0.182","6.12637042999268"
"1554","18","300","20","community","covar","covar_1","PLN_ZIvar","BIC","0.1","0.7287895","0.502363035648727","0","0.111","1","0.2","4.44418501853943"
"1555","19","300","20","community","covar","covar_1","PLN","BIC","0.11","0.561011","0.422759331990181","0.171","0.222","0.061","0.095","4.9018223285675"
"1556","19","300","20","community","covar","covar_1","ZIPLN","BIC","0.07","0.7890475","0.613340993855581","0","0",NA,"0","6.00706624984741"
"1557","19","300","20","community","covar","covar_1","PLN_ZIvar","BIC","0.11","0.7338365","0.458219119671064","0","0",NA,"0","5.77839756011963"
"1558","20","300","20","community","covar","covar_1","PLN","BIC","0.12","0.48325","0.45003842856833","0","0",NA,"0","2.86930298805237"
"1559","20","300","20","community","covar","covar_1","ZIPLN","BIC","0.08","0.53695","0.629418436524922","0","0.1","1","0.182","2.42149639129639"
"1560","20","300","20","community","covar","covar_1","PLN_ZIvar","BIC","0.11","0.5201","0.482562162573281","0","0",NA,"0","2.82727098464966"
"1561","21","300","20","community","covar","covar_1","PLN","BIC","0.16","0.4825445","0.455816857492342","0.432","0.429","0.073","0.125","4.79258012771606"
"1562","21","300","20","community","covar","covar_1","ZIPLN","BIC","0.1","0.767397","0.642609508763814","0","0",NA,"0","10.9955806732178"
"1563","21","300","20","community","covar","covar_1","PLN_ZIvar","BIC","0.15","0.599359","0.500677939037453","0","0",NA,"0","6.019526720047"
"1564","22","300","20","community","covar","covar_1","PLN","BIC","0.14","0.444125","0.446907275777324","0.247","0.35","0.143","0.203","4.72348666191101"
"1565","22","300","20","community","covar","covar_1","ZIPLN","BIC","0.08","0.727025","0.632709496855381","0","0",NA,"0","7.57277345657349"
"1566","22","300","20","community","covar","covar_1","PLN_ZIvar","BIC","0.14","0.6434","0.486779810223705","0","0",NA,"0","5.97485399246216"
"1567","23","300","20","community","covar","covar_1","PLN","BIC","0.1","0.4955","0.466354579610814","0","0.125","1","0.222","4.12743473052979"
"1568","23","300","20","community","covar","covar_1","ZIPLN","BIC","0.07","0.624375","0.614206089276883","0.016","0.5","0.571","0.533","4.12907886505127"
"1569","23","300","20","community","covar","covar_1","PLN_ZIvar","BIC","0.09","0.7496875","0.491104645114107","0","0",NA,"0","5.439701795578"
"1570","24","300","20","community","covar","covar_1","PLN","BIC","0.12","0.5110605","0.457177157800835","0.304","0.556","0.083","0.145","4.81579399108887"
"1571","24","300","20","community","covar","covar_1","ZIPLN","BIC","0.06","0.7738355","0.642373730923172","0.011","0.444","0.667","0.533","4.82115054130554"
"1572","24","300","20","community","covar","covar_1","PLN_ZIvar","BIC","0.11","0.786975","0.493434797415477","0","0.111","1","0.2","6.38279366493225"
"1573","25","300","20","community","covar","covar_1","PLN","BIC","0.15","0.604207","0.440827477237133","0","0",NA,"0","3.40810680389404"
"1574","25","300","20","community","covar","covar_1","ZIPLN","BIC","0.08","0.715668","0.600681922834216","0.04","0.714","0.588","0.645","2.57072949409485"
"1575","25","300","20","community","covar","covar_1","PLN_ZIvar","BIC","0.14","0.759522","0.478890241837969","0","0",NA,"0","3.22379541397095"
"1576","26","300","20","community","covar","covar_1","PLN","BIC","0.11","0.5733125","0.472415828382073","0.407","0.625","0.063","0.115","2.69825434684753"
"1577","26","300","20","community","covar","covar_1","ZIPLN","BIC","0.06","0.8169375","0.663421601703171","0","0",NA,"0","4.35664796829224"
"1578","26","300","20","community","covar","covar_1","PLN_ZIvar","BIC","0.1","0.7273125","0.508242040520514","0","0",NA,"0","4.22767901420593"
"1579","27","300","20","community","covar","covar_1","PLN","BIC","0.16","0.5362365","0.458376701501743","0.243","0.412","0.143","0.212","2.27282166481018"
"1580","27","300","20","community","covar","covar_1","ZIPLN","BIC","0.09","0.607312","0.620874369669983","0.052","0.647","0.55","0.595","3.02543711662292"
"1581","27","300","20","community","covar","covar_1","PLN_ZIvar","BIC","0.15","0.77066","0.491511900492006","0.035","0.529","0.6","0.562","3.00079655647278"
"1582","28","300","20","community","covar","covar_1","PLN","BIC","0.14","0.510308","0.43949849194502","0","0",NA,"0","3.32601451873779"
"1583","28","300","20","community","covar","covar_1","ZIPLN","BIC","0.07","0.6546275","0.610299731334855","0.028","0.643","0.643","0.643","4.47602844238281"
"1584","28","300","20","community","covar","covar_1","PLN_ZIvar","BIC","0.13","0.7675765","0.478842537641397","0","0.071","1","0.133","4.46986389160156"
"1585","29","300","20","community","covar","covar_1","PLN","BIC","0.12","0.550506","0.42537508386845","0","0",NA,"0","5.09272170066833"
"1586","29","300","20","community","covar","covar_1","ZIPLN","BIC","0.08","0.758758","0.624363385277161","0","0",NA,"0","3.95470380783081"
"1587","29","300","20","community","covar","covar_1","PLN_ZIvar","BIC","0.11","0.7743095","0.46403949283387","0","0.364","1","0.533","6.18278884887695"
"1588","30","300","20","community","covar","covar_1","PLN","BIC","0.12","0.461735","0.404907138077102","0.374","0.636","0.095","0.165","2.94407677650452"
"1589","30","300","20","community","covar","covar_1","ZIPLN","BIC","0.06","0.6739905","0.604600591494545","0","0.273","1","0.429","4.47068929672241"
"1590","30","300","20","community","covar","covar_1","PLN_ZIvar","BIC","0.12","0.7312715","0.450160671904386","0","0",NA,"0","3.33369970321655"
"1591","1","300","20","preferential_attachment","covar","covar_1","PLN","BIC","0.16","0.4326485","0.502120629756","0.333","0.316","0.095","0.146","4.21661925315857"
"1592","1","300","20","preferential_attachment","covar","covar_1","ZIPLN","BIC","0.1","0.6439545","0.666665708672447","0","0",NA,"0","7.40394115447998"
"1593","1","300","20","preferential_attachment","covar","covar_1","PLN_ZIvar","BIC","0.16","0.6199005","0.529621471797069","0","0",NA,"0","5.84380221366882"
"1594","2","300","20","preferential_attachment","covar","covar_1","PLN","BIC","0.2","0.5021","0.477247992982975","0","0",NA,"0","4.77576446533203"
"1595","2","300","20","preferential_attachment","covar","covar_1","ZIPLN","BIC","0.1","0.776484","0.691199156578046","0.035","0.474","0.6","0.529","3.23611259460449"
"1596","2","300","20","preferential_attachment","covar","covar_1","PLN_ZIvar","BIC","0.19","0.521559","0.519824075575536","0","0",NA,"0","4.23132252693176"
"1597","3","300","20","preferential_attachment","covar","covar_1","PLN","BIC","0.15","0.4232575","0.492969870934929","0.25","0.167","0.065","0.094","3.96918296813965"
"1598","3","300","20","preferential_attachment","covar","covar_1","ZIPLN","BIC","0.08","0.6398825","0.680510485923737","0.012","0.333","0.75","0.462","11.5608098506927"
"1599","3","300","20","preferential_attachment","covar","covar_1","PLN_ZIvar","BIC","0.14","0.6133595","0.52519982599866","0","0",NA,"0","4.95921874046326"
"1600","4","300","20","preferential_attachment","covar","covar_1","PLN","BIC","0.16","0.4365415","0.528883972239412","0.129","0.158","0.12","0.136","4.28242373466492"
"1601","4","300","20","preferential_attachment","covar","covar_1","ZIPLN","BIC","0.09","0.603743","0.721158371206401","0","0",NA,"0","6.34638833999634"
"1602","4","300","20","preferential_attachment","covar","covar_1","PLN_ZIvar","BIC","0.15","0.4401815","0.562804834349089","0","0",NA,"0","5.17956376075745"
"1603","5","300","20","preferential_attachment","covar","covar_1","PLN","BIC","0.18","0.4945925","0.522025915325973","0.18","0.167","0.088","0.115","4.14852833747864"
"1604","5","300","20","preferential_attachment","covar","covar_1","ZIPLN","BIC","0.11","0.67061","0.66041567049891","0.041","0.556","0.588","0.571","7.35362029075623"
"1605","5","300","20","preferential_attachment","covar","covar_1","PLN_ZIvar","BIC","0.18","0.722145","0.563133371377079","0","0",NA,"0","5.07131791114807"
"1606","6","300","20","preferential_attachment","covar","covar_1","PLN","BIC","0.17","0.501543","0.472185228621132","0.25","0.278","0.104","0.152","4.66829013824463"
"1607","6","300","20","preferential_attachment","covar","covar_1","ZIPLN","BIC","0.1","0.658913","0.644562420084622","0.012","0.278","0.714","0.4","9.68469452857971"
"1608","6","300","20","preferential_attachment","covar","covar_1","PLN_ZIvar","BIC","0.16","0.6740835","0.509614238738421","0","0",NA,"0","4.81907057762146"
"1609","7","300","20","preferential_attachment","covar","covar_1","PLN","BIC","0.18","0.504649","0.443822612464449","0.322","0.368","0.113","0.173","3.92638897895813"
"1610","7","300","20","preferential_attachment","covar","covar_1","ZIPLN","BIC","0.08","0.596976","0.665894240472763","0.076","0.632","0.48","0.545","4.62913250923157"
"1611","7","300","20","preferential_attachment","covar","covar_1","PLN_ZIvar","BIC","0.18","0.7158995","0.492109237085611","0","0",NA,"0","4.40875959396362"
"1612","8","300","20","preferential_attachment","covar","covar_1","PLN","BIC","0.19","0.455766","0.480656916571238","0.421","0.474","0.111","0.18","3.26101303100586"
"1613","8","300","20","preferential_attachment","covar","covar_1","ZIPLN","BIC","0.12","0.6827745","0.683054830546535","0","0",NA,"0","2.93187570571899"
"1614","8","300","20","preferential_attachment","covar","covar_1","PLN_ZIvar","BIC","0.18","0.6793765","0.514876170008722","0","0",NA,"0","4.40025997161865"
"1615","9","300","20","preferential_attachment","covar","covar_1","PLN","BIC","0.18","0.4049315","0.428554695827721","0.491","0.421","0.087","0.144","4.6108455657959"
"1616","9","300","20","preferential_attachment","covar","covar_1","ZIPLN","BIC","0.09","0.629814","0.669588769282849","0.023","0.368","0.636","0.467","5.03807663917542"
"1617","9","300","20","preferential_attachment","covar","covar_1","PLN_ZIvar","BIC","0.17","0.626411","0.468713834641174","0","0",NA,"0","4.94244527816772"
"1618","10","300","20","preferential_attachment","covar","covar_1","PLN","BIC","0.18","0.574202","0.51263844537465","0","0",NA,"0","3.51319003105164"
"1619","10","300","20","preferential_attachment","covar","covar_1","ZIPLN","BIC","0.09","0.671497","0.691952253627793","0.053","0.579","0.55","0.564","4.34830355644226"
"1620","10","300","20","preferential_attachment","covar","covar_1","PLN_ZIvar","BIC","0.17","0.673257","0.548422060949094","0","0.105","1","0.19","4.93640208244324"
"1621","11","300","20","preferential_attachment","covar","covar_1","PLN","BIC","0.18","0.4496965","0.469085882448598","0.427","0.368","0.088","0.141","4.63509321212769"
"1622","11","300","20","preferential_attachment","covar","covar_1","ZIPLN","BIC","0.11","0.6308265","0.635948631474654","0.018","0.421","0.727","0.533","6.74478721618652"
"1623","11","300","20","preferential_attachment","covar","covar_1","PLN_ZIvar","BIC","0.17","0.7267115","0.513922381176148","0","0",NA,"0","5.26652193069458"
"1624","12","300","20","preferential_attachment","covar","covar_1","PLN","BIC","0.18","0.440572","0.454991463656231","0","0",NA,"0","5.36310458183289"
"1625","12","300","20","preferential_attachment","covar","covar_1","ZIPLN","BIC","0.11","0.752291","0.66993554840817","0","0.263","1","0.417","6.3005690574646"
"1626","12","300","20","preferential_attachment","covar","covar_1","PLN_ZIvar","BIC","0.17","0.748686","0.491371091649049","0","0",NA,"0","6.96095705032349"
"1627","13","300","20","preferential_attachment","covar","covar_1","PLN","BIC","0.18","0.4036905","0.431598515367091","0.55","0.579","0.105","0.177","4.22718453407288"
"1628","13","300","20","preferential_attachment","covar","covar_1","ZIPLN","BIC","0.07","0.6494515","0.694319511091131","0.088","0.789","0.5","0.612","3.92235064506531"
"1629","13","300","20","preferential_attachment","covar","covar_1","PLN_ZIvar","BIC","0.18","0.6464265","0.487727094315452","0","0",NA,"0","5.01634836196899"
"1630","14","300","20","preferential_attachment","covar","covar_1","PLN","BIC","0.17","0.466808","0.502172606521784","0.263","0.316","0.118","0.171","2.16648602485657"
"1631","14","300","20","preferential_attachment","covar","covar_1","ZIPLN","BIC","0.1","0.705212","0.712129597575354","0.023","0.579","0.733","0.647","5.91798806190491"
"1632","14","300","20","preferential_attachment","covar","covar_1","PLN_ZIvar","BIC","0.16","0.608544","0.541647345441339","0","0",NA,"0","2.83987784385681"
"1633","15","300","20","preferential_attachment","covar","covar_1","PLN","BIC","0.19","0.4847595","0.422022775683243","0.427","0.632","0.141","0.231","4.39720559120178"
"1634","15","300","20","preferential_attachment","covar","covar_1","ZIPLN","BIC","0.08","0.737713","0.623062383321601","0.135","0.789","0.395","0.526","4.25689339637756"
"1635","15","300","20","preferential_attachment","covar","covar_1","PLN_ZIvar","BIC","0.18","0.678588","0.484875107488247","0","0",NA,"0","4.78598356246948"
"1636","16","300","20","preferential_attachment","covar","covar_1","PLN","BIC","0.17","0.5675615","0.491357781210572","0","0",NA,"0","3.72222232818604"
"1637","16","300","20","preferential_attachment","covar","covar_1","ZIPLN","BIC","0.12","0.711003","0.664864792380679","0","0.333","1","0.5","11.9247508049011"
"1638","16","300","20","preferential_attachment","covar","covar_1","PLN_ZIvar","BIC","0.16","0.78935","0.518850716118791","0","0",NA,"0","5.05141592025757"
"1639","17","300","20","preferential_attachment","covar","covar_1","PLN","BIC","0.19","0.4607845","0.496150537754839","0.035","0.053","0.143","0.077","4.68296885490417"
"1640","17","300","20","preferential_attachment","covar","covar_1","ZIPLN","BIC","0.1","0.7014745","0.679909003578236","0.023","0.579","0.733","0.647","9.09285140037537"
"1641","17","300","20","preferential_attachment","covar","covar_1","PLN_ZIvar","BIC","0.18","0.665182","0.534514742941399","0","0.053","1","0.1","4.33473300933838"
"1642","18","300","20","preferential_attachment","covar","covar_1","PLN","BIC","0.17","0.5649985","0.46011229583499","0.409","0.632","0.146","0.238","3.7507107257843"
"1643","18","300","20","preferential_attachment","covar","covar_1","ZIPLN","BIC","0.1","0.576339","0.61379524644034","0.088","0.895","0.531","0.667","4.88660502433777"
"1644","18","300","20","preferential_attachment","covar","covar_1","PLN_ZIvar","BIC","0.17","0.717025","0.492458634549011","0","0.053","1","0.1","5.39019536972046"
"1645","19","300","20","preferential_attachment","covar","covar_1","PLN","BIC","0.19","0.419745","0.445506916748119","0.532","0.579","0.108","0.182","4.51003360748291"
"1646","19","300","20","preferential_attachment","covar","covar_1","ZIPLN","BIC","0.1","0.671623","0.676006018411787","0.029","0.474","0.643","0.545","2.90968322753906"
"1647","19","300","20","preferential_attachment","covar","covar_1","PLN_ZIvar","BIC","0.19","0.62984","0.486680230672325","0","0",NA,"0","4.54833483695984"
"1648","20","300","20","preferential_attachment","covar","covar_1","PLN","BIC","0.17","0.5692255","0.475386407189218","0.129","0.316","0.214","0.255","2.3123791217804"
"1649","20","300","20","preferential_attachment","covar","covar_1","ZIPLN","BIC","0.1","0.4942575","0.64462599944722","0.012","0.158","0.6","0.25","4.67855191230774"
"1650","20","300","20","preferential_attachment","covar","covar_1","PLN_ZIvar","BIC","0.16","0.769949","0.509478069095215","0","0.105","1","0.19","2.76552867889404"
"1651","21","300","20","preferential_attachment","covar","covar_1","PLN","BIC","0.17","0.5543425","0.453884452236051","0.363","0.474","0.127","0.2","5.07422947883606"
"1652","21","300","20","preferential_attachment","covar","covar_1","ZIPLN","BIC","0.11","0.727288","0.659813311779027","0","0.158","1","0.273","7.33089566230774"
"1653","21","300","20","preferential_attachment","covar","covar_1","PLN_ZIvar","BIC","0.16","0.740738","0.495235666804216","0.053","0.526","0.526","0.526","6.94722056388855"
"1654","22","300","20","preferential_attachment","covar","covar_1","PLN","BIC","0.18","0.5234515","0.44934911090597","0.314","0.444","0.129","0.2","4.73181438446045"
"1655","22","300","20","preferential_attachment","covar","covar_1","ZIPLN","BIC","0.12","0.5896955","0.680462360995394","0.017","0.5","0.75","0.6","4.38427829742432"
"1656","22","300","20","preferential_attachment","covar","covar_1","PLN_ZIvar","BIC","0.17","0.6733845","0.493427668434308","0","0",NA,"0","5.55081963539124"
"1657","23","300","20","preferential_attachment","covar","covar_1","PLN","BIC","0.17","0.520715","0.507594338602487","0.135","0.368","0.233","0.286","3.39549827575684"
"1658","23","300","20","preferential_attachment","covar","covar_1","ZIPLN","BIC","0.08","0.661207","0.700878807221379","0.181","0.789","0.326","0.462","4.6807234287262"
"1659","23","300","20","preferential_attachment","covar","covar_1","PLN_ZIvar","BIC","0.16","0.71983","0.548860897022698","0","0",NA,"0","4.14850425720215"
"1660","24","300","20","preferential_attachment","covar","covar_1","PLN","BIC","0.18","0.48455","0.477745289443398","0.357","0.421","0.116","0.182","2.9935290813446"
"1661","24","300","20","preferential_attachment","covar","covar_1","ZIPLN","BIC","0.09","0.5813","0.69491105321201","0.023","0.263","0.556","0.357","3.31120252609253"
"1662","24","300","20","preferential_attachment","covar","covar_1","PLN_ZIvar","BIC","0.17","0.738867","0.524035631839101","0","0",NA,"0","3.36466884613037"
"1663","25","300","20","preferential_attachment","covar","covar_1","PLN","BIC","0.17","0.413996","0.50014177653722","0","0",NA,"0","2.8743577003479"
"1664","25","300","20","preferential_attachment","covar","covar_1","ZIPLN","BIC","0.1","0.7449195","0.671878196063258","0.006","0.158","0.75","0.261","4.62104082107544"
"1665","25","300","20","preferential_attachment","covar","covar_1","PLN_ZIvar","BIC","0.16","0.5859505","0.530333427622015","0","0",NA,"0","3.20049691200256"
"1666","26","300","20","preferential_attachment","covar","covar_1","PLN","BIC","0.17","0.48828","0.501587126067686","0.357","0.474","0.129","0.202","2.86358046531677"
"1667","26","300","20","preferential_attachment","covar","covar_1","ZIPLN","BIC","0.09","0.635225","0.716058871519011","0.023","0.474","0.692","0.562","2.54693102836609"
"1668","26","300","20","preferential_attachment","covar","covar_1","PLN_ZIvar","BIC","0.16","0.639993","0.551712328911246","0","0",NA,"0","3.6163330078125"
"1669","27","300","20","preferential_attachment","covar","covar_1","PLN","BIC","0.18","0.5941545","0.501766236714809","0","0",NA,"0","2.4923403263092"
"1670","27","300","20","preferential_attachment","covar","covar_1","ZIPLN","BIC","0.09","0.7087265","0.662033487496558","0.099","0.684","0.433","0.531","4.91787958145142"
"1671","27","300","20","preferential_attachment","covar","covar_1","PLN_ZIvar","BIC","0.17","0.698504","0.534777590850308","0","0",NA,"0","2.94305038452148"
"1672","28","300","20","preferential_attachment","covar","covar_1","PLN","BIC","0.19","0.494131","0.48946713877711","0.433","0.474","0.108","0.176","4.73160028457642"
"1673","28","300","20","preferential_attachment","covar","covar_1","ZIPLN","BIC","0.11","0.551161","0.721518292272676","0.047","0.316","0.429","0.364","6.41533994674683"
"1674","28","300","20","preferential_attachment","covar","covar_1","PLN_ZIvar","BIC","0.18","0.674617","0.528707880604841","0.012","0.158","0.6","0.25","4.51959919929504"
"1675","29","300","20","preferential_attachment","covar","covar_1","PLN","BIC","0.17","0.454061","0.432327556326304","0","0",NA,"0","3.96096277236938"
"1676","29","300","20","preferential_attachment","covar","covar_1","ZIPLN","BIC","0.1","0.738614","0.637249751978394","0.012","0.579","0.846","0.688","2.1543664932251"
"1677","29","300","20","preferential_attachment","covar","covar_1","PLN_ZIvar","BIC","0.16","0.7085195","0.473421016495573","0","0",NA,"0","3.67636680603027"
"1678","30","300","20","preferential_attachment","covar","covar_1","PLN","BIC","0.17","0.4600945","0.435284223591221","0.433","0.421","0.098","0.158","3.08819723129272"
"1679","30","300","20","preferential_attachment","covar","covar_1","ZIPLN","BIC","0.1","0.5153135","0.640412931902269","0.029","0.474","0.643","0.545","2.47031593322754"
"1680","30","300","20","preferential_attachment","covar","covar_1","PLN_ZIvar","BIC","0.16","0.648935","0.479651557035643","0","0",NA,"0","3.77934646606445"
"1681","1","300","20","erdos_renyi","covar","covar_2","PLN","BIC","0.11","0.1656115","0.389112497676338","0.603","0.333","0.018","0.034","7.30016994476318"
"1682","1","300","20","erdos_renyi","covar","covar_2","ZIPLN","BIC","0.06","0.7665325","0.587107229751448","0","0",NA,"0","3.75649690628052"
"1683","1","300","20","erdos_renyi","covar","covar_2","PLN_ZIvar","BIC","0.1","0.8873605","0.473677140692862","0","0",NA,"0","9.72078442573547"
"1684","2","300","20","erdos_renyi","covar","covar_2","PLN","BIC","0.11","0.411123","0.408459581665046","0.414","0.667","0.074","0.133","6.99154925346375"
"1685","2","300","20","erdos_renyi","covar","covar_2","ZIPLN","BIC","0.07","0.72713","0.589298522319474","0.011","0.222","0.5","0.308","7.09127426147461"
"1686","2","300","20","erdos_renyi","covar","covar_2","PLN_ZIvar","BIC","0.1","0.823863","0.474267310772235","0","0",NA,"0","6.93035483360291"
"1687","3","300","20","erdos_renyi","covar","covar_2","PLN","BIC","0.14","0.3051545","0.443206914114018","0.492","0.333","0.033","0.059","7.2270085811615"
"1688","3","300","20","erdos_renyi","covar","covar_2","ZIPLN","BIC","0.08","0.6577015","0.62863321802573","0","0.444","1","0.615","3.49092197418213"
"1689","3","300","20","erdos_renyi","covar","covar_2","PLN_ZIvar","BIC","0.12","0.8258555","0.517757970950416","0","0",NA,"0","8.78386855125427"
"1690","4","300","20","erdos_renyi","covar","covar_2","PLN","BIC","0.14","0.290502","0.407925485467018","0.444","0.5","0.071","0.124","9.82809710502625"
"1691","4","300","20","erdos_renyi","covar","covar_2","ZIPLN","BIC","0.08","0.7158645","0.580381239979028","0.006","0.417","0.833","0.556","8.59728956222534"
"1692","4","300","20","erdos_renyi","covar","covar_2","PLN_ZIvar","BIC","0.13","0.79316","0.485380179603059","0","0",NA,"0","15.269558429718"
"1693","5","300","20","erdos_renyi","covar","covar_2","PLN","BIC","0.08","0.460776","0.396387980460871","0.571","0.833","0.045","0.086","5.93525457382202"
"1694","5","300","20","erdos_renyi","covar","covar_2","ZIPLN","BIC","0.05","0.449104","0.574519019472953","0","0.167","1","0.286","4.97701621055603"
"1695","5","300","20","erdos_renyi","covar","covar_2","PLN_ZIvar","BIC","0.06","0.7872635","0.466706114029261","0.016","0.333","0.4","0.364","9.60823822021484"
"1696","6","300","20","erdos_renyi","covar","covar_2","PLN","BIC","0.14","0.2881115","0.415881850508876","0.427","0.333","0.05","0.087","2.99180817604065"
"1697","6","300","20","erdos_renyi","covar","covar_2","ZIPLN","BIC","0.14","0.619176","0.614401186124758","0.045","0.417","0.385","0.4","6.13346552848816"
"1698","6","300","20","erdos_renyi","covar","covar_2","PLN_ZIvar","BIC","0.12","0.797497","0.530623708602358","0.006","0.083","0.5","0.143","3.53762245178223"
"1699","7","300","20","erdos_renyi","covar","covar_2","PLN","BIC","0.1","0.171175","0.382228888597014","0.565","0.5","0.028","0.053","6.93341279029846"
"1700","7","300","20","erdos_renyi","covar","covar_2","ZIPLN","BIC","0.06","0.779749","0.555077137488488","0","0.333","1","0.5","2.0112636089325"
"1701","7","300","20","erdos_renyi","covar","covar_2","PLN_ZIvar","BIC","0.08","0.9214085","0.467931438398664","0","0",NA,"0","8.72451233863831"
"1702","8","300","20","erdos_renyi","covar","covar_2","PLN","BIC","0.15","0.2374595","0.417786870093211","0.475","0.462","0.067","0.117","9.32270812988281"
"1703","8","300","20","erdos_renyi","covar","covar_2","ZIPLN","BIC","0.09","0.709747","0.619326182013906","0.006","0.385","0.833","0.526","7.69285607337952"
"1704","8","300","20","erdos_renyi","covar","covar_2","PLN_ZIvar","BIC","0.14","0.7043155","0.492924539003167","0.011","0.385","0.714","0.5","9.76106286048889"
"1705","9","300","20","erdos_renyi","covar","covar_2","PLN","BIC","0.1","0.283","0.361805020988517","0.61","0.75","0.051","0.096","6.61085414886475"
"1706","9","300","20","erdos_renyi","covar","covar_2","ZIPLN","BIC","0.05","0.646125","0.537175439820341","0","0",NA,"0","2.95008492469788"
"1707","9","300","20","erdos_renyi","covar","covar_2","PLN_ZIvar","BIC","0.08","0.4803125","0.443932405555834","0","0",NA,"0","16.2239146232605"
"1708","10","300","20","erdos_renyi","covar","covar_2","PLN","BIC","0.11","0.2550625","0.343684406447663","0.588","0.5","0.036","0.067","9.23532629013062"
"1709","10","300","20","erdos_renyi","covar","covar_2","ZIPLN","BIC","0.06","0.7841875","0.537158178828265","0","0",NA,"0","9.45369076728821"
"1710","10","300","20","erdos_renyi","covar","covar_2","PLN_ZIvar","BIC","0.09","0.6195625","0.428947293910026","0","0",NA,"0","16.1973781585693"
"1711","11","300","20","erdos_renyi","covar","covar_2","PLN","BIC","0.15","0.37055","0.405914742490333","0.428","0.5","0.061","0.109","8.5618040561676"
"1712","11","300","20","erdos_renyi","covar","covar_2","ZIPLN","BIC","0.11","0.556","0.630798524061363","0","0.1","1","0.182","5.66969776153564"
"1713","11","300","20","erdos_renyi","covar","covar_2","PLN_ZIvar","BIC","0.13","0.5867","0.495861187556286","0","0",NA,"0","12.5575261116028"
"1714","12","300","20","erdos_renyi","covar","covar_2","PLN","BIC","0.1","0.1281125","0.40893678864099","0.538","0.333","0.02","0.037","5.46208643913269"
"1715","12","300","20","erdos_renyi","covar","covar_2","ZIPLN","BIC","0.04","0.7383475","0.584420794880592","0","0",NA,"0","3.60654473304749"
"1716","12","300","20","erdos_renyi","covar","covar_2","PLN_ZIvar","BIC","0.08","0.643826","0.479297855502918","0","0",NA,"0","9.60338377952576"
"1717","13","300","20","erdos_renyi","covar","covar_2","PLN","BIC","0.14","0.260906","0.386166606910303","0.603","0.636","0.061","0.111","8.13315415382385"
"1718","13","300","20","erdos_renyi","covar","covar_2","ZIPLN","BIC","0.11","0.7464345","0.60290335644481","0.011","0.273","0.6","0.375","3.54731822013855"
"1719","13","300","20","erdos_renyi","covar","covar_2","PLN_ZIvar","BIC","0.12","0.731087","0.467200667369042","0","0.091","1","0.167","15.9593431949615"
"1720","14","300","20","erdos_renyi","covar","covar_2","PLN","BIC","0.12","0.3155355","0.411189733155867","0.326","0.333","0.048","0.085","9.65578937530518"
"1721","14","300","20","erdos_renyi","covar","covar_2","ZIPLN","BIC","0.06","0.655427","0.570018433107417","0.011","0.444","0.667","0.533","5.23786783218384"
"1722","14","300","20","erdos_renyi","covar","covar_2","PLN_ZIvar","BIC","0.11","0.5890965","0.483380692137401","0","0",NA,"0","6.62803554534912"
"1723","15","300","20","erdos_renyi","covar","covar_2","PLN","BIC","0.12","0.290331","0.406138818137491","0.53","0.222","0.02","0.037","6.8523998260498"
"1724","15","300","20","erdos_renyi","covar","covar_2","ZIPLN","BIC","0.06","0.6911905","0.585855236608793","0","0.111","1","0.2","10.8254480361938"
"1725","15","300","20","erdos_renyi","covar","covar_2","PLN_ZIvar","BIC","0.1","0.8169845","0.476347644109855","0","0.111","1","0.2","9.15738534927368"
"1726","16","300","20","erdos_renyi","covar","covar_2","PLN","BIC","0.1","0.164035","0.408991154166903","0.47","0.143","0.011","0.021","6.5543360710144"
"1727","16","300","20","erdos_renyi","covar","covar_2","ZIPLN","BIC","0.06","0.768094","0.597877224302532","0","0",NA,"0","4.36687660217285"
"1728","16","300","20","erdos_renyi","covar","covar_2","PLN_ZIvar","BIC","0.08","0.735226","0.490120409815156","0","0",NA,"0","13.9624907970428"
"1729","17","300","20","erdos_renyi","covar","covar_2","PLN","BIC","0.1","0.310268","0.454937093177852","0.527","0.667","0.04","0.075","8.11960744857788"
"1730","17","300","20","erdos_renyi","covar","covar_2","ZIPLN","BIC","0.06","0.763568","0.592981469767441","0","0.333","1","0.5","8.82365655899048"
"1731","17","300","20","erdos_renyi","covar","covar_2","PLN_ZIvar","BIC","0.09","0.7126655","0.51009076256456","0","0",NA,"0","6.6195273399353"
"1732","18","300","20","erdos_renyi","covar","covar_2","PLN","BIC","0.11","0.3161715","0.420044332556859","0.403","0.222","0.027","0.048","8.76478791236877"
"1733","18","300","20","erdos_renyi","covar","covar_2","ZIPLN","BIC","0.06","0.7766305","0.59647847311506","0","0",NA,"0","1.90312361717224"
"1734","18","300","20","erdos_renyi","covar","covar_2","PLN_ZIvar","BIC","0.1","0.889894","0.482995690598007","0","0",NA,"0","7.68664717674255"
"1735","19","300","20","erdos_renyi","covar","covar_2","PLN","BIC","0.13","0.257","0.436567193195704","0.567","0.6","0.056","0.102","6.12961292266846"
"1736","19","300","20","erdos_renyi","covar","covar_2","ZIPLN","BIC","0.07","0.6862","0.611300838344187","0","0.4","1","0.571","4.3818895816803"
"1737","19","300","20","erdos_renyi","covar","covar_2","PLN_ZIvar","BIC","0.12","0.6072","0.49873367760627","0","0.2","1","0.333","9.60044956207275"
"1738","20","300","20","erdos_renyi","covar","covar_2","PLN","BIC","0.11","0.2765","0.415348423839504","0.508","0.6","0.031","0.059","7.39315843582153"
"1739","20","300","20","erdos_renyi","covar","covar_2","ZIPLN","BIC","0.06","0.5748","0.596742976594071","0","0.6","1","0.75","4.44456648826599"
"1740","20","300","20","erdos_renyi","covar","covar_2","PLN_ZIvar","BIC","0.09","0.7881","0.479369569272618","0.011","0.4","0.5","0.444","6.47970461845398"
"1741","21","300","20","erdos_renyi","covar","covar_2","PLN","BIC","0.14","0.171717","0.40087374195702","0.691","0.667","0.061","0.112","9.29605269432068"
"1742","21","300","20","erdos_renyi","covar","covar_2","ZIPLN","BIC","0.08","0.6074445","0.582822716495978","0","0.333","1","0.5","4.1145453453064"
"1743","21","300","20","erdos_renyi","covar","covar_2","PLN_ZIvar","BIC","0.13","0.687842","0.474346847434576","0.017","0.417","0.625","0.5","17.3419072628021"
"1744","22","300","20","erdos_renyi","covar","covar_2","PLN","BIC","0.08","0.2454","0.365393241926604","0.33","0.4","0.032","0.059","6.24979710578918"
"1745","22","300","20","erdos_renyi","covar","covar_2","ZIPLN","BIC","0.07","0.8152","0.536990462553798","0","0",NA,"0","3.57946991920471"
"1746","22","300","20","erdos_renyi","covar","covar_2","PLN_ZIvar","BIC","0.07","0.7628","0.440867894286091","0","0",NA,"0","4.67075610160828"
"1747","23","300","20","erdos_renyi","covar","covar_2","PLN","BIC","0.11","0.279125","0.420537738381584","0.538","0.5","0.039","0.073","10.0371243953705"
"1748","23","300","20","erdos_renyi","covar","covar_2","ZIPLN","BIC","0.05","0.4925625","0.602037825721428","0.016","0.5","0.571","0.533","8.7370810508728"
"1749","23","300","20","erdos_renyi","covar","covar_2","PLN_ZIvar","BIC","0.09","0.6325","0.491080715920999","0","0.5","1","0.667","11.4687337875366"
"1750","24","300","20","erdos_renyi","covar","covar_2","PLN","BIC","0.09","0.3195995","0.380516387431569","0.663","0.667","0.032","0.061","10.3729753494263"
"1751","24","300","20","erdos_renyi","covar","covar_2","ZIPLN","BIC","0.04","0.4525235","0.550886208918347","0","0",NA,"0","2.00692462921143"
"1752","24","300","20","erdos_renyi","covar","covar_2","PLN_ZIvar","BIC","0.07","0.602172","0.457171721332015","0","0",NA,"0","10.1142160892487"
"1753","25","300","20","erdos_renyi","covar","covar_2","PLN","BIC","0.11","0.1903125","0.392994100886939","0.544","0.5","0.039","0.072","9.22883582115173"
"1754","25","300","20","erdos_renyi","covar","covar_2","ZIPLN","BIC","0.08","0.484125","0.568601830911063","0","0",NA,"0","4.67344880104065"
"1755","25","300","20","erdos_renyi","covar","covar_2","PLN_ZIvar","BIC","0.1","0.6959375","0.467712242917416","0","0",NA,"0","14.5472738742828"
"1756","26","300","20","erdos_renyi","covar","covar_2","PLN","BIC","0.1","0.3128595","0.412916908825791","0.391","0.5","0.04","0.074","8.2805335521698"
"1757","26","300","20","erdos_renyi","covar","covar_2","ZIPLN","BIC","0.06","0.611886","0.591097949028832","0.005","0.5","0.75","0.6","8.33546018600464"
"1758","26","300","20","erdos_renyi","covar","covar_2","PLN_ZIvar","BIC","0.08","0.6528875","0.484669114571922","0.011","0.5","0.6","0.545","9.83913111686707"
"1759","27","300","20","erdos_renyi","covar","covar_2","PLN","BIC","0.13","0.2576","0.430493147342249","0.522","0.5","0.051","0.092","7.32456016540527"
"1760","27","300","20","erdos_renyi","covar","covar_2","ZIPLN","BIC","0.06","0.71315","0.607312843260899","0.006","0.4","0.8","0.533","3.0039598941803"
"1761","27","300","20","erdos_renyi","covar","covar_2","PLN_ZIvar","BIC","0.11","0.8094","0.523584684217794","0","0",NA,"0","11.510977268219"
"1762","28","300","20","erdos_renyi","covar","covar_2","PLN","BIC","0.11","0.379513","0.436365445572659","0.366","0.429","0.043","0.078","3.99533915519714"
"1763","28","300","20","erdos_renyi","covar","covar_2","ZIPLN","BIC","0.05","0.7769575","0.620439129485396","0.011","0.429","0.6","0.5","3.61884427070618"
"1764","28","300","20","erdos_renyi","covar","covar_2","PLN_ZIvar","BIC","0.1","0.750299","0.509232690531428","0","0.143","1","0.25","4.13445615768433"
"1765","29","300","20","erdos_renyi","covar","covar_2","PLN","BIC","0.12","0.4597955","0.417238146083349","0.602","0.778","0.06","0.112","6.73103022575378"
"1766","29","300","20","erdos_renyi","covar","covar_2","ZIPLN","BIC","0.06","0.807349","0.574844522785984","0.039","0.778","0.5","0.609","1.9996166229248"
"1767","29","300","20","erdos_renyi","covar","covar_2","PLN_ZIvar","BIC","0.1","0.7610955","0.48755557440017","0","0.667","1","0.8","7.94714617729187"
"1768","30","300","20","erdos_renyi","covar","covar_2","PLN","BIC","0.1","0.178834","0.378998552475066","0.628","0.571","0.034","0.063","4.50776624679565"
"1769","30","300","20","erdos_renyi","covar","covar_2","ZIPLN","BIC","0.06","0.833143","0.549995904737355","0","0.286","1","0.444","1.77326369285583"
"1770","30","300","20","erdos_renyi","covar","covar_2","PLN_ZIvar","BIC","0.09","0.8642675","0.478031273360662","0","0",NA,"0","9.88694882392883"
"1771","1","300","20","community","covar","covar_2","PLN","BIC","0.14","0.335117","0.410876386447753","0.565","0.615","0.074","0.132","4.82480359077454"
"1772","1","300","20","community","covar","covar_2","ZIPLN","BIC","0.08","0.610797","0.573451425220205","0.034","0.692","0.6","0.643","5.13937735557556"
"1773","1","300","20","community","covar","covar_2","PLN_ZIvar","BIC","0.12","0.7580275","0.489657519221961","0.011","0.462","0.75","0.571","7.18357992172241"
"1774","2","300","20","community","covar","covar_2","PLN","BIC","0.14","0.312131","0.416503792776399","0.461","0.833","0.109","0.192","16.5025410652161"
"1775","2","300","20","community","covar","covar_2","ZIPLN","BIC","0.07","0.7429995","0.590058871591767","0","0",NA,"0","3.60998344421387"
"1776","2","300","20","community","covar","covar_2","PLN_ZIvar","BIC","0.12","0.592168","0.496503659647497","0","0",NA,"0","7.32138442993164"
"1777","3","300","20","community","covar","covar_2","PLN","BIC","0.11","0.3000625","0.402064953875773","0.379","0.375","0.042","0.075","6.90184903144836"
"1778","3","300","20","community","covar","covar_2","ZIPLN","BIC","0.06","0.616","0.602033788891003","0.038","0.75","0.462","0.571","8.56709885597229"
"1779","3","300","20","community","covar","covar_2","PLN_ZIvar","BIC","0.1","0.78775","0.48281669143607","0","0.625","1","0.769","8.02381873130798"
"1780","4","300","20","community","covar","covar_2","PLN","BIC","0.1","0.214845","0.415264286187315","0.446","0.167","0.012","0.022","4.70564961433411"
"1781","4","300","20","community","covar","covar_2","ZIPLN","BIC","0.05","0.634386","0.605145775545572","0","0",NA,"0","3.51065135002136"
"1782","4","300","20","community","covar","covar_2","PLN_ZIvar","BIC","0.09","0.7467055","0.49508339110044","0","0",NA,"0","6.69866442680359"
"1783","5","300","20","community","covar","covar_2","PLN","BIC","0.11","0.4858125","0.463627073502326","0.308","0.5","0.067","0.118","6.62301421165466"
"1784","5","300","20","community","covar","covar_2","ZIPLN","BIC","0.06","0.73675","0.626869213495914","0","0",NA,"0","4.61409640312195"
"1785","5","300","20","community","covar","covar_2","PLN_ZIvar","BIC","0.09","0.695125","0.531131191879329","0","0",NA,"0","8.80167555809021"
"1786","6","300","20","community","covar","covar_2","PLN","BIC","0.09","0.4067545","0.399088100099388","0.35","0.429","0.045","0.081","5.33155632019043"
"1787","6","300","20","community","covar","covar_2","ZIPLN","BIC","0.07","0.5776135","0.579388641472972","0","0.143","1","0.25","1.96589374542236"
"1788","6","300","20","community","covar","covar_2","PLN_ZIvar","BIC","0.08","0.551847","0.472964008689831","0","0",NA,"0","6.23912286758423"
"1789","7","300","20","community","covar","covar_2","PLN","BIC","0.15","0.305138","0.376365664616184","0.497","0.308","0.043","0.076","7.62706828117371"
"1790","7","300","20","community","covar","covar_2","ZIPLN","BIC","0.09","0.61096","0.590386185499449","0","0.231","1","0.375","9.72948694229126"
"1791","7","300","20","community","covar","covar_2","PLN_ZIvar","BIC","0.13","0.621951","0.463767466636644","0","0.154","1","0.267","5.17429304122925"
"1792","8","300","20","community","covar","covar_2","PLN","BIC","0.17","0.3499555","0.424158849563099","0.533","0.609","0.136","0.222","7.40792059898376"
"1793","8","300","20","community","covar","covar_2","ZIPLN","BIC","0.12","0.631371","0.589657687510877","0.006","0.217","0.833","0.345","4.46626114845276"
"1794","8","300","20","community","covar","covar_2","PLN_ZIvar","BIC","0.16","0.655","0.491979158151252","0","0",NA,"0","8.9568305015564"
"1795","9","300","20","community","covar","covar_2","PLN","BIC","0.11","0.2891695","0.409777450806033","0.503","0.556","0.052","0.095","4.95414042472839"
"1796","9","300","20","community","covar","covar_2","ZIPLN","BIC","0.07","0.7767995","0.587705145147679","0","0.333","1","0.5","3.01585006713867"
"1797","9","300","20","community","covar","covar_2","PLN_ZIvar","BIC","0.1","0.7236","0.488877342527064","0","0.111","1","0.2","7.95750308036804"
"1798","10","300","20","community","covar","covar_2","PLN","BIC","0.1","0.1716645","0.409550438245608","0.579","0.571","0.036","0.068","7.52602648735046"
"1799","10","300","20","community","covar","covar_2","ZIPLN","BIC","0.07","0.621742","0.588589137150003","0","0",NA,"0","4.17498588562012"
"1800","10","300","20","community","covar","covar_2","PLN_ZIvar","BIC","0.09","0.536562","0.477448869804422","0","0",NA,"0","8.26513433456421"
"1801","11","300","20","community","covar","covar_2","PLN","BIC","0.14","0.3151485","0.433098238503225","0.32","0.267","0.067","0.107","7.59336113929749"
"1802","11","300","20","community","covar","covar_2","ZIPLN","BIC","0.09","0.642983","0.602076986270485","0.023","0.333","0.556","0.417","3.0621600151062"
"1803","11","300","20","community","covar","covar_2","PLN_ZIvar","BIC","0.12","0.7004265","0.505900602675991","0","0",NA,"0","8.86279153823853"
"1804","12","300","20","community","covar","covar_2","PLN","BIC","0.13","0.3937","0.419151162535602","0.517","0.7","0.07","0.127","4.5665135383606"
"1805","12","300","20","community","covar","covar_2","ZIPLN","BIC","0.09","0.7199","0.604231074853069","0.017","0.7","0.7","0.7","3.49747586250305"
"1806","12","300","20","community","covar","covar_2","PLN_ZIvar","BIC","0.12","0.67715","0.496304080695013","0","0",NA,"0","13.0534954071045"
"1807","13","300","20","community","covar","covar_2","PLN","BIC","0.1","0.2859275","0.416896086536119","0.508","1","0.07","0.131","7.23079943656921"
"1808","13","300","20","community","covar","covar_2","ZIPLN","BIC","0.06","0.768685","0.558980624322553","0","0.571","1","0.727","8.03120946884155"
"1809","13","300","20","community","covar","covar_2","PLN_ZIvar","BIC","0.09","0.8639185","0.471879978815067","0.022","0.857","0.6","0.706","6.85544586181641"
"1810","14","300","20","community","covar","covar_2","PLN","BIC","0.16","0.290467","0.402770405873519","0.503","0.667","0.102","0.177","6.46233129501343"
"1811","14","300","20","community","covar","covar_2","ZIPLN","BIC","0.1","0.633463","0.611722749564506","0.006","0.267","0.8","0.4","3.08224701881409"
"1812","14","300","20","community","covar","covar_2","PLN_ZIvar","BIC","0.14","0.531561","0.496561256291863","0","0",NA,"0","7.96847605705261"
"1813","15","300","20","community","covar","covar_2","PLN","BIC","0.17","0.401401","0.449364995545781","0.356","0.5","0.114","0.186","10.5774700641632"
"1814","15","300","20","community","covar","covar_2","ZIPLN","BIC","0.11","0.633104","0.649339447725648","0.006","0.25","0.8","0.381","6.41567444801331"
"1815","15","300","20","community","covar","covar_2","PLN_ZIvar","BIC","0.16","0.729413","0.511900175555312","0","0.125","1","0.222","10.6179866790771"
"1816","16","300","20","community","covar","covar_2","PLN","BIC","0.11","0.32375","0.409648737156188","0.361","0.4","0.058","0.101","11.0874872207642"
"1817","16","300","20","community","covar","covar_2","ZIPLN","BIC","0.06","0.7543","0.592712131491002","0.006","0.2","0.667","0.308","3.78990364074707"
"1818","16","300","20","community","covar","covar_2","PLN_ZIvar","BIC","0.1","0.762","0.494597988308685","0","0",NA,"0","17.244419336319"
"1819","17","300","20","community","covar","covar_2","PLN","BIC","0.14","0.290795","0.439870097022777","0.466","0.583","0.078","0.137","5.39655566215515"
"1820","17","300","20","community","covar","covar_2","ZIPLN","BIC","0.07","0.5466845","0.608707838391394","0.017","0.417","0.625","0.5","6.62061667442322"
"1821","17","300","20","community","covar","covar_2","PLN_ZIvar","BIC","0.12","0.6055175","0.508628520970504","0","0.083","1","0.154","4.41220426559448"
"1822","18","300","20","community","covar","covar_2","PLN","BIC","0.11","0.2852","0.359441890114541","0.506","0.6","0.062","0.112","8.26020216941833"
"1823","18","300","20","community","covar","covar_2","ZIPLN","BIC","0.08","0.67535","0.567815832790671","0","0",NA,"0","7.77067065238953"
"1824","18","300","20","community","covar","covar_2","PLN_ZIvar","BIC","0.1","0.71585","0.438189490251011","0","0",NA,"0","16.2503347396851"
"1825","19","300","20","community","covar","covar_2","PLN","BIC","0.14","0.1760335","0.470088461637011","0.281","0.167","0.038","0.062","10.1756882667542"
"1826","19","300","20","community","covar","covar_2","ZIPLN","BIC","0.09","0.6870615","0.628294074333128","0.011","0.25","0.6","0.353","3.94742035865784"
"1827","19","300","20","community","covar","covar_2","PLN_ZIvar","BIC","0.12","0.796522","0.552923288780453","0.034","0.25","0.333","0.286","11.644383430481"
"1828","20","300","20","community","covar","covar_2","PLN","BIC","0.11","0.2901","0.407378825160022","0.522","0.5","0.051","0.092","6.70030856132507"
"1829","20","300","20","community","covar","covar_2","ZIPLN","BIC","0.07","0.7463","0.614170065086567","0","0",NA,"0","4.28393411636353"
"1830","20","300","20","community","covar","covar_2","PLN_ZIvar","BIC","0.1","0.7427","0.483946075522876","0.028","0.6","0.545","0.571","9.25372242927551"
"1831","21","300","20","community","covar","covar_2","PLN","BIC","0.12","0.4131475","0.416696517420874","0.463","0.615","0.089","0.155","6.8009946346283"
"1832","21","300","20","community","covar","covar_2","ZIPLN","BIC","0.07","0.774775","0.613158199136783","0","0",NA,"0","2.77266025543213"
"1833","21","300","20","community","covar","covar_2","PLN_ZIvar","BIC","0.11","0.6484235","0.4784056834204","0","0",NA,"0","9.63158988952637"
"1834","22","300","20","community","covar","covar_2","PLN","BIC","0.1","0.3799","0.417421847281422","0.503","0.909","0.1","0.18","5.30372619628906"
"1835","22","300","20","community","covar","covar_2","ZIPLN","BIC","0.06","0.6427965","0.558451370808393","0.017","0.727","0.727","0.727","11.3444347381592"
"1836","22","300","20","community","covar","covar_2","PLN_ZIvar","BIC","0.1","0.695279","0.463040216177509","0","0.273","1","0.429","6.68685007095337"
"1837","23","300","20","community","covar","covar_2","PLN","BIC","0.12","0.248868","0.413597372754317","0.492","0.545","0.064","0.114","4.35779166221619"
"1838","23","300","20","community","covar","covar_2","ZIPLN","BIC","0.09","0.522581","0.574948647029229","0.006","0.273","0.75","0.4","1.96314167976379"
"1839","23","300","20","community","covar","covar_2","PLN_ZIvar","BIC","0.1","0.4973965","0.48623076354459","0.017","0.273","0.5","0.353","6.50748252868652"
"1840","24","300","20","community","covar","covar_2","PLN","BIC","0.15","0.2158575","0.376963183190122","0.441","0.462","0.071","0.124","10.4277789592743"
"1841","24","300","20","community","covar","covar_2","ZIPLN","BIC","0.1","0.5001455","0.553595358757877","0.006","0.231","0.75","0.353","2.40159749984741"
"1842","24","300","20","community","covar","covar_2","PLN_ZIvar","BIC","0.13","0.6076395","0.452641228606713","0.017","0.231","0.5","0.316","14.0583021640778"
"1843","25","300","20","community","covar","covar_2","PLN","BIC","0.11","0.40425","0.343362102922319","0.56","0.625","0.047","0.087","4.19760394096375"
"1844","25","300","20","community","covar","covar_2","ZIPLN","BIC","0.07","0.6671875","0.548962003128093","0.011","0.625","0.714","0.667","1.86562824249268"
"1845","25","300","20","community","covar","covar_2","PLN_ZIvar","BIC","0.09","0.7806875","0.429067052923876","0.016","0.625","0.625","0.625","10.8710024356842"
"1846","26","300","20","community","covar","covar_2","PLN","BIC","0.16","0.276901","0.483022026807866","0.561","0.706","0.11","0.19","9.19590711593628"
"1847","26","300","20","community","covar","covar_2","ZIPLN","BIC","0.1","0.544564","0.650923471932838","0.029","0.294","0.5","0.37","2.70418286323547"
"1848","26","300","20","community","covar","covar_2","PLN_ZIvar","BIC","0.15","0.5308515","0.550118840767609","0.012","0.235","0.667","0.348","14.6199803352356"
"1849","27","300","20","community","covar","covar_2","PLN","BIC","0.13","0.2816995","0.411197415883605","0.52","0.636","0.07","0.126","9.23371386528015"
"1850","27","300","20","community","covar","covar_2","ZIPLN","BIC","0.07","0.6297495","0.600480972762908","0","0.273","1","0.429","2.34173178672791"
"1851","27","300","20","community","covar","covar_2","PLN_ZIvar","BIC","0.11","0.8270005","0.490421044923822","0","0",NA,"0","15.1032743453979"
"1852","28","300","20","community","covar","covar_2","PLN","BIC","0.11","0.3340055","0.419061297746523","0.472","0.833","0.106","0.189","7.00742387771606"
"1853","28","300","20","community","covar","covar_2","ZIPLN","BIC","0.06","0.7890885","0.55195848493726","0.006","0.917","0.917","0.917","3.39089274406433"
"1854","28","300","20","community","covar","covar_2","PLN_ZIvar","BIC","0.1","0.797934","0.4867416834931","0","0.5","1","0.667","8.13114833831787"
"1855","29","300","20","community","covar","covar_2","PLN","BIC","0.11","0.613968","0.422242630016267","0.497","1","0.091","0.167","3.57050275802612"
"1856","29","300","20","community","covar","covar_2","ZIPLN","BIC","0.06","0.7458915","0.601939031514618","0.017","0.667","0.667","0.667","6.46424722671509"
"1857","29","300","20","community","covar","covar_2","PLN_ZIvar","BIC","0.1","0.8227135","0.490048434217145","0","0",NA,"0","4.28182315826416"
"1858","30","300","20","community","covar","covar_2","PLN","BIC","0.14","0.305799","0.423667254825235","0.458","0.462","0.069","0.12","4.835604429245"
"1859","30","300","20","community","covar","covar_2","ZIPLN","BIC","0.08","0.6228715","0.581458451074317","0.028","0.462","0.545","0.5","3.51647424697876"
"1860","30","300","20","community","covar","covar_2","PLN_ZIvar","BIC","0.12","0.7979275","0.497332760319692","0.011","0.231","0.6","0.333","5.41675543785095"
"1861","1","300","20","preferential_attachment","covar","covar_2","PLN","BIC","0.21","0.231631","0.479954681789679","0.409","0.632","0.146","0.238","15.1660296916962"
"1862","1","300","20","preferential_attachment","covar","covar_2","ZIPLN","BIC","0.15","0.349543","0.68412028932355","0.006","0.053","0.5","0.095","5.44630908966064"
"1863","1","300","20","preferential_attachment","covar","covar_2","PLN_ZIvar","BIC","0.19","0.4888095","0.543235655889655","0.029","0.211","0.444","0.286","17.8645253181458"
"1864","2","300","20","preferential_attachment","covar","covar_2","PLN","BIC","0.18","0.2784665","0.402248741537704","0.485","0.526","0.108","0.179","8.67709469795227"
"1865","2","300","20","preferential_attachment","covar","covar_2","ZIPLN","BIC","0.1","0.4886095","0.614074448738616","0","0.105","1","0.19","3.61363887786865"
"1866","2","300","20","preferential_attachment","covar","covar_2","PLN_ZIvar","BIC","0.16","0.37705","0.486824940706856","0","0",NA,"0","7.24010181427002"
"1867","3","300","20","preferential_attachment","covar","covar_2","PLN","BIC","0.2","0.221561","0.43241027529883","0.515","0.316","0.064","0.106","8.20881032943726"
"1868","3","300","20","preferential_attachment","covar","covar_2","ZIPLN","BIC","0.1","0.701257","0.640989328761481","0.094","0.842","0.5","0.627","4.50658464431763"
"1869","3","300","20","preferential_attachment","covar","covar_2","PLN_ZIvar","BIC","0.18","0.6200145","0.524445530872509","0.018","0.211","0.571","0.308","9.46863579750061"
"1870","4","300","20","preferential_attachment","covar","covar_2","PLN","BIC","0.18","0.2325575","0.430016854470944","0.462","0.526","0.112","0.185","5.38467359542847"
"1871","4","300","20","preferential_attachment","covar","covar_2","ZIPLN","BIC","0.1","0.668912","0.631997228388334","0.006","0.158","0.75","0.261","3.94076490402222"
"1872","4","300","20","preferential_attachment","covar","covar_2","PLN_ZIvar","BIC","0.17","0.8036835","0.495081068500842","0","0",NA,"0","4.40628433227539"
"1873","5","300","20","preferential_attachment","covar","covar_2","PLN","BIC","0.17","0.2338995","0.438767559905779","0.579","0.526","0.092","0.156","6.12118005752563"
"1874","5","300","20","preferential_attachment","covar","covar_2","ZIPLN","BIC","0.11","0.764306","0.603003963811857","0.082","0.842","0.533","0.653","6.44717359542847"
"1875","5","300","20","preferential_attachment","covar","covar_2","PLN_ZIvar","BIC","0.16","0.8097435","0.524925038606097","0.012","0.368","0.778","0.5","7.86310458183289"
"1876","6","300","20","preferential_attachment","covar","covar_2","PLN","BIC","0.2","0.3476705","0.386359058460827","0.602","0.737","0.12","0.206","8.07238268852234"
"1877","6","300","20","preferential_attachment","covar","covar_2","ZIPLN","BIC","0.13","0.775219","0.630423023272104","0","0",NA,"0","3.90211844444275"
"1878","6","300","20","preferential_attachment","covar","covar_2","PLN_ZIvar","BIC","0.18","0.68337","0.48084507286238","0","0",NA,"0","8.97687005996704"
"1879","7","300","20","preferential_attachment","covar","covar_2","PLN","BIC","0.16","0.2916925","0.467575763825951","0.31","0.263","0.086","0.13","11.0522401332855"
"1880","7","300","20","preferential_attachment","covar","covar_2","ZIPLN","BIC","0.1","0.6891475","0.64415929776512","0","0.053","1","0.1","8.76556062698364"
"1881","7","300","20","preferential_attachment","covar","covar_2","PLN_ZIvar","BIC","0.14","0.779405","0.553107223375203","0","0",NA,"0","8.63003468513489"
"1882","8","300","20","preferential_attachment","covar","covar_2","PLN","BIC","0.19","0.369394","0.408026417693782","0.345","0.421","0.119","0.186","7.9719820022583"
"1883","8","300","20","preferential_attachment","covar","covar_2","ZIPLN","BIC","0.11","0.6246505","0.627304854659537","0.07","0.526","0.455","0.488","7.42363810539246"
"1884","8","300","20","preferential_attachment","covar","covar_2","PLN_ZIvar","BIC","0.18","0.6875055","0.488733274830248","0","0",NA,"0","7.08539414405823"
"1885","9","300","20","preferential_attachment","covar","covar_2","PLN","BIC","0.19","0.331967","0.422348339389514","0.339","0.526","0.147","0.23","10.3656532764435"
"1886","9","300","20","preferential_attachment","covar","covar_2","ZIPLN","BIC","0.1","0.6481345","0.663317386776457","0","0.158","1","0.273","6.92542004585266"
"1887","9","300","20","preferential_attachment","covar","covar_2","PLN_ZIvar","BIC","0.17","0.6627835","0.522238078457578","0","0.105","1","0.19","9.07609581947327"
"1888","10","300","20","preferential_attachment","covar","covar_2","PLN","BIC","0.17","0.2277345","0.396298283092689","0.532","0.474","0.09","0.151","5.59539031982422"
"1889","10","300","20","preferential_attachment","covar","covar_2","ZIPLN","BIC","0.11","0.658702","0.576349886541881","0","0",NA,"0","6.5740373134613"
"1890","10","300","20","preferential_attachment","covar","covar_2","PLN_ZIvar","BIC","0.15","0.5736625","0.480108420656827","0","0",NA,"0","5.36572480201721"
"1891","11","300","20","preferential_attachment","covar","covar_2","PLN","BIC","0.17","0.2644465","0.429571171457433","0.509","0.368","0.074","0.124","7.93864917755127"
"1892","11","300","20","preferential_attachment","covar","covar_2","ZIPLN","BIC","0.1","0.611599","0.608709296019055","0.029","0.316","0.545","0.4","8.01955628395081"
"1893","11","300","20","preferential_attachment","covar","covar_2","PLN_ZIvar","BIC","0.15","0.6239045","0.505315057445242","0","0",NA,"0","8.69659566879272"
"1894","12","300","20","preferential_attachment","covar","covar_2","PLN","BIC","0.16","0.283845","0.448766734907817","0.392","0.526","0.13","0.208","6.13752603530884"
"1895","12","300","20","preferential_attachment","covar","covar_2","ZIPLN","BIC","0.1","0.7518305","0.645498087774809","0.006","0.158","0.75","0.261","8.21887612342834"
"1896","12","300","20","preferential_attachment","covar","covar_2","PLN_ZIvar","BIC","0.15","0.785833","0.52253266414178","0","0",NA,"0","9.93877696990967"
"1897","13","300","20","preferential_attachment","covar","covar_2","PLN","BIC","0.17","0.2348175","0.401210316150842","0.515","0.579","0.111","0.186","7.86543345451355"
"1898","13","300","20","preferential_attachment","covar","covar_2","ZIPLN","BIC","0.11","0.6697435","0.635723941797567","0","0",NA,"0","4.10017204284668"
"1899","13","300","20","preferential_attachment","covar","covar_2","PLN_ZIvar","BIC","0.15","0.539458","0.494967256836563","0.047","0.421","0.5","0.457","9.39607858657837"
"1900","14","300","20","preferential_attachment","covar","covar_2","PLN","BIC","0.18","0.235115","0.411356485867172","0.696","0.737","0.105","0.184","7.42692422866821"
"1901","14","300","20","preferential_attachment","covar","covar_2","ZIPLN","BIC","0.11","0.646853","0.648243669634412","0","0.158","1","0.273","7.56662011146545"
"1902","14","300","20","preferential_attachment","covar","covar_2","PLN_ZIvar","BIC","0.17","0.696665","0.499012800083099","0","0",NA,"0","8.7384934425354"
"1903","15","300","20","preferential_attachment","covar","covar_2","PLN","BIC","0.19","0.2280455","0.419630015637044","0.684","0.474","0.071","0.124","8.99980139732361"
"1904","15","300","20","preferential_attachment","covar","covar_2","ZIPLN","BIC","0.12","0.5640965","0.632684456259232","0","0.105","1","0.19","7.80703377723694"
"1905","15","300","20","preferential_attachment","covar","covar_2","PLN_ZIvar","BIC","0.17","0.4780615","0.516390141379978","0.006","0.053","0.5","0.095","12.142662525177"
"1906","16","300","20","preferential_attachment","covar","covar_2","PLN","BIC","0.17","0.330928","0.419174381125658","0.415","0.579","0.134","0.218","4.75148367881775"
"1907","16","300","20","preferential_attachment","covar","covar_2","ZIPLN","BIC","0.1","0.6451565","0.643893590434301","0.006","0.368","0.875","0.519","4.35358881950378"
"1908","16","300","20","preferential_attachment","covar","covar_2","PLN_ZIvar","BIC","0.15","0.707566","0.490091349807181","0","0",NA,"0","4.7528247833252"
"1909","17","300","20","preferential_attachment","covar","covar_2","PLN","BIC","0.18","0.2715045","0.408406432161493","0.187","0.105","0.059","0.075","16.1162896156311"
"1910","17","300","20","preferential_attachment","covar","covar_2","ZIPLN","BIC","0.24","0.454651","0.590875910096786","0.029","0.368","0.583","0.452","9.2931067943573"
"1911","17","300","20","preferential_attachment","covar","covar_2","PLN_ZIvar","BIC","0.16","0.600803","0.492527807873081","0","0",NA,"0","9.63518166542053"
"1912","18","300","20","preferential_attachment","covar","covar_2","PLN","BIC","0.16","0.303096","0.489608820654661","0.257","0.421","0.154","0.225","6.85165214538574"
"1913","18","300","20","preferential_attachment","covar","covar_2","ZIPLN","BIC","0.13","0.6069815","0.618820203549964","0.041","0.368","0.5","0.424","9.21954941749573"
"1914","18","300","20","preferential_attachment","covar","covar_2","PLN_ZIvar","BIC","0.15","0.585083","0.544397225137808","0","0.211","1","0.348","8.19194769859314"
"1915","19","300","20","preferential_attachment","covar","covar_2","PLN","BIC","0.17","0.241485","0.407049720807903","0.703","0.722","0.097","0.171","4.83990669250488"
"1916","19","300","20","preferential_attachment","covar","covar_2","ZIPLN","BIC","0.11","0.676473","0.612959304518854","0.012","0.167","0.6","0.261","3.53097772598267"
"1917","19","300","20","preferential_attachment","covar","covar_2","PLN_ZIvar","BIC","0.15","0.66452","0.513065229215421","0.006","0.111","0.667","0.19","6.58146286010742"
"1918","20","300","20","preferential_attachment","covar","covar_2","PLN","BIC","0.18","0.275661","0.418667253309343","0.661","0.474","0.074","0.128","8.24010562896729"
"1919","20","300","20","preferential_attachment","covar","covar_2","ZIPLN","BIC","0.1","0.583348","0.626484084061153","0.012","0.368","0.778","0.5","4.39128184318542"
"1920","20","300","20","preferential_attachment","covar","covar_2","PLN_ZIvar","BIC","0.16","0.643618","0.504394918561908","0.012","0.316","0.75","0.444","9.47271490097046"
"1921","21","300","20","preferential_attachment","covar","covar_2","PLN","BIC","0.18","0.2795245","0.448007188223904","0.55","0.526","0.096","0.163","9.73947691917419"
"1922","21","300","20","preferential_attachment","covar","covar_2","ZIPLN","BIC","0.11","0.4854525","0.641485703577101","0","0",NA,"0","4.26281380653381"
"1923","21","300","20","preferential_attachment","covar","covar_2","PLN_ZIvar","BIC","0.16","0.6237045","0.537797155033118","0","0",NA,"0","8.54107666015625"
"1924","22","300","20","preferential_attachment","covar","covar_2","PLN","BIC","0.17","0.3291475","0.408437828493887","0.216","0.211","0.098","0.133","9.76795077323914"
"1925","22","300","20","preferential_attachment","covar","covar_2","ZIPLN","BIC","0.11","0.5939505","0.64338092238502","0.006","0.263","0.833","0.4","4.6172776222229"
"1926","22","300","20","preferential_attachment","covar","covar_2","PLN_ZIvar","BIC","0.14","0.671401","0.511463926557084","0","0",NA,"0","8.49248766899109"
"1927","23","300","20","preferential_attachment","covar","covar_2","PLN","BIC","0.2","0.311358","0.438014961102983","0.439","0.368","0.085","0.139","7.85883951187134"
"1928","23","300","20","preferential_attachment","covar","covar_2","ZIPLN","BIC","0.13","0.523367","0.669897682608767","0.047","0.421","0.5","0.457","3.78315472602844"
"1929","23","300","20","preferential_attachment","covar","covar_2","PLN_ZIvar","BIC","0.17","0.5767195","0.526072252498069","0.006","0.263","0.833","0.4","7.413161277771"
"1930","24","300","20","preferential_attachment","covar","covar_2","PLN","BIC","0.16","0.3202485","0.411857894332435","0.474","0.474","0.1","0.165","5.75919055938721"
"1931","24","300","20","preferential_attachment","covar","covar_2","ZIPLN","BIC","0.1","0.6905515","0.64105659115753","0","0",NA,"0","3.8295202255249"
"1932","24","300","20","preferential_attachment","covar","covar_2","PLN_ZIvar","BIC","0.14","0.735333","0.492068019283066","0","0",NA,"0","7.24857664108276"
"1933","25","300","20","preferential_attachment","covar","covar_2","PLN","BIC","0.18","0.2954905","0.391905165798032","0.632","0.684","0.107","0.186","8.82953119277954"
"1934","25","300","20","preferential_attachment","covar","covar_2","ZIPLN","BIC","0.11","0.591676","0.596856802964331","0","0.105","1","0.19","2.3842601776123"
"1935","25","300","20","preferential_attachment","covar","covar_2","PLN_ZIvar","BIC","0.17","0.7479515","0.4733437941429","0","0",NA,"0","5.62842082977295"
"1936","26","300","20","preferential_attachment","covar","covar_2","PLN","BIC","0.18","0.248781","0.379936734809444","0.561","0.526","0.094","0.16","5.73518657684326"
"1937","26","300","20","preferential_attachment","covar","covar_2","ZIPLN","BIC","0.12","0.6833085","0.577266547831339","0","0.158","1","0.273","3.28950428962708"
"1938","26","300","20","preferential_attachment","covar","covar_2","PLN_ZIvar","BIC","0.16","0.7864865","0.492823633612813","0.023","0.368","0.636","0.467","7.63382315635681"
"1939","27","300","20","preferential_attachment","covar","covar_2","PLN","BIC","0.17","0.350687","0.462229329703897","0.415","0.421","0.101","0.163","7.36466813087463"
"1940","27","300","20","preferential_attachment","covar","covar_2","ZIPLN","BIC","0.11","0.6861745","0.637850081098903","0.029","0.421","0.615","0.5","5.65011072158813"
"1941","27","300","20","preferential_attachment","covar","covar_2","PLN_ZIvar","BIC","0.15","0.708059","0.544414323611414","0.07","0.526","0.455","0.488","7.58453059196472"
"1942","28","300","20","preferential_attachment","covar","covar_2","PLN","BIC","0.17","0.342204","0.436913480372338","0.456","0.526","0.114","0.187","6.43124604225159"
"1943","28","300","20","preferential_attachment","covar","covar_2","ZIPLN","BIC","0.11","0.6427195","0.636228715306885","0","0",NA,"0","9.37111210823059"
"1944","28","300","20","preferential_attachment","covar","covar_2","PLN_ZIvar","BIC","0.15","0.619446","0.507624423653667","0","0",NA,"0","8.80380201339722"
"1945","29","300","20","preferential_attachment","covar","covar_2","PLN","BIC","0.18","0.4327115","0.430168707779253","0.326","0.611","0.164","0.259","4.57602739334106"
"1946","29","300","20","preferential_attachment","covar","covar_2","ZIPLN","BIC","0.09","0.640966","0.640042296409854","0.017","0.5","0.75","0.6","3.52991247177124"
"1947","29","300","20","preferential_attachment","covar","covar_2","PLN_ZIvar","BIC","0.16","0.5915675","0.50947423536154","0","0",NA,"0","5.92704010009766"
"1948","30","300","20","preferential_attachment","covar","covar_2","PLN","BIC","0.16","0.2663335","0.416915388244879","0.456","0.421","0.093","0.152","7.43384265899658"
"1949","30","300","20","preferential_attachment","covar","covar_2","ZIPLN","BIC","0.1","0.583499","0.629104432310144","0.023","0.316","0.6","0.414","10.0801496505737"
"1950","30","300","20","preferential_attachment","covar","covar_2","PLN_ZIvar","BIC","0.15","0.60663","0.513010554839762","0","0",NA,"0","7.93629050254822"
"1951","1","300","20","erdos_renyi","covar","covar_3","PLN","BIC","0.09","0.356453","0.407693652006861","0.571","0.667","0.037","0.07","4.06645178794861"
"1952","1","300","20","erdos_renyi","covar","covar_3","ZIPLN","BIC","0.06","0.602039","0.55384726812573","0","0",NA,"0","2.60420846939087"
"1953","1","300","20","erdos_renyi","covar","covar_3","PLN_ZIvar","BIC","0.08","0.4856935","0.472819805274577","0","0",NA,"0","3.50001978874207"
"1954","2","300","20","erdos_renyi","covar","covar_3","PLN","BIC","0.12","0.2033","0.371690675382484","0.244","0.3","0.064","0.105","12.0672891139984"
"1955","2","300","20","erdos_renyi","covar","covar_3","ZIPLN","BIC","0.06","0.78105","0.558518546369785","0","0",NA,"0","3.89904308319092"
"1956","2","300","20","erdos_renyi","covar","covar_3","PLN_ZIvar","BIC","0.1","0.71685","0.463770541037322","0","0",NA,"0","9.27481031417847"
"1957","3","300","20","erdos_renyi","covar","covar_3","PLN","BIC","0.08","0.5274","0.369650095258558","0.492","0.8","0.042","0.08","6.11413908004761"
"1958","3","300","20","erdos_renyi","covar","covar_3","ZIPLN","BIC","0.05","0.6486","0.557631618369825","0","0.2","1","0.333","2.79212999343872"
"1959","3","300","20","erdos_renyi","covar","covar_3","PLN_ZIvar","BIC","0.07","0.6816","0.454764664044246","0","0",NA,"0","8.08606505393982"
"1960","4","300","20","erdos_renyi","covar","covar_3","PLN","BIC","0.09","0.2502","0.400575346032691","0.373","0.4","0.028","0.053","6.52139353752136"
"1961","4","300","20","erdos_renyi","covar","covar_3","ZIPLN","BIC","0.06","0.6439","0.578538116143134","0","0.6","1","0.75","3.47797107696533"
"1962","4","300","20","erdos_renyi","covar","covar_3","PLN_ZIvar","BIC","0.07","0.7882","0.485609978169965","0","0.2","1","0.333","8.66367816925049"
"1963","5","300","20","erdos_renyi","covar","covar_3","PLN","BIC","0.12","0.2772315","0.429816146270091","0.369","0.364","0.057","0.099","5.48442387580872"
"1964","5","300","20","erdos_renyi","covar","covar_3","ZIPLN","BIC","0.09","0.6669605","0.61607768508965","0","0",NA,"0","2.72438097000122"
"1965","5","300","20","erdos_renyi","covar","covar_3","PLN_ZIvar","BIC","0.1","0.720386","0.511492396459667","0","0.182","1","0.308","5.94777750968933"
"1966","6","300","20","erdos_renyi","covar","covar_3","PLN","BIC","0.14","0.209016","0.373098065974565","0.556","0.417","0.048","0.086","10.2920908927917"
"1967","6","300","20","erdos_renyi","covar","covar_3","ZIPLN","BIC","0.08","0.7155415","0.567773004863176","0","0",NA,"0","5.27314162254333"
"1968","6","300","20","erdos_renyi","covar","covar_3","PLN_ZIvar","BIC","0.13","0.554036","0.447532741491729","0","0",NA,"0","10.6891176700592"
"1969","7","300","20","erdos_renyi","covar","covar_3","PLN","BIC","0.14","0.2894365","0.404471921549702","0.497","0.692","0.093","0.164","8.37969636917114"
"1970","7","300","20","erdos_renyi","covar","covar_3","ZIPLN","BIC","0.14","0.5291365","0.60938815971311","0.023","0.385","0.556","0.455","4.71632838249207"
"1971","7","300","20","erdos_renyi","covar","covar_3","PLN_ZIvar","BIC","0.13","0.7335175","0.470416356195919","0","0.154","1","0.267","7.49860811233521"
"1972","8","300","20","erdos_renyi","covar","covar_3","PLN","BIC","0.13","0.39535","0.4555217628682","0.294","0.4","0.07","0.119","5.04926347732544"
"1973","8","300","20","erdos_renyi","covar","covar_3","ZIPLN","BIC","0.07","0.79875","0.64478235898269","0","0.3","1","0.462","4.83599162101746"
"1974","8","300","20","erdos_renyi","covar","covar_3","PLN_ZIvar","BIC","0.12","0.80775","0.520201847356105","0","0",NA,"0","6.52877879142761"
"1975","9","300","20","erdos_renyi","covar","covar_3","PLN","BIC","0.12","0.3704375","0.402434360766503","0.599","0.875","0.06","0.113","7.61263537406921"
"1976","9","300","20","erdos_renyi","covar","covar_3","ZIPLN","BIC","0.06","0.8606875","0.573839800066436","0","0.25","1","0.4","4.03827166557312"
"1977","9","300","20","erdos_renyi","covar","covar_3","PLN_ZIvar","BIC","0.11","0.8141875","0.46841266184102","0.005","0.25","0.667","0.364","15.5735442638397"
"1978","10","300","20","erdos_renyi","covar","covar_3","PLN","BIC","0.1","0.1467","0.416818083326499","0.438","0.2","0.012","0.023","7.24519157409668"
"1979","10","300","20","erdos_renyi","covar","covar_3","ZIPLN","BIC","0.04","0.6614","0.584098572195095","0","0.4","1","0.571","3.71014070510864"
"1980","10","300","20","erdos_renyi","covar","covar_3","PLN_ZIvar","BIC","0.08","0.7401","0.489929150108706","0","0",NA,"0","7.5960681438446"
"1981","11","300","20","erdos_renyi","covar","covar_3","PLN","BIC","0.12","0.359868","0.396589015529693","0.63","0.889","0.066","0.122","3.26985478401184"
"1982","11","300","20","erdos_renyi","covar","covar_3","ZIPLN","BIC","0.07","0.6746425","0.561410254614667","0.028","0.667","0.545","0.6","4.7957022190094"
"1983","11","300","20","erdos_renyi","covar","covar_3","PLN_ZIvar","BIC","0.11","0.7809895","0.475953572680248","0","0",NA,"0","3.62362432479858"
"1984","12","300","20","erdos_renyi","covar","covar_3","PLN","BIC","0.13","0.388578","0.436053084485359","0.5","0.714","0.102","0.179","6.59853482246399"
"1985","12","300","20","erdos_renyi","covar","covar_3","ZIPLN","BIC","0.07","0.6006355","0.619631580561876","0.006","0.286","0.8","0.421","7.04372978210449"
"1986","12","300","20","erdos_renyi","covar","covar_3","PLN_ZIvar","BIC","0.11","0.6197865","0.510795296706705","0","0",NA,"0","9.9211061000824"
"1987","13","300","20","erdos_renyi","covar","covar_3","PLN","BIC","0.13","0.23375","0.384371013108316","0.539","0.5","0.049","0.089","6.82225847244263"
"1988","13","300","20","erdos_renyi","covar","covar_3","ZIPLN","BIC","0.07","0.71675","0.580333247257227","0","0.1","1","0.182","3.58911204338074"
"1989","13","300","20","erdos_renyi","covar","covar_3","PLN_ZIvar","BIC","0.11","0.88855","0.477523439239982","0","0",NA,"0","7.93211722373962"
"1990","14","300","20","erdos_renyi","covar","covar_3","PLN","BIC","0.15","0.273999","0.394448938540988","0.704","0.636","0.053","0.097","6.784024477005"
"1991","14","300","20","erdos_renyi","covar","covar_3","ZIPLN","BIC","0.08","0.749221","0.612594040860806","0","0",NA,"0","3.26855778694153"
"1992","14","300","20","erdos_renyi","covar","covar_3","PLN_ZIvar","BIC","0.13","0.6129405","0.46475582098918","0","0.091","1","0.167","6.2775444984436"
"1993","15","300","20","erdos_renyi","covar","covar_3","PLN","BIC","0.08","0.4163","0.348537103882664","0.4","0.4","0.026","0.049","8.03802633285522"
"1994","15","300","20","erdos_renyi","covar","covar_3","ZIPLN","BIC","0.06","0.5272","0.533702630159686","0","0",NA,"0","2.89282727241516"
"1995","15","300","20","erdos_renyi","covar","covar_3","PLN_ZIvar","BIC","0.06","0.7023","0.429923997591151","0","0",NA,"0","15.8633544445038"
"1996","16","300","20","erdos_renyi","covar","covar_3","PLN","BIC","0.07","0.454711","0.401978485557564","0.473","0.833","0.054","0.102","6.30801439285278"
"1997","16","300","20","erdos_renyi","covar","covar_3","ZIPLN","BIC","0.04","0.578348","0.567508831315118","0.005","0.167","0.5","0.25","2.93007755279541"
"1998","16","300","20","erdos_renyi","covar","covar_3","PLN_ZIvar","BIC","0.06","0.515872","0.458949604759905","0","0.167","1","0.286","6.78161025047302"
"1999","17","300","20","erdos_renyi","covar","covar_3","PLN","BIC","0.1","0.318301","0.397992107000194","0.546","0.571","0.038","0.072","3.88079833984375"
"2000","17","300","20","erdos_renyi","covar","covar_3","ZIPLN","BIC","0.05","0.5651915","0.556233444621023","0.033","0.429","0.333","0.375","1.7112123966217"
"2001","17","300","20","erdos_renyi","covar","covar_3","PLN_ZIvar","BIC","0.09","0.652721","0.465233568642716","0.005","0.286","0.667","0.4","3.20094513893127"
"2002","18","300","20","erdos_renyi","covar","covar_3","PLN","BIC","0.13","0.3159765","0.397576630707354","0.316","0.385","0.082","0.135","9.74433612823486"
"2003","18","300","20","erdos_renyi","covar","covar_3","ZIPLN","BIC","0.07","0.6066385","0.599663225186892","0","0.077","1","0.143","7.41866970062256"
"2004","18","300","20","erdos_renyi","covar","covar_3","PLN_ZIvar","BIC","0.11","0.709565","0.480393514734121","0.011","0.154","0.5","0.235","16.5737242698669"
"2005","19","300","20","erdos_renyi","covar","covar_3","PLN","BIC","0.11","0.259222","0.379738176080152","0.538","0.5","0.029","0.056","7.05617189407349"
"2006","19","300","20","erdos_renyi","covar","covar_3","ZIPLN","BIC","0.06","0.9150925","0.555599278537135","0","0",NA,"0","7.58302140235901"
"2007","19","300","20","erdos_renyi","covar","covar_3","PLN_ZIvar","BIC","0.1","0.93925","0.456684271731168","0","0.5","1","0.667","17.4992203712463"
"2008","20","300","20","erdos_renyi","covar","covar_3","PLN","BIC","0.11","0.4186485","0.390250134918932","0.511","0.667","0.041","0.077","6.16501545906067"
"2009","20","300","20","erdos_renyi","covar","covar_3","ZIPLN","BIC","0.06","0.781432","0.58552806153885","0","0",NA,"0","1.61201906204224"
"2010","20","300","20","erdos_renyi","covar","covar_3","PLN_ZIvar","BIC","0.09","0.8828335","0.466841659332554","0","0",NA,"0","11.0759782791138"
"2011","21","300","20","erdos_renyi","covar","covar_3","PLN","BIC","0.15","0.3190865","0.386547439035235","0.627","0.692","0.075","0.135","8.11957550048828"
"2012","21","300","20","erdos_renyi","covar","covar_3","ZIPLN","BIC","0.08","0.7788635","0.577390859655786","0","0.308","1","0.471","3.54464912414551"
"2013","21","300","20","erdos_renyi","covar","covar_3","PLN_ZIvar","BIC","0.13","0.7743795","0.467006789943444","0","0.077","1","0.143","15.9165480136871"
"2014","22","300","20","erdos_renyi","covar","covar_3","PLN","BIC","0.11","0.3993315","0.451850229825667","0.525","0.778","0.069","0.126","4.22474479675293"
"2015","22","300","20","erdos_renyi","covar","covar_3","ZIPLN","BIC","0.07","0.7243795","0.615924844206375","0","0.444","1","0.615","7.46884107589722"
"2016","22","300","20","erdos_renyi","covar","covar_3","PLN_ZIvar","BIC","0.1","0.735967","0.51350854414177","0","0.222","1","0.364","4.08940601348877"
"2017","23","300","20","erdos_renyi","covar","covar_3","PLN","BIC","0.1","0.2019055","0.416866156883641","0.375","0.5","0.042","0.077","5.36649036407471"
"2018","23","300","20","erdos_renyi","covar","covar_3","ZIPLN","BIC","0.05","0.766087","0.575309192932593","0.022","0.667","0.5","0.571","5.06598138809204"
"2019","23","300","20","erdos_renyi","covar","covar_3","PLN_ZIvar","BIC","0.09","0.7403305","0.474945497357249","0","0",NA,"0","6.55176663398743"
"2020","24","300","20","erdos_renyi","covar","covar_3","PLN","BIC","0.09","0.183612","0.41736395984008","0.432","0.286","0.025","0.045","8.42885398864746"
"2021","24","300","20","erdos_renyi","covar","covar_3","ZIPLN","BIC","0.06","0.6962285","0.583064722820908","0","0.143","1","0.25","5.31670618057251"
"2022","24","300","20","erdos_renyi","covar","covar_3","PLN_ZIvar","BIC","0.08","0.707","0.498890954094847","0","0.143","1","0.25","7.63523125648499"
"2023","25","300","20","erdos_renyi","covar","covar_3","PLN","BIC","0.11","0.2089375","0.404911054335473","0.516","0.25","0.021","0.038","5.74605512619019"
"2024","25","300","20","erdos_renyi","covar","covar_3","ZIPLN","BIC","0.06","0.7468125","0.563797950427668","0","0.5","1","0.667","4.22048592567444"
"2025","25","300","20","erdos_renyi","covar","covar_3","PLN_ZIvar","BIC","0.09","0.8723125","0.490010501305502","0","0",NA,"0","7.82662272453308"
"2026","26","300","20","erdos_renyi","covar","covar_3","PLN","BIC","0.1","0.284125","0.429013628735745","0.429","0.375","0.037","0.067","6.71014976501465"
"2027","26","300","20","erdos_renyi","covar","covar_3","ZIPLN","BIC","0.06","0.7685","0.56819429720354","0","0",NA,"0","2.87898302078247"
"2028","26","300","20","erdos_renyi","covar","covar_3","PLN_ZIvar","BIC","0.09","0.448875","0.499853172067084","0","0",NA,"0","5.0623631477356"
"2029","27","300","20","erdos_renyi","covar","covar_3","PLN","BIC","0.09","0.264427","0.360419801310963","0.545","0.667","0.019","0.037","6.63548350334167"
"2030","27","300","20","erdos_renyi","covar","covar_3","ZIPLN","BIC","0.04","0.8593165","0.541357037392571","0","0.333","1","0.5","1.7201931476593"
"2031","27","300","20","erdos_renyi","covar","covar_3","PLN_ZIvar","BIC","0.08","0.9196935","0.434825577814481","0","0",NA,"0","6.95186066627502"
"2032","28","300","20","erdos_renyi","covar","covar_3","PLN","BIC","0.11","0.26131","0.408276804140793","0.519","0.444","0.041","0.075","11.2578368186951"
"2033","28","300","20","erdos_renyi","covar","covar_3","ZIPLN","BIC","0.06","0.6979065","0.5596305965091","0","0",NA,"0","5.55672311782837"
"2034","28","300","20","erdos_renyi","covar","covar_3","PLN_ZIvar","BIC","0.09","0.5053835","0.482714876441892","0","0",NA,"0","8.87576913833618"
"2035","29","300","20","erdos_renyi","covar","covar_3","PLN","BIC","0.1","0.389037","0.431941384169419","0.392","0.667","0.078","0.14","3.80206990242004"
"2036","29","300","20","erdos_renyi","covar","covar_3","ZIPLN","BIC","0.07","0.661313","0.602764605381839","0","0.111","1","0.2","3.84208822250366"
"2037","29","300","20","erdos_renyi","covar","covar_3","PLN_ZIvar","BIC","0.09","0.518514","0.49112399167407","0","0.111","1","0.2","2.88574075698853"
"2038","30","300","20","erdos_renyi","covar","covar_3","PLN","BIC","0.11","0.12725","0.446724007552937","0.167","0","0","0","5.96615314483643"
"2039","30","300","20","erdos_renyi","covar","covar_3","ZIPLN","BIC","0.07","0.66425","0.627937807122738","0","0.1","1","0.182","7.45447850227356"
"2040","30","300","20","erdos_renyi","covar","covar_3","PLN_ZIvar","BIC","0.09","0.62485","0.521542380184398","0","0",NA,"0","5.58172798156738"
"2041","1","300","20","community","covar","covar_3","PLN","BIC","0.14","0.250478","0.379920252660564","0.486","0.4","0.066","0.113","6.84240126609802"
"2042","1","300","20","community","covar","covar_3","ZIPLN","BIC","0.09","0.5977055","0.58879105420299","0","0.267","1","0.421","3.59935164451599"
"2043","1","300","20","community","covar","covar_3","PLN_ZIvar","BIC","0.13","0.7196655","0.47548747478489","0.046","0.467","0.467","0.467","12.0329995155334"
"2044","2","300","20","community","covar","covar_3","PLN","BIC","0.16","0.3335365","0.412655057025449","0.61","0.923","0.1","0.18","6.55179500579834"
"2045","2","300","20","community","covar","covar_3","ZIPLN","BIC","0.1","0.719066","0.584050354484861","0.045","0.769","0.556","0.645","10.6420478820801"
"2046","2","300","20","community","covar","covar_3","PLN_ZIvar","BIC","0.15","0.755893","0.495554654981923","0.011","0.385","0.714","0.5","10.1953675746918"
"2047","3","300","20","community","covar","covar_3","PLN","BIC","0.16","0.3099605","0.390254883625863","0.532","0.765","0.124","0.213","8.78138637542725"
"2048","3","300","20","community","covar","covar_3","ZIPLN","BIC","0.09","0.4589605","0.602444392876648","0","0.118","1","0.211","3.44976258277893"
"2049","3","300","20","community","covar","covar_3","PLN_ZIvar","BIC","0.15","0.570602","0.465564279688883","0","0",NA,"0","6.45088529586792"
"2050","4","300","20","community","covar","covar_3","PLN","BIC","0.13","0.34525","0.388853978785434","0.311","0.3","0.051","0.087","5.82089328765869"
"2051","4","300","20","community","covar","covar_3","ZIPLN","BIC","0.07","0.6868","0.593537362253781","0.017","0.4","0.571","0.471","1.95654606819153"
"2052","4","300","20","community","covar","covar_3","PLN_ZIvar","BIC","0.11","0.75805","0.482877698719208","0.006","0.2","0.667","0.308","10.4493155479431"
"2053","5","300","20","community","covar","covar_3","PLN","BIC","0.16","0.3133835","0.383917530837112","0.337","0.583","0.104","0.177","10.0315546989441"
"2054","5","300","20","community","covar","covar_3","ZIPLN","BIC","0.08","0.797066","0.591473435783696","0.022","0.667","0.667","0.667","6.07004404067993"
"2055","5","300","20","community","covar","covar_3","PLN_ZIvar","BIC","0.14","0.8189425","0.495214627984852","0","0",NA,"0","9.99197626113892"
"2056","6","300","20","community","covar","covar_3","PLN","BIC","0.13","0.367631","0.411543558469114","0.461","0.667","0.089","0.157","7.33316922187805"
"2057","6","300","20","community","covar","covar_3","ZIPLN","BIC","0.09","0.708253","0.57653676334444","0","0",NA,"0","4.39350557327271"
"2058","6","300","20","community","covar","covar_3","PLN_ZIvar","BIC","0.12","0.7217505","0.476053264329744","0","0.25","1","0.4","15.9261059761047"
"2059","7","300","20","community","covar","covar_3","PLN","BIC","0.15","0.223136","0.405978041340968","0.256","0.278","0.102","0.149","10.1858839988708"
"2060","7","300","20","community","covar","covar_3","ZIPLN","BIC","0.11","0.59031","0.620230516363891","0","0.333","1","0.5","10.2051813602448"
"2061","7","300","20","community","covar","covar_3","PLN_ZIvar","BIC","0.13","0.6884385","0.507735162026882","0","0",NA,"0","15.356626033783"
"2062","8","300","20","community","covar","covar_3","PLN","BIC","0.13","0.285967","0.406458981748566","0.291","0.364","0.071","0.119","9.19154620170593"
"2063","8","300","20","community","covar","covar_3","ZIPLN","BIC","0.08","0.6926265","0.604921770759231","0","0",NA,"0","3.56109404563904"
"2064","8","300","20","community","covar","covar_3","PLN_ZIvar","BIC","0.12","0.5643535","0.483510974945477","0","0",NA,"0","7.27204966545105"
"2065","9","300","20","community","covar","covar_3","PLN","BIC","0.15","0.193496","0.465961056580599","0.36","0.2","0.045","0.074","7.94385719299316"
"2066","9","300","20","community","covar","covar_3","ZIPLN","BIC","0.1","0.736306","0.616462480342471","0","0.267","1","0.421","10.641530752182"
"2067","9","300","20","community","covar","covar_3","PLN_ZIvar","BIC","0.13","0.652299","0.537676614300838","0","0",NA,"0","6.09631681442261"
"2068","10","300","20","community","covar","covar_3","PLN","BIC","0.1","0.2233615","0.384260516914978","0.448","0.429","0.035","0.065","4.59672522544861"
"2069","10","300","20","community","covar","covar_3","ZIPLN","BIC","0.07","0.718558","0.585198821466888","0","0.429","1","0.6","2.45475649833679"
"2070","10","300","20","community","covar","covar_3","PLN_ZIvar","BIC","0.08","0.67975","0.463853598252427","0","0.143","1","0.25","5.05304622650146"
"2071","11","300","20","community","covar","covar_3","PLN","BIC","0.17","0.462412","0.37440136776479","0.471","0.833","0.156","0.263","9.69503831863403"
"2072","11","300","20","community","covar","covar_3","ZIPLN","BIC","0.11","0.491167","0.536781690807139","0.017","0.444","0.727","0.552","7.99347996711731"
"2073","11","300","20","community","covar","covar_3","PLN_ZIvar","BIC","0.15","0.690215","0.455275602610185","0","0",NA,"0","7.41535067558289"
"2074","12","300","20","community","covar","covar_3","PLN","BIC","0.12","0.2733755","0.440781638542642","0.442","0.556","0.059","0.106","6.95717930793762"
"2075","12","300","20","community","covar","covar_3","ZIPLN","BIC","0.05","0.54161","0.597770137031231","0.017","0.333","0.5","0.4","2.41247892379761"
"2076","12","300","20","community","covar","covar_3","PLN_ZIvar","BIC","0.1","0.571841","0.543976666151856","0","0.222","1","0.364","10.5246477127075"
"2077","13","300","20","community","covar","covar_3","PLN","BIC","0.13","0.212059","0.372224139267368","0.564","0.333","0.029","0.053","6.44140648841858"
"2078","13","300","20","community","covar","covar_3","ZIPLN","BIC","0.06","0.7904095","0.622249951106382","0.006","0.333","0.75","0.462","3.34780812263489"
"2079","13","300","20","community","covar","covar_3","PLN_ZIvar","BIC","0.11","0.7865175","0.464008741650862","0","0",NA,"0","7.35151934623718"
"2080","14","300","20","community","covar","covar_3","PLN","BIC","0.13","0.207241","0.40336785110213","0.602","0.357","0.045","0.08","5.90627193450928"
"2081","14","300","20","community","covar","covar_3","ZIPLN","BIC","0.08","0.7772545","0.603104360977361","0","0",NA,"0","4.45717096328735"
"2082","14","300","20","community","covar","covar_3","PLN_ZIvar","BIC","0.12","0.7890855","0.481270157760444","0","0",NA,"0","7.16822171211243"
"2083","15","300","20","community","covar","covar_3","PLN","BIC","0.12","0.218792","0.428087654330296","0.442","0.444","0.048","0.086","8.64970445632935"
"2084","15","300","20","community","covar","covar_3","ZIPLN","BIC","0.07","0.5887375","0.591307891048347","0","0",NA,"0","2.98652744293213"
"2085","15","300","20","community","covar","covar_3","PLN_ZIvar","BIC","0.1","0.5334685","0.498136666327372","0","0.111","1","0.2","8.56894397735596"
"2086","16","300","20","community","covar","covar_3","PLN","BIC","0.13","0.4282785","0.410682679991357","0.382","0.333","0.056","0.095","3.93214988708496"
"2087","16","300","20","community","covar","covar_3","ZIPLN","BIC","0.08","0.714434","0.616003469135725","0.006","0.25","0.75","0.375","3.83931541442871"
"2088","16","300","20","community","covar","covar_3","PLN_ZIvar","BIC","0.12","0.7980615","0.482438611312651","0","0",NA,"0","4.14521670341492"
"2089","17","300","20","community","covar","covar_3","PLN","BIC","0.1","0.2733705","0.376238516237023","0.402","0.5","0.039","0.072","6.66980481147766"
"2090","17","300","20","community","covar","covar_3","ZIPLN","BIC","0.05","0.682577","0.538248373054177","0.011","0.5","0.6","0.545","8.26332330703735"
"2091","17","300","20","community","covar","covar_3","PLN_ZIvar","BIC","0.09","0.8172555","0.444502325897923","0","0",NA,"0","6.46676754951477"
"2092","18","300","20","community","covar","covar_3","PLN","BIC","0.15","0.264336","0.404237791287915","0.642","0.643","0.074","0.132","5.80818676948547"
"2093","18","300","20","community","covar","covar_3","ZIPLN","BIC","0.1","0.6751005","0.579288446536604","0","0.071","1","0.133","1.92742919921875"
"2094","18","300","20","community","covar","covar_3","PLN_ZIvar","BIC","0.14","0.711151","0.465119110074407","0.028","0.429","0.545","0.48","5.06218719482422"
"2095","19","300","20","community","covar","covar_3","PLN","BIC","0.14","0.3530545","0.438344022941007","0.562","0.583","0.065","0.118","9.98309564590454"
"2096","19","300","20","community","covar","covar_3","ZIPLN","BIC","0.1","0.7593575","0.623950232590874","0","0",NA,"0","5.46372222900391"
"2097","19","300","20","community","covar","covar_3","PLN_ZIvar","BIC","0.12","0.7837095","0.523724286915034","0","0",NA,"0","12.2112348079681"
"2098","20","300","20","community","covar","covar_3","PLN","BIC","0.15","0.394978","0.384157700981842","0.601","0.583","0.061","0.111","7.10511994361877"
"2099","20","300","20","community","covar","covar_3","ZIPLN","BIC","0.09","0.732552","0.58783202351159","0.017","0.5","0.667","0.571","3.26110816001892"
"2100","20","300","20","community","covar","covar_3","PLN_ZIvar","BIC","0.14","0.7943395","0.483392473118239","0","0.25","1","0.4","5.91591024398804"
"2101","21","300","20","community","covar","covar_3","PLN","BIC","0.16","0.2972195","0.373088019721961","0.401","0.389","0.092","0.149","12.7436537742615"
"2102","21","300","20","community","covar","covar_3","ZIPLN","BIC","0.1","0.749501","0.554474058981585","0","0",NA,"0","6.04878211021423"
"2103","21","300","20","community","covar","covar_3","PLN_ZIvar","BIC","0.14","0.606394","0.466011644066655","0","0",NA,"0","9.83490538597107"
"2104","22","300","20","community","covar","covar_3","PLN","BIC","0.11","0.3152545","0.39970396322447","0.743","0.571","0.029","0.054","4.44453430175781"
"2105","22","300","20","community","covar","covar_3","ZIPLN","BIC","0.06","0.778863","0.569746303050042","0.005","0.429","0.75","0.545","3.21835279464722"
"2106","22","300","20","community","covar","covar_3","PLN_ZIvar","BIC","0.1","0.7833735","0.486973947338319","0","0.143","1","0.25","6.88268613815308"
"2107","23","300","20","community","covar","covar_3","PLN","BIC","0.13","0.332595","0.372785662177761","0.152","0.167","0.069","0.098","13.2795691490173"
"2108","23","300","20","community","covar","covar_3","ZIPLN","BIC","0.07","0.8011325","0.560454561526307","0","0.167","1","0.286","2.07528614997864"
"2109","23","300","20","community","covar","covar_3","PLN_ZIvar","BIC","0.11","0.874831","0.463933907880572","0","0.083","1","0.154","12.2533485889435"
"2110","24","300","20","community","covar","covar_3","PLN","BIC","0.12","0.248263","0.406699026732181","0.355","0.286","0.03","0.054","6.44936633110046"
"2111","24","300","20","community","covar","covar_3","ZIPLN","BIC","0.06","0.7780025","0.595429412825657","0","0",NA,"0","3.77859306335449"
"2112","24","300","20","community","covar","covar_3","PLN_ZIvar","BIC","0.1","0.865123","0.496636619814","0","0",NA,"0","7.635657787323"
"2113","25","300","20","community","covar","covar_3","PLN","BIC","0.08","0.4144","0.39083893474892","0.438","0.6","0.036","0.067","4.3013436794281"
"2114","25","300","20","community","covar","covar_3","ZIPLN","BIC","0.06","0.6901","0.54801023112712","0","0",NA,"0","1.80045175552368"
"2115","25","300","20","community","covar","covar_3","PLN_ZIvar","BIC","0.07","0.8269","0.463353178564786","0","0",NA,"0","3.72690296173096"
"2116","26","300","20","community","covar","covar_3","PLN","BIC","0.16","0.138624","0.391434167798084","0.563","0.438","0.067","0.116","4.0220103263855"
"2117","26","300","20","community","covar","covar_3","ZIPLN","BIC","0.09","0.6005005","0.604992225392324","0.023","0.562","0.692","0.621","2.1073112487793"
"2118","26","300","20","community","covar","covar_3","PLN_ZIvar","BIC","0.15","0.57777","0.479408707889015","0","0",NA,"0","5.31514549255371"
"2119","27","300","20","community","covar","covar_3","PLN","BIC","0.12","0.447158","0.427332335140091","0.425","0.727","0.095","0.168","5.4166247844696"
"2120","27","300","20","community","covar","covar_3","ZIPLN","BIC","0.07","0.74086","0.587440580284489","0","0",NA,"0","2.2048807144165"
"2121","27","300","20","community","covar","covar_3","PLN_ZIvar","BIC","0.11","0.7225965","0.500521725662925","0","0",NA,"0","5.28691101074219"
"2122","28","300","20","community","covar","covar_3","PLN","BIC","0.15","0.4250465","0.419772619090425","0.489","0.688","0.115","0.196","6.39647436141968"
"2123","28","300","20","community","covar","covar_3","ZIPLN","BIC","0.08","0.5906125","0.597294143877856","0.023","0.375","0.6","0.462","7.6332950592041"
"2124","28","300","20","community","covar","covar_3","PLN_ZIvar","BIC","0.13","0.590822","0.50410612216918","0","0.062","1","0.118","9.77383589744568"
"2125","29","300","20","community","covar","covar_3","PLN","BIC","0.08","0.24975","0.423453434163396","0.409","0.25","0.013","0.025","4.95637893676758"
"2126","29","300","20","community","covar","covar_3","ZIPLN","BIC","0.03","0.646875","0.605811172594489","0","0.5","1","0.667","2.01021456718445"
"2127","29","300","20","community","covar","covar_3","PLN_ZIvar","BIC","0.07","0.695375","0.492674975651813","0","0",NA,"0","6.22923946380615"
"2128","30","300","20","community","covar","covar_3","PLN","BIC","0.09","0.399804","0.409171560468829","0.547","0.556","0.048","0.088","3.95847344398499"
"2129","30","300","20","community","covar","covar_3","ZIPLN","BIC","0.04","0.6551705","0.573446277222213","0.022","0.556","0.556","0.556","3.54487872123718"
"2130","30","300","20","community","covar","covar_3","PLN_ZIvar","BIC","0.07","0.7775335","0.473101092056248","0.006","0.333","0.75","0.462","4.21798229217529"
"2131","1","300","20","preferential_attachment","covar","covar_3","PLN","BIC","0.17","0.3073585","0.451335429179428","0.515","0.684","0.129","0.217","12.3328576087952"
"2132","1","300","20","preferential_attachment","covar","covar_3","ZIPLN","BIC","0.12","0.747248","0.649365666688251","0","0",NA,"0","13.1298608779907"
"2133","1","300","20","preferential_attachment","covar","covar_3","PLN_ZIvar","BIC","0.16","0.735117","0.516467688468867","0","0.053","1","0.1","17.7454695701599"
"2134","2","300","20","preferential_attachment","covar","covar_3","PLN","BIC","0.19","0.3215055","0.383125342672772","0.395","0.5","0.117","0.189","12.7485289573669"
"2135","2","300","20","preferential_attachment","covar","covar_3","ZIPLN","BIC","0.14","0.715997","0.597022098638996","0","0.056","1","0.105","6.35583662986755"
"2136","2","300","20","preferential_attachment","covar","covar_3","PLN_ZIvar","BIC","0.17","0.782404","0.470554457235075","0","0",NA,"0","10.0143976211548"
"2137","3","300","20","preferential_attachment","covar","covar_3","PLN","BIC","0.16","0.2347","0.478376262037167","0.415","0.421","0.101","0.163","9.06938314437866"
"2138","3","300","20","preferential_attachment","covar","covar_3","ZIPLN","BIC","0.1","0.7380155","0.657941602433635","0","0.053","1","0.1","3.74904680252075"
"2139","3","300","20","preferential_attachment","covar","covar_3","PLN_ZIvar","BIC","0.15","0.6487355","0.549370424126934","0","0",NA,"0","7.98463869094849"
"2140","4","300","20","preferential_attachment","covar","covar_3","PLN","BIC","0.17","0.16472","0.424176384126112","0.655","0.421","0.067","0.115","10.6851296424866"
"2141","4","300","20","preferential_attachment","covar","covar_3","ZIPLN","BIC","0.11","0.677953","0.629693418498308","0","0.105","1","0.19","10.8621070384979"
"2142","4","300","20","preferential_attachment","covar","covar_3","PLN_ZIvar","BIC","0.16","0.7610245","0.523475293285329","0.006","0.158","0.75","0.261","12.0265600681305"
"2143","5","300","20","preferential_attachment","covar","covar_3","PLN","BIC","0.18","0.275292","0.388234059868265","0.538","0.579","0.107","0.18","8.18343639373779"
"2144","5","300","20","preferential_attachment","covar","covar_3","ZIPLN","BIC","0.11","0.7151825","0.625613914852639","0.012","0.368","0.778","0.5","5.27283525466919"
"2145","5","300","20","preferential_attachment","covar","covar_3","PLN_ZIvar","BIC","0.17","0.7281885","0.481160139870922","0.012","0.158","0.6","0.25","10.1630423069"
"2146","6","300","20","preferential_attachment","covar","covar_3","PLN","BIC","0.19","0.3694955","0.452504395193011","0.398","0.579","0.139","0.224","10.51993060112"
"2147","6","300","20","preferential_attachment","covar","covar_3","ZIPLN","BIC","0.12","0.662226","0.631506371923197","0.012","0.263","0.714","0.385","9.93557047843933"
"2148","6","300","20","preferential_attachment","covar","covar_3","PLN_ZIvar","BIC","0.17","0.799387","0.536856779539379","0.064","0.526","0.476","0.5","12.0762305259705"
"2149","7","300","20","preferential_attachment","covar","covar_3","PLN","BIC","0.17","0.2651825","0.420013154597266","0.649","0.526","0.083","0.143","9.59963011741638"
"2150","7","300","20","preferential_attachment","covar","covar_3","ZIPLN","BIC","0.1","0.7182805","0.615349963102901","0","0.053","1","0.1","6.43667817115784"
"2151","7","300","20","preferential_attachment","covar","covar_3","PLN_ZIvar","BIC","0.15","0.7048635","0.508029122085723","0.023","0.316","0.6","0.414","12.0632243156433"
"2152","8","300","20","preferential_attachment","covar","covar_3","PLN","BIC","0.15","0.316601","0.463739774919742","0.444","0.579","0.126","0.208","6.17895197868347"
"2153","8","300","20","preferential_attachment","covar","covar_3","ZIPLN","BIC","0.09","0.6394195","0.624260091674978","0.053","0.474","0.5","0.486","13.2890412807465"
"2154","8","300","20","preferential_attachment","covar","covar_3","PLN_ZIvar","BIC","0.14","0.7058825","0.525533170659167","0","0",NA,"0","6.62814331054688"
"2155","9","300","20","preferential_attachment","covar","covar_3","PLN","BIC","0.2","0.29221","0.425152937651675","0.339","0.526","0.147","0.23","15.8076057434082"
"2156","9","300","20","preferential_attachment","covar","covar_3","ZIPLN","BIC","0.11","0.653285","0.669225154706862","0","0",NA,"0","4.39489912986755"
"2157","9","300","20","preferential_attachment","covar","covar_3","PLN_ZIvar","BIC","0.18","0.694187","0.53039630803675","0","0.105","1","0.19","12.0242598056793"
"2158","10","300","20","preferential_attachment","covar","covar_3","PLN","BIC","0.17","0.1363325","0.424078756070831","0.55","0.263","0.051","0.085","5.79321050643921"
"2159","10","300","20","preferential_attachment","covar","covar_3","ZIPLN","BIC","0.09","0.629405","0.627570857758666","0.012","0.474","0.818","0.6","4.87634420394897"
"2160","10","300","20","preferential_attachment","covar","covar_3","PLN_ZIvar","BIC","0.16","0.757707","0.516541487820102","0","0",NA,"0","6.63406777381897"
"2161","11","300","20","preferential_attachment","covar","covar_3","PLN","BIC","0.17","0.271899","0.447933592318174","0.117","0.158","0.13","0.143","13.7224009037018"
"2162","11","300","20","preferential_attachment","covar","covar_3","ZIPLN","BIC","0.1","0.6659285","0.637241502741084","0","0",NA,"0","6.8153018951416"
"2163","11","300","20","preferential_attachment","covar","covar_3","PLN_ZIvar","BIC","0.14","0.682045","0.540225859403557","0","0",NA,"0","10.7423422336578"
"2164","12","300","20","preferential_attachment","covar","covar_3","PLN","BIC","0.19","0.217399","0.403180549388049","0.491","0.316","0.067","0.11","9.10596561431885"
"2165","12","300","20","preferential_attachment","covar","covar_3","ZIPLN","BIC","0.11","0.716432","0.629807856701879","0","0.053","1","0.1","3.93823909759521"
"2166","12","300","20","preferential_attachment","covar","covar_3","PLN_ZIvar","BIC","0.16","0.5260685","0.507112148227647","0","0",NA,"0","7.57867670059204"
"2167","13","300","20","preferential_attachment","covar","covar_3","PLN","BIC","0.17","0.1744905","0.408609453752267","0.602","0.421","0.072","0.123","12.8008236885071"
"2168","13","300","20","preferential_attachment","covar","covar_3","ZIPLN","BIC","0.12","0.551635","0.584091159928066","0","0.105","1","0.19","9.42721509933472"
"2169","13","300","20","preferential_attachment","covar","covar_3","PLN_ZIvar","BIC","0.15","0.609262","0.502851185698574","0.047","0.263","0.385","0.312","12.0301539897919"
"2170","14","300","20","preferential_attachment","covar","covar_3","PLN","BIC","0.18","0.32977","0.479240930707545","0.256","0.5","0.17","0.254","7.75039505958557"
"2171","14","300","20","preferential_attachment","covar","covar_3","ZIPLN","BIC","0.11","0.6628465","0.652749501238109","0.029","0.556","0.667","0.606","4.51306080818176"
"2172","14","300","20","preferential_attachment","covar","covar_3","PLN_ZIvar","BIC","0.16","0.6954495","0.563671938834936","0","0.167","1","0.286","7.29175543785095"
"2173","15","300","20","preferential_attachment","covar","covar_3","PLN","BIC","0.21","0.265751","0.494140598816294","0.591","0.579","0.098","0.168","10.987322807312"
"2174","15","300","20","preferential_attachment","covar","covar_3","ZIPLN","BIC","0.12","0.722884","0.711917989458384","0","0",NA,"0","6.09708404541016"
"2175","15","300","20","preferential_attachment","covar","covar_3","PLN_ZIvar","BIC","0.19","0.641843","0.581223530558356","0","0",NA,"0","8.76697659492493"
"2176","16","300","20","preferential_attachment","covar","covar_3","PLN","BIC","0.17","0.282872","0.471195445519587","0.48","0.474","0.099","0.164","8.92884421348572"
"2177","16","300","20","preferential_attachment","covar","covar_3","ZIPLN","BIC","0.1","0.582758","0.615970892943131","0.035","0.474","0.6","0.529","9.13252639770508"
"2178","16","300","20","preferential_attachment","covar","covar_3","PLN_ZIvar","BIC","0.15","0.6797635","0.535420651374653","0.018","0.526","0.769","0.625","7.52344584465027"
"2179","17","300","20","preferential_attachment","covar","covar_3","PLN","BIC","0.2","0.2962465","0.416939443894107","0.468","0.474","0.101","0.167","13.4992213249207"
"2180","17","300","20","preferential_attachment","covar","covar_3","ZIPLN","BIC","0.12","0.635182","0.611499341596046","0.006","0.211","0.8","0.333","4.59347414970398"
"2181","17","300","20","preferential_attachment","covar","covar_3","PLN_ZIvar","BIC","0.18","0.735589","0.507437572028548","0","0",NA,"0","10.1459760665894"
"2182","18","300","20","preferential_attachment","covar","covar_3","PLN","BIC","0.16","0.274136","0.452635762098194","0.386","0.632","0.154","0.247","5.66375279426575"
"2183","18","300","20","preferential_attachment","covar","covar_3","ZIPLN","BIC","0.08","0.7066305","0.628610009390329","0.018","0.579","0.786","0.667","5.62447690963745"
"2184","18","300","20","preferential_attachment","covar","covar_3","PLN_ZIvar","BIC","0.14","0.7028225","0.533982770856396","0","0",NA,"0","5.85922956466675"
"2185","19","300","20","preferential_attachment","covar","covar_3","PLN","BIC","0.18","0.3002555","0.403098184051475","0.618","0.588","0.085","0.149","10.7874562740326"
"2186","19","300","20","preferential_attachment","covar","covar_3","ZIPLN","BIC","0.11","0.605955","0.610630296877506","0.006","0.118","0.667","0.2","1.94915699958801"
"2187","19","300","20","preferential_attachment","covar","covar_3","PLN_ZIvar","BIC","0.16","0.6893535","0.499359569778697","0","0.059","1","0.111","6.41953611373901"
"2188","20","300","20","preferential_attachment","covar","covar_3","PLN","BIC","0.16","0.274641","0.441241093456485","0.169","0.333","0.171","0.226","15.3179700374603"
"2189","20","300","20","preferential_attachment","covar","covar_3","ZIPLN","BIC","0.09","0.7718735","0.626292096005469","0","0.278","1","0.435","9.03189754486084"
"2190","20","300","20","preferential_attachment","covar","covar_3","PLN_ZIvar","BIC","0.14","0.689741","0.537456783929213","0","0",NA,"0","16.8946952819824"
"2191","21","300","20","preferential_attachment","covar","covar_3","PLN","BIC","0.19","0.3384915","0.436958983471136","0.216","0.316","0.14","0.194","12.6900706291199"
"2192","21","300","20","preferential_attachment","covar","covar_3","ZIPLN","BIC","0.13","0.770104","0.645488855518978","0","0",NA,"0","4.25741386413574"
"2193","21","300","20","preferential_attachment","covar","covar_3","PLN_ZIvar","BIC","0.17","0.665393","0.520908605684002","0","0.105","1","0.19","10.4281120300293"
"2194","22","300","20","preferential_attachment","covar","covar_3","PLN","BIC","0.18","0.2587625","0.421625112294135","0.386","0.316","0.083","0.132","7.9537787437439"
"2195","22","300","20","preferential_attachment","covar","covar_3","ZIPLN","BIC","0.1","0.7434115","0.624725206535698","0","0.211","1","0.348","7.95792126655579"
"2196","22","300","20","preferential_attachment","covar","covar_3","PLN_ZIvar","BIC","0.15","0.731145","0.516616044216655","0","0",NA,"0","5.2063136100769"
"2197","23","300","20","preferential_attachment","covar","covar_3","PLN","BIC","0.19","0.218937","0.384096868182314","0.456","0.211","0.049","0.079","9.72479867935181"
"2198","23","300","20","preferential_attachment","covar","covar_3","ZIPLN","BIC","0.12","0.6021495","0.679004651943587","0","0.158","1","0.273","4.3388078212738"
"2199","23","300","20","preferential_attachment","covar","covar_3","PLN_ZIvar","BIC","0.16","0.560635","0.511510708603356","0.012","0.105","0.5","0.174","12.0342717170715"
"2200","24","300","20","preferential_attachment","covar","covar_3","PLN","BIC","0.17","0.2367365","0.441951552024632","0.55","0.632","0.113","0.192","6.66349387168884"
"2201","24","300","20","preferential_attachment","covar","covar_3","ZIPLN","BIC","0.11","0.7183885","0.613185023081147","0","0",NA,"0","5.02486538887024"
"2202","24","300","20","preferential_attachment","covar","covar_3","PLN_ZIvar","BIC","0.15","0.7337225","0.514603825485619","0","0",NA,"0","13.9941222667694"
"2203","25","300","20","preferential_attachment","covar","covar_3","PLN","BIC","0.17","0.2349155","0.414936458080217","0.497","0.526","0.105","0.175","5.65470838546753"
"2204","25","300","20","preferential_attachment","covar","covar_3","ZIPLN","BIC","0.11","0.776177","0.599572546101112","0","0",NA,"0","2.1632719039917"
"2205","25","300","20","preferential_attachment","covar","covar_3","PLN_ZIvar","BIC","0.15","0.708166","0.494260827181847","0","0",NA,"0","10.7334668636322"
"2206","26","300","20","preferential_attachment","covar","covar_3","PLN","BIC","0.16","0.352292","0.430202415833856","0.532","0.526","0.099","0.167","5.38275074958801"
"2207","26","300","20","preferential_attachment","covar","covar_3","ZIPLN","BIC","0.1","0.6497435","0.623104320485204","0","0",NA,"0","2.62559747695923"
"2208","26","300","20","preferential_attachment","covar","covar_3","PLN_ZIvar","BIC","0.14","0.5334265","0.531582458319728","0","0.053","1","0.1","10.2535517215729"
"2209","27","300","20","preferential_attachment","covar","covar_3","PLN","BIC","0.17","0.3526765","0.396772101943272","0.468","0.579","0.121","0.2","6.89689517021179"
"2210","27","300","20","preferential_attachment","covar","covar_3","ZIPLN","BIC","0.12","0.591746","0.585289070540413","0","0",NA,"0","7.16336131095886"
"2211","27","300","20","preferential_attachment","covar","covar_3","PLN_ZIvar","BIC","0.15","0.648868","0.487217850711033","0","0",NA,"0","6.79856157302856"
"2212","28","300","20","preferential_attachment","covar","covar_3","PLN","BIC","0.21","0.287432","0.494775800468253","0.444","0.632","0.136","0.224","6.20843148231506"
"2213","28","300","20","preferential_attachment","covar","covar_3","ZIPLN","BIC","0.13","0.619246","0.72901553846326","0","0.053","1","0.1","4.09901261329651"
"2214","28","300","20","preferential_attachment","covar","covar_3","PLN_ZIvar","BIC","0.19","0.7286155","0.569541027515742","0.006","0.368","0.875","0.519","5.81976103782654"
"2215","29","300","20","preferential_attachment","covar","covar_3","PLN","BIC","0.17","0.2349345","0.384954084235879","0.532","0.421","0.081","0.136","8.94775438308716"
"2216","29","300","20","preferential_attachment","covar","covar_3","ZIPLN","BIC","0.1","0.5912685","0.588728941086741","0.023","0.316","0.6","0.414","4.47801470756531"
"2217","29","300","20","preferential_attachment","covar","covar_3","PLN_ZIvar","BIC","0.15","0.605446","0.482234272609651","0","0",NA,"0","9.83485651016235"
"2218","30","300","20","preferential_attachment","covar","covar_3","PLN","BIC","0.19","0.2078415","0.408577846802509","0.491","0.368","0.077","0.127","7.46722912788391"
"2219","30","300","20","preferential_attachment","covar","covar_3","ZIPLN","BIC","0.11","0.402177","0.679637404319129","0","0.105","1","0.19","6.4995744228363"
"2220","30","300","20","preferential_attachment","covar","covar_3","PLN_ZIvar","BIC","0.17","0.4774285","0.499726733458986","0","0",NA,"0","6.51788020133972"
"2221","1","300","20","erdos_renyi","covar","covar_4","PLN","BIC","0.11","0.3649375","0.348881162474967","0.379","0.5","0.055","0.099","5.23813986778259"
"2222","1","300","20","erdos_renyi","covar","covar_4","ZIPLN","BIC","0.07","0.7456875","0.578132969518091","0","0",NA,"0","2.41820740699768"
"2223","1","300","20","erdos_renyi","covar","covar_4","PLN_ZIvar","BIC","0.1","0.751375","0.398422843022138","0","0",NA,"0","5.46093511581421"
"2224","2","300","20","erdos_renyi","covar","covar_4","PLN","BIC","0.1","0.2515625","0.322295957767894","0.505","0.375","0.032","0.058","9.95783400535583"
"2225","2","300","20","erdos_renyi","covar","covar_4","ZIPLN","BIC","0.11","0.6785625","0.5491861728753","0","0",NA,"0","2.5083909034729"
"2226","2","300","20","erdos_renyi","covar","covar_4","PLN_ZIvar","BIC","0.09","0.6048125","0.375769055695332","0","0",NA,"0","10.783109664917"
"2227","3","300","20","erdos_renyi","covar","covar_4","PLN","BIC","0.14","0.238625","0.367142560010808","0.505","0.25","0.021","0.039","8.00622057914734"
"2228","3","300","20","erdos_renyi","covar","covar_4","ZIPLN","BIC","0.07","0.715375","0.613730710502977","0","0",NA,"0","1.61448097229004"
"2229","3","300","20","erdos_renyi","covar","covar_4","PLN_ZIvar","BIC","0.13","0.6265","0.411395467164279","0","0",NA,"0","5.9874894618988"
"2230","4","300","20","erdos_renyi","covar","covar_4","PLN","BIC","0.15","0.4069625","0.363652707161882","0.424","0.538","0.085","0.147","8.86776423454285"
"2231","4","300","20","erdos_renyi","covar","covar_4","ZIPLN","BIC","0.11","0.4445075","0.599081310401269","0","0",NA,"0","5.95877861976624"
"2232","4","300","20","erdos_renyi","covar","covar_4","PLN_ZIvar","BIC","0.14","0.6631315","0.417820899768167","0","0.077","1","0.143","8.95419383049011"
"2233","5","300","20","erdos_renyi","covar","covar_4","PLN","BIC","0.11","0.2695645","0.312450371416126","0.592","0.5","0.027","0.051","5.85208034515381"
"2234","5","300","20","erdos_renyi","covar","covar_4","ZIPLN","BIC","0.06","0.5100515","0.534733090340157","0","0.167","1","0.286","2.2574987411499"
"2235","5","300","20","erdos_renyi","covar","covar_4","PLN_ZIvar","BIC","0.1","0.672074","0.381483221425388","0","0",NA,"0","8.35203576087952"
"2236","6","300","20","erdos_renyi","covar","covar_4","PLN","BIC","0.16","0.2506075","0.342834118998969","0.531","0.462","0.06","0.106","5.75327563285828"
"2237","6","300","20","erdos_renyi","covar","covar_4","ZIPLN","BIC","0.08","0.6019995","0.609164058899451","0","0",NA,"0","2.57534384727478"
"2238","6","300","20","erdos_renyi","covar","covar_4","PLN_ZIvar","BIC","0.15","0.5455745","0.399953719429477","0","0",NA,"0","6.74566507339478"
"2239","7","300","20","erdos_renyi","covar","covar_4","PLN","BIC","0.17","0.308391","0.359134237034128","0.429","0.4","0.074","0.125","10.5644023418427"
"2240","7","300","20","erdos_renyi","covar","covar_4","ZIPLN","BIC","0.09","0.5016325","0.620575903192265","0","0",NA,"0","3.58592414855957"
"2241","7","300","20","erdos_renyi","covar","covar_4","PLN_ZIvar","BIC","0.15","0.3763365","0.425659614647422","0","0",NA,"0","11.9648303985596"
"2242","8","300","20","erdos_renyi","covar","covar_4","PLN","BIC","0.11","0.242499","0.324128283347283","0.614","0.333","0.017","0.033","8.45441293716431"
"2243","8","300","20","erdos_renyi","covar","covar_4","ZIPLN","BIC","0.07","0.5647545","0.56474571639265","0","0",NA,"0","2.65300703048706"
"2244","8","300","20","erdos_renyi","covar","covar_4","PLN_ZIvar","BIC","0.1","0.7816805","0.378595696041828","0","0",NA,"0","16.1865935325623"
"2245","9","300","20","erdos_renyi","covar","covar_4","PLN","BIC","0.14","0.4396165","0.348592563612116","0.503","0.727","0.082","0.147","5.4197952747345"
"2246","9","300","20","erdos_renyi","covar","covar_4","ZIPLN","BIC","0.08","0.7093445","0.603775423929375","0","0",NA,"0","1.89752554893494"
"2247","9","300","20","erdos_renyi","covar","covar_4","PLN_ZIvar","BIC","0.13","0.591656","0.402563441345163","0","0",NA,"0","10.3581013679504"
"2248","10","300","20","erdos_renyi","covar","covar_4","PLN","BIC","0.13","0.55395","0.356419164998635","0.472","0.8","0.086","0.155","7.70725107192993"
"2249","10","300","20","erdos_renyi","covar","covar_4","ZIPLN","BIC","0.09","0.5905","0.586403518567977","0","0",NA,"0","7.25752091407776"
"2250","10","300","20","erdos_renyi","covar","covar_4","PLN_ZIvar","BIC","0.12","0.6477","0.404473767713168","0.044","0.3","0.273","0.286","18.1739115715027"
"2251","11","300","20","erdos_renyi","covar","covar_4","PLN","BIC","0.16","0.25955","0.358897624255775","0.517","0.4","0.041","0.075","7.16263937950134"
"2252","11","300","20","erdos_renyi","covar","covar_4","ZIPLN","BIC","0.09","0.7218","0.611573513661501","0","0",NA,"0","3.01785635948181"
"2253","11","300","20","erdos_renyi","covar","covar_4","PLN_ZIvar","BIC","0.15","0.50855","0.408827200514194","0.011","0.1","0.333","0.154","7.05888915061951"
"2254","12","300","20","erdos_renyi","covar","covar_4","PLN","BIC","0.12","0.5572","0.333542922231913","0.762","1","0.034","0.066","6.156822681427"
"2255","12","300","20","erdos_renyi","covar","covar_4","ZIPLN","BIC","0.06","0.757","0.562881663083502","0","0.2","1","0.333","2.1885621547699"
"2256","12","300","20","erdos_renyi","covar","covar_4","PLN_ZIvar","BIC","0.11","0.8132","0.390940185058112","0","0",NA,"0","6.9006450176239"
"2257","13","300","20","erdos_renyi","covar","covar_4","PLN","BIC","0.17","0.2609005","0.349758234402604","0.392","0.5","0.092","0.156","6.58924221992493"
"2258","13","300","20","erdos_renyi","covar","covar_4","ZIPLN","BIC","0.11","0.622144","0.621714111309628","0","0",NA,"0","2.8441309928894"
"2259","13","300","20","erdos_renyi","covar","covar_4","PLN_ZIvar","BIC","0.16","0.6706125","0.398222060587633","0","0",NA,"0","9.29449272155762"
"2260","14","300","20","erdos_renyi","covar","covar_4","PLN","BIC","0.1","0.3795205","0.35215536394682","0.63","0.833","0.041","0.079","9.58049964904785"
"2261","14","300","20","erdos_renyi","covar","covar_4","ZIPLN","BIC","0.09","0.536384","0.578839195762267","0","0",NA,"0","1.72380828857422"
"2262","14","300","20","erdos_renyi","covar","covar_4","PLN_ZIvar","BIC","0.09","0.6636105","0.397988283303139","0","0",NA,"0","8.17301678657532"
"2263","15","300","20","erdos_renyi","covar","covar_4","PLN","BIC","0.14","0.37006","0.358739459146138","0.556","0.583","0.066","0.119","5.81459903717041"
"2264","15","300","20","erdos_renyi","covar","covar_4","ZIPLN","BIC","0.18","0.6465565","0.593206228800966","0","0",NA,"0","1.86845779418945"
"2265","15","300","20","erdos_renyi","covar","covar_4","PLN_ZIvar","BIC","0.13","0.650832","0.412175427374159","0","0.083","1","0.154","4.67876529693604"
"2266","16","300","20","erdos_renyi","covar","covar_4","PLN","BIC","0.12","0.1831","0.335305141058975","0.389","0.1","0.014","0.025","9.36268329620361"
"2267","16","300","20","erdos_renyi","covar","covar_4","ZIPLN","BIC","0.08","0.694","0.540630013878063","0","0.3","1","0.462","3.07222580909729"
"2268","16","300","20","erdos_renyi","covar","covar_4","PLN_ZIvar","BIC","0.11","0.6712","0.386684682623807","0","0",NA,"0","10.4992914199829"
"2269","17","300","20","erdos_renyi","covar","covar_4","PLN","BIC","0.11","0.436533","0.395704317789625","0.276","0.444","0.074","0.127","8.8069155216217"
"2270","17","300","20","erdos_renyi","covar","covar_4","ZIPLN","BIC","0.08","0.7367615","0.579711127793789","0","0",NA,"0","3.2354097366333"
"2271","17","300","20","erdos_renyi","covar","covar_4","PLN_ZIvar","BIC","0.1","0.717284","0.43121783736733","0","0",NA,"0","9.09306812286377"
"2272","18","300","20","erdos_renyi","covar","covar_4","PLN","BIC","0.15","0.3699465","0.347462211691449","0.48","0.692","0.096","0.168","11.1235883235931"
"2273","18","300","20","erdos_renyi","covar","covar_4","ZIPLN","BIC","0.09","0.6201435","0.57050214347743","0","0",NA,"0","3.42840099334717"
"2274","18","300","20","erdos_renyi","covar","covar_4","PLN_ZIvar","BIC","0.14","0.6490315","0.398214853307155","0","0",NA,"0","9.2624671459198"
"2275","19","300","20","erdos_renyi","covar","covar_4","PLN","BIC","0.11","0.3465","0.359318534683978","0.44","0.5","0.048","0.087","10.1940939426422"
"2276","19","300","20","erdos_renyi","covar","covar_4","ZIPLN","BIC","0.08","0.7694375","0.572314822818876","0","0",NA,"0","2.92883777618408"
"2277","19","300","20","erdos_renyi","covar","covar_4","PLN_ZIvar","BIC","0.11","0.635625","0.402852307943644","0","0",NA,"0","15.5131454467773"
"2278","20","300","20","erdos_renyi","covar","covar_4","PLN","BIC","0.17","0.258448","0.347883428611103","0.417","0.267","0.052","0.087","9.0850784778595"
"2279","20","300","20","erdos_renyi","covar","covar_4","ZIPLN","BIC","0.1","0.661978","0.620735103909469","0","0.067","1","0.125","3.36277627944946"
"2280","20","300","20","erdos_renyi","covar","covar_4","PLN_ZIvar","BIC","0.16","0.6067525","0.409254584441946","0","0",NA,"0","9.97321748733521"
"2281","21","300","20","erdos_renyi","covar","covar_4","PLN","BIC","0.16","0.4202","0.374236373791574","0.511","0.3","0.032","0.057","5.94882225990295"
"2282","21","300","20","erdos_renyi","covar","covar_4","ZIPLN","BIC","0.11","0.6688","0.622415022121284","0","0",NA,"0","3.48345518112183"
"2283","21","300","20","erdos_renyi","covar","covar_4","PLN_ZIvar","BIC","0.15","0.3968","0.421406292581981","0","0",NA,"0","9.39730334281921"
"2284","22","300","20","erdos_renyi","covar","covar_4","PLN","BIC","0.1","0.284402","0.356717133449447","0.391","0.167","0.014","0.025","8.40437531471252"
"2285","22","300","20","erdos_renyi","covar","covar_4","ZIPLN","BIC","0.06","0.5572365","0.572618199258565","0","0.333","1","0.5","2.95714092254639"
"2286","22","300","20","erdos_renyi","covar","covar_4","PLN_ZIvar","BIC","0.1","0.7828215","0.402972941503017","0","0",NA,"0","10.6310896873474"
"2287","23","300","20","erdos_renyi","covar","covar_4","PLN","BIC","0.13","0.3329655","0.358175974277447","0.447","0.364","0.048","0.084","6.48701357841492"
"2288","23","300","20","erdos_renyi","covar","covar_4","ZIPLN","BIC","0.07","0.634884","0.616665471826358","0","0",NA,"0","2.69099688529968"
"2289","23","300","20","erdos_renyi","covar","covar_4","PLN_ZIvar","BIC","0.12","0.7258905","0.417832701413254","0","0",NA,"0","8.30979490280151"
"2290","24","300","20","erdos_renyi","covar","covar_4","PLN","BIC","0.16","0.35705","0.368768855269434","0.402","0.562","0.114","0.189","11.2185578346252"
"2291","24","300","20","erdos_renyi","covar","covar_4","ZIPLN","BIC","0.11","0.629573","0.597540267628585","0","0",NA,"0","3.6261157989502"
"2292","24","300","20","erdos_renyi","covar","covar_4","PLN_ZIvar","BIC","0.15","0.7743805","0.422023779684524","0","0",NA,"0","17.4197435379028"
"2293","25","300","20","erdos_renyi","covar","covar_4","PLN","BIC","0.12","0.373422","0.370227904859988","0.436","0.444","0.048","0.087","7.51336169242859"
"2294","25","300","20","erdos_renyi","covar","covar_4","ZIPLN","BIC","0.1","0.7937845","0.604221604734971","0","0",NA,"0","2.08115935325623"
"2295","25","300","20","erdos_renyi","covar","covar_4","PLN_ZIvar","BIC","0.11","0.733984","0.415772684448242","0","0",NA,"0","6.03415966033936"
"2296","26","300","20","erdos_renyi","covar","covar_4","PLN","BIC","0.18","0.321297","0.367727334968414","0.543","0.647","0.105","0.18","10.2477524280548"
"2297","26","300","20","erdos_renyi","covar","covar_4","ZIPLN","BIC","0.14","0.608035","0.644261048307625","0","0",NA,"0","1.71004819869995"
"2298","26","300","20","erdos_renyi","covar","covar_4","PLN_ZIvar","BIC","0.17","0.3531135","0.423828858184283","0","0",NA,"0","9.43352103233337"
"2299","27","300","20","erdos_renyi","covar","covar_4","PLN","BIC","0.14","0.1895","0.372762823929546","0.622","0.2","0.018","0.032","9.3377206325531"
"2300","27","300","20","erdos_renyi","covar","covar_4","ZIPLN","BIC","0.09","0.58925","0.613685958583227","0","0",NA,"0","3.70989322662354"
"2301","27","300","20","erdos_renyi","covar","covar_4","PLN_ZIvar","BIC","0.13","0.6611","0.428669545184327","0","0",NA,"0","14.8565716743469"
"2302","28","300","20","erdos_renyi","covar","covar_4","PLN","BIC","0.11","0.38825","0.347982706428968","0.385","0.5","0.054","0.098","5.49346804618835"
"2303","28","300","20","erdos_renyi","covar","covar_4","ZIPLN","BIC","0.08","0.53675","0.555347275780642","0","0.125","1","0.222","1.45809841156006"
"2304","28","300","20","erdos_renyi","covar","covar_4","PLN_ZIvar","BIC","0.1","0.5709375","0.390273498076808","0","0",NA,"0","6.66642546653748"
"2305","29","300","20","erdos_renyi","covar","covar_4","PLN","BIC","0.17","0.2631865","0.355472425107835","0.445","0.529","0.105","0.175","12.7186853885651"
"2306","29","300","20","erdos_renyi","covar","covar_4","ZIPLN","BIC","0.12","0.5830825","0.625382788960819","0","0",NA,"0","1.7729651927948"
"2307","29","300","20","erdos_renyi","covar","covar_4","PLN_ZIvar","BIC","0.16","0.599222","0.415272628344249","0","0",NA,"0","18.6611304283142"
"2308","30","300","20","erdos_renyi","covar","covar_4","PLN","BIC","0.13","0.2781755","0.35043063733432","0.587","0.545","0.054","0.098","6.09058523178101"
"2309","30","300","20","erdos_renyi","covar","covar_4","ZIPLN","BIC","0.06","0.4712235","0.603378203726866","0","0",NA,"0","2.65914559364319"
"2310","30","300","20","erdos_renyi","covar","covar_4","PLN_ZIvar","BIC","0.12","0.5839485","0.39710900608722","0","0",NA,"0","6.07575726509094"
"2311","1","300","20","community","covar","covar_4","PLN","BIC","0.17","0.30785","0.335190319127874","0.518","0.5","0.102","0.169","9.17639899253845"
"2312","1","300","20","community","covar","covar_4","ZIPLN","BIC","0.1","0.685275","0.567094380668429","0","0",NA,"0","3.00597929954529"
"2313","1","300","20","community","covar","covar_4","PLN_ZIvar","BIC","0.16","0.582975","0.390612387758466","0","0.05","1","0.095","17.2050704956055"
"2314","2","300","20","community","covar","covar_4","PLN","BIC","0.13","0.3222765","0.325634601681267","0.26","0.385","0.098","0.156","3.85057830810547"
"2315","2","300","20","community","covar","covar_4","ZIPLN","BIC","0.08","0.457572","0.566805405787429","0","0.231","1","0.375","1.52041006088257"
"2316","2","300","20","community","covar","covar_4","PLN_ZIvar","BIC","0.12","0.643373","0.398950828613004","0","0",NA,"0","6.51783657073975"
"2317","3","300","20","community","covar","covar_4","PLN","BIC","0.17","0.352278","0.385817385877922","0.514","0.471","0.082","0.14","9.62370991706848"
"2318","3","300","20","community","covar","covar_4","ZIPLN","BIC","0.12","0.4834545","0.615566359124078","0","0.176","1","0.3","5.1168417930603"
"2319","3","300","20","community","covar","covar_4","PLN_ZIvar","BIC","0.17","0.577935","0.439702852652983","0","0.118","1","0.211","8.52551293373108"
"2320","4","300","20","community","covar","covar_4","PLN","BIC","0.16","0.4308915","0.358677101826438","0.349","0.4","0.09","0.146","8.22024989128113"
"2321","4","300","20","community","covar","covar_4","ZIPLN","BIC","0.09","0.6571475","0.594791978418002","0","0.067","1","0.125","2.81928825378418"
"2322","4","300","20","community","covar","covar_4","PLN_ZIvar","BIC","0.16","0.6358845","0.404185488510607","0","0",NA,"0","9.75622582435608"
"2323","5","300","20","community","covar","covar_4","PLN","BIC","0.16","0.2499395","0.313769195246288","0.653","0.571","0.065","0.117","11.4619176387787"
"2324","5","300","20","community","covar","covar_4","ZIPLN","BIC","0.1","0.7258205","0.556872048919783","0","0",NA,"0","1.80769348144531"
"2325","5","300","20","community","covar","covar_4","PLN_ZIvar","BIC","0.15","0.6636675","0.368617021209896","0","0",NA,"0","12.4550852775574"
"2326","6","300","20","community","covar","covar_4","PLN","BIC","0.15","0.24135","0.332965992684918","0.706","0.7","0.052","0.097","7.61969423294067"
"2327","6","300","20","community","covar","covar_4","ZIPLN","BIC","0.08","0.8337","0.566351152454853","0","0",NA,"0","2.4516921043396"
"2328","6","300","20","community","covar","covar_4","PLN_ZIvar","BIC","0.15","0.8555","0.381483785868044","0","0",NA,"0","8.15922617912292"
"2329","7","300","20","community","covar","covar_4","PLN","BIC","0.16","0.2078575","0.366847144084356","0.382","0.083","0.014","0.025","9.78591418266296"
"2330","7","300","20","community","covar","covar_4","ZIPLN","BIC","0.09","0.660267","0.587901087031917","0","0",NA,"0","3.49465656280518"
"2331","7","300","20","community","covar","covar_4","PLN_ZIvar","BIC","0.15","0.8449105","0.415574403660281","0","0",NA,"0","15.79825258255"
"2332","8","300","20","community","covar","covar_4","PLN","BIC","0.11","0.3549665","0.350619080702224","0.437","0.571","0.048","0.088","9.84618902206421"
"2333","8","300","20","community","covar","covar_4","ZIPLN","BIC","0.09","0.7039965","0.585230801517622","0","0",NA,"0","2.84624266624451"
"2334","8","300","20","community","covar","covar_4","PLN_ZIvar","BIC","0.1","0.735218","0.407235226129494","0","0",NA,"0","9.6628885269165"
"2335","9","300","20","community","covar","covar_4","PLN","BIC","0.16","0.2530535","0.344898173365128","0.556","0.5","0.057","0.103","8.0793137550354"
"2336","9","300","20","community","covar","covar_4","ZIPLN","BIC","0.09","0.823967","0.612329560308714","0","0",NA,"0","10.0225262641907"
"2337","9","300","20","community","covar","covar_4","PLN_ZIvar","BIC","0.15","0.590416","0.406792754169595","0","0",NA,"0","15.2409155368805"
"2338","10","300","20","community","covar","covar_4","PLN","BIC","0.13","0.287","0.35416399047506","0.467","0.4","0.045","0.082","8.34162783622742"
"2339","10","300","20","community","covar","covar_4","ZIPLN","BIC","0.08","0.74105","0.610483593158787","0","0",NA,"0","2.88463377952576"
"2340","10","300","20","community","covar","covar_4","PLN_ZIvar","BIC","0.12","0.7041","0.410501736775928","0","0.1","1","0.182","9.44813823699951"
"2341","11","300","20","community","covar","covar_4","PLN","BIC","0.14","0.465542","0.364806532426","0.508","0.727","0.081","0.145","5.69236660003662"
"2342","11","300","20","community","covar","covar_4","ZIPLN","BIC","0.11","0.664819","0.593012457246671","0","0",NA,"0","2.14221215248108"
"2343","11","300","20","community","covar","covar_4","PLN_ZIvar","BIC","0.13","0.603091","0.414186703805173","0.006","0.273","0.75","0.4","4.82992887496948"
"2344","12","300","20","community","covar","covar_4","PLN","BIC","0.16","0.330859","0.340931702185159","0.497","0.333","0.054","0.093","7.30232954025269"
"2345","12","300","20","community","covar","covar_4","ZIPLN","BIC","0.11","0.7786555","0.585259003421426","0","0",NA,"0","3.00679063796997"
"2346","12","300","20","community","covar","covar_4","PLN_ZIvar","BIC","0.15","0.7636895","0.391279261085579","0.017","0.333","0.625","0.435","16.4528467655182"
"2347","13","300","20","community","covar","covar_4","PLN","BIC","0.17","0.413773","0.336301685928631","0.427","0.579","0.131","0.214","8.91752457618713"
"2348","13","300","20","community","covar","covar_4","ZIPLN","BIC","0.09","0.6928405","0.582381487844273","0","0",NA,"0","3.40267109870911"
"2349","13","300","20","community","covar","covar_4","PLN_ZIvar","BIC","0.16","0.528657","0.400950640464872","0.041","0.158","0.3","0.207","12.0344219207764"
"2350","14","300","20","community","covar","covar_4","PLN","BIC","0.16","0.3844295","0.364048069573969","0.466","0.583","0.078","0.137","6.28702235221863"
"2351","14","300","20","community","covar","covar_4","ZIPLN","BIC","0.12","0.633523","0.601470130858732","0","0",NA,"0","3.27362990379333"
"2352","14","300","20","community","covar","covar_4","PLN_ZIvar","BIC","0.15","0.546317","0.413400478208742","0","0",NA,"0","8.37944436073303"
"2353","15","300","20","community","covar","covar_4","PLN","BIC","0.16","0.362668","0.336248401478408","0.429","0.538","0.084","0.146","8.12373781204224"
"2354","15","300","20","community","covar","covar_4","ZIPLN","BIC","0.09","0.6871725","0.580381584636398","0","0",NA,"0","3.71221089363098"
"2355","15","300","20","community","covar","covar_4","PLN_ZIvar","BIC","0.15","0.706807","0.406471313429847","0.04","0.154","0.222","0.182","12.1739337444305"
"2356","16","300","20","community","covar","covar_4","PLN","BIC","0.16","0.393428","0.353445583399779","0.42","0.5","0.099","0.165","9.24340796470642"
"2357","16","300","20","community","covar","covar_4","ZIPLN","BIC","0.09","0.7022305","0.608100257489096","0","0",NA,"0","4.3455753326416"
"2358","16","300","20","community","covar","covar_4","PLN_ZIvar","BIC","0.15","0.556315","0.405776410135432","0","0",NA,"0","15.9720559120178"
"2359","17","300","20","community","covar","covar_4","PLN","BIC","0.12","0.1208125","0.308673732732737","0.473","0","0","0","6.15406131744385"
"2360","17","300","20","community","covar","covar_4","ZIPLN","BIC","0.07","0.7799375","0.541313835887058","0","0",NA,"0","1.57278490066528"
"2361","17","300","20","community","covar","covar_4","PLN_ZIvar","BIC","0.11","0.644","0.36584685401328","0","0",NA,"0","8.64981698989868"
"2362","18","300","20","community","covar","covar_4","PLN","BIC","0.15","0.369388","0.361865557968756","0.469","0.538","0.078","0.136","8.33708763122559"
"2363","18","300","20","community","covar","covar_4","ZIPLN","BIC","0.1","0.633982","0.568980626285045","0","0",NA,"0","3.02970600128174"
"2364","18","300","20","community","covar","covar_4","PLN_ZIvar","BIC","0.14","0.7060755","0.407538026851066","0","0",NA,"0","14.7991771697998"
"2365","19","300","20","community","covar","covar_4","PLN","BIC","0.12","0.376001","0.333777609498446","0.459","0.286","0.023","0.043","9.34927034378052"
"2366","19","300","20","community","covar","covar_4","ZIPLN","BIC","0.06","0.6836965","0.566817772415114","0","0",NA,"0","2.33584094047546"
"2367","19","300","20","community","covar","covar_4","PLN_ZIvar","BIC","0.11","0.6602685","0.375863807834509","0","0",NA,"0","14.8462901115417"
"2368","20","300","20","community","covar","covar_4","PLN","BIC","0.14","0.2240755","0.342834595541498","0.486","0.333","0.033","0.06","9.37226271629333"
"2369","20","300","20","community","covar","covar_4","ZIPLN","BIC","0.09","0.695001","0.579433204528465","0","0.111","1","0.2","3.16733002662659"
"2370","20","300","20","community","covar","covar_4","PLN_ZIvar","BIC","0.13","0.5869345","0.395179535157133","0","0",NA,"0","16.1941866874695"
"2371","21","300","20","community","covar","covar_4","PLN","BIC","0.15","0.1986025","0.366298479408056","0.447","0.182","0.024","0.043","8.90303540229797"
"2372","21","300","20","community","covar","covar_4","ZIPLN","BIC","0.09","0.54552","0.62232097327637","0","0",NA,"0","5.34002470970154"
"2373","21","300","20","community","covar","covar_4","PLN_ZIvar","BIC","0.14","0.629293","0.419058578483713","0","0",NA,"0","9.29844689369202"
"2374","22","300","20","community","covar","covar_4","PLN","BIC","0.15","0.3108465","0.388532373572793","0.404","0.5","0.077","0.133","9.33303499221802"
"2375","22","300","20","community","covar","covar_4","ZIPLN","BIC","0.1","0.7264345","0.63832924104787","0","0",NA,"0","3.52199053764343"
"2376","22","300","20","community","covar","covar_4","PLN_ZIvar","BIC","0.14","0.613969","0.429628878619328","0","0",NA,"0","16.2205665111542"
"2377","23","300","20","community","covar","covar_4","PLN","BIC","0.16","0.270073","0.41591796380921","0.287","0.312","0.091","0.141","5.32630777359009"
"2378","23","300","20","community","covar","covar_4","ZIPLN","BIC","0.09","0.5832915","0.681953517226527","0","0",NA,"0","3.336106300354"
"2379","23","300","20","community","covar","covar_4","PLN_ZIvar","BIC","0.15","0.6465505","0.451174321654748","0","0",NA,"0","9.07266521453857"
"2380","24","300","20","community","covar","covar_4","PLN","BIC","0.15","0.2490565","0.333669482249386","0.208","0.083","0.026","0.04","18.420686006546"
"2381","24","300","20","community","covar","covar_4","ZIPLN","BIC","0.15","0.5152885","0.618211474441283","0","0",NA,"0","1.82774591445923"
"2382","24","300","20","community","covar","covar_4","PLN_ZIvar","BIC","0.13","0.519826","0.404193882399561","0","0",NA,"0","16.7456908226013"
"2383","25","300","20","community","covar","covar_4","PLN","BIC","0.13","0.449054","0.372838950634172","0.326","0.333","0.065","0.108","6.54196643829346"
"2384","25","300","20","community","covar","covar_4","ZIPLN","BIC","0.08","0.6816465","0.600463368169527","0","0.167","1","0.286","1.73273134231567"
"2385","25","300","20","community","covar","covar_4","PLN_ZIvar","BIC","0.12","0.596843","0.417230702869187","0","0",NA,"0","5.74011731147766"
"2386","26","300","20","community","covar","covar_4","PLN","BIC","0.18","0.221739","0.31506816906067","0.425","0.273","0.038","0.067","5.8633975982666"
"2387","26","300","20","community","covar","covar_4","ZIPLN","BIC","0.11","0.522789","0.591483241430713","0","0.091","1","0.167","2.58770060539246"
"2388","26","300","20","community","covar","covar_4","PLN_ZIvar","BIC","0.16","0.5888455","0.399098461620735","0","0",NA,"0","6.12339520454407"
"2389","27","300","20","community","covar","covar_4","PLN","BIC","0.13","0.2369735","0.384367357680824","0.339","0.385","0.077","0.128","3.23931288719177"
"2390","27","300","20","community","covar","covar_4","ZIPLN","BIC","0.11","0.705254","0.603202010856897","0","0",NA,"0","1.36842036247253"
"2391","27","300","20","community","covar","covar_4","PLN_ZIvar","BIC","0.12","0.6305475","0.434065446563049","0","0",NA,"0","3.86263561248779"
"2392","28","300","20","community","covar","covar_4","PLN","BIC","0.14","0.436168","0.405302518026685","0.315","0.583","0.111","0.187","5.84256625175476"
"2393","28","300","20","community","covar","covar_4","ZIPLN","BIC","0.09","0.5655555","0.640621240498593","0","0",NA,"0","1.91536951065063"
"2394","28","300","20","community","covar","covar_4","PLN_ZIvar","BIC","0.12","0.390538","0.452911286702328","0","0",NA,"0","5.92319393157959"
"2395","29","300","20","community","covar","covar_4","PLN","BIC","0.16","0.3741865","0.326895596990579","0.529","0.75","0.115","0.2","10.449720621109"
"2396","29","300","20","community","covar","covar_4","ZIPLN","BIC","0.09","0.6965155","0.57223380667788","0","0",NA,"0","2.88898754119873"
"2397","29","300","20","community","covar","covar_4","PLN_ZIvar","BIC","0.15","0.629504","0.379893780611038","0","0",NA,"0","10.3136208057404"
"2398","30","300","20","community","covar","covar_4","PLN","BIC","0.19","0.3827185","0.369637179625582","0.456","0.579","0.124","0.204","5.77068090438843"
"2399","30","300","20","community","covar","covar_4","ZIPLN","BIC","0.1","0.666785","0.621076867562255","0","0.158","1","0.273","6.32272553443909"
"2400","30","300","20","community","covar","covar_4","PLN_ZIvar","BIC","0.18","0.692745","0.438238149731207","0","0.053","1","0.1","7.54387903213501"
"2401","1","300","20","preferential_attachment","covar","covar_4","PLN","BIC","0.21","0.3169415","0.339594530257493","0.322","0.421","0.127","0.195","6.2123761177063"
"2402","1","300","20","preferential_attachment","covar","covar_4","ZIPLN","BIC","0.13","0.735805","0.635535802282074","0","0",NA,"0","3.49567937850952"
"2403","1","300","20","preferential_attachment","covar","covar_4","PLN_ZIvar","BIC","0.19","0.6453235","0.415663819852763","0","0",NA,"0","8.47479557991028"
"2404","2","300","20","preferential_attachment","covar","covar_4","PLN","BIC","0.21","0.306878","0.434383172989048","0.444","0.368","0.084","0.137","7.98193097114563"
"2405","2","300","20","preferential_attachment","covar","covar_4","ZIPLN","BIC","0.1","0.578823","0.69513272237991","0.012","0.316","0.75","0.444","4.2443585395813"
"2406","2","300","20","preferential_attachment","covar","covar_4","PLN_ZIvar","BIC","0.2","0.5726755","0.478358607660202","0","0",NA,"0","10.0671715736389"
"2407","3","300","20","preferential_attachment","covar","covar_4","PLN","BIC","0.19","0.2414015","0.340677752753421","0.526","0.526","0.1","0.168","8.71819686889648"
"2408","3","300","20","preferential_attachment","covar","covar_4","ZIPLN","BIC","0.11","0.732938","0.613292847341814","0","0",NA,"0","3.21510815620422"
"2409","3","300","20","preferential_attachment","covar","covar_4","PLN_ZIvar","BIC","0.18","0.7021465","0.418530074445898","0","0",NA,"0","11.7831962108612"
"2410","4","300","20","preferential_attachment","covar","covar_4","PLN","BIC","0.18","0.299737","0.363397671278832","0.596","0.526","0.089","0.153","6.42143392562866"
"2411","4","300","20","preferential_attachment","covar","covar_4","ZIPLN","BIC","0.1","0.64225","0.62048566250526","0","0",NA,"0","1.81391191482544"
"2412","4","300","20","preferential_attachment","covar","covar_4","PLN_ZIvar","BIC","0.17","0.515654","0.430484340981183","0","0",NA,"0","8.67800283432007"
"2413","5","300","20","preferential_attachment","covar","covar_4","PLN","BIC","0.2","0.3050245","0.364621842511021","0.456","0.474","0.103","0.17","7.82065844535828"
"2414","5","300","20","preferential_attachment","covar","covar_4","ZIPLN","BIC","0.12","0.6712855","0.636487602246863","0","0",NA,"0","3.03984451293945"
"2415","5","300","20","preferential_attachment","covar","covar_4","PLN_ZIvar","BIC","0.19","0.600567","0.416389704686085","0","0",NA,"0","10.8842997550964"
"2416","6","300","20","preferential_attachment","covar","covar_4","PLN","BIC","0.19","0.3927835","0.381035302292895","0.439","0.684","0.148","0.243","8.45137333869934"
"2417","6","300","20","preferential_attachment","covar","covar_4","ZIPLN","BIC","0.12","0.5465235","0.665119922046369","0","0",NA,"0","3.35591530799866"
"2418","6","300","20","preferential_attachment","covar","covar_4","PLN_ZIvar","BIC","0.18","0.6476315","0.43712117379118","0","0.053","1","0.1","16.3880693912506"
"2419","7","300","20","preferential_attachment","covar","covar_4","PLN","BIC","0.19","0.264744","0.317774871166203","0.491","0.421","0.087","0.144","8.83622336387634"
"2420","7","300","20","preferential_attachment","covar","covar_4","ZIPLN","BIC","0.11","0.49692","0.618935402209234","0","0",NA,"0","3.13488745689392"
"2421","7","300","20","preferential_attachment","covar","covar_4","PLN_ZIvar","BIC","0.17","0.403963","0.393740967372369","0","0",NA,"0","16.8671939373016"
"2422","8","300","20","preferential_attachment","covar","covar_4","PLN","BIC","0.2","0.3750385","0.381626390626655","0.398","0.474","0.117","0.188","9.50348544120789"
"2423","8","300","20","preferential_attachment","covar","covar_4","ZIPLN","BIC","0.12","0.6555165","0.654822686213564","0","0",NA,"0","4.80866932868958"
"2424","8","300","20","preferential_attachment","covar","covar_4","PLN_ZIvar","BIC","0.19","0.5824495","0.435962388445147","0","0",NA,"0","9.5240638256073"
"2425","9","300","20","preferential_attachment","covar","covar_4","PLN","BIC","0.18","0.2849635","0.359994355910668","0.643","0.579","0.091","0.157","8.21664714813232"
"2426","9","300","20","preferential_attachment","covar","covar_4","ZIPLN","BIC","0.1","0.655624","0.61389640420464","0","0.105","1","0.19","3.37165760993958"
"2427","9","300","20","preferential_attachment","covar","covar_4","PLN_ZIvar","BIC","0.17","0.636659","0.417031387038654","0.006","0","0","0","14.5009605884552"
"2428","10","300","20","preferential_attachment","covar","covar_4","PLN","BIC","0.2","0.336315","0.38730799279216","0.439","0.421","0.096","0.157","5.75517988204956"
"2429","10","300","20","preferential_attachment","covar","covar_4","ZIPLN","BIC","0.1","0.633991","0.68263663029881","0","0",NA,"0","2.12127828598022"
"2430","10","300","20","preferential_attachment","covar","covar_4","PLN_ZIvar","BIC","0.18","0.466464","0.445365382896841","0","0",NA,"0","6.5083475112915"
"2431","11","300","20","preferential_attachment","covar","covar_4","PLN","BIC","0.2","0.2228415","0.368467916897543","0.345","0.158","0.048","0.074","9.90710139274597"
"2432","11","300","20","preferential_attachment","covar","covar_4","ZIPLN","BIC","0.15","0.4827475","0.653885375235232","0","0",NA,"0","3.85881447792053"
"2433","11","300","20","preferential_attachment","covar","covar_4","PLN_ZIvar","BIC","0.18","0.655833","0.430064593154171","0","0",NA,"0","7.30190467834473"
"2434","12","300","20","preferential_attachment","covar","covar_4","PLN","BIC","0.18","0.342349","0.334508209210704","0.544","0.526","0.097","0.164","12.541045665741"
"2435","12","300","20","preferential_attachment","covar","covar_4","ZIPLN","BIC","0.11","0.671859","0.569634328141278","0","0",NA,"0","14.4785592556"
"2436","12","300","20","preferential_attachment","covar","covar_4","PLN_ZIvar","BIC","0.18","0.5944335","0.393866405960155","0.006","0","0","0","11.970956325531"
"2437","13","300","20","preferential_attachment","covar","covar_4","PLN","BIC","0.2","0.2457085","0.406753585843536","0.304","0.263","0.088","0.132","11.5265672206879"
"2438","13","300","20","preferential_attachment","covar","covar_4","ZIPLN","BIC","0.11","0.6043605","0.649802644006496","0","0",NA,"0","4.15924859046936"
"2439","13","300","20","preferential_attachment","covar","covar_4","PLN_ZIvar","BIC","0.18","0.627755","0.455274602071384","0","0",NA,"0","16.6547541618347"
"2440","14","300","20","preferential_attachment","covar","covar_4","PLN","BIC","0.17","0.332136","0.371445169764197","0.351","0.632","0.167","0.264","6.74700617790222"
"2441","14","300","20","preferential_attachment","covar","covar_4","ZIPLN","BIC","0.09","0.461801","0.603131505280363","0","0.053","1","0.1","3.1848611831665"
"2442","14","300","20","preferential_attachment","covar","covar_4","PLN_ZIvar","BIC","0.16","0.698153","0.420075184717434","0","0",NA,"0","8.22819519042969"
"2443","15","300","20","preferential_attachment","covar","covar_4","PLN","BIC","0.2","0.314473","0.369168559206274","0.532","0.579","0.108","0.182","7.46714925765991"
"2444","15","300","20","preferential_attachment","covar","covar_4","ZIPLN","BIC","0.15","0.533088","0.651214283870125","0","0",NA,"0","3.04578638076782"
"2445","15","300","20","preferential_attachment","covar","covar_4","PLN_ZIvar","BIC","0.18","0.530394","0.424291303361854","0","0",NA,"0","6.94451189041138"
"2446","16","300","20","preferential_attachment","covar","covar_4","PLN","BIC","0.19","0.3127455","0.345481861814886","0.52","0.474","0.092","0.154","5.8075213432312"
"2447","16","300","20","preferential_attachment","covar","covar_4","ZIPLN","BIC","0.11","0.453187","0.610660170806812","0.006","0.105","0.667","0.182","1.71236848831177"
"2448","16","300","20","preferential_attachment","covar","covar_4","PLN_ZIvar","BIC","0.18","0.522146","0.406021243681722","0","0",NA,"0","6.67439246177673"
"2449","17","300","20","preferential_attachment","covar","covar_4","PLN","BIC","0.22","0.267665","0.362449661194098","0.368","0.368","0.1","0.157","12.5318682193756"
"2450","17","300","20","preferential_attachment","covar","covar_4","ZIPLN","BIC","0.15","0.6157515","0.613702387690802","0","0",NA,"0","2.5115430355072"
"2451","17","300","20","preferential_attachment","covar","covar_4","PLN_ZIvar","BIC","0.2","0.7139205","0.427560888065889","0","0",NA,"0","15.7158212661743"
"2452","18","300","20","preferential_attachment","covar","covar_4","PLN","BIC","0.2","0.2850195","0.374972941191263","0.515","0.421","0.083","0.139","10.759423494339"
"2453","18","300","20","preferential_attachment","covar","covar_4","ZIPLN","BIC","0.11","0.661547","0.674330746479621","0","0",NA,"0","3.02953433990479"
"2454","18","300","20","preferential_attachment","covar","covar_4","PLN_ZIvar","BIC","0.18","0.605002","0.446245586450322","0","0",NA,"0","11.9338548183441"
"2455","19","300","20","preferential_attachment","covar","covar_4","PLN","BIC","0.19","0.3630435","0.348040395757586","0.626","0.632","0.101","0.174","6.67969012260437"
"2456","19","300","20","preferential_attachment","covar","covar_4","ZIPLN","BIC","0.1","0.6565025","0.614474739240482","0","0",NA,"0","2.62447547912598"
"2457","19","300","20","preferential_attachment","covar","covar_4","PLN_ZIvar","BIC","0.18","0.68973","0.408904197591658","0","0",NA,"0","6.99446082115173"
"2458","20","300","20","preferential_attachment","covar","covar_4","PLN","BIC","0.21","0.321215","0.372619482210153","0.526","0.579","0.109","0.183","8.03550386428833"
"2459","20","300","20","preferential_attachment","covar","covar_4","ZIPLN","BIC","0.13","0.382236","0.661687925557004","0.006","0.158","0.75","0.261","2.08349347114563"
"2460","20","300","20","preferential_attachment","covar","covar_4","PLN_ZIvar","BIC","0.19","0.6822595","0.443147994846023","0","0",NA,"0","6.00540518760681"
"2461","21","300","20","preferential_attachment","covar","covar_4","PLN","BIC","0.19","0.2479295","0.352092209609374","0.485","0.474","0.098","0.162","11.8081967830658"
"2462","21","300","20","preferential_attachment","covar","covar_4","ZIPLN","BIC","0.12","0.555353","0.621253069369576","0","0",NA,"0","8.28101801872253"
"2463","21","300","20","preferential_attachment","covar","covar_4","PLN_ZIvar","BIC","0.18","0.602265","0.412088397571944","0","0",NA,"0","16.4560053348541"
"2464","22","300","20","preferential_attachment","covar","covar_4","PLN","BIC","0.18","0.358185","0.350044937450989","0.374","0.474","0.123","0.196","5.86752462387085"
"2465","22","300","20","preferential_attachment","covar","covar_4","ZIPLN","BIC","0.1","0.577892","0.618879847011083","0","0",NA,"0","1.51345753669739"
"2466","22","300","20","preferential_attachment","covar","covar_4","PLN_ZIvar","BIC","0.17","0.489127","0.404268361325267","0","0",NA,"0","5.0779504776001"
"2467","23","300","20","preferential_attachment","covar","covar_4","PLN","BIC","0.17","0.315277","0.33439379203777","0.532","0.474","0.09","0.151","6.58066320419312"
"2468","23","300","20","preferential_attachment","covar","covar_4","ZIPLN","BIC","0.09","0.766356","0.587494469408191","0","0",NA,"0","1.75840401649475"
"2469","23","300","20","preferential_attachment","covar","covar_4","PLN_ZIvar","BIC","0.16","0.453302","0.392430780798423","0","0",NA,"0","5.34693169593811"
"2470","24","300","20","preferential_attachment","covar","covar_4","PLN","BIC","0.2","0.313665","0.355825172070054","0.564","0.611","0.102","0.175","7.78170037269592"
"2471","24","300","20","preferential_attachment","covar","covar_4","ZIPLN","BIC","0.1","0.675454","0.663871821977299","0","0",NA,"0","1.76162934303284"
"2472","24","300","20","preferential_attachment","covar","covar_4","PLN_ZIvar","BIC","0.19","0.6221305","0.420848069128654","0","0",NA,"0","9.3232319355011"
"2473","25","300","20","preferential_attachment","covar","covar_4","PLN","BIC","0.18","0.2568765","0.373526661206064","0.515","0.263","0.054","0.089","7.54256176948547"
"2474","25","300","20","preferential_attachment","covar","covar_4","ZIPLN","BIC","0.11","0.659419","0.660954765395251","0","0",NA,"0","2.0180492401123"
"2475","25","300","20","preferential_attachment","covar","covar_4","PLN_ZIvar","BIC","0.16","0.502643","0.450676251836619","0","0",NA,"0","11.056688785553"
"2476","26","300","20","preferential_attachment","covar","covar_4","PLN","BIC","0.17","0.46078","0.385143439768358","0.404","0.579","0.138","0.222","5.45599317550659"
"2477","26","300","20","preferential_attachment","covar","covar_4","ZIPLN","BIC","0.09","0.595997","0.624340042177843","0","0",NA,"0","1.82722949981689"
"2478","26","300","20","preferential_attachment","covar","covar_4","PLN_ZIvar","BIC","0.16","0.534334","0.42526489382378","0","0",NA,"0","9.14417409896851"
"2479","27","300","20","preferential_attachment","covar","covar_4","PLN","BIC","0.21","0.311507","0.363173520240831","0.587","0.556","0.09","0.155","6.16643166542053"
"2480","27","300","20","preferential_attachment","covar","covar_4","ZIPLN","BIC","0.13","0.690874","0.667384342598278","0","0",NA,"0","1.57374405860901"
"2481","27","300","20","preferential_attachment","covar","covar_4","PLN_ZIvar","BIC","0.19","0.497165","0.424720507744916","0","0",NA,"0","9.95755338668823"
"2482","28","300","20","preferential_attachment","covar","covar_4","PLN","BIC","0.2","0.2586515","0.343661607152912","0.491","0.474","0.097","0.161","5.87484192848206"
"2483","28","300","20","preferential_attachment","covar","covar_4","ZIPLN","BIC","0.12","0.6121935","0.597443912646757","0","0.158","1","0.273","1.92029857635498"
"2484","28","300","20","preferential_attachment","covar","covar_4","PLN_ZIvar","BIC","0.18","0.5145005","0.403558886813096","0","0",NA,"0","6.72131109237671"
"2485","29","300","20","preferential_attachment","covar","covar_4","PLN","BIC","0.2","0.351749","0.402087811732837","0.497","0.526","0.105","0.175","6.25718212127686"
"2486","29","300","20","preferential_attachment","covar","covar_4","ZIPLN","BIC","0.1","0.575318","0.663697161026841","0","0",NA,"0","1.96862363815308"
"2487","29","300","20","preferential_attachment","covar","covar_4","PLN_ZIvar","BIC","0.19","0.585677","0.446884158241092","0","0",NA,"0","5.43791770935059"
"2488","30","300","20","preferential_attachment","covar","covar_4","PLN","BIC","0.22","0.2257475","0.374607631076991","0.456","0.421","0.093","0.152","4.70962643623352"
"2489","30","300","20","preferential_attachment","covar","covar_4","ZIPLN","BIC","0.19","0.581186","0.651747795097523","0","0",NA,"0","4.6239755153656"
"2490","30","300","20","preferential_attachment","covar","covar_4","PLN_ZIvar","BIC","0.21","0.4220005","0.434385896874571","0","0",NA,"0","9.60973978042603"
