"","simu","n","p","omega_structure","zi_type","zi_config","method","criterion","omega_rmse","AUC","rmse_fit","fallout","recall","precision","f1_score","time"
"1","1","300","20","erdos_renyi","sites","sites_1","PLN","BIC","0.04","0.7538135","0.665830233983053","0.022","0.714","0.556","0.625","1.50954627990723"
"2","1","300","20","erdos_renyi","sites","sites_1","ZIPLN","BIC","0.04","0.6034675","0.723840747436027","0.016","0.714","0.625","0.667","24.926237821579"
"3","2","300","20","erdos_renyi","sites","sites_1","PLN","BIC","0.06","0.7774675","0.64017768024136","0.034","0.727","0.571","0.64","2.75845813751221"
"4","2","300","20","erdos_renyi","sites","sites_1","ZIPLN","BIC","0.05","0.7551865","0.683219961980298","0.05","0.727","0.471","0.571","35.1591019630432"
"5","3","300","20","erdos_renyi","sites","sites_1","PLN","BIC","0.04","0.8228885","0.640226693359572","0.005","0.833","0.833","0.833","2.54084396362305"
"6","3","300","20","erdos_renyi","sites","sites_1","ZIPLN","BIC","0.04","0.7985725","0.695526793598185","0.016","0.833","0.625","0.714","34.0349836349487"
"7","4","300","20","erdos_renyi","sites","sites_1","PLN","BIC","0.04","0.650507","0.670517123080987","0","0.429","1","0.6","2.53647303581238"
"8","4","300","20","erdos_renyi","sites","sites_1","ZIPLN","BIC","0.05","0.6708265","0.722619190069876","0.011","0.571","0.667","0.615","35.6327188014984"
"9","5","300","20","erdos_renyi","sites","sites_1","PLN","BIC","0.04","0.6799","0.635408797758761","0","0.4","1","0.571","2.35506272315979"
"10","5","300","20","erdos_renyi","sites","sites_1","ZIPLN","BIC","0.04","0.62905","0.678499480364254","0.028","0.6","0.545","0.571","35.0810515880585"
"11","6","300","20","erdos_renyi","sites","sites_1","PLN","BIC","0.04","0.770249","0.61809259974355","0.011","1","0.75","0.857","2.46567344665527"
"12","6","300","20","erdos_renyi","sites","sites_1","ZIPLN","BIC","0.04","0.727328","0.668184423333688","0.016","0.833","0.625","0.714","33.3772819042206"
"13","7","300","20","erdos_renyi","sites","sites_1","PLN","BIC","0.07","0.83105","0.635614362673152","0.028","1","0.667","0.8","1.80866193771362"
"14","7","300","20","erdos_renyi","sites","sites_1","ZIPLN","BIC","0.05","0.75425","0.682671858905436","0.072","1","0.435","0.606","23.2326283454895"
"15","8","300","20","erdos_renyi","sites","sites_1","PLN","BIC","0.05","0.6869645","0.634503895860407","0.039","0.667","0.462","0.545","2.62981510162354"
"16","8","300","20","erdos_renyi","sites","sites_1","ZIPLN","BIC","0.04","0.675623","0.685617359852585","0.028","0.667","0.545","0.6","35.9900722503662"
"17","9","300","20","erdos_renyi","sites","sites_1","PLN","BIC","0.03","0.8900815","0.616091248482908","0.027","1","0.545","0.706","2.51626825332642"
"18","9","300","20","erdos_renyi","sites","sites_1","ZIPLN","BIC","0.03","0.872336","0.649565181280953","0.027","1","0.545","0.706","38.5199303627014"
"19","10","300","20","erdos_renyi","sites","sites_1","PLN","BIC","0.06","0.758904","0.616618762273323","0.078","0.818","0.391","0.529","2.78910112380981"
"20","10","300","20","erdos_renyi","sites","sites_1","ZIPLN","BIC","0.05","0.785248","0.665730640790636","0.073","0.909","0.435","0.588","34.924932718277"
"21","11","300","20","erdos_renyi","sites","sites_1","PLN","BIC","0.04","0.796532","0.61399522155636","0","0.714","1","0.833","2.48015332221985"
"22","11","300","20","erdos_renyi","sites","sites_1","ZIPLN","BIC","0.04","0.7249125","0.658861044721303","0.016","0.857","0.667","0.75","35.9887890815735"
"23","12","300","20","erdos_renyi","sites","sites_1","PLN","BIC","0.04","0.7166495","0.624322631583415","0","0.333","1","0.5","2.49837875366211"
"24","12","300","20","erdos_renyi","sites","sites_1","ZIPLN","BIC","0.04","0.683617","0.691421210752834","0.016","0.5","0.5","0.5","34.2431778907776"
"25","13","300","20","erdos_renyi","sites","sites_1","PLN","BIC","0.05","0.680464","0.645951486322795","0.005","0.667","0.8","0.727","1.62102794647217"
"26","13","300","20","erdos_renyi","sites","sites_1","ZIPLN","BIC","0.04","0.816953","0.687873230882075","0.022","0.667","0.5","0.571","23.5954837799072"
"27","14","300","20","erdos_renyi","sites","sites_1","PLN","BIC","0.05","0.7528395","0.627104652788293","0.078","0.909","0.417","0.571","2.97762632369995"
"28","14","300","20","erdos_renyi","sites","sites_1","ZIPLN","BIC","0.05","0.7183845","0.6613849998049","0.039","0.818","0.562","0.667","35.0253806114197"
"29","15","300","20","erdos_renyi","sites","sites_1","PLN","BIC","0.05","0.8340425","0.640697933463213","0.027","0.857","0.545","0.667","2.70069694519043"
"30","15","300","20","erdos_renyi","sites","sites_1","ZIPLN","BIC","0.04","0.8121745","0.679408522891136","0.044","0.857","0.429","0.571","34.9973578453064"
"31","16","300","20","erdos_renyi","sites","sites_1","PLN","BIC","0.08","0.732411","0.70532591659022","0.011","0.857","0.857","0.857","2.5707631111145"
"32","16","300","20","erdos_renyi","sites","sites_1","ZIPLN","BIC","0.06","0.69808","0.747662464811155","0.028","0.786","0.688","0.733","32.7602949142456"
"33","17","300","20","erdos_renyi","sites","sites_1","PLN","BIC","0.04","0.701369","0.659430677137722","0.006","0.444","0.8","0.571","2.43697905540466"
"34","17","300","20","erdos_renyi","sites","sites_1","ZIPLN","BIC","0.05","0.6303515","0.705223540213332","0.006","0.556","0.833","0.667","34.2767324447632"
"35","18","300","20","erdos_renyi","sites","sites_1","PLN","BIC","0.04","0.647241","0.60226081433907","0.005","0.833","0.833","0.833","2.66749143600464"
"36","18","300","20","erdos_renyi","sites","sites_1","ZIPLN","BIC","0.04","0.742856","0.656664858918685","0.005","0.833","0.833","0.833","35.5835599899292"
"37","19","300","20","erdos_renyi","sites","sites_1","PLN","BIC","0.06","0.622","0.681888612763813","0.017","0.7","0.7","0.7","1.74245619773865"
"38","19","300","20","erdos_renyi","sites","sites_1","ZIPLN","BIC","0.05","0.56145","0.737557900625588","0.028","0.7","0.583","0.636","24.1887600421906"
"39","20","300","20","erdos_renyi","sites","sites_1","PLN","BIC","0.05","0.6179725","0.668502745229571","0.017","0.778","0.7","0.737","2.5629768371582"
"40","20","300","20","erdos_renyi","sites","sites_1","ZIPLN","BIC","0.05","0.6127025","0.709236110963624","0.011","0.556","0.714","0.625","25.5053336620331"
"41","21","300","20","erdos_renyi","sites","sites_1","PLN","BIC","0.06","0.8237705","0.659482775394753","0","0.75","1","0.857","2.34953689575195"
"42","21","300","20","erdos_renyi","sites","sites_1","ZIPLN","BIC","0.05","0.743479","0.705574636048945","0.006","0.833","0.909","0.87","35.4053590297699"
"43","22","300","20","erdos_renyi","sites","sites_1","PLN","BIC","0.06","0.8638225","0.680225878836086","0.006","0.545","0.857","0.667","2.35549116134644"
"44","22","300","20","erdos_renyi","sites","sites_1","ZIPLN","BIC","0.05","0.787199","0.735387512456846","0.039","0.818","0.562","0.667","32.4261193275452"
"45","23","300","20","erdos_renyi","sites","sites_1","PLN","BIC","0.03","0.7637","0.599617712067868","0.027","0.8","0.444","0.571","2.15821409225464"
"46","23","300","20","erdos_renyi","sites","sites_1","ZIPLN","BIC","0.03","0.7318","0.654831812502839","0.032","0.8","0.4","0.533","32.308500289917"
"47","24","300","20","erdos_renyi","sites","sites_1","PLN","BIC","0.07","0.7244","0.658297794293717","0.006","0.5","0.833","0.625","2.68747401237488"
"48","24","300","20","erdos_renyi","sites","sites_1","ZIPLN","BIC","0.06","0.6439","0.703046679493232","0.006","0.5","0.833","0.625","27.6250030994415"
"49","25","300","20","erdos_renyi","sites","sites_1","PLN","BIC","0.04","0.7052095","0.655157389029541","0.017","0.667","0.667","0.667","1.44099402427673"
"50","25","300","20","erdos_renyi","sites","sites_1","ZIPLN","BIC","0.04","0.708673","0.69649604603125","0.006","0.556","0.833","0.667","23.4550740718842"
"51","26","300","20","erdos_renyi","sites","sites_1","PLN","BIC","0.05","0.7365625","0.649493930334581","0","0.375","1","0.545","1.5336229801178"
"52","26","300","20","erdos_renyi","sites","sites_1","ZIPLN","BIC","0.04","0.705","0.707913922058901","0.022","0.5","0.5","0.5","23.5301094055176"
"53","27","300","20","erdos_renyi","sites","sites_1","PLN","BIC","0.05","0.832","0.648463141722309","0.011","1","0.75","0.857","2.89077925682068"
"54","27","300","20","erdos_renyi","sites","sites_1","ZIPLN","BIC","0.05","0.73775","0.708476741332981","0.038","1","0.462","0.632","25.1099872589111"
"55","28","300","20","erdos_renyi","sites","sites_1","PLN","BIC","0.05","0.772001","0.616553352751646","0.039","1","0.562","0.72","2.99837493896484"
"56","28","300","20","erdos_renyi","sites","sites_1","ZIPLN","BIC","0.05","0.804008","0.668824379832129","0.033","0.889","0.571","0.696","28.4534115791321"
"57","29","300","20","erdos_renyi","sites","sites_1","PLN","BIC","0.05","0.831432","0.628618563906894","0.038","1","0.5","0.667","2.76246023178101"
"58","29","300","20","erdos_renyi","sites","sites_1","ZIPLN","BIC","0.04","0.776432","0.674667626913668","0.027","1","0.583","0.737","26.8540623188019"
"59","30","300","20","erdos_renyi","sites","sites_1","PLN","BIC","0.04","0.741461","0.605147034346995","0.049","0.667","0.308","0.421","1.51914286613464"
"60","30","300","20","erdos_renyi","sites","sites_1","ZIPLN","BIC","0.03","0.5532085","0.665817222371842","0.027","0.5","0.375","0.429","22.998211145401"
"61","1","300","20","erdos_renyi","sites","sites_2","PLN","BIC","0.09","0.830376","0.530191269993444","0","0",NA,"0","2.68112230300903"
"62","1","300","20","erdos_renyi","sites","sites_2","ZIPLN","BIC","0.06","0.787189","0.643908124356051","0.028","0.889","0.615","0.727","28.4061961174011"
"63","2","300","20","erdos_renyi","sites","sites_2","PLN","BIC","0.12","0.8079925","0.558253414333457","0","0.25","1","0.4","2.86100554466248"
"64","2","300","20","erdos_renyi","sites","sites_2","ZIPLN","BIC","0.07","0.713017","0.661005430865733","0.051","0.583","0.438","0.5","38.0466570854187"
"65","3","300","20","erdos_renyi","sites","sites_2","PLN","BIC","0.11","0.791825","0.515512589723299","0.011","0.417","0.714","0.526","3.08626222610474"
"66","3","300","20","erdos_renyi","sites","sites_2","ZIPLN","BIC","0.07","0.7493805","0.654289563057829","0.017","0.5","0.667","0.571","35.640200138092"
"67","4","300","20","erdos_renyi","sites","sites_2","PLN","BIC","0.07","0.575458","0.494058443890794","0","0",NA,"0","2.89735507965088"
"68","4","300","20","erdos_renyi","sites","sites_2","ZIPLN","BIC","0.07","0.536807","0.64786637850146","0.016","0.429","0.5","0.462","38.4634504318237"
"69","5","300","20","erdos_renyi","sites","sites_2","PLN","BIC","0.11","0.7566885","0.555775405212569","0","0",NA,"0","2.34024858474731"
"70","5","300","20","erdos_renyi","sites","sites_2","ZIPLN","BIC","0.07","0.693861","0.715400180282067","0","0",NA,"0","36.4266889095306"
"71","6","300","20","erdos_renyi","sites","sites_2","PLN","BIC","0.1","0.529286","0.536074600468813","0","0.111","1","0.2","3.10683059692383"
"72","6","300","20","erdos_renyi","sites","sites_2","ZIPLN","BIC","0.08","0.5821425","0.698132239272381","0.022","0.556","0.556","0.556","37.6746289730072"
"73","7","300","20","erdos_renyi","sites","sites_2","PLN","BIC","0.08","0.775915","0.512031566263633","0","0.143","1","0.25","1.59919023513794"
"74","7","300","20","erdos_renyi","sites","sites_2","ZIPLN","BIC","0.06","0.900658","0.651656364869891","0","0.143","1","0.25","37.0692338943481"
"75","8","300","20","erdos_renyi","sites","sites_2","PLN","BIC","0.12","0.698293","0.545270799684877","0","0.364","1","0.533","3.03452157974243"
"76","8","300","20","erdos_renyi","sites","sites_2","ZIPLN","BIC","0.09","0.5526935","0.699940721519527","0","0.273","1","0.429","39.2205286026001"
"77","9","300","20","erdos_renyi","sites","sites_2","PLN","BIC","0.09","0.637573","0.526582507067105","0","0.286","1","0.444","2.92240452766418"
"78","9","300","20","erdos_renyi","sites","sites_2","ZIPLN","BIC","0.07","0.621566","0.677866189801245","0","0.286","1","0.444","36.8156530857086"
"79","10","300","20","erdos_renyi","sites","sites_2","PLN","BIC","0.09","0.7757","0.545588585095357","0","0.1","1","0.182","2.97738933563232"
"80","10","300","20","erdos_renyi","sites","sites_2","ZIPLN","BIC","0.07","0.7253","0.675621467279986","0.011","0.3","0.6","0.4","39.7848243713379"
"81","11","300","20","erdos_renyi","sites","sites_2","PLN","BIC","0.1","0.684703","0.534451578914705","0","0",NA,"0","2.69302678108215"
"82","11","300","20","erdos_renyi","sites","sites_2","ZIPLN","BIC","0.07","0.596755","0.685118574001247","0.006","0.364","0.8","0.5","37.7715790271759"
"83","12","300","20","erdos_renyi","sites","sites_2","PLN","BIC","0.08","0.8638125","0.522322655367526","0.005","0.375","0.75","0.5","2.99481606483459"
"84","12","300","20","erdos_renyi","sites","sites_2","ZIPLN","BIC","0.07","0.6671875","0.658779708369675","0","0.375","1","0.545","34.8038725852966"
"85","13","300","20","erdos_renyi","sites","sites_2","PLN","BIC","0.08","0.7190405","0.528817471131822","0.006","0.444","0.8","0.571","2.92090940475464"
"86","13","300","20","erdos_renyi","sites","sites_2","ZIPLN","BIC","0.06","0.629713","0.655113079082373","0.017","0.556","0.625","0.588","39.96741938591"
"87","14","300","20","erdos_renyi","sites","sites_2","PLN","BIC","0.07","0.8736","0.481294644883676","0.016","0.8","0.571","0.667","2.9080057144165"
"88","14","300","20","erdos_renyi","sites","sites_2","ZIPLN","BIC","0.09","0.7375","0.643084592331958","0","0.6","1","0.75","37.1368637084961"
"89","15","300","20","erdos_renyi","sites","sites_2","PLN","BIC","0.08","0.7764815","0.52881152284698","0.005","0.571","0.8","0.667","2.96954321861267"
"90","15","300","20","erdos_renyi","sites","sites_2","ZIPLN","BIC","0.05","0.677968","0.642924903334233","0.027","0.571","0.444","0.5","35.525351524353"
"91","16","300","20","erdos_renyi","sites","sites_2","PLN","BIC","0.12","0.606346","0.538425213927597","0.017","0.462","0.667","0.545","2.85963320732117"
"92","16","300","20","erdos_renyi","sites","sites_2","ZIPLN","BIC","0.07","0.735725","0.679930623371018","0.011","0.462","0.75","0.571","37.3783707618713"
"93","17","300","20","erdos_renyi","sites","sites_2","PLN","BIC","0.13","0.8131145","0.532723552826708","0","0",NA,"0","2.85096788406372"
"94","17","300","20","erdos_renyi","sites","sites_2","ZIPLN","BIC","0.08","0.7528635","0.68374204893867","0.011","0.615","0.8","0.696","34.8003063201904"
"95","18","300","20","erdos_renyi","sites","sites_2","PLN","BIC","0.07","0.6789","0.531609389278978","0","0",NA,"0","2.47714805603027"
"96","18","300","20","erdos_renyi","sites","sites_2","ZIPLN","BIC","0.06","0.7097","0.687949760792684","0","0.2","1","0.333","40.9662003517151"
"97","19","300","20","erdos_renyi","sites","sites_2","PLN","BIC","0.07","0.511587","0.50136312914564","0","0.286","1","0.444","3.07627654075623"
"98","19","300","20","erdos_renyi","sites","sites_2","ZIPLN","BIC","0.06","0.498373","0.64115090392598","0","0.286","1","0.444","38.9240384101868"
"99","20","300","20","erdos_renyi","sites","sites_2","PLN","BIC","0.07","0.8245","0.519549908950737","0","0.4","1","0.571","2.34470558166504"
"100","20","300","20","erdos_renyi","sites","sites_2","ZIPLN","BIC","0.05","0.6624","0.657086844416887","0","0.4","1","0.571","36.3872163295746"
"101","21","300","20","erdos_renyi","sites","sites_2","PLN","BIC","0.12","0.793835","0.531279624379571","0.022","0.417","0.556","0.476","1.52990651130676"
"102","21","300","20","erdos_renyi","sites","sites_2","ZIPLN","BIC","0.08","0.6831145","0.681274092998308","0.017","0.5","0.667","0.571","23.3684210777283"
"103","22","300","20","erdos_renyi","sites","sites_2","PLN","BIC","0.08","0.5826875","0.535129851238086","0","0",NA,"0","2.67679190635681"
"104","22","300","20","erdos_renyi","sites","sites_2","ZIPLN","BIC","0.06","0.7049375","0.66305193981393","0.016","0.5","0.571","0.533","40.1956870555878"
"105","23","300","20","erdos_renyi","sites","sites_2","PLN","BIC","0.11","0.717576","0.543891292784747","0","0.091","1","0.167","3.01989316940308"
"106","23","300","20","erdos_renyi","sites","sites_2","ZIPLN","BIC","0.07","0.6044065","0.671781725883234","0","0.091","1","0.167","40.5908632278442"
"107","24","300","20","erdos_renyi","sites","sites_2","PLN","BIC","0.06","0.7121195","0.492190454177515","0","0.143","1","0.25","2.72822690010071"
"108","24","300","20","erdos_renyi","sites","sites_2","ZIPLN","BIC","0.05","0.492855","0.613892535324423","0.011","0.286","0.5","0.364","38.1566743850708"
"109","25","300","20","erdos_renyi","sites","sites_2","PLN","BIC","0.09","0.7975155","0.542970565825373","0","0.5","1","0.667","2.88330769538879"
"110","25","300","20","erdos_renyi","sites","sites_2","ZIPLN","BIC","0.06","0.7862835","0.66579884664148","0.011","0.5","0.6","0.545","39.3197410106659"
"111","26","300","20","erdos_renyi","sites","sites_2","PLN","BIC","0.08","0.8196495","0.556115935247026","0","0",NA,"0","2.583979845047"
"112","26","300","20","erdos_renyi","sites","sites_2","ZIPLN","BIC","0.07","0.672301","0.718598482533741","0","0",NA,"0","37.1447665691376"
"113","27","300","20","erdos_renyi","sites","sites_2","PLN","BIC","0.09","0.83835","0.542447881045547","0.011","0.3","0.6","0.4","2.04105234146118"
"114","27","300","20","erdos_renyi","sites","sites_2","ZIPLN","BIC","0.07","0.66005","0.670273505694363","0","0.4","1","0.571","29.7990136146545"
"115","28","300","20","erdos_renyi","sites","sites_2","PLN","BIC","0.1","0.90275","0.516816797057592","0","0.1","1","0.182","3.03689622879028"
"116","28","300","20","erdos_renyi","sites","sites_2","ZIPLN","BIC","0.06","0.8664","0.620356786819703","0.044","1","0.556","0.714","27.5385890007019"
"117","29","300","20","erdos_renyi","sites","sites_2","PLN","BIC","0.07","0.709414","0.490959717895188","0.033","0.5","0.333","0.4","2.70266819000244"
"118","29","300","20","erdos_renyi","sites","sites_2","ZIPLN","BIC","0.07","0.633858","0.628034623369733","0.005","0.5","0.75","0.6","37.5116231441498"
"119","30","300","20","erdos_renyi","sites","sites_2","PLN","BIC","0.09","0.827875","0.515529694592422","0","0",NA,"0","2.75624895095825"
"120","30","300","20","erdos_renyi","sites","sites_2","ZIPLN","BIC","0.07","0.8760625","0.683991552385398","0","0.5","1","0.667","32.9394688606262"
"121","1","300","20","erdos_renyi","sites","sites_3","PLN","BIC","0.08","0.2465","0.3821548429558","0","0",NA,"0","4.27918982505798"
"122","1","300","20","erdos_renyi","sites","sites_3","ZIPLN","BIC","0.1","0.780375","0.565733136819135","0","0",NA,"0","26.5337646007538"
"123","2","300","20","erdos_renyi","sites","sites_3","PLN","BIC","0.14","0.7158755","0.372425579668236","0","0.091","1","0.167","4.77379631996155"
"124","2","300","20","erdos_renyi","sites","sites_3","ZIPLN","BIC","0.11","0.703413","0.551903085765033","0","0",NA,"0","28.0996613502502"
"125","3","300","20","erdos_renyi","sites","sites_3","PLN","BIC","0.13","0.611656","0.385893852029539","0","0",NA,"0","2.57647728919983"
"126","3","300","20","erdos_renyi","sites","sites_3","ZIPLN","BIC","0.11","0.7588015","0.579079782431329","0","0",NA,"0","19.159125328064"
"127","4","300","20","erdos_renyi","sites","sites_3","PLN","BIC","0.1","0.5438815","0.393419983431662","0","0",NA,"0","4.33081889152527"
"128","4","300","20","erdos_renyi","sites","sites_3","ZIPLN","BIC","0.12","0.556212","0.597435033763352","0","0",NA,"0","27.5605142116547"
"129","5","300","20","erdos_renyi","sites","sites_3","PLN","BIC","0.11","0.522725","0.384605873381739","0","0",NA,"0","3.94632863998413"
"130","5","300","20","erdos_renyi","sites","sites_3","ZIPLN","BIC","0.12","0.676595","0.580896292735156","0","0",NA,"0","26.5323333740234"
"131","6","300","20","erdos_renyi","sites","sites_3","PLN","BIC","0.1","0.6431875","0.409763563811757","0","0",NA,"0","4.07888102531433"
"132","6","300","20","erdos_renyi","sites","sites_3","ZIPLN","BIC","0.13","0.7118125","0.614573120879582","0","0",NA,"0","28.6409044265747"
"133","7","300","20","erdos_renyi","sites","sites_3","PLN","BIC","0.14","0.5508215","0.439913656594527","0","0",NA,"0","5.07648158073425"
"134","7","300","20","erdos_renyi","sites","sites_3","ZIPLN","BIC","0.18","0.737514","0.674159517338309","0","0",NA,"0","28.0252873897552"
"135","8","300","20","erdos_renyi","sites","sites_3","PLN","BIC","0.08","0.6095","0.379799828375955","0","0",NA,"0","4.44353079795837"
"136","8","300","20","erdos_renyi","sites","sites_3","ZIPLN","BIC","0.11","0.6184","0.565903065255565","0","0",NA,"0","29.1526927947998"
"137","9","300","20","erdos_renyi","sites","sites_3","PLN","BIC","0.11","0.5031","0.384687972526554","0","0",NA,"0","2.93176770210266"
"138","9","300","20","erdos_renyi","sites","sites_3","ZIPLN","BIC","0.09","0.4956","0.593711978180742","0","0",NA,"0","19.0466501712799"
"139","10","300","20","erdos_renyi","sites","sites_3","PLN","BIC","0.09","0.7458335","0.388935120523478","0","0",NA,"0","4.45700359344482"
"140","10","300","20","erdos_renyi","sites","sites_3","ZIPLN","BIC","0.1","0.7318795","0.569642425726973","0","0",NA,"0","28.537645816803"
"141","11","300","20","erdos_renyi","sites","sites_3","PLN","BIC","0.05","0.3835","0.366337484985079","0","0",NA,"0","4.49171900749207"
"142","11","300","20","erdos_renyi","sites","sites_3","ZIPLN","BIC","0.08","0.0905","0.503751335547641","0","0",NA,"0","25.6835947036743"
"143","12","300","20","erdos_renyi","sites","sites_3","PLN","BIC","0.12","0.4905705","0.398085611365875","0","0",NA,"0","4.02316355705261"
"144","12","300","20","erdos_renyi","sites","sites_3","ZIPLN","BIC","0.12","0.7629675","0.60898246210278","0","0",NA,"0","25.9697215557098"
"145","13","300","20","erdos_renyi","sites","sites_3","PLN","BIC","0.12","0.5617","0.396042259558805","0","0",NA,"0","3.81050682067871"
"146","13","300","20","erdos_renyi","sites","sites_3","ZIPLN","BIC","0.12","0.7473","0.58749850637908","0","0.1","1","0.182","31.2751362323761"
"147","14","300","20","erdos_renyi","sites","sites_3","PLN","BIC","0.11","0.4383125","0.380323426939189","0","0",NA,"0","5.09619402885437"
"148","14","300","20","erdos_renyi","sites","sites_3","ZIPLN","BIC","0.12","0.73925","0.591516850044957","0","0",NA,"0","25.9610524177551"
"149","15","300","20","erdos_renyi","sites","sites_3","PLN","BIC","0.1","0.544315","0.398338096994787","0","0",NA,"0","2.502277135849"
"150","15","300","20","erdos_renyi","sites","sites_3","ZIPLN","BIC","0.11","0.5623575","0.599317408600207","0","0",NA,"0","19.5717687606812"
"151","16","300","20","erdos_renyi","sites","sites_3","PLN","BIC","0.08","0.792625","0.386080944485892","0","0",NA,"0","4.08575534820557"
"152","16","300","20","erdos_renyi","sites","sites_3","ZIPLN","BIC","0.12","0.729375","0.57264843929401","0","0",NA,"0","23.5171163082123"
"153","17","300","20","erdos_renyi","sites","sites_3","PLN","BIC","0.11","0.340675","0.395413484279564","0","0",NA,"0","4.22869348526001"
"154","17","300","20","erdos_renyi","sites","sites_3","ZIPLN","BIC","0.11","0.6296605","0.595335554125518","0","0",NA,"0","28.9979724884033"
"155","18","300","20","erdos_renyi","sites","sites_3","PLN","BIC","0.11","0.5649005","0.397870478348603","0","0",NA,"0","3.74530029296875"
"156","18","300","20","erdos_renyi","sites","sites_3","ZIPLN","BIC","0.1","0.9175435","0.594277467047197","0","0",NA,"0","26.9067194461823"
"157","19","300","20","erdos_renyi","sites","sites_3","PLN","BIC","0.1","0.604921","0.391098622203297","0","0",NA,"0","4.44003033638"
"158","19","300","20","erdos_renyi","sites","sites_3","ZIPLN","BIC","0.14","0.75147","0.595624842271969","0","0",NA,"0","25.9214310646057"
"159","20","300","20","erdos_renyi","sites","sites_3","PLN","BIC","0.11","0.5963125","0.386151665559454","0","0",NA,"0","4.4763650894165"
"160","20","300","20","erdos_renyi","sites","sites_3","ZIPLN","BIC","0.11","0.536625","0.60148215445053","0","0",NA,"0","26.424126625061"
"161","21","300","20","erdos_renyi","sites","sites_3","PLN","BIC","0.12","0.497166","0.393251156312071","0","0",NA,"0","2.50912928581238"
"162","21","300","20","erdos_renyi","sites","sites_3","ZIPLN","BIC","0.12","0.7520745","0.608097295549996","0","0",NA,"0","21.340268611908"
"163","22","300","20","erdos_renyi","sites","sites_3","PLN","BIC","0.11","0.61361","0.38160797315825","0","0",NA,"0","2.96336245536804"
"164","22","300","20","erdos_renyi","sites","sites_3","ZIPLN","BIC","0.11","0.690904","0.567534376827674","0","0",NA,"0","20.746821641922"
"165","23","300","20","erdos_renyi","sites","sites_3","PLN","BIC","0.09","0.6507","0.393999415320617","0","0",NA,"0","4.15175795555115"
"166","23","300","20","erdos_renyi","sites","sites_3","ZIPLN","BIC","0.12","0.7262","0.593752368338289","0","0",NA,"0","27.0910594463348"
"167","24","300","20","erdos_renyi","sites","sites_3","PLN","BIC","0.12","0.524887","0.383042159351411","0","0",NA,"0","5.18963885307312"
"168","24","300","20","erdos_renyi","sites","sites_3","ZIPLN","BIC","0.08","0.724345","0.575189015119342","0","0",NA,"0","30.3300607204437"
"169","25","300","20","erdos_renyi","sites","sites_3","PLN","BIC","0.11","0.5684","0.382556053783957","0","0",NA,"0","4.61212372779846"
"170","25","300","20","erdos_renyi","sites","sites_3","ZIPLN","BIC","0.11","0.6809","0.580231558565813","0","0",NA,"0","23.614935874939"
"171","26","300","20","erdos_renyi","sites","sites_3","PLN","BIC","0.12","0.58745","0.406212745133544","0","0",NA,"0","4.04836845397949"
"172","26","300","20","erdos_renyi","sites","sites_3","ZIPLN","BIC","0.13","0.6776","0.618649604175274","0","0",NA,"0","20.8624358177185"
"173","27","300","20","erdos_renyi","sites","sites_3","PLN","BIC","0.15","0.6295615","0.423543332447437","0","0",NA,"0","3.72971606254578"
"174","27","300","20","erdos_renyi","sites","sites_3","ZIPLN","BIC","0.13","0.7457275","0.656127339300876","0","0",NA,"0","27.9545910358429"
"175","28","300","20","erdos_renyi","sites","sites_3","PLN","BIC","0.14","0.4754705","0.416838376932725","0","0",NA,"0","2.6064076423645"
"176","28","300","20","erdos_renyi","sites","sites_3","ZIPLN","BIC","0.13","0.73618","0.626555541465198","0","0",NA,"0","20.3397271633148"
"177","29","300","20","erdos_renyi","sites","sites_3","PLN","BIC","0.15","0.58625","0.406966957121896","0","0",NA,"0","4.01255321502686"
"178","29","300","20","erdos_renyi","sites","sites_3","ZIPLN","BIC","0.14","0.7193","0.626791311465394","0","0",NA,"0","27.2670669555664"
"179","30","300","20","erdos_renyi","sites","sites_3","PLN","BIC","0.11","0.453375","0.38361193326868","0","0",NA,"0","4.39298319816589"
"180","30","300","20","erdos_renyi","sites","sites_3","ZIPLN","BIC","0.1","0.6475625","0.599560096659302","0","0",NA,"0","19.577431678772"
"181","1","300","20","community","sites","sites_1","PLN","BIC","0.07","0.800879","0.703657149400759","0.011","0.455","0.714","0.556","2.75240755081177"
"182","1","300","20","community","sites","sites_1","ZIPLN","BIC","0.06","0.7838015","0.746564382082539","0.006","0.545","0.857","0.667","34.7134668827057"
"183","2","300","20","community","sites","sites_1","PLN","BIC","0.06","0.7287705","0.60519428255271","0.074","0.8","0.48","0.6","2.79137873649597"
"184","2","300","20","community","sites","sites_1","ZIPLN","BIC","0.05","0.651481","0.630680822731006","0.057","0.8","0.545","0.649","35.8053042888641"
"185","3","300","20","community","sites","sites_1","PLN","BIC","0.08","0.754588","0.665716230665282","0.045","0.615","0.5","0.552","3.34547209739685"
"186","3","300","20","community","sites","sites_1","ZIPLN","BIC","0.07","0.708326","0.692050623170299","0.04","0.692","0.562","0.621","35.2881412506104"
"187","4","300","20","community","sites","sites_1","PLN","BIC","0.08","0.7345075","0.681559205703212","0.017","0.5","0.7","0.583","2.4988865852356"
"188","4","300","20","community","sites","sites_1","ZIPLN","BIC","0.06","0.752147","0.736642992897309","0.011","0.571","0.8","0.667","35.237030506134"
"189","5","300","20","community","sites","sites_1","PLN","BIC","0.07","0.7257135","0.654822873538879","0.04","0.733","0.611","0.667","2.3784613609314"
"190","5","300","20","community","sites","sites_1","ZIPLN","BIC","0.06","0.6438935","0.687754359552241","0.011","0.533","0.8","0.64","34.2047197818756"
"191","6","300","20","community","sites","sites_1","PLN","BIC","0.06","0.7599325","0.638241215227229","0.028","0.75","0.643","0.692","1.57728385925293"
"192","6","300","20","community","sites","sites_1","ZIPLN","BIC","0.05","0.6956005","0.697715572301408","0.056","0.667","0.444","0.533","23.6204249858856"
"193","7","300","20","community","sites","sites_1","PLN","BIC","0.06","0.6277065","0.65485998031834","0.045","0.636","0.467","0.538","2.7742931842804"
"194","7","300","20","community","sites","sites_1","ZIPLN","BIC","0.05","0.5956415","0.715562321783024","0.028","0.636","0.583","0.609","33.0869948863983"
"195","8","300","20","community","sites","sites_1","PLN","BIC","0.08","0.855905","0.625591408236724","0.011","0.909","0.833","0.87","2.72220063209534"
"196","8","300","20","community","sites","sites_1","ZIPLN","BIC","0.05","0.802083","0.666337991769373","0.034","0.909","0.625","0.741","34.7401251792908"
"197","9","300","20","community","sites","sites_1","PLN","BIC","0.06","0.699754","0.633110672179595","0.022","0.889","0.667","0.762","2.96708106994629"
"198","9","300","20","community","sites","sites_1","ZIPLN","BIC","0.04","0.699896","0.687335794889209","0.028","0.889","0.615","0.727","37.9472906589508"
"199","10","300","20","community","sites","sites_1","PLN","BIC","0.06","0.6671885","0.656817102474064","0.05","0.727","0.471","0.571","2.88699579238892"
"200","10","300","20","community","sites","sites_1","ZIPLN","BIC","0.05","0.621583","0.711743023225446","0.039","0.727","0.533","0.615","32.6954953670502"
"201","11","300","20","community","sites","sites_1","PLN","BIC","0.08","0.6914245","0.688251147837609","0.023","0.467","0.636","0.538","2.88752603530884"
"202","11","300","20","community","sites","sites_1","ZIPLN","BIC","0.06","0.6039255","0.75142932171079","0.086","0.733","0.423","0.537","30.6055727005005"
"203","12","300","20","community","sites","sites_1","PLN","BIC","0.07","0.75545","0.609208450456209","0.006","0.7","0.875","0.778","1.68291616439819"
"204","12","300","20","community","sites","sites_1","ZIPLN","BIC","0.04","0.70225","0.653963619581734","0.039","0.9","0.562","0.692","22.9955117702484"
"205","13","300","20","community","sites","sites_1","PLN","BIC","0.07","0.7327095","0.675519237769209","0.069","0.688","0.478","0.564","2.65322184562683"
"206","13","300","20","community","sites","sites_1","ZIPLN","BIC","0.05","0.709896","0.730219708207894","0.086","0.688","0.423","0.524","32.3647811412811"
"207","14","300","20","community","sites","sites_1","PLN","BIC","0.08","0.793951","0.669522276105354","0.034","0.812","0.684","0.743","2.95682454109192"
"208","14","300","20","community","sites","sites_1","ZIPLN","BIC","0.06","0.795038","0.700000050725255","0.063","0.938","0.577","0.714","33.58775639534"
"209","15","300","20","community","sites","sites_1","PLN","BIC","0.07","0.7750435","0.658711324821836","0","0.333","1","0.5","2.61654210090637"
"210","15","300","20","community","sites","sites_1","ZIPLN","BIC","0.05","0.733899","0.706771025467435","0.051","0.75","0.5","0.6","33.7186419963837"
"211","16","300","20","community","sites","sites_1","PLN","BIC","0.05","0.6553745","0.693167060541974","0.022","0.667","0.6","0.632","2.86624145507812"
"212","16","300","20","community","sites","sites_1","ZIPLN","BIC","0.05","0.5404955","0.740892183549388","0.022","0.556","0.556","0.556","34.9720642566681"
"213","17","300","20","community","sites","sites_1","PLN","BIC","0.09","0.675518","0.647263007121666","0.058","0.882","0.6","0.714","2.71762084960938"
"214","17","300","20","community","sites","sites_1","ZIPLN","BIC","0.08","0.6449875","0.691927046773503","0.058","0.706","0.545","0.615","29.6819546222687"
"215","18","300","20","community","sites","sites_1","PLN","BIC","0.13","0.73458","0.744551728192705","0","0.375","1","0.545","1.85281157493591"
"216","18","300","20","community","sites","sites_1","ZIPLN","BIC","0.1","0.660836","0.794329017443564","0.03","0.5","0.706","0.585","22.227653503418"
"217","19","300","20","community","sites","sites_1","PLN","BIC","0.04","0.721765","0.635224712303552","0","0.714","1","0.833","2.62664175033569"
"218","19","300","20","community","sites","sites_1","ZIPLN","BIC","0.04","0.716061","0.680527666609922","0.005","0.714","0.833","0.769","36.32350730896"
"219","20","300","20","community","sites","sites_1","PLN","BIC","0.07","0.8581675","0.696171036345886","0.006","0.467","0.875","0.609","2.57613325119019"
"220","20","300","20","community","sites","sites_1","ZIPLN","BIC","0.06","0.8095455","0.741890438605948","0","0.467","1","0.636","33.8600673675537"
"221","21","300","20","community","sites","sites_1","PLN","BIC","0.07","0.709789","0.685467213192575","0.034","0.714","0.625","0.667","2.9237322807312"
"222","21","300","20","community","sites","sites_1","ZIPLN","BIC","0.06","0.7041875","0.728483395815281","0.051","0.786","0.55","0.647","33.925133228302"
"223","22","300","20","community","sites","sites_1","PLN","BIC","0.05","0.7970625","0.672275327896551","0.005","0.375","0.75","0.5","2.42657876014709"
"224","22","300","20","community","sites","sites_1","ZIPLN","BIC","0.04","0.694","0.727954682047674","0.005","0.25","0.667","0.364","37.1538219451904"
"225","23","300","20","community","sites","sites_1","PLN","BIC","0.08","0.788605","0.656859492980995","0.017","0.733","0.786","0.759","1.74774956703186"
"226","23","300","20","community","sites","sites_1","ZIPLN","BIC","0.07","0.6758615","0.72135827027264","0.011","0.533","0.8","0.64","33.4763903617859"
"227","24","300","20","community","sites","sites_1","PLN","BIC","0.06","0.727377","0.664719346326309","0.062","0.917","0.5","0.647","2.04531407356262"
"228","24","300","20","community","sites","sites_1","ZIPLN","BIC","0.04","0.643443","0.704293531409967","0.079","0.917","0.44","0.595","27.163649559021"
"229","25","300","20","community","sites","sites_1","PLN","BIC","0.05","0.8236175","0.710239516814433","0","0",NA,"0","2.23451805114746"
"230","25","300","20","community","sites","sites_1","ZIPLN","BIC","0.06","0.6872215","0.783961767357862","0","0",NA,"0","31.9029264450073"
"231","26","300","20","community","sites","sites_1","PLN","BIC","0.06","0.696658","0.645273266825214","0.045","0.769","0.556","0.645","2.55190587043762"
"232","26","300","20","community","sites","sites_1","ZIPLN","BIC","0.05","0.7226185","0.691132166285365","0.051","0.769","0.526","0.625","31.940717458725"
"233","27","300","20","community","sites","sites_1","PLN","BIC","0.07","0.7467605","0.684759222070787","0.006","0.688","0.917","0.786","2.76221656799316"
"234","27","300","20","community","sites","sites_1","ZIPLN","BIC","0.06","0.686995","0.721052425877518","0.006","0.562","0.9","0.692","24.9133777618408"
"235","28","300","20","community","sites","sites_1","PLN","BIC","0.07","0.822869","0.622266032876245","0.023","0.615","0.667","0.64","2.86531186103821"
"236","28","300","20","community","sites","sites_1","ZIPLN","BIC","0.05","0.7694045","0.66934435983573","0.079","0.846","0.44","0.579","24.495637178421"
"237","29","300","20","community","sites","sites_1","PLN","BIC","0.05","0.7856875","0.628371171139248","0.005","0.875","0.875","0.875","2.61277532577515"
"238","29","300","20","community","sites","sites_1","ZIPLN","BIC","0.04","0.7576875","0.686403991135241","0.022","0.875","0.636","0.737","22.4291806221008"
"239","30","300","20","community","sites","sites_1","PLN","BIC","0.06","0.7561115","0.652490992656571","0.006","0.643","0.9","0.75","2.60429215431213"
"240","30","300","20","community","sites","sites_1","ZIPLN","BIC","0.05","0.6925325","0.697046133830849","0.017","0.714","0.769","0.741","34.5265986919403"
"241","1","300","20","community","sites","sites_2","PLN","BIC","0.11","0.8786525","0.551487411816686","0.011","0.727","0.8","0.762","2.45933413505554"
"242","1","300","20","community","sites","sites_2","ZIPLN","BIC","0.06","0.743257","0.680741927985407","0.017","0.636","0.7","0.667","39.9403100013733"
"243","2","300","20","community","sites","sites_2","PLN","BIC","0.15","0.5737995","0.566358193037759","0.023","0.211","0.5","0.296","2.91519069671631"
"244","2","300","20","community","sites","sites_2","ZIPLN","BIC","0.11","0.523935","0.702873846419776","0.018","0.211","0.571","0.308","38.8097772598267"
"245","3","300","20","community","sites","sites_2","PLN","BIC","0.08","0.7642","0.517743283167871","0.011","0.5","0.714","0.588","2.63693618774414"
"246","3","300","20","community","sites","sites_2","ZIPLN","BIC","0.05","0.6832","0.639799326797159","0.022","0.5","0.556","0.526","38.3522732257843"
"247","4","300","20","community","sites","sites_2","PLN","BIC","0.11","0.6419445","0.541569072666446","0","0.091","1","0.167","2.65537858009338"
"248","4","300","20","community","sites","sites_2","ZIPLN","BIC","0.07","0.528131","0.683511818745382","0.028","0.545","0.545","0.545","38.7537071704865"
"249","5","300","20","community","sites","sites_2","PLN","BIC","0.07","0.70625","0.53741137212792","0","0",NA,"0","2.80231690406799"
"250","5","300","20","community","sites","sites_2","ZIPLN","BIC","0.08","0.6388125","0.690423658190424","0.016","0.375","0.5","0.429","39.5379314422607"
"251","6","300","20","community","sites","sites_2","PLN","BIC","0.11","0.742686","0.556002681618217","0","0",NA,"0","2.66278862953186"
"252","6","300","20","community","sites","sites_2","ZIPLN","BIC","0.08","0.7347275","0.702316979371638","0.022","0.5","0.6","0.545","39.5056719779968"
"253","7","300","20","community","sites","sites_2","PLN","BIC","0.11","0.618077","0.557534882206301","0.023","0.538","0.636","0.583","3.50269293785095"
"254","7","300","20","community","sites","sites_2","ZIPLN","BIC","0.09","0.529893","0.688266460732797","0.011","0.308","0.667","0.421","42.7273015975952"
"255","8","300","20","community","sites","sites_2","PLN","BIC","0.12","0.774159","0.544125666165091","0","0.143","1","0.25","2.86948204040527"
"256","8","300","20","community","sites","sites_2","ZIPLN","BIC","0.08","0.6841365","0.67470937225062","0.045","0.714","0.556","0.625","39.4149541854858"
"257","9","300","20","community","sites","sites_2","PLN","BIC","0.08","0.674596","0.502694273961364","0","0",NA,"0","2.59597611427307"
"258","9","300","20","community","sites","sites_2","ZIPLN","BIC","0.06","0.660538","0.645643492841573","0","0.111","1","0.2","38.5068256855011"
"259","10","300","20","community","sites","sites_2","PLN","BIC","0.06","0.7122145","0.514692680770264","0","0.143","1","0.25","2.5671718120575"
"260","10","300","20","community","sites","sites_2","ZIPLN","BIC","0.08","0.6502425","0.681446377835316","0","0.286","1","0.444","34.491562128067"
"261","11","300","20","community","sites","sites_2","PLN","BIC","0.08","0.6184765","0.512961361119794","0.006","0.455","0.833","0.588","3.12028455734253"
"262","11","300","20","community","sites","sites_2","ZIPLN","BIC","0.07","0.61829","0.653349542221057","0.011","0.455","0.714","0.556","41.1191308498383"
"263","12","300","20","community","sites","sites_2","PLN","BIC","0.13","0.567473","0.560210227368502","0.006","0.333","0.833","0.476","3.2548975944519"
"264","12","300","20","community","sites","sites_2","ZIPLN","BIC","0.09","0.5246905","0.696518880946269","0.017","0.333","0.625","0.435","40.0088121891022"
"265","13","300","20","community","sites","sites_2","PLN","BIC","0.16","0.7097815","0.549893328074511","0.012","0.421","0.8","0.552","2.74634671211243"
"266","13","300","20","community","sites","sites_2","ZIPLN","BIC","0.11","0.6889695","0.69223285062304","0.006","0.263","0.833","0.4","37.3512382507324"
"267","14","300","20","community","sites","sites_2","PLN","BIC","0.13","0.699718","0.55082603013299","0","0.067","1","0.125","2.88629508018494"
"268","14","300","20","community","sites","sites_2","ZIPLN","BIC","0.09","0.630981","0.718775445265617","0","0.133","1","0.235","39.306046962738"
"269","15","300","20","community","sites","sites_2","PLN","BIC","0.09","0.8494535","0.509689939749525","0.011","0.778","0.778","0.778","2.94059419631958"
"270","15","300","20","community","sites","sites_2","ZIPLN","BIC","0.06","0.731375","0.637291077845785","0.033","0.667","0.5","0.571","38.2457416057587"
"271","16","300","20","community","sites","sites_2","PLN","BIC","0.12","0.730845","0.531970713190159","0.011","0.417","0.714","0.526","2.77905297279358"
"272","16","300","20","community","sites","sites_2","ZIPLN","BIC","0.07","0.658958","0.655362040877751","0.039","0.833","0.588","0.69","35.911269903183"
"273","17","300","20","community","sites","sites_2","PLN","BIC","0.11","0.696801","0.551298427919859","0.006","0.333","0.75","0.462","2.87997341156006"
"274","17","300","20","community","sites","sites_2","ZIPLN","BIC","0.07","0.6202225","0.70494354209064","0.022","0.444","0.5","0.471","36.5811290740967"
"275","18","300","20","community","sites","sites_2","PLN","BIC","0.07","0.8045","0.52019951857182","0","0",NA,"0","2.42143130302429"
"276","18","300","20","community","sites","sites_2","ZIPLN","BIC","0.05","0.7105","0.636928529126192","0.005","0.4","0.667","0.5","42.870866060257"
"277","19","300","20","community","sites","sites_2","PLN","BIC","0.09","0.8325625","0.536065868132861","0","0",NA,"0","2.61340022087097"
"278","19","300","20","community","sites","sites_2","ZIPLN","BIC","0.07","0.7915","0.687668279944075","0.005","0.5","0.8","0.615","35.2860889434814"
"279","20","300","20","community","sites","sites_2","PLN","BIC","0.09","0.737071","0.562292694438032","0","0",NA,"0","2.80670523643494"
"280","20","300","20","community","sites","sites_2","ZIPLN","BIC","0.07","0.6472045","0.689107260450089","0","0.364","1","0.533","42.6171772480011"
"281","21","300","20","community","sites","sites_2","PLN","BIC","0.12","0.6171905","0.552066412576088","0.006","0.294","0.833","0.435","2.93971848487854"
"282","21","300","20","community","sites","sites_2","ZIPLN","BIC","0.07","0.5165825","0.693611448018795","0.046","0.529","0.529","0.529","36.9440395832062"
"283","22","300","20","community","sites","sites_2","PLN","BIC","0.12","0.6420855","0.517316300521892","0.006","0.25","0.8","0.381","3.50294995307922"
"284","22","300","20","community","sites","sites_2","ZIPLN","BIC","0.07","0.581452","0.632046819475905","0.046","0.5","0.5","0.5","41.0721211433411"
"285","23","300","20","community","sites","sites_2","PLN","BIC","0.11","0.6490485","0.557250111170506","0.011","0.143","0.5","0.222","2.80548739433289"
"286","23","300","20","community","sites","sites_2","ZIPLN","BIC","0.1","0.636198","0.706214541663827","0","0.143","1","0.25","39.70645403862"
"287","24","300","20","community","sites","sites_2","PLN","BIC","0.15","0.6923535","0.553246708301326","0","0",NA,"0","2.84595513343811"
"288","24","300","20","community","sites","sites_2","ZIPLN","BIC","0.1","0.7205285","0.713114973997628","0","0.222","1","0.364","34.3330359458923"
"289","25","300","20","community","sites","sites_2","PLN","BIC","0.12","0.73028","0.517006979849436","0.029","0.6","0.643","0.621","3.01371598243713"
"290","25","300","20","community","sites","sites_2","ZIPLN","BIC","0.07","0.6148875","0.646601045364384","0.023","0.6","0.692","0.643","36.1384048461914"
"291","26","300","20","community","sites","sites_2","PLN","BIC","0.13","0.695229","0.549884304400015","0.006","0.176","0.75","0.286","3.46884250640869"
"292","26","300","20","community","sites","sites_2","ZIPLN","BIC","0.08","0.583746","0.668656439970043","0.081","0.647","0.44","0.524","31.0045967102051"
"293","27","300","20","community","sites","sites_2","PLN","BIC","0.14","0.648381","0.538343430840554","0.057","0.562","0.474","0.514","3.17956686019897"
"294","27","300","20","community","sites","sites_2","ZIPLN","BIC","0.08","0.635273","0.662886390435118","0.086","0.812","0.464","0.591","37.9841229915619"
"295","28","300","20","community","sites","sites_2","PLN","BIC","0.1","0.81561","0.504944614263664","0.006","0.556","0.833","0.667","2.61001420021057"
"296","28","300","20","community","sites","sites_2","ZIPLN","BIC","0.06","0.8100935","0.657434573846942","0.028","0.667","0.545","0.6","34.0208208560944"
"297","29","300","20","community","sites","sites_2","PLN","BIC","0.13","0.8485695","0.546671114840419","0","0",NA,"0","2.93627047538757"
"298","29","300","20","community","sites","sites_2","ZIPLN","BIC","0.07","0.6942315","0.655770570968747","0.063","0.733","0.5","0.595","36.5307681560516"
"299","30","300","20","community","sites","sites_2","PLN","BIC","0.13","0.666353","0.547304352781247","0","0.167","1","0.286","2.47120594978333"
"300","30","300","20","community","sites","sites_2","ZIPLN","BIC","0.1","0.659546","0.740007769566717","0","0.167","1","0.286","33.8809268474579"
"301","1","300","20","community","sites","sites_3","PLN","BIC","0.12","0.48046","0.409769386868302","0","0",NA,"0","4.642817735672"
"302","1","300","20","community","sites","sites_3","ZIPLN","BIC","0.15","0.4687515","0.644746478298803","0","0",NA,"0","26.8532655239105"
"303","2","300","20","community","sites","sites_3","PLN","BIC","0.16","0.5957475","0.39908379927803","0","0",NA,"0","4.50623250007629"
"304","2","300","20","community","sites","sites_3","ZIPLN","BIC","0.13","0.725272","0.604794700524491","0","0",NA,"0","27.2911245822906"
"305","3","300","20","community","sites","sites_3","PLN","BIC","0.19","0.469775","0.404776033511445","0","0",NA,"0","4.38153409957886"
"306","3","300","20","community","sites","sites_3","ZIPLN","BIC","0.13","0.60505","0.622416019670812","0","0",NA,"0","33.0153901576996"
"307","4","300","20","community","sites","sites_3","PLN","BIC","0.13","0.6630335","0.418764374357354","0","0",NA,"0","4.15154480934143"
"308","4","300","20","community","sites","sites_3","ZIPLN","BIC","0.13","0.6519885","0.648736792615384","0","0",NA,"0","20.5760335922241"
"309","5","300","20","community","sites","sites_3","PLN","BIC","0.16","0.57304","0.398252325377077","0","0",NA,"0","4.52629661560059"
"310","5","300","20","community","sites","sites_3","ZIPLN","BIC","0.13","0.6429685","0.611975006514876","0","0",NA,"0","31.1170709133148"
"311","6","300","20","community","sites","sites_3","PLN","BIC","0.11","0.5882","0.384497132814515","0","0",NA,"0","4.38003754615784"
"312","6","300","20","community","sites","sites_3","ZIPLN","BIC","0.1","0.7908","0.560692453169524","0","0",NA,"0","28.0550229549408"
"313","7","300","20","community","sites","sites_3","PLN","BIC","0.16","0.53419","0.408458090456791","0","0",NA,"0","4.78248262405396"
"314","7","300","20","community","sites","sites_3","ZIPLN","BIC","0.13","0.5858355","0.613808343072584","0","0",NA,"0","30.3213994503021"
"315","8","300","20","community","sites","sites_3","PLN","BIC","0.14","0.542773","0.408224692275262","0","0",NA,"0","4.84967470169067"
"316","8","300","20","community","sites","sites_3","ZIPLN","BIC","0.14","0.6696275","0.630807977173783","0","0",NA,"0","30.1151139736176"
"317","9","300","20","community","sites","sites_3","PLN","BIC","0.18","0.7304575","0.421400614528062","0","0.062","1","0.118","4.30776619911194"
"318","9","300","20","community","sites","sites_3","ZIPLN","BIC","0.17","0.589696","0.637321554448824","0","0",NA,"0","30.0841422080994"
"319","10","300","20","community","sites","sites_3","PLN","BIC","0.15","0.4817555","0.409183873233377","0","0",NA,"0","2.92284345626831"
"320","10","300","20","community","sites","sites_3","ZIPLN","BIC","0.15","0.510915","0.619366775681848","0","0",NA,"0","20.6342542171478"
"321","11","300","20","community","sites","sites_3","PLN","BIC","0.17","0.610162","0.425860607609819","0","0",NA,"0","3.8261194229126"
"322","11","300","20","community","sites","sites_3","ZIPLN","BIC","0.16","0.6458685","0.642368965523101","0","0",NA,"0","29.910097360611"
"323","12","300","20","community","sites","sites_3","PLN","BIC","0.15","0.4684895","0.395366573327612","0","0",NA,"0","4.43653059005737"
"324","12","300","20","community","sites","sites_3","ZIPLN","BIC","0.1","0.615381","0.594086951121637","0","0",NA,"0","31.6770002841949"
"325","13","300","20","community","sites","sites_3","PLN","BIC","0.13","0.7064","0.401062629408287","0","0",NA,"0","4.23560118675232"
"326","13","300","20","community","sites","sites_3","ZIPLN","BIC","0.11","0.76695","0.612263128024298","0","0",NA,"0","27.9875426292419"
"327","14","300","20","community","sites","sites_3","PLN","BIC","0.05","0.123","0.36518643723884","0","0",NA,"0","3.08490824699402"
"328","14","300","20","community","sites","sites_3","ZIPLN","BIC","0.09","0.492","0.518354520797478","0","0",NA,"0","18.7607765197754"
"329","15","300","20","community","sites","sites_3","PLN","BIC","0.11","0.622308","0.401163133594045","0","0",NA,"0","4.20179009437561"
"330","15","300","20","community","sites","sites_3","ZIPLN","BIC","0.11","0.731846","0.608738263220921","0","0",NA,"0","28.5889329910278"
"331","16","300","20","community","sites","sites_3","PLN","BIC","0.16","0.4487085","0.409320818394913","0","0",NA,"0","3.02675223350525"
"332","16","300","20","community","sites","sites_3","ZIPLN","BIC","0.13","0.6058575","0.6373634494399","0","0",NA,"0","27.9421274662018"
"333","17","300","20","community","sites","sites_3","PLN","BIC","0.13","0.6495085","0.39717266093118","0","0",NA,"0","4.5477466583252"
"334","17","300","20","community","sites","sites_3","ZIPLN","BIC","0.11","0.651339","0.619939138336592","0","0",NA,"0","29.4588115215302"
"335","18","300","20","community","sites","sites_3","PLN","BIC","0.15","0.452389","0.39673732767947","0","0",NA,"0","4.16979718208313"
"336","18","300","20","community","sites","sites_3","ZIPLN","BIC","0.13","0.7572305","0.594431976327846","0","0",NA,"0","27.5420928001404"
"337","19","300","20","community","sites","sites_3","PLN","BIC","0.16","0.6136845","0.429252804285191","0","0",NA,"0","3.59876441955566"
"338","19","300","20","community","sites","sites_3","ZIPLN","BIC","0.15","0.7257445","0.674793288335444","0","0",NA,"0","27.8415389060974"
"339","20","300","20","community","sites","sites_3","PLN","BIC","0.1","0.611102","0.397100699190277","0","0",NA,"0","2.87920188903809"
"340","20","300","20","community","sites","sites_3","ZIPLN","BIC","0.11","0.621497","0.595868119394882","0","0",NA,"0","19.5902960300446"
"341","21","300","20","community","sites","sites_3","PLN","BIC","0.12","0.523674","0.380901703120774","0","0",NA,"0","4.55067420005798"
"342","21","300","20","community","sites","sites_3","ZIPLN","BIC","0.1","0.8883815","0.58877411965402","0","0",NA,"0","26.9897344112396"
"343","22","300","20","community","sites","sites_3","PLN","BIC","0.14","0.482667","0.404325356262576","0","0",NA,"0","4.07175898551941"
"344","22","300","20","community","sites","sites_3","ZIPLN","BIC","0.12","0.6359875","0.635815679870786","0","0",NA,"0","28.172837972641"
"345","23","300","20","community","sites","sites_3","PLN","BIC","0.12","0.614625","0.396185159683062","0","0",NA,"0","3.61327409744263"
"346","23","300","20","community","sites","sites_3","ZIPLN","BIC","0.12","0.6621875","0.613832719081889","0","0",NA,"0","27.5656499862671"
"347","24","300","20","community","sites","sites_3","PLN","BIC","0.11","0.57175","0.374968597341533","0","0",NA,"0","4.6371066570282"
"348","24","300","20","community","sites","sites_3","ZIPLN","BIC","0.1","0.6336875","0.567387769043587","0","0",NA,"0","25.3258538246155"
"349","25","300","20","community","sites","sites_3","PLN","BIC","0.12","0.58235","0.400790532864072","0","0.2","1","0.333","4.46455216407776"
"350","25","300","20","community","sites","sites_3","ZIPLN","BIC","0.12","0.7484","0.604476552958416","0","0",NA,"0","20.3524811267853"
"351","26","300","20","community","sites","sites_3","PLN","BIC","0.15","0.5714445","0.402799520158162","0","0",NA,"0","2.4451916217804"
"352","26","300","20","community","sites","sites_3","ZIPLN","BIC","0.13","0.672265","0.618125734250047","0","0",NA,"0","25.2444574832916"
"353","27","300","20","community","sites","sites_3","PLN","BIC","0.15","0.6795455","0.404743347193992","0","0",NA,"0","4.71327495574951"
"354","27","300","20","community","sites","sites_3","ZIPLN","BIC","0.16","0.768849","0.629984340930386","0","0",NA,"0","22.2862086296082"
"355","28","300","20","community","sites","sites_3","PLN","BIC","0.15","0.5912915","0.418693191373711","0","0",NA,"0","4.14009070396423"
"356","28","300","20","community","sites","sites_3","ZIPLN","BIC","0.15","0.645508","0.648429928533466","0","0",NA,"0","28.2101008892059"
"357","29","300","20","community","sites","sites_3","PLN","BIC","0.14","0.485638","0.395809708874583","0","0",NA,"0","4.51817917823792"
"358","29","300","20","community","sites","sites_3","ZIPLN","BIC","0.13","0.6939125","0.624150258428652","0","0",NA,"0","22.4111149311066"
"359","30","300","20","community","sites","sites_3","PLN","BIC","0.15","0.48975","0.423420118646599","0","0",NA,"0","4.02904009819031"
"360","30","300","20","community","sites","sites_3","ZIPLN","BIC","0.13","0.69375","0.653039560881002","0","0",NA,"0","20.6409974098206"
"361","1","300","20","preferential_attachment","sites","sites_1","PLN","BIC","0.09","0.791604","0.699971589847916","0.029","0.722","0.722","0.722","2.55209541320801"
"362","1","300","20","preferential_attachment","sites","sites_1","ZIPLN","BIC","0.08","0.719265","0.744387403064121","0.006","0.556","0.909","0.69","35.7244975566864"
"363","2","300","20","preferential_attachment","sites","sites_1","PLN","BIC","0.09","0.7552105","0.671410709589169","0.064","0.737","0.56","0.636","3.11420178413391"
"364","2","300","20","preferential_attachment","sites","sites_1","ZIPLN","BIC","0.07","0.705177","0.708273701097914","0.088","0.737","0.483","0.583","34.5611491203308"
"365","3","300","20","preferential_attachment","sites","sites_1","PLN","BIC","0.08","0.6953265","0.711056150663131","0.105","0.842","0.471","0.604","3.0994770526886"
"366","3","300","20","preferential_attachment","sites","sites_1","ZIPLN","BIC","0.07","0.618765","0.754245543935992","0.035","0.684","0.684","0.684","34.9889934062958"
"367","4","300","20","preferential_attachment","sites","sites_1","PLN","BIC","0.09","0.7675595","0.732689073221289","0.006","0.263","0.833","0.4","2.56256198883057"
"368","4","300","20","preferential_attachment","sites","sites_1","ZIPLN","BIC","0.07","0.7425655","0.778019675656189","0.023","0.526","0.714","0.606","35.741881608963"
"369","5","300","20","preferential_attachment","sites","sites_1","PLN","BIC","0.09","0.772278","0.72492323399202","0","0.474","1","0.643","2.59184575080872"
"370","5","300","20","preferential_attachment","sites","sites_1","ZIPLN","BIC","0.07","0.7401735","0.765688152830535","0.018","0.579","0.786","0.667","34.3756811618805"
"371","6","300","20","preferential_attachment","sites","sites_1","PLN","BIC","0.07","0.802894","0.660525436842159","0.111","0.895","0.472","0.618","3.11747455596924"
"372","6","300","20","preferential_attachment","sites","sites_1","ZIPLN","BIC","0.06","0.7713445","0.697190366086287","0.076","0.895","0.567","0.694","36.5209996700287"
"373","7","300","20","preferential_attachment","sites","sites_1","PLN","BIC","0.08","0.7361895","0.723523227537938","0.041","0.579","0.611","0.595","2.93712472915649"
"374","7","300","20","preferential_attachment","sites","sites_1","ZIPLN","BIC","0.07","0.661677","0.764568336361077","0.047","0.632","0.6","0.615","35.6990530490875"
"375","8","300","20","preferential_attachment","sites","sites_1","PLN","BIC","0.1","0.564461","0.667325871479349","0.047","0.842","0.667","0.744","2.40629744529724"
"376","8","300","20","preferential_attachment","sites","sites_1","ZIPLN","BIC","0.08","0.5402045","0.705709020011603","0.053","0.737","0.609","0.667","34.9551708698273"
"377","9","300","20","preferential_attachment","sites","sites_1","PLN","BIC","0.09","0.7114275","0.709030775689551","0.07","0.778","0.538","0.636","3.39905190467834"
"378","9","300","20","preferential_attachment","sites","sites_1","ZIPLN","BIC","0.07","0.629615","0.760851444127386","0.093","0.778","0.467","0.583","33.1998701095581"
"379","10","300","20","preferential_attachment","sites","sites_1","PLN","BIC","0.1","0.6583725","0.666592810249398","0.123","0.842","0.432","0.571","3.10364770889282"
"380","10","300","20","preferential_attachment","sites","sites_1","ZIPLN","BIC","0.08","0.612036","0.694269022767143","0.053","0.737","0.609","0.667","35.0746262073517"
"381","11","300","20","preferential_attachment","sites","sites_1","PLN","BIC","0.1","0.7305995","0.684981940982497","0.064","0.842","0.593","0.696","2.96082544326782"
"382","11","300","20","preferential_attachment","sites","sites_1","ZIPLN","BIC","0.08","0.6107425","0.732531034570687","0.088","0.895","0.531","0.667","35.5551826953888"
"383","12","300","20","preferential_attachment","sites","sites_1","PLN","BIC","0.1","0.766667","0.683557752902502","0.041","0.684","0.65","0.667","3.11906552314758"
"384","12","300","20","preferential_attachment","sites","sites_1","ZIPLN","BIC","0.08","0.6716545","0.721021967382271","0.058","0.737","0.583","0.651","34.2924761772156"
"385","13","300","20","preferential_attachment","sites","sites_1","PLN","BIC","0.07","0.626138","0.685677084047842","0.053","0.632","0.571","0.6","2.96480274200439"
"386","13","300","20","preferential_attachment","sites","sites_1","ZIPLN","BIC","0.06","0.6443535","0.726274479350289","0.029","0.526","0.667","0.588","35.0803263187408"
"387","14","300","20","preferential_attachment","sites","sites_1","PLN","BIC","0.08","0.8295415","0.746590635549413","0.029","0.789","0.75","0.769","2.72039914131165"
"388","14","300","20","preferential_attachment","sites","sites_1","ZIPLN","BIC","0.07","0.776947","0.788834404355756","0.029","0.684","0.722","0.703","33.9472920894623"
"389","15","300","20","preferential_attachment","sites","sites_1","PLN","BIC","0.1","0.7484165","0.702970609356022","0.076","0.789","0.536","0.638","3.25918412208557"
"390","15","300","20","preferential_attachment","sites","sites_1","ZIPLN","BIC","0.08","0.6679125","0.72926398828377","0.082","0.842","0.533","0.653","36.2649867534637"
"391","16","300","20","preferential_attachment","sites","sites_1","PLN","BIC","0.1","0.717362","0.657164707132283","0.099","0.842","0.485","0.615","3.31758761405945"
"392","16","300","20","preferential_attachment","sites","sites_1","ZIPLN","BIC","0.08","0.657025","0.697587811475275","0.094","0.789","0.484","0.6","34.558944940567"
"393","17","300","20","preferential_attachment","sites","sites_1","PLN","BIC","0.11","0.858937","0.753274264762797","0.006","0.632","0.923","0.75","2.91104221343994"
"394","17","300","20","preferential_attachment","sites","sites_1","ZIPLN","BIC","0.07","0.796691","0.79551828138398","0.018","0.789","0.833","0.811","33.4229271411896"
"395","18","300","20","preferential_attachment","sites","sites_1","PLN","BIC","0.08","0.6177955","0.697826541328895","0.035","0.526","0.625","0.571","2.46924543380737"
"396","18","300","20","preferential_attachment","sites","sites_1","ZIPLN","BIC","0.07","0.5974305","0.753319356289836","0.023","0.579","0.733","0.647","34.9955537319183"
"397","19","300","20","preferential_attachment","sites","sites_1","PLN","BIC","0.09","0.7408615","0.672491143843965","0.018","0.632","0.8","0.706","3.054842710495"
"398","19","300","20","preferential_attachment","sites","sites_1","ZIPLN","BIC","0.05","0.713616","0.726217891376308","0.146","0.947","0.419","0.581","34.0730664730072"
"399","20","300","20","preferential_attachment","sites","sites_1","PLN","BIC","0.09","0.5898195","0.705165503808164","0.088","0.895","0.531","0.667","2.95266556739807"
"400","20","300","20","preferential_attachment","sites","sites_1","ZIPLN","BIC","0.07","0.5086165","0.751448317453469","0.094","0.895","0.515","0.654","33.5525512695312"
"401","21","300","20","preferential_attachment","sites","sites_1","PLN","BIC","0.08","0.7141095","0.741420600807452","0.018","0.474","0.75","0.581","2.64428186416626"
"402","21","300","20","preferential_attachment","sites","sites_1","ZIPLN","BIC","0.07","0.623302","0.789849626482644","0.041","0.632","0.632","0.632","32.9218308925629"
"403","22","300","20","preferential_attachment","sites","sites_1","PLN","BIC","0.09","0.663696","0.725268088012727","0.035","0.737","0.7","0.718","2.9892270565033"
"404","22","300","20","preferential_attachment","sites","sites_1","ZIPLN","BIC","0.08","0.6754475","0.768592595321284","0.023","0.632","0.75","0.686","33.3505096435547"
"405","23","300","20","preferential_attachment","sites","sites_1","PLN","BIC","0.1","0.654675","0.74790099040801","0.023","0.579","0.733","0.647","3.07217192649841"
"406","23","300","20","preferential_attachment","sites","sites_1","ZIPLN","BIC","0.08","0.692934","0.788262572372142","0.023","0.579","0.733","0.647","32.9534268379211"
"407","24","300","20","preferential_attachment","sites","sites_1","PLN","BIC","0.09","0.592233","0.70350638192616","0.023","0.526","0.714","0.606","2.97706770896912"
"408","24","300","20","preferential_attachment","sites","sites_1","ZIPLN","BIC","0.07","0.543325","0.755473380096813","0.047","0.579","0.579","0.579","34.5981600284576"
"409","25","300","20","preferential_attachment","sites","sites_1","PLN","BIC","0.09","0.7551835","0.695084827737805","0.029","0.526","0.667","0.588","3.05110287666321"
"410","25","300","20","preferential_attachment","sites","sites_1","ZIPLN","BIC","0.07","0.699288","0.738751549871382","0.082","0.737","0.5","0.596","34.3115255832672"
"411","26","300","20","preferential_attachment","sites","sites_1","PLN","BIC","0.09","0.7512585","0.71018384318192","0.082","0.895","0.548","0.68","2.94528770446777"
"412","26","300","20","preferential_attachment","sites","sites_1","ZIPLN","BIC","0.07","0.66337","0.755619981377162","0.035","0.789","0.714","0.75","38.6150188446045"
"413","27","300","20","preferential_attachment","sites","sites_1","PLN","BIC","0.08","0.717489","0.684207727568227","0.023","0.632","0.75","0.686","3.33365869522095"
"414","27","300","20","preferential_attachment","sites","sites_1","ZIPLN","BIC","0.06","0.678924","0.709101613775971","0.058","0.684","0.565","0.619","36.4520092010498"
"415","28","300","20","preferential_attachment","sites","sites_1","PLN","BIC","0.08","0.701504","0.69056268375655","0.029","0.579","0.688","0.629","3.27149438858032"
"416","28","300","20","preferential_attachment","sites","sites_1","ZIPLN","BIC","0.06","0.703986","0.736693512087483","0.023","0.526","0.714","0.606","35.2451696395874"
"417","29","300","20","preferential_attachment","sites","sites_1","PLN","BIC","0.09","0.587331","0.727953671407881","0.07","0.842","0.571","0.681","3.34982824325562"
"418","29","300","20","preferential_attachment","sites","sites_1","ZIPLN","BIC","0.08","0.561548","0.772639366315206","0.053","0.789","0.625","0.698","35.4780843257904"
"419","30","300","20","preferential_attachment","sites","sites_1","PLN","BIC","0.11","0.7398545","0.711290822450987","0.058","0.833","0.6","0.698","2.89107775688171"
"420","30","300","20","preferential_attachment","sites","sites_1","ZIPLN","BIC","0.09","0.654202","0.748631121122768","0.035","0.778","0.7","0.737","33.5438301563263"
"421","1","300","20","preferential_attachment","sites","sites_2","PLN","BIC","0.16","0.805564","0.593674388776766","0.006","0.158","0.75","0.261","2.91822552680969"
"422","1","300","20","preferential_attachment","sites","sites_2","ZIPLN","BIC","0.11","0.7667585","0.717658064066163","0.023","0.421","0.667","0.516","40.6749341487885"
"423","2","300","20","preferential_attachment","sites","sites_2","PLN","BIC","0.17","0.7221565","0.58364930917224","0","0",NA,"0","2.10981965065002"
"424","2","300","20","preferential_attachment","sites","sites_2","ZIPLN","BIC","0.11","0.615905","0.756801276709034","0","0",NA,"0","26.9467940330505"
"425","3","300","20","preferential_attachment","sites","sites_2","PLN","BIC","0.16","0.761112","0.547064969694579","0.018","0.526","0.769","0.625","3.81728792190552"
"426","3","300","20","preferential_attachment","sites","sites_2","ZIPLN","BIC","0.09","0.542749","0.667002077960426","0.041","0.579","0.611","0.595","37.7391114234924"
"427","4","300","20","preferential_attachment","sites","sites_2","PLN","BIC","0.13","0.745482","0.579786630606181","0","0",NA,"0","2.96074080467224"
"428","4","300","20","preferential_attachment","sites","sites_2","ZIPLN","BIC","0.08","0.6729615","0.694824181487032","0.023","0.474","0.692","0.562","41.5131773948669"
"429","5","300","20","preferential_attachment","sites","sites_2","PLN","BIC","0.14","0.7594315","0.556704711230728","0","0",NA,"0","2.75319719314575"
"430","5","300","20","preferential_attachment","sites","sites_2","ZIPLN","BIC","0.07","0.72848","0.687529587512737","0.041","0.684","0.65","0.667","37.3653225898743"
"431","6","300","20","preferential_attachment","sites","sites_2","PLN","BIC","0.14","0.7714015","0.568806589746782","0.018","0.368","0.7","0.483","3.17302942276001"
"432","6","300","20","preferential_attachment","sites","sites_2","ZIPLN","BIC","0.08","0.624155","0.680988796910315","0.029","0.737","0.737","0.737","37.1471650600433"
"433","7","300","20","preferential_attachment","sites","sites_2","PLN","BIC","0.15","0.6713825","0.559862659665275","0","0",NA,"0","2.55783605575562"
"434","7","300","20","preferential_attachment","sites","sites_2","ZIPLN","BIC","0.1","0.6476215","0.712555188947663","0","0.053","1","0.1","31.2139637470245"
"435","8","300","20","preferential_attachment","sites","sites_2","PLN","BIC","0.14","0.78864","0.562033489001664","0","0",NA,"0","2.02780747413635"
"436","8","300","20","preferential_attachment","sites","sites_2","ZIPLN","BIC","0.07","0.7283415","0.645360407397448","0.082","0.895","0.548","0.68","25.4816353321075"
"437","9","300","20","preferential_attachment","sites","sites_2","PLN","BIC","0.15","0.598377","0.581514531415995","0","0.053","1","0.1","2.69002461433411"
"438","9","300","20","preferential_attachment","sites","sites_2","ZIPLN","BIC","0.09","0.491427","0.745686274244279","0.023","0.316","0.6","0.414","33.9619805812836"
"439","10","300","20","preferential_attachment","sites","sites_2","PLN","BIC","0.13","0.7265045","0.552967134448051","0","0",NA,"0","3.1389684677124"
"440","10","300","20","preferential_attachment","sites","sites_2","ZIPLN","BIC","0.08","0.6667535","0.66313035027732","0.064","0.474","0.45","0.462","38.3273079395294"
"441","11","300","20","preferential_attachment","sites","sites_2","PLN","BIC","0.16","0.6934755","0.551280513314549","0.029","0.579","0.688","0.629","3.27653193473816"
"442","11","300","20","preferential_attachment","sites","sites_2","ZIPLN","BIC","0.1","0.5428605","0.680769212303004","0.053","0.632","0.571","0.6","37.8250710964203"
"443","12","300","20","preferential_attachment","sites","sites_2","PLN","BIC","0.14","0.7549125","0.591019613573352","0","0",NA,"0","3.51174521446228"
"444","12","300","20","preferential_attachment","sites","sites_2","ZIPLN","BIC","0.08","0.5927665","0.705446764736643","0.023","0.632","0.75","0.686","42.2213370800018"
"445","13","300","20","preferential_attachment","sites","sites_2","PLN","BIC","0.16","0.714762","0.562682008457571","0.006","0.474","0.9","0.621","2.21887183189392"
"446","13","300","20","preferential_attachment","sites","sites_2","ZIPLN","BIC","0.11","0.6774165","0.672536742550529","0.053","0.737","0.609","0.667","25.3164908885956"
"447","14","300","20","preferential_attachment","sites","sites_2","PLN","BIC","0.16","0.7369925","0.569551837588855","0","0.105","1","0.19","1.70675826072693"
"448","14","300","20","preferential_attachment","sites","sites_2","ZIPLN","BIC","0.08","0.653046","0.723707182043416","0.023","0.421","0.667","0.516","31.2488069534302"
"449","15","300","20","preferential_attachment","sites","sites_2","PLN","BIC","0.15","0.725234","0.540427754359533","0.012","0.526","0.833","0.645","3.11668157577515"
"450","15","300","20","preferential_attachment","sites","sites_2","ZIPLN","BIC","0.09","0.679287","0.656958432018485","0.029","0.737","0.737","0.737","36.4323785305023"
"451","16","300","20","preferential_attachment","sites","sites_2","PLN","BIC","0.15","0.8386765","0.573317774589504","0","0",NA,"0","2.92988348007202"
"452","16","300","20","preferential_attachment","sites","sites_2","ZIPLN","BIC","0.12","0.7308065","0.772373046837743","0","0",NA,"0","32.6748523712158"
"453","17","300","20","preferential_attachment","sites","sites_2","PLN","BIC","0.14","0.6748775","0.569481288144565","0.023","0.421","0.667","0.516","3.08063268661499"
"454","17","300","20","preferential_attachment","sites","sites_2","ZIPLN","BIC","0.08","0.628275","0.704901907343161","0.029","0.526","0.667","0.588","35.3201858997345"
"455","18","300","20","preferential_attachment","sites","sites_2","PLN","BIC","0.14","0.6586725","0.591846040358253","0","0",NA,"0","3.0777416229248"
"456","18","300","20","preferential_attachment","sites","sites_2","ZIPLN","BIC","0.11","0.699434","0.773553810279555","0","0",NA,"0","38.333735704422"
"457","19","300","20","preferential_attachment","sites","sites_2","PLN","BIC","0.14","0.6678495","0.565297929089185","0","0.053","1","0.1","1.9031093120575"
"458","19","300","20","preferential_attachment","sites","sites_2","ZIPLN","BIC","0.09","0.4883945","0.737620225903642","0.006","0.263","0.833","0.4","22.5673525333405"
"459","20","300","20","preferential_attachment","sites","sites_2","PLN","BIC","0.13","0.670373","0.568825755271076","0","0",NA,"0","3.03771686553955"
"460","20","300","20","preferential_attachment","sites","sites_2","ZIPLN","BIC","0.08","0.6661675","0.697086615736241","0.018","0.368","0.7","0.483","38.8384819030762"
"461","21","300","20","preferential_attachment","sites","sites_2","PLN","BIC","0.15","0.732625","0.522933211841543","0","0",NA,"0","2.75382947921753"
"462","21","300","20","preferential_attachment","sites","sites_2","ZIPLN","BIC","0.08","0.6549305","0.656336715927232","0.035","0.684","0.684","0.684","33.9066891670227"
"463","22","300","20","preferential_attachment","sites","sites_2","PLN","BIC","0.14","0.674833","0.561169172555691","0.012","0.263","0.714","0.385","3.01405620574951"
"464","22","300","20","preferential_attachment","sites","sites_2","ZIPLN","BIC","0.09","0.629169","0.675152802259955","0.035","0.474","0.6","0.529","40.291544675827"
"465","23","300","20","preferential_attachment","sites","sites_2","PLN","BIC","0.15","0.6563115","0.560220904093908","0.006","0.105","0.667","0.182","2.55281543731689"
"466","23","300","20","preferential_attachment","sites","sites_2","ZIPLN","BIC","0.09","0.7482755","0.733755836811605","0.012","0.368","0.778","0.5","35.5088062286377"
"467","24","300","20","preferential_attachment","sites","sites_2","PLN","BIC","0.15","0.749228","0.561589304346072","0","0.056","1","0.105","2.50878572463989"
"468","24","300","20","preferential_attachment","sites","sites_2","ZIPLN","BIC","0.09","0.641154","0.708398185480683","0.023","0.333","0.6","0.429","30.6475391387939"
"469","25","300","20","preferential_attachment","sites","sites_2","PLN","BIC","0.15","0.6237475","0.591089683032072","0","0",NA,"0","1.70168399810791"
"470","25","300","20","preferential_attachment","sites","sites_2","ZIPLN","BIC","0.09","0.5453905","0.738053275093349","0.023","0.444","0.667","0.533","23.7847099304199"
"471","26","300","20","preferential_attachment","sites","sites_2","PLN","BIC","0.14","0.680772","0.584214426197715","0","0",NA,"0","2.91855764389038"
"472","26","300","20","preferential_attachment","sites","sites_2","ZIPLN","BIC","0.08","0.7079085","0.720935949168152","0","0",NA,"0","32.7160234451294"
"473","27","300","20","preferential_attachment","sites","sites_2","PLN","BIC","0.14","0.677228","0.576475640784491","0","0",NA,"0","2.65355944633484"
"474","27","300","20","preferential_attachment","sites","sites_2","ZIPLN","BIC","0.08","0.5493555","0.723184537462143","0.029","0.368","0.583","0.452","26.2376379966736"
"475","28","300","20","preferential_attachment","sites","sites_2","PLN","BIC","0.14","0.6439835","0.544202726394044","0.017","0.222","0.571","0.32","2.2949492931366"
"476","28","300","20","preferential_attachment","sites","sites_2","ZIPLN","BIC","0.09","0.5844005","0.695705209077588","0.012","0.278","0.714","0.4","27.8508603572845"
"477","29","300","20","preferential_attachment","sites","sites_2","PLN","BIC","0.15","0.6327725","0.570403071348878","0.023","0.368","0.636","0.467","3.36250495910645"
"478","29","300","20","preferential_attachment","sites","sites_2","ZIPLN","BIC","0.08","0.468244","0.709938666291966","0.076","0.684","0.5","0.578","29.8032596111298"
"479","30","300","20","preferential_attachment","sites","sites_2","PLN","BIC","0.15","0.6917195","0.559250308746897","0","0",NA,"0","1.8484308719635"
"480","30","300","20","preferential_attachment","sites","sites_2","ZIPLN","BIC","0.1","0.680715","0.707885775487026","0.029","0.368","0.583","0.452","23.5905013084412"
"481","1","300","20","preferential_attachment","sites","sites_3","PLN","BIC","0.16","0.518383","0.406127032396749","0","0",NA,"0","3.78797817230225"
"482","1","300","20","preferential_attachment","sites","sites_3","ZIPLN","BIC","0.12","0.6097735","0.62237145670374","0","0",NA,"0","26.9542183876038"
"483","2","300","20","preferential_attachment","sites","sites_3","PLN","BIC","0.18","0.380408","0.396870446383353","0","0",NA,"0","4.89030814170837"
"484","2","300","20","preferential_attachment","sites","sites_3","ZIPLN","BIC","0.14","0.715037","0.624023087339746","0","0",NA,"0","28.4190566539764"
"485","3","300","20","preferential_attachment","sites","sites_3","PLN","BIC","0.15","0.4163435","0.428794005201593","0","0",NA,"0","3.94539594650269"
"486","3","300","20","preferential_attachment","sites","sites_3","ZIPLN","BIC","0.15","0.6273925","0.667727477234978","0","0",NA,"0","32.6754007339478"
"487","4","300","20","preferential_attachment","sites","sites_3","PLN","BIC","0.18","0.4194985","0.423616512269","0","0",NA,"0","2.53832650184631"
"488","4","300","20","preferential_attachment","sites","sites_3","ZIPLN","BIC","0.13","0.562655","0.672781078275042","0","0",NA,"0","21.6502714157104"
"489","5","300","20","preferential_attachment","sites","sites_3","PLN","BIC","0.2","0.5760515","0.415042414866878","0","0",NA,"0","4.52844667434692"
"490","5","300","20","preferential_attachment","sites","sites_3","ZIPLN","BIC","0.12","0.530221","0.643726958120878","0","0",NA,"0","30.7260797023773"
"491","6","300","20","preferential_attachment","sites","sites_3","PLN","BIC","0.17","0.5166815","0.411422699091181","0","0",NA,"0","4.49534797668457"
"492","6","300","20","preferential_attachment","sites","sites_3","ZIPLN","BIC","0.12","0.7080925","0.632272887973405","0","0",NA,"0","27.4226427078247"
"493","7","300","20","preferential_attachment","sites","sites_3","PLN","BIC","0.16","0.588529","0.40083068151479","0","0",NA,"0","4.72860407829285"
"494","7","300","20","preferential_attachment","sites","sites_3","ZIPLN","BIC","0.15","0.8315315","0.628468379922158","0","0",NA,"0","25.2437150478363"
"495","8","300","20","preferential_attachment","sites","sites_3","PLN","BIC","0.18","0.509677","0.425703572297182","0","0",NA,"0","3.95055627822876"
"496","8","300","20","preferential_attachment","sites","sites_3","ZIPLN","BIC","0.11","0.6903755","0.650214184283329","0","0",NA,"0","31.1141936779022"
"497","9","300","20","preferential_attachment","sites","sites_3","PLN","BIC","0.18","0.507147","0.41824628456715","0","0",NA,"0","4.43759083747864"
"498","9","300","20","preferential_attachment","sites","sites_3","ZIPLN","BIC","0.15","0.660264","0.648910259423411","0","0",NA,"0","26.9633038043976"
"499","10","300","20","preferential_attachment","sites","sites_3","PLN","BIC","0.17","0.5158915","0.409744701889644","0","0",NA,"0","2.70112466812134"
"500","10","300","20","preferential_attachment","sites","sites_3","ZIPLN","BIC","0.13","0.593955","0.648767455699632","0","0",NA,"0","19.3911786079407"
"501","11","300","20","preferential_attachment","sites","sites_3","PLN","BIC","0.18","0.4205415","0.434096448733974","0","0",NA,"0","3.7927348613739"
"502","11","300","20","preferential_attachment","sites","sites_3","ZIPLN","BIC","0.13","0.6533485","0.677059267000895","0","0",NA,"0","28.7170581817627"
"503","12","300","20","preferential_attachment","sites","sites_3","PLN","BIC","0.18","0.533294","0.410387802446199","0","0",NA,"0","4.13143825531006"
"504","12","300","20","preferential_attachment","sites","sites_3","ZIPLN","BIC","0.14","0.642467","0.631896781938305","0","0",NA,"0","27.2973730564117"
"505","13","300","20","preferential_attachment","sites","sites_3","PLN","BIC","0.18","0.529962","0.412616786081993","0","0",NA,"0","4.69852948188782"
"506","13","300","20","preferential_attachment","sites","sites_3","ZIPLN","BIC","0.1","0.5966415","0.649519215675838","0","0",NA,"0","29.323826789856"
"507","14","300","20","preferential_attachment","sites","sites_3","PLN","BIC","0.2","0.535133","0.43320937391885","0","0",NA,"0","4.12420511245728"
"508","14","300","20","preferential_attachment","sites","sites_3","ZIPLN","BIC","0.15","0.760918","0.717678841904417","0","0",NA,"0","27.6667160987854"
"509","15","300","20","preferential_attachment","sites","sites_3","PLN","BIC","0.17","0.4695725","0.408568162825769","0","0.053","1","0.1","3.81592297554016"
"510","15","300","20","preferential_attachment","sites","sites_3","ZIPLN","BIC","0.11","0.616453","0.614116332541926","0","0",NA,"0","29.2410588264465"
"511","16","300","20","preferential_attachment","sites","sites_3","PLN","BIC","0.17","0.5511625","0.410061428668437","0","0",NA,"0","4.14438700675964"
"512","16","300","20","preferential_attachment","sites","sites_3","ZIPLN","BIC","0.13","0.440386","0.639989930148979","0","0",NA,"0","27.5692262649536"
"513","17","300","20","preferential_attachment","sites","sites_3","PLN","BIC","0.19","0.5770905","0.429538125478666","0","0",NA,"0","4.22594547271729"
"514","17","300","20","preferential_attachment","sites","sites_3","ZIPLN","BIC","0.14","0.6010765","0.647239025346488","0","0.053","1","0.1","32.4313418865204"
"515","18","300","20","preferential_attachment","sites","sites_3","PLN","BIC","0.18","0.5227015","0.381726961658469","0","0",NA,"0","4.52444052696228"
"516","18","300","20","preferential_attachment","sites","sites_3","ZIPLN","BIC","0.11","0.7830725","0.603493208473561","0","0",NA,"0","26.578040599823"
"517","19","300","20","preferential_attachment","sites","sites_3","PLN","BIC","0.18","0.6926405","0.41000455856276","0","0",NA,"0","3.82810544967651"
"518","19","300","20","preferential_attachment","sites","sites_3","ZIPLN","BIC","0.12","0.7063575","0.639075578996873","0","0",NA,"0","23.8932340145111"
"519","20","300","20","preferential_attachment","sites","sites_3","PLN","BIC","0.19","0.5089845","0.435396456178897","0","0",NA,"0","3.90539240837097"
"520","20","300","20","preferential_attachment","sites","sites_3","ZIPLN","BIC","0.15","0.682701","0.709666349781495","0","0",NA,"0","25.9426629543304"
"521","21","300","20","preferential_attachment","sites","sites_3","PLN","BIC","0.17","0.6361515","0.412912004448639","0","0",NA,"0","2.54725337028503"
"522","21","300","20","preferential_attachment","sites","sites_3","ZIPLN","BIC","0.14","0.463224","0.620889923652169","0","0",NA,"0","25.979896068573"
"523","22","300","20","preferential_attachment","sites","sites_3","PLN","BIC","0.18","0.441719","0.416841959522721","0","0",NA,"0","4.41897106170654"
"524","22","300","20","preferential_attachment","sites","sites_3","ZIPLN","BIC","0.15","0.7796145","0.667776916233705","0","0",NA,"0","25.9491577148438"
"525","23","300","20","preferential_attachment","sites","sites_3","PLN","BIC","0.21","0.4968285","0.422230096867868","0","0",NA,"0","4.2070906162262"
"526","23","300","20","preferential_attachment","sites","sites_3","ZIPLN","BIC","0.17","0.6214685","0.689885660140915","0","0",NA,"0","29.4604127407074"
"527","24","300","20","preferential_attachment","sites","sites_3","PLN","BIC","0.2","0.45687","0.406897598307976","0","0",NA,"0","4.08271527290344"
"528","24","300","20","preferential_attachment","sites","sites_3","ZIPLN","BIC","0.16","0.584102","0.640628104640757","0","0",NA,"0","28.7105712890625"
"529","25","300","20","preferential_attachment","sites","sites_3","PLN","BIC","0.2","0.52902","0.429127278811347","0","0",NA,"0","2.80893731117249"
"530","25","300","20","preferential_attachment","sites","sites_3","ZIPLN","BIC","0.15","0.6034675","0.684470394397853","0","0",NA,"0","24.9974644184113"
"531","26","300","20","preferential_attachment","sites","sites_3","PLN","BIC","0.18","0.3627665","0.417316689860163","0","0",NA,"0","4.33738970756531"
"532","26","300","20","preferential_attachment","sites","sites_3","ZIPLN","BIC","0.15","0.6263545","0.666446734528267","0","0",NA,"0","23.6323394775391"
"533","27","300","20","preferential_attachment","sites","sites_3","PLN","BIC","0.2","0.469391","0.395179839073938","0","0",NA,"0","2.70085000991821"
"534","27","300","20","preferential_attachment","sites","sites_3","ZIPLN","BIC","0.15","0.5054275","0.61379401636481","0","0",NA,"0","19.9764685630798"
"535","28","300","20","preferential_attachment","sites","sites_3","PLN","BIC","0.18","0.622612","0.4208034023086","0","0",NA,"0","4.00265216827393"
"536","28","300","20","preferential_attachment","sites","sites_3","ZIPLN","BIC","0.14","0.6646855","0.656543831627533","0","0",NA,"0","30.5224528312683"
"537","29","300","20","preferential_attachment","sites","sites_3","PLN","BIC","0.18","0.408477","0.429291658779397","0","0",NA,"0","4.13143348693848"
"538","29","300","20","preferential_attachment","sites","sites_3","ZIPLN","BIC","0.16","0.635134","0.662633398532271","0","0",NA,"0","22.0786380767822"
"539","30","300","20","preferential_attachment","sites","sites_3","PLN","BIC","0.18","0.426665","0.427540346427577","0","0",NA,"0","3.88733386993408"
"540","30","300","20","preferential_attachment","sites","sites_3","ZIPLN","BIC","0.13","0.7327285","0.680819215176543","0","0",NA,"0","24.3550581932068"
"541","1","300","20","erdos_renyi","species","species_1","PLN","BIC","0.06","0.879285","0.687279021427075","0.039","0.833","0.588","0.69","2.46108150482178"
"542","1","300","20","erdos_renyi","species","species_1","ZIPLN","BIC","0.05","0.851978","0.711528505280332","0.028","0.75","0.643","0.692","4.11156868934631"
"543","2","300","20","erdos_renyi","species","species_1","PLN","BIC","0.07","0.7827235","0.661935751554273","0","0.545","1","0.706","2.64950561523438"
"544","2","300","20","erdos_renyi","species","species_1","ZIPLN","BIC","0.05","0.712049","0.698371452868843","0.017","0.727","0.727","0.727","4.14951848983765"
"545","3","300","20","erdos_renyi","species","species_1","PLN","BIC","0.06","0.7067895","0.690566081647446","0","0.545","1","0.706","2.72819042205811"
"546","3","300","20","erdos_renyi","species","species_1","ZIPLN","BIC","0.05","0.7170325","0.706849168012484","0.022","0.636","0.636","0.636","3.96661710739136"
"547","4","300","20","erdos_renyi","species","species_1","PLN","BIC","0.05","0.714364","0.682125795683907","0.044","0.778","0.467","0.583","2.95704650878906"
"548","4","300","20","erdos_renyi","species","species_1","ZIPLN","BIC","0.05","0.7013055","0.703726640787464","0.028","0.778","0.583","0.667","4.05736351013184"
"549","5","300","20","erdos_renyi","species","species_1","PLN","BIC","0.08","0.756527","0.634962991685094","0.017","0.833","0.769","0.8","2.89448666572571"
"550","5","300","20","erdos_renyi","species","species_1","ZIPLN","BIC","0.06","0.7385945","0.6619706020775","0.034","0.833","0.625","0.714","5.49451780319214"
"551","6","300","20","erdos_renyi","species","species_1","PLN","BIC","0.04","0.8309","0.649883055518312","0","0.2","1","0.333","2.1806857585907"
"552","6","300","20","erdos_renyi","species","species_1","ZIPLN","BIC","0.03","0.7249","0.693276615183129","0","0.4","1","0.571","4.11812472343445"
"553","7","300","20","erdos_renyi","species","species_1","PLN","BIC","0.06","0.6901","0.638576836250386","0.017","0.6","0.667","0.632","2.44600510597229"
"554","7","300","20","erdos_renyi","species","species_1","ZIPLN","BIC","0.04","0.71015","0.650481740591745","0.028","0.7","0.583","0.636","4.92591261863708"
"555","8","300","20","erdos_renyi","species","species_1","PLN","BIC","0.08","0.8407775","0.752695778249815","0.006","0.583","0.875","0.7","2.52887201309204"
"556","8","300","20","erdos_renyi","species","species_1","ZIPLN","BIC","0.06","0.8456685","0.766715822234905","0.045","0.75","0.529","0.621","3.31477379798889"
"557","9","300","20","erdos_renyi","species","species_1","PLN","BIC","0.05","0.7967265","0.6476278384257","0.033","1","0.6","0.75","3.10887813568115"
"558","9","300","20","erdos_renyi","species","species_1","ZIPLN","BIC","0.06","0.7651695","0.690328187418483","0.05","1","0.5","0.667","5.54710102081299"
"559","10","300","20","erdos_renyi","species","species_1","PLN","BIC","0.04","0.845482","0.647562563583278","0","0.429","1","0.6","2.28756976127625"
"560","10","300","20","erdos_renyi","species","species_1","ZIPLN","BIC","0.04","0.7967435","0.674993382211558","0","0.429","1","0.6","2.86960554122925"
"561","11","300","20","erdos_renyi","species","species_1","PLN","BIC","0.07","0.6642615","0.684401567645281","0.085","0.857","0.444","0.585","2.99434757232666"
"562","11","300","20","erdos_renyi","species","species_1","ZIPLN","BIC","0.07","0.726465","0.689889497725697","0.04","0.786","0.611","0.688","4.61870265007019"
"563","12","300","20","erdos_renyi","species","species_1","PLN","BIC","0.06","0.784525","0.679376129812892","0.017","0.636","0.7","0.667","2.61624336242676"
"564","12","300","20","erdos_renyi","species","species_1","ZIPLN","BIC","0.05","0.7723295","0.707061510014175","0.006","0.636","0.875","0.737","3.33025431632996"
"565","13","300","20","erdos_renyi","species","species_1","PLN","BIC","0.05","0.7891505","0.621480983786434","0.006","0.667","0.857","0.75","2.28600001335144"
"566","13","300","20","erdos_renyi","species","species_1","ZIPLN","BIC","0.04","0.7202","0.661061918605017","0.028","0.889","0.615","0.727","4.25845956802368"
"567","14","300","20","erdos_renyi","species","species_1","PLN","BIC","0.06","0.6574135","0.678787995468767","0.044","0.556","0.385","0.455","2.57637786865234"
"568","14","300","20","erdos_renyi","species","species_1","ZIPLN","BIC","0.05","0.686728","0.71576414239197","0.05","0.778","0.438","0.56","4.34468960762024"
"569","15","300","20","erdos_renyi","species","species_1","PLN","BIC","0.07","0.8470665","0.702454028117913","0","0.75","1","0.857","2.58756113052368"
"570","15","300","20","erdos_renyi","species","species_1","ZIPLN","BIC","0.06","0.755103","0.744849955888292","0.028","0.75","0.643","0.692","3.74889421463013"
"571","16","300","20","erdos_renyi","species","species_1","PLN","BIC","0.05","0.871875","0.651780608964129","0","0",NA,"0","2.30399131774902"
"572","16","300","20","erdos_renyi","species","species_1","ZIPLN","BIC","0.05","0.83575","0.690031315401891","0","0",NA,"0","5.34128618240356"
"573","17","300","20","erdos_renyi","species","species_1","PLN","BIC","0.05","0.8726825","0.636073111288886","0","0.429","1","0.6","2.49711537361145"
"574","17","300","20","erdos_renyi","species","species_1","ZIPLN","BIC","0.04","0.8313085","0.671759372921251","0","0.571","1","0.727","4.04472589492798"
"575","18","300","20","erdos_renyi","species","species_1","PLN","BIC","0.05","0.8848015","0.666812480834955","0.005","0.833","0.833","0.833","2.05278611183167"
"576","18","300","20","erdos_renyi","species","species_1","ZIPLN","BIC","0.04","0.846308","0.710863186850963","0.016","0.833","0.625","0.714","2.88909959793091"
"577","19","300","20","erdos_renyi","species","species_1","PLN","BIC","0.08","0.615266","0.630133053581021","0.04","0.467","0.5","0.483","2.88501596450806"
"578","19","300","20","erdos_renyi","species","species_1","ZIPLN","BIC","0.07","0.588819","0.654270480143603","0.029","0.467","0.583","0.519","3.6563241481781"
"579","20","300","20","erdos_renyi","species","species_1","PLN","BIC","0.04","0.7607","0.630824035644793","0.011","0.8","0.667","0.727","2.53828263282776"
"580","20","300","20","erdos_renyi","species","species_1","ZIPLN","BIC","0.03","0.7022","0.663301563612848","0.011","0.6","0.6","0.6","3.63128781318665"
"581","21","300","20","erdos_renyi","species","species_1","PLN","BIC","0.07","0.7917835","0.68182740261481","0.04","0.923","0.632","0.75","2.98111724853516"
"582","21","300","20","erdos_renyi","species","species_1","ZIPLN","BIC","0.06","0.759936","0.689489693466787","0.056","0.923","0.545","0.686","4.3005998134613"
"583","22","300","20","erdos_renyi","species","species_1","PLN","BIC","0.04","0.82175","0.656540955489331","0.005","1","0.8","0.889","2.5477511882782"
"584","22","300","20","erdos_renyi","species","species_1","ZIPLN","BIC","0.04","0.79475","0.681848728874838","0.011","1","0.667","0.8","4.09357595443726"
"585","23","300","20","erdos_renyi","species","species_1","PLN","BIC","0.05","0.753409","0.668685776364217","0.017","0.556","0.625","0.588","2.44862294197083"
"586","23","300","20","erdos_renyi","species","species_1","ZIPLN","BIC","0.04","0.683179","0.68842239811183","0.033","0.889","0.571","0.696","3.05428504943848"
"587","24","300","20","erdos_renyi","species","species_1","PLN","BIC","0.03","0.905","0.596936330189383","0.005","0.75","0.75","0.75","1.39614415168762"
"588","24","300","20","erdos_renyi","species","species_1","ZIPLN","BIC","0.03","0.78275","0.632028289464578","0","0.75","1","0.857","2.94792079925537"
"589","25","300","20","erdos_renyi","species","species_1","PLN","BIC","0.06","0.9160625","0.667778910126983","0","0.375","1","0.545","1.44638872146606"
"590","25","300","20","erdos_renyi","species","species_1","ZIPLN","BIC","0.04","0.8720625","0.680253469803956","0.027","0.875","0.583","0.7","3.17798948287964"
"591","26","300","20","erdos_renyi","species","species_1","PLN","BIC","0.07","0.7928725","0.647859452921917","0.023","0.769","0.714","0.741","2.72708988189697"
"592","26","300","20","erdos_renyi","species","species_1","ZIPLN","BIC","0.06","0.7278335","0.669594420975705","0.011","0.692","0.818","0.75","3.11184740066528"
"593","27","300","20","erdos_renyi","species","species_1","PLN","BIC","0.04","0.8498","0.632754919808742","0.011","0.8","0.667","0.727","2.64522957801819"
"594","27","300","20","erdos_renyi","species","species_1","ZIPLN","BIC","0.04","0.7986","0.659006953716404","0.038","0.8","0.364","0.5","2.96332168579102"
"595","28","300","20","erdos_renyi","species","species_1","PLN","BIC","0.03","0.6100365","0.611067794926994","0.005","0.5","0.75","0.6","2.25602245330811"
"596","28","300","20","erdos_renyi","species","species_1","ZIPLN","BIC","0.03","0.555173","0.648384579162742","0.005","0.5","0.75","0.6","3.15166354179382"
"597","29","300","20","erdos_renyi","species","species_1","PLN","BIC","0.04","0.86999","0.596976520385753","0","0.833","1","0.909","1.64962363243103"
"598","29","300","20","erdos_renyi","species","species_1","ZIPLN","BIC","0.03","0.8457455","0.6299838990683","0.054","1","0.375","0.545","2.23323225975037"
"599","30","300","20","erdos_renyi","species","species_1","PLN","BIC","0.04","0.870992","0.616060554571726","0.005","0.833","0.833","0.833","1.68616223335266"
"600","30","300","20","erdos_renyi","species","species_1","ZIPLN","BIC","0.04","0.8691675","0.651383163863781","0.005","1","0.857","0.923","2.08467602729797"
"601","1","300","20","erdos_renyi","species","species_2","PLN","BIC","0.11","0.641822","0.576612073367182","0.006","0.167","0.667","0.267","3.0487060546875"
"602","1","300","20","erdos_renyi","species","species_2","ZIPLN","BIC","0.09","0.532027","0.66072077403149","0.022","0.333","0.5","0.4","3.58123087882996"
"603","2","300","20","erdos_renyi","species","species_2","PLN","BIC","0.08","0.8000215","0.565499717729185","0.022","0.636","0.636","0.636","3.05757451057434"
"604","2","300","20","erdos_renyi","species","species_2","ZIPLN","BIC","0.09","0.5558035","0.647052934817154","0.006","0.455","0.833","0.588","4.053297996521"
"605","3","300","20","erdos_renyi","species","species_2","PLN","BIC","0.04","0.481","0.456348877798262","0","0",NA,"0","2.23028945922852"
"606","3","300","20","erdos_renyi","species","species_2","ZIPLN","BIC","0.07","0.775","0.564868749273575","0","0",NA,"0","2.16095900535583"
"607","4","300","20","erdos_renyi","species","species_2","PLN","BIC","0.09","0.78705","0.553958722103331","0.044","0.6","0.429","0.5","3.12956690788269"
"608","4","300","20","erdos_renyi","species","species_2","ZIPLN","BIC","0.08","0.7171","0.646523425804092","0.028","0.5","0.5","0.5","3.97427463531494"
"609","5","300","20","erdos_renyi","species","species_2","PLN","BIC","0.05","0.903","0.568888309053365","0","1","1","1","2.69265246391296"
"610","5","300","20","erdos_renyi","species","species_2","ZIPLN","BIC","0.06","0.7921","0.632317089640404","0.011","0.4","0.5","0.444","3.27407097816467"
"611","6","300","20","erdos_renyi","species","species_2","PLN","BIC","0.08","0.8574255","0.537355433878873","0","0",NA,"0","3.04318952560425"
"612","6","300","20","erdos_renyi","species","species_2","ZIPLN","BIC","0.06","0.8692365","0.637227373915821","0","0",NA,"0","3.69330453872681"
"613","7","300","20","erdos_renyi","species","species_2","PLN","BIC","0.07","0.6488","0.516462917777019","0.005","0.4","0.667","0.5","3.08357095718384"
"614","7","300","20","erdos_renyi","species","species_2","ZIPLN","BIC","0.09","0.5116","0.636473407644484","0.005","0.2","0.5","0.286","4.75606226921082"
"615","8","300","20","erdos_renyi","species","species_2","PLN","BIC","0.11","0.8648205","0.604565571907857","0.068","0.769","0.455","0.571","3.54034614562988"
"616","8","300","20","erdos_renyi","species","species_2","ZIPLN","BIC","0.08","0.5836415","0.692373672051802","0.062","0.615","0.421","0.5","4.93674731254578"
"617","9","300","20","erdos_renyi","species","species_2","PLN","BIC","0.1","0.7486045","0.543712854365869","0","0",NA,"0","1.99640011787415"
"618","9","300","20","erdos_renyi","species","species_2","ZIPLN","BIC","0.09","0.7093765","0.674600008015746","0","0",NA,"0","2.06037092208862"
"619","10","300","20","erdos_renyi","species","species_2","PLN","BIC","0.06","0.687875","0.521444677471843","0","0",NA,"0","3.14807200431824"
"620","10","300","20","erdos_renyi","species","species_2","ZIPLN","BIC","0.05","0.781375","0.608183803511507","0","0.125","1","0.222","3.11932611465454"
"621","11","300","20","erdos_renyi","species","species_2","PLN","BIC","0.07","0.7426585","0.568847739412657","0","0.5","1","0.667","2.42334771156311"
"622","11","300","20","erdos_renyi","species","species_2","ZIPLN","BIC","0.08","0.4027465","0.666793163431681","0.011","0.5","0.6","0.545","3.66265463829041"
"623","12","300","20","erdos_renyi","species","species_2","PLN","BIC","0.09","0.7027","0.53090986796951","0","0",NA,"0","3.05345439910889"
"624","12","300","20","erdos_renyi","species","species_2","ZIPLN","BIC","0.1","0.44355","0.651739852728242","0","0.2","1","0.333","7.94425773620605"
"625","13","300","20","erdos_renyi","species","species_2","PLN","BIC","0.11","0.651028","0.601099166112579","0.045","0.667","0.5","0.571","3.22027707099915"
"626","13","300","20","erdos_renyi","species","species_2","ZIPLN","BIC","0.08","0.539036","0.66258606023984","0.006","0.5","0.857","0.632","5.10668110847473"
"627","14","300","20","erdos_renyi","species","species_2","PLN","BIC","0.03","0.5205","0.524141429414066","0","0",NA,"0","3.34032702445984"
"628","14","300","20","erdos_renyi","species","species_2","ZIPLN","BIC","0.04","0.685","0.591149821294351","0","0",NA,"0","2.81392645835876"
"629","15","300","20","erdos_renyi","species","species_2","PLN","BIC","0.08","0.7944915","0.599294619121348","0.033","1","0.538","0.7","1.85128617286682"
"630","15","300","20","erdos_renyi","species","species_2","ZIPLN","BIC","0.1","0.713357","0.663801630066198","0.033","0.857","0.5","0.632","3.27136087417603"
"631","16","300","20","erdos_renyi","species","species_2","PLN","BIC","0.09","0.6630625","0.552634402269138","0.022","0.5","0.5","0.5","3.14646887779236"
"632","16","300","20","erdos_renyi","species","species_2","ZIPLN","BIC","0.07","0.4419375","0.662434678765565","0.005","0.375","0.75","0.5","3.87318682670593"
"633","17","300","20","erdos_renyi","species","species_2","PLN","BIC","0.09","0.5694","0.521383639016358","0.006","0.4","0.8","0.533","3.11794829368591"
"634","17","300","20","erdos_renyi","species","species_2","ZIPLN","BIC","0.11","0.4113","0.657074536071424","0","0.1","1","0.182","3.52702021598816"
"635","18","300","20","erdos_renyi","species","species_2","PLN","BIC","0.09","0.791489","0.570779497281591","0.006","0.182","0.667","0.286","3.15957188606262"
"636","18","300","20","erdos_renyi","species","species_2","ZIPLN","BIC","0.1","0.5077805","0.659488524908305","0","0.182","1","0.308","3.1016001701355"
"637","19","300","20","erdos_renyi","species","species_2","PLN","BIC","0.1","0.81825","0.608984270722254","0","0",NA,"0","1.76232743263245"
"638","19","300","20","erdos_renyi","species","species_2","ZIPLN","BIC","0.12","0.5811","0.698094394865138","0.017","0.5","0.625","0.556","2.92075276374817"
"639","20","300","20","erdos_renyi","species","species_2","PLN","BIC","0.11","0.736856","0.54937285874313","0","0.25","1","0.4","2.83051991462708"
"640","20","300","20","erdos_renyi","species","species_2","ZIPLN","BIC","0.07","0.5705315","0.643533985156822","0.051","0.583","0.438","0.5","4.20946383476257"
"641","21","300","20","erdos_renyi","species","species_2","PLN","BIC","0.08","0.6513105","0.589469524735418","0.067","0.583","0.368","0.452","1.6435215473175"
"642","21","300","20","erdos_renyi","species","species_2","ZIPLN","BIC","0.08","0.646788","0.672176338961959","0.034","0.5","0.5","0.5","2.34591746330261"
"643","22","300","20","erdos_renyi","species","species_2","PLN","BIC","0.1","0.685093","0.604088967842106","0.017","0.556","0.625","0.588","2.85937690734863"
"644","22","300","20","erdos_renyi","species","species_2","ZIPLN","BIC","0.11","0.483294","0.722615805309355","0.011","0.556","0.714","0.625","5.05303549766541"
"645","23","300","20","erdos_renyi","species","species_2","PLN","BIC","0.07","0.8514715","0.550675779874858","0","0.571","1","0.727","2.97215676307678"
"646","23","300","20","erdos_renyi","species","species_2","ZIPLN","BIC","0.09","0.5506505","0.657030527906278","0","0",NA,"0","3.40722393989563"
"647","24","300","20","erdos_renyi","species","species_2","PLN","BIC","0.1","0.835694","0.602760991257049","0","0",NA,"0","1.84578490257263"
"648","24","300","20","erdos_renyi","species","species_2","ZIPLN","BIC","0.1","0.649359","0.69549900785455","0.011","0.267","0.667","0.381","3.27961850166321"
"649","25","300","20","erdos_renyi","species","species_2","PLN","BIC","0.09","0.7079165","0.541878972659172","0","0",NA,"0","1.71098208427429"
"650","25","300","20","erdos_renyi","species","species_2","ZIPLN","BIC","0.14","0.667345","0.679673641133488","0","0",NA,"0","1.96141743659973"
"651","26","300","20","erdos_renyi","species","species_2","PLN","BIC","0.1","0.6413275","0.649123732349052","0","0",NA,"0","2.61270904541016"
"652","26","300","20","erdos_renyi","species","species_2","ZIPLN","BIC","0.12","0.5580905","0.757822755020606","0","0",NA,"0","2.25853443145752"
"653","27","300","20","erdos_renyi","species","species_2","PLN","BIC","0.12","0.613862","0.607870340906614","0","0.091","1","0.167","1.86969399452209"
"654","27","300","20","erdos_renyi","species","species_2","ZIPLN","BIC","0.13","0.637617","0.711998950030755","0.006","0.273","0.75","0.4","3.78741097450256"
"655","28","300","20","erdos_renyi","species","species_2","PLN","BIC","0.08","0.5863785","0.577588662466202","0.028","0.444","0.444","0.444","3.52526140213013"
"656","28","300","20","erdos_renyi","species","species_2","ZIPLN","BIC","0.08","0.6842925","0.670658399418611","0.022","0.444","0.5","0.471","2.43723630905151"
"657","29","300","20","erdos_renyi","species","species_2","PLN","BIC","0.07","0.8084005","0.569646141753019","0.022","0.833","0.556","0.667","2.81525659561157"
"658","29","300","20","erdos_renyi","species","species_2","ZIPLN","BIC","0.08","0.6502735","0.651463514104906","0.038","0.667","0.364","0.471","3.0651433467865"
"659","30","300","20","erdos_renyi","species","species_2","PLN","BIC","0.12","0.6437175","0.583860559118355","0.023","0.368","0.636","0.467","2.29194116592407"
"660","30","300","20","erdos_renyi","species","species_2","ZIPLN","BIC","0.12","0.314556","0.689321974977421","0.018","0.211","0.571","0.308","3.08847856521606"
"661","1","300","20","erdos_renyi","species","species_3","PLN","BIC","0.05","0.6057755","0.528493523296064","0","0",NA,"0","3.07813429832458"
"662","1","300","20","erdos_renyi","species","species_3","ZIPLN","BIC","0.08","0.432302","0.588929826809516","0","0",NA,"0","3.13136148452759"
"663","2","300","20","erdos_renyi","species","species_3","PLN","BIC","0.08","0.4104935","0.428085009574248","0.005","0.167","0.5","0.25","3.8768470287323"
"664","2","300","20","erdos_renyi","species","species_3","ZIPLN","BIC","0.08","0.137018","0.480774380399262","0","0.167","1","0.286","4.01079201698303"
"665","3","300","20","erdos_renyi","species","species_3","PLN","BIC","0.14","0.6948545","0.607694402369456","0","0",NA,"0","3.67431282997131"
"666","3","300","20","erdos_renyi","species","species_3","ZIPLN","BIC","0.1","0.3685045","0.656225512768082","0.006","0.2","0.75","0.316","4.34032988548279"
"667","4","300","20","erdos_renyi","species","species_3","PLN","BIC","0.09","0.5160625","0.514114988805302","0","0.25","1","0.4","2.397212266922"
"668","4","300","20","erdos_renyi","species","species_3","ZIPLN","BIC","0.08","0.325875","0.583716741524797","0.011","0.25","0.5","0.333","1.83728075027466"
"669","5","300","20","erdos_renyi","species","species_3","PLN","BIC","0.11","0.6940235","0.491885315310034","0.039","0.364","0.364","0.364","3.09464120864868"
"670","5","300","20","erdos_renyi","species","species_3","ZIPLN","BIC","0.13","0.376769","0.567553479121274","0","0.273","1","0.429","3.48316264152527"
"671","6","300","20","erdos_renyi","species","species_3","PLN","BIC","0.1","0.4763","0.480948098434962","0","0",NA,"0","3.56659460067749"
"672","6","300","20","erdos_renyi","species","species_3","ZIPLN","BIC","0.2","0.3181","0.567703451257272","0","0",NA,"0","3.83995318412781"
"673","7","300","20","erdos_renyi","species","species_3","PLN","BIC","0.14","0.576666","0.441076020013982","0","0",NA,"0","3.18546009063721"
"674","7","300","20","erdos_renyi","species","species_3","ZIPLN","BIC","0.13","0.1618435","0.527068767615787","0","0",NA,"0","3.4455897808075"
"675","8","300","20","erdos_renyi","species","species_3","PLN","BIC","0.08","0.8075","0.504729160933959","0","0.5","1","0.667","3.2589545249939"
"676","8","300","20","erdos_renyi","species","species_3","ZIPLN","BIC","0.13","0.276125","0.557415529435804","0","0.25","1","0.4","3.61870217323303"
"677","9","300","20","erdos_renyi","species","species_3","PLN","BIC","0.11","0.384595","0.434618532929579","0","0",NA,"0","2.79029536247253"
"678","9","300","20","erdos_renyi","species","species_3","ZIPLN","BIC","0.13","0.1009235","0.514759637372974","0","0",NA,"0","3.63654732704163"
"679","10","300","20","erdos_renyi","species","species_3","PLN","BIC","0.1","0.6986","0.510521312012533","0.028","0.3","0.375","0.333","1.99374437332153"
"680","10","300","20","erdos_renyi","species","species_3","ZIPLN","BIC","0.1","0.24695","0.568288319531849","0.017","0.4","0.571","0.471","1.78015518188477"
"681","11","300","20","erdos_renyi","species","species_3","PLN","BIC","0.11","0.3555","0.450921170124647","0","0",NA,"0","3.13491678237915"
"682","11","300","20","erdos_renyi","species","species_3","ZIPLN","BIC","0.2","0.096625","0.533593032347243","0","0",NA,"0","4.48806381225586"
"683","12","300","20","erdos_renyi","species","species_3","PLN","BIC","0.12","0.590741","0.499824745978696","0","0",NA,"0","3.51509022712708"
"684","12","300","20","erdos_renyi","species","species_3","ZIPLN","BIC","0.13","0.175442","0.590660148176316","0.006","0","0","0","4.04183316230774"
"685","13","300","20","erdos_renyi","species","species_3","PLN","BIC","0.14","0.595303","0.501870747581617","0.017","0.286","0.571","0.381","3.57640695571899"
"686","13","300","20","erdos_renyi","species","species_3","ZIPLN","BIC","0.16","0.226867","0.59354021807211","0.006","0.143","0.667","0.235","4.71569871902466"
"687","14","300","20","erdos_renyi","species","species_3","PLN","BIC","0.08","0.5891075","0.524576657251796","0","0",NA,"0","2.94642734527588"
"688","14","300","20","erdos_renyi","species","species_3","ZIPLN","BIC","0.09","0.302262","0.576643991188716","0","0",NA,"0","4.22678732872009"
"689","15","300","20","erdos_renyi","species","species_3","PLN","BIC","0.09","0.5387855","0.485768678563501","0.028","0.333","0.375","0.353","3.26936912536621"
"690","15","300","20","erdos_renyi","species","species_3","ZIPLN","BIC","0.13","0.2158915","0.578797280935296","0.006","0.333","0.75","0.462","4.61586451530457"
"691","16","300","20","erdos_renyi","species","species_3","PLN","BIC","0.08","0.68175","0.482147508171045","0","0",NA,"0","2.07026767730713"
"692","16","300","20","erdos_renyi","species","species_3","ZIPLN","BIC","0.1","0.279625","0.52821133560718","0","0.25","1","0.4","2.67906212806702"
"693","17","300","20","erdos_renyi","species","species_3","PLN","BIC","0.12","0.635759","0.539259748950608","0","0.231","1","0.375","4.27443909645081"
"694","17","300","20","erdos_renyi","species","species_3","ZIPLN","BIC","0.16","0.304189","0.598752838681437","0.017","0.308","0.571","0.4","5.31566214561462"
"695","18","300","20","erdos_renyi","species","species_3","PLN","BIC","0.14","0.565716","0.528288114226404","0","0",NA,"0","3.48197174072266"
"696","18","300","20","erdos_renyi","species","species_3","ZIPLN","BIC","0.18","0.3702215","0.623208424403817","0.011","0.231","0.6","0.333","4.53732824325562"
"697","19","300","20","erdos_renyi","species","species_3","PLN","BIC","0.08","0.439126","0.433272851149905","0","0",NA,"0","3.59761452674866"
"698","19","300","20","erdos_renyi","species","species_3","ZIPLN","BIC","0.12","0.2954285","0.512328023068897","0","0",NA,"0","3.2268750667572"
"699","20","300","20","erdos_renyi","species","species_3","PLN","BIC","0.09","0.7247655","0.499613789984224","0.05","0.444","0.308","0.364","3.70108556747437"
"700","20","300","20","erdos_renyi","species","species_3","ZIPLN","BIC","0.12","0.2729315","0.564972269179028","0.017","0.444","0.571","0.5","5.08138632774353"
"701","21","300","20","erdos_renyi","species","species_3","PLN","BIC","0.06","0.911","0.489776687484579","0","0.5","1","0.667","3.32459235191345"
"702","21","300","20","erdos_renyi","species","species_3","ZIPLN","BIC","0.16","0.58275","0.561154699849443","0","0.5","1","0.667","3.74411916732788"
"703","22","300","20","erdos_renyi","species","species_3","PLN","BIC","0.11","0.5313125","0.393250217531018","0.005","0.375","0.75","0.5","2.31902289390564"
"704","22","300","20","erdos_renyi","species","species_3","ZIPLN","BIC","0.1","0.18225","0.45656554594675","0.005","0.375","0.75","0.5","2.08289313316345"
"705","23","300","20","erdos_renyi","species","species_3","PLN","BIC","0.14","0.644821","0.463529893010761","0","0",NA,"0","4.60774374008179"
"706","23","300","20","erdos_renyi","species","species_3","ZIPLN","BIC","0.27","0.128935","0.534297688005951","0","0.083","1","0.154","4.11202216148376"
"707","24","300","20","erdos_renyi","species","species_3","PLN","BIC","0.09","0.663932","0.506642063929823","0.017","0.333","0.5","0.4","2.18025064468384"
"708","24","300","20","erdos_renyi","species","species_3","ZIPLN","BIC","0.18","0.27678","0.549809446912032","0.011","0.444","0.667","0.533","2.18603110313416"
"709","25","300","20","erdos_renyi","species","species_3","PLN","BIC","0.11","0.613532","0.546739459926914","0","0.143","1","0.25","4.12548565864563"
"710","25","300","20","erdos_renyi","species","species_3","ZIPLN","BIC","0.16","0.1506315","0.617774571772143","0.005","0.143","0.5","0.222","3.14452052116394"
"711","26","300","20","erdos_renyi","species","species_3","PLN","BIC","0.16","0.6729225","0.538924325546782","0","0",NA,"0","3.64033889770508"
"712","26","300","20","erdos_renyi","species","species_3","ZIPLN","BIC","0.14","0.3922605","0.594759900307017","0.064","0.222","0.267","0.242","2.57157635688782"
"713","27","300","20","erdos_renyi","species","species_3","PLN","BIC","0.15","0.414262","0.461833032766967","0","0",NA,"0","3.44340944290161"
"714","27","300","20","erdos_renyi","species","species_3","ZIPLN","BIC","0.17","0.3426345","0.555611732401795","0","0",NA,"0","2.13634133338928"
"715","28","300","20","erdos_renyi","species","species_3","PLN","BIC","0.14","0.517138","0.498135510632403","0","0",NA,"0","2.65604424476624"
"716","28","300","20","erdos_renyi","species","species_3","ZIPLN","BIC","0.24","0.130811","0.554136987794605","0.006","0","0","0","4.61381959915161"
"717","29","300","20","erdos_renyi","species","species_3","PLN","BIC","0.11","0.7294","0.491044014378874","0","0",NA,"0","2.20372486114502"
"718","29","300","20","erdos_renyi","species","species_3","ZIPLN","BIC","0.19","0.3021","0.565942851917096","0","0",NA,"0","2.40833878517151"
"719","30","300","20","erdos_renyi","species","species_3","PLN","BIC","0.11","0.46515","0.49363116012293","0","0.1","1","0.182","2.16952419281006"
"720","30","300","20","erdos_renyi","species","species_3","ZIPLN","BIC","0.17","0.15045","0.551395589220266","0.006","0.1","0.5","0.167","2.39270257949829"
"721","1","300","20","community","species","species_1","PLN","BIC","0.06","0.767591","0.663637631018332","0.034","0.909","0.625","0.741","1.65735936164856"
"722","1","300","20","community","species","species_1","ZIPLN","BIC","0.05","0.68013","0.678726125386123","0.028","0.818","0.643","0.72","2.34095644950867"
"723","2","300","20","community","species","species_1","PLN","BIC","0.05","0.784137","0.718359681207631","0.011","0.545","0.75","0.632","2.68924903869629"
"724","2","300","20","community","species","species_1","ZIPLN","BIC","0.05","0.7469915","0.725181594780581","0.006","0.545","0.857","0.667","3.75057148933411"
"725","3","300","20","community","species","species_1","PLN","BIC","0.08","0.707977","0.661913627503247","0.045","0.846","0.579","0.688","2.63956642150879"
"726","3","300","20","community","species","species_1","ZIPLN","BIC","0.06","0.707986","0.681525132350195","0.034","0.846","0.647","0.733","7.14450311660767"
"727","4","300","20","community","species","species_1","PLN","BIC","0.05","0.869132","0.634056324478528","0","0.778","1","0.875","2.61450600624084"
"728","4","300","20","community","species","species_1","ZIPLN","BIC","0.04","0.8289715","0.665257449449754","0.017","0.778","0.7","0.737","3.51362752914429"
"729","5","300","20","community","species","species_1","PLN","BIC","0.07","0.741137","0.680608538319607","0.023","0.643","0.692","0.667","2.58521628379822"
"730","5","300","20","community","species","species_1","ZIPLN","BIC","0.06","0.6885155","0.710843458963379","0.023","0.571","0.667","0.615","3.46849656105042"
"731","6","300","20","community","species","species_1","PLN","BIC","0.05","0.78445","0.616758918857112","0.056","1","0.5","0.667","2.8800048828125"
"732","6","300","20","community","species","species_1","ZIPLN","BIC","0.06","0.81785","0.642177668246452","0.033","1","0.625","0.769","4.44739055633545"
"733","7","300","20","community","species","species_1","PLN","BIC","0.05","0.7096575","0.609236951225878","0.006","0.667","0.857","0.75","1.64970469474792"
"734","7","300","20","community","species","species_1","ZIPLN","BIC","0.05","0.68137","0.649982181375139","0.006","0.556","0.833","0.667","2.98692107200623"
"735","8","300","20","community","species","species_1","PLN","BIC","0.04","0.670703","0.665851782928413","0.016","0.714","0.625","0.667","3.0010097026825"
"736","8","300","20","community","species","species_1","ZIPLN","BIC","0.03","0.6559185","0.685189771287973","0.027","0.714","0.5","0.588","3.62124514579773"
"737","9","300","20","community","species","species_1","PLN","BIC","0.04","0.7781095","0.697892941671971","0.005","0.714","0.833","0.769","2.37597346305847"
"738","9","300","20","community","species","species_1","ZIPLN","BIC","0.03","0.7758215","0.710257467231808","0.027","0.714","0.5","0.588","3.79369020462036"
"739","10","300","20","community","species","species_1","PLN","BIC","0.06","0.78805","0.672706919154483","0","0.5","1","0.667","2.8069863319397"
"740","10","300","20","community","species","species_1","ZIPLN","BIC","0.05","0.8267","0.691204396139222","0.044","0.8","0.5","0.615","5.51450562477112"
"741","11","300","20","community","species","species_1","PLN","BIC","0.1","0.7128225","0.671296320557871","0.006","0.5","0.857","0.632","2.79510140419006"
"742","11","300","20","community","species","species_1","ZIPLN","BIC","0.08","0.65771","0.71085157110708","0.107","0.917","0.367","0.524","4.21429753303528"
"743","12","300","20","community","species","species_1","PLN","BIC","0.05","0.789","0.677319786770613","0.028","0.7","0.583","0.636","2.86837911605835"
"744","12","300","20","community","species","species_1","ZIPLN","BIC","0.04","0.7322","0.689071725861388","0.056","0.7","0.412","0.519","4.80016398429871"
"745","13","300","20","community","species","species_1","PLN","BIC","0.07","0.71736","0.67488296764349","0.046","0.812","0.619","0.703","1.97342872619629"
"746","13","300","20","community","species","species_1","ZIPLN","BIC","0.06","0.760682","0.686315756964821","0.046","0.812","0.619","0.703","2.62991428375244"
"747","14","300","20","community","species","species_1","PLN","BIC","0.06","0.8030455","0.644115857670002","0.011","0.727","0.8","0.762","2.80750560760498"
"748","14","300","20","community","species","species_1","ZIPLN","BIC","0.05","0.6994695","0.666437834643138","0.034","0.727","0.571","0.64","3.66464304924011"
"749","15","300","20","community","species","species_1","PLN","BIC","0.05","0.7471","0.651153065899316","0","0.2","1","0.333","2.19679927825928"
"750","15","300","20","community","species","species_1","ZIPLN","BIC","0.04","0.8593","0.697620080926764","0","0",NA,"0","5.47720146179199"
"751","16","300","20","community","species","species_1","PLN","BIC","0.08","0.8377855","0.663292776700564","0.028","0.786","0.688","0.733","2.7950553894043"
"752","16","300","20","community","species","species_1","ZIPLN","BIC","0.08","0.744084","0.706458335351362","0.062","0.786","0.5","0.611","4.40202116966248"
"753","17","300","20","community","species","species_1","PLN","BIC","0.05","0.8469025","0.629311715828206","0","0.818","1","0.9","2.40680932998657"
"754","17","300","20","community","species","species_1","ZIPLN","BIC","0.05","0.8004595","0.663581484125101","0.006","0.818","0.9","0.857","4.20479798316956"
"755","18","300","20","community","species","species_1","PLN","BIC","0.1","0.8073325","0.656109433299844","0.046","0.933","0.636","0.757","3.30478858947754"
"756","18","300","20","community","species","species_1","ZIPLN","BIC","0.08","0.743697","0.672737781700653","0.08","0.933","0.5","0.651","6.31319785118103"
"757","19","300","20","community","species","species_1","PLN","BIC","0.08","0.6582085","0.768351677973381","0.023","0.4","0.6","0.48","1.49488520622253"
"758","19","300","20","community","species","species_1","ZIPLN","BIC","0.07","0.619017","0.784612857065866","0.034","0.467","0.538","0.5","2.34598255157471"
"759","20","300","20","community","species","species_1","PLN","BIC","0.07","0.5998365","0.654509491748603","0.028","0.5","0.545","0.522","1.7448296546936"
"760","20","300","20","community","species","species_1","ZIPLN","BIC","0.07","0.6038925","0.692028036415164","0.028","0.583","0.583","0.583","3.44000434875488"
"761","21","300","20","community","species","species_1","PLN","BIC","0.07","0.8670375","0.680863631210042","0.058","0.737","0.583","0.651","2.47441816329956"
"762","21","300","20","community","species","species_1","ZIPLN","BIC","0.06","0.837737","0.708418096226404","0.105","0.842","0.471","0.604","3.31807565689087"
"763","22","300","20","community","species","species_1","PLN","BIC","0.04","0.781353","0.635102337482035","0.066","0.889","0.4","0.552","2.46601152420044"
"764","22","300","20","community","species","species_1","ZIPLN","BIC","0.03","0.794021","0.659715228506051","0.055","0.778","0.412","0.538","4.80885624885559"
"765","23","300","20","community","species","species_1","PLN","BIC","0.07","0.718361","0.638764791939888","0.046","0.875","0.636","0.737","2.36765313148499"
"766","23","300","20","community","species","species_1","ZIPLN","BIC","0.06","0.6681465","0.650334968080823","0.057","0.75","0.545","0.632","2.28062701225281"
"767","24","300","20","community","species","species_1","PLN","BIC","0.05","0.822064","0.649215621286984","0.034","0.909","0.625","0.741","2.51403427124023"
"768","24","300","20","community","species","species_1","ZIPLN","BIC","0.04","0.8201015","0.668348426181974","0.017","0.727","0.727","0.727","4.37381529808044"
"769","25","300","20","community","species","species_1","PLN","BIC","0.06","0.622446","0.697478847545608","0.04","0.5","0.5","0.5","1.62435221672058"
"770","25","300","20","community","species","species_1","ZIPLN","BIC","0.06","0.618133","0.717460242059647","0.017","0.357","0.625","0.455","2.17106604576111"
"771","26","300","20","community","species","species_1","PLN","BIC","0.07","0.7962595","0.66272223085928","0","0.818","1","0.9","1.73873710632324"
"772","26","300","20","community","species","species_1","ZIPLN","BIC","0.07","0.72992","0.68408100755704","0","0.727","1","0.842","3.11327219009399"
"773","27","300","20","community","species","species_1","PLN","BIC","0.08","0.8144145","0.753935479380194","0.011","0.5","0.778","0.609","1.90279960632324"
"774","27","300","20","community","species","species_1","ZIPLN","BIC","0.07","0.70028","0.769031059820545","0.011","0.429","0.75","0.545","2.14906406402588"
"775","28","300","20","community","species","species_1","PLN","BIC","0.07","0.7388895","0.70255920355015","0.023","0.588","0.714","0.645","1.69635725021362"
"776","28","300","20","community","species","species_1","ZIPLN","BIC","0.06","0.723653","0.715835161194969","0.046","0.647","0.579","0.611","2.28606081008911"
"777","29","300","20","community","species","species_1","PLN","BIC","0.1","0.758067","0.658751501313005","0.023","0.684","0.765","0.722","1.68267679214478"
"778","29","300","20","community","species","species_1","ZIPLN","BIC","0.08","0.711725","0.669728223490949","0.088","0.789","0.5","0.612","3.22699403762817"
"779","30","300","20","community","species","species_1","PLN","BIC","0.06","0.7752035","0.658188847618138","0.044","0.889","0.5","0.64","1.78763175010681"
"780","30","300","20","community","species","species_1","ZIPLN","BIC","0.05","0.7338115","0.680694441972799","0.028","0.889","0.615","0.727","2.16824293136597"
"781","1","300","20","community","species","species_2","PLN","BIC","0.12","0.669452","0.551172620764962","0.011","0.286","0.667","0.4","3.33748388290405"
"782","1","300","20","community","species","species_2","ZIPLN","BIC","0.11","0.4477755","0.662327970206401","0.074","0.571","0.381","0.457","5.9498815536499"
"783","2","300","20","community","species","species_2","PLN","BIC","0.07","0.6703","0.579709372980554","0.039","0.6","0.462","0.522","2.72096109390259"
"784","2","300","20","community","species","species_2","ZIPLN","BIC","0.09","0.70655","0.652429624047319","0.011","0.6","0.75","0.667","5.12015223503113"
"785","3","300","20","community","species","species_2","PLN","BIC","0.1","0.6886715","0.612159828272427","0.023","0.538","0.636","0.583","3.06719923019409"
"786","3","300","20","community","species","species_2","ZIPLN","BIC","0.1","0.542147","0.709378426723452","0.028","0.462","0.545","0.5","3.65223860740662"
"787","4","300","20","community","species","species_2","PLN","BIC","0.1","0.6416795","0.594893058866862","0.006","0.273","0.75","0.4","3.37997460365295"
"788","4","300","20","community","species","species_2","ZIPLN","BIC","0.1","0.620109","0.713380944665185","0","0.091","1","0.167","4.58024454116821"
"789","5","300","20","community","species","species_2","PLN","BIC","0.11","0.7051345","0.537911990859505","0.04","0.667","0.588","0.625","2.40016579627991"
"790","5","300","20","community","species","species_2","ZIPLN","BIC","0.1","0.470319","0.65264936192288","0.046","0.667","0.556","0.606","2.44274568557739"
"791","6","300","20","community","species","species_2","PLN","BIC","0.09","0.7633395","0.615858028757605","0.062","0.786","0.5","0.611","3.05150938034058"
"792","6","300","20","community","species","species_2","ZIPLN","BIC","0.07","0.571663","0.671621466934183","0.023","0.5","0.636","0.56","4.0151801109314"
"793","7","300","20","community","species","species_2","PLN","BIC","0.08","0.7396705","0.616952717400902","0.022","0.417","0.556","0.476","3.01577258110046"
"794","7","300","20","community","species","species_2","ZIPLN","BIC","0.06","0.6454295","0.68160316352887","0.022","0.417","0.556","0.476","4.1202495098114"
"795","8","300","20","community","species","species_2","PLN","BIC","0.12","0.812255","0.571073616163554","0.063","0.812","0.542","0.65","3.09596753120422"
"796","8","300","20","community","species","species_2","ZIPLN","BIC","0.1","0.6502985","0.67614287385005","0.063","0.75","0.522","0.615","5.45256447792053"
"797","9","300","20","community","species","species_2","PLN","BIC","0.07","0.6996985","0.534706921685193","0.033","0.556","0.455","0.5","2.68425393104553"
"798","9","300","20","community","species","species_2","ZIPLN","BIC","0.11","0.56053","0.649173375903252","0.006","0.556","0.833","0.667","3.81343245506287"
"799","10","300","20","community","species","species_2","PLN","BIC","0.14","0.731475","0.591180503637786","0.153","0.7","0.35","0.467","3.91785073280334"
"800","10","300","20","community","species","species_2","ZIPLN","BIC","0.1","0.6349","0.651429934003963","0.129","0.75","0.405","0.526","5.86043429374695"
"801","11","300","20","community","species","species_2","PLN","BIC","0.11","0.7919","0.565395896633379","0.022","0.8","0.667","0.727","2.61926770210266"
"802","11","300","20","community","species","species_2","ZIPLN","BIC","0.11","0.42045","0.691177307599787","0.078","0.9","0.391","0.545","3.98476433753967"
"803","12","300","20","community","species","species_2","PLN","BIC","0.12","0.777871","0.495989833784951","0.034","0.571","0.571","0.571","1.67396569252014"
"804","12","300","20","community","species","species_2","ZIPLN","BIC","0.1","0.415642","0.631133259084694","0.023","0.5","0.636","0.56","2.11045408248901"
"805","13","300","20","community","species","species_2","PLN","BIC","0.1","0.8252505","0.541510541295858","0","0.444","1","0.615","2.96162223815918"
"806","13","300","20","community","species","species_2","ZIPLN","BIC","0.08","0.6184965","0.650965065630862","0.017","0.667","0.667","0.667","3.53268003463745"
"807","14","300","20","community","species","species_2","PLN","BIC","0.08","0.837031","0.51550033795925","0","0.273","1","0.429","2.82044696807861"
"808","14","300","20","community","species","species_2","ZIPLN","BIC","0.08","0.58124","0.612680751960164","0.006","0.273","0.75","0.4","5.74188852310181"
"809","15","300","20","community","species","species_2","PLN","BIC","0.13","0.720232","0.572669421832559","0","0",NA,"0","3.85462403297424"
"810","15","300","20","community","species","species_2","ZIPLN","BIC","0.12","0.6621355","0.718935739586768","0","0.118","1","0.211","5.10832619667053"
"811","16","300","20","community","species","species_2","PLN","BIC","0.11","0.830052","0.557565621109635","0","0",NA,"0","3.31331825256348"
"812","16","300","20","community","species","species_2","ZIPLN","BIC","0.1","0.6854885","0.670908606374415","0.011","0.545","0.75","0.632","3.94436550140381"
"813","17","300","20","community","species","species_2","PLN","BIC","0.12","0.676544","0.584831694787151","0.029","0.438","0.583","0.5","2.85269117355347"
"814","17","300","20","community","species","species_2","ZIPLN","BIC","0.08","0.457329","0.676332876913938","0.109","0.812","0.406","0.542","3.89062905311584"
"815","18","300","20","community","species","species_2","PLN","BIC","0.12","0.7921615","0.62038083608429","0.006","0.286","0.8","0.421","1.99392247200012"
"816","18","300","20","community","species","species_2","ZIPLN","BIC","0.1","0.6856165","0.684781084586887","0","0.429","1","0.6","3.02141880989075"
"817","19","300","20","community","species","species_2","PLN","BIC","0.07","0.7517","0.531718369672308","0","0",NA,"0","2.45244693756104"
"818","19","300","20","community","species","species_2","ZIPLN","BIC","0.09","0.7576","0.635843128049857","0","0",NA,"0","3.81853437423706"
"819","20","300","20","community","species","species_2","PLN","BIC","0.11","0.895","0.561327268861614","0","0",NA,"0","3.55864906311035"
"820","20","300","20","community","species","species_2","ZIPLN","BIC","0.08","0.7758","0.662235841684087","0","0.6","1","0.75","2.72248530387878"
"821","21","300","20","community","species","species_2","PLN","BIC","0.07","0.829988","0.582819664037876","0.016","0.857","0.667","0.75","2.65747261047363"
"822","21","300","20","community","species","species_2","ZIPLN","BIC","0.11","0.5585545","0.668934342974263","0.011","0.571","0.667","0.615","4.73619365692139"
"823","22","300","20","community","species","species_2","PLN","BIC","0.1","0.7392","0.518791615926042","0.028","0.6","0.545","0.571","2.80548000335693"
"824","22","300","20","community","species","species_2","ZIPLN","BIC","0.08","0.5059","0.6358155431713","0.044","0.7","0.467","0.56","3.82596015930176"
"825","23","300","20","community","species","species_2","PLN","BIC","0.11","0.6170865","0.6100067915913","0.017","0.133","0.4","0.2","2.96147513389587"
"826","23","300","20","community","species","species_2","ZIPLN","BIC","0.1","0.509319","0.699274756064273","0.029","0.133","0.286","0.182","4.77889037132263"
"827","24","300","20","community","species","species_2","PLN","BIC","0.09","0.613875","0.578292407516728","0","0.125","1","0.222","1.53411173820496"
"828","24","300","20","community","species","species_2","ZIPLN","BIC","0.11","0.417125","0.699670267052719","0.011","0.25","0.5","0.333","2.15880990028381"
"829","25","300","20","community","species","species_2","PLN","BIC","0.11","0.8838085","0.641085304011027","0","0",NA,"0","3.06145405769348"
"830","25","300","20","community","species","species_2","ZIPLN","BIC","0.1","0.77737","0.701981995839521","0.006","0.263","0.833","0.4","5.28150796890259"
"831","26","300","20","community","species","species_2","PLN","BIC","0.1","0.705762","0.609178929881648","0","0",NA,"0","1.78006625175476"
"832","26","300","20","community","species","species_2","ZIPLN","BIC","0.1","0.670656","0.694734377110133","0","0",NA,"0","3.19021105766296"
"833","27","300","20","community","species","species_2","PLN","BIC","0.09","0.80445","0.55625558109526","0.033","0.8","0.571","0.667","2.99430251121521"
"834","27","300","20","community","species","species_2","ZIPLN","BIC","0.09","0.6543","0.658262732320906","0.033","0.4","0.4","0.4","5.23421907424927"
"835","28","300","20","community","species","species_2","PLN","BIC","0.11","0.6403725","0.658890388267827","0","0",NA,"0","1.63578820228577"
"836","28","300","20","community","species","species_2","ZIPLN","BIC","0.1","0.6784615","0.729090136362098","0.022","0.636","0.636","0.636","3.07638597488403"
"837","29","300","20","community","species","species_2","PLN","BIC","0.1","0.6834745","0.590217223070069","0.011","0.538","0.778","0.636","2.94603133201599"
"838","29","300","20","community","species","species_2","ZIPLN","BIC","0.13","0.4943225","0.697446127580864","0.04","0.308","0.364","0.333","3.0098123550415"
"839","30","300","20","community","species","species_2","PLN","BIC","0.08","0.7113","0.56464458079629","0","0.4","1","0.571","2.92880415916443"
"840","30","300","20","community","species","species_2","ZIPLN","BIC","0.09","0.3932","0.668729565716368","0.006","0.2","0.667","0.308","6.54359269142151"
"841","1","300","20","community","species","species_3","PLN","BIC","0.1","0.6769525","0.529057512968283","0.006","0.333","0.75","0.462","3.49279499053955"
"842","1","300","20","community","species","species_3","ZIPLN","BIC","0.07","0.4441195","0.57186743414672","0.006","0.444","0.8","0.571","3.9445595741272"
"843","2","300","20","community","species","species_3","PLN","BIC","0.11","0.5357","0.459991507222535","0","0",NA,"0","2.57839560508728"
"844","2","300","20","community","species","species_3","ZIPLN","BIC","0.12","0.2982","0.56274854273434","0","0",NA,"0","2.568354845047"
"845","3","300","20","community","species","species_3","PLN","BIC","0.12","0.623716","0.532196492109541","0.028","0.5","0.545","0.522","4.03689765930176"
"846","3","300","20","community","species","species_3","ZIPLN","BIC","0.1","0.4078865","0.554953115307219","0.034","0.5","0.5","0.5","4.01777601242065"
"847","4","300","20","community","species","species_3","PLN","BIC","0.15","0.5288155","0.536530900860381","0","0",NA,"0","3.78617215156555"
"848","4","300","20","community","species","species_3","ZIPLN","BIC","0.18","0.3172775","0.578702566440075","0.006","0.125","0.667","0.211","3.76132464408875"
"849","5","300","20","community","species","species_3","PLN","BIC","0.11","0.6095205","0.454429058763945","0.022","0.455","0.556","0.5","3.21400213241577"
"850","5","300","20","community","species","species_3","ZIPLN","BIC","0.23","0.2140905","0.514602437003212","0.022","0.273","0.429","0.333","5.35488438606262"
"851","6","300","20","community","species","species_3","PLN","BIC","0.11","0.5359605","0.510376585437852","0.017","0.333","0.5","0.4","3.19798803329468"
"852","6","300","20","community","species","species_3","ZIPLN","BIC","0.22","0.207561","0.581103594650416","0.028","0.333","0.375","0.353","4.31522464752197"
"853","7","300","20","community","species","species_3","PLN","BIC","0.12","0.5635135","0.466898063293282","0.017","0.273","0.5","0.353","3.76412892341614"
"854","7","300","20","community","species","species_3","ZIPLN","BIC","0.15","0.195435","0.546534036178594","0.006","0.273","0.75","0.4","5.02197885513306"
"855","8","300","20","community","species","species_3","PLN","BIC","0.12","0.67307","0.468052003148567","0","0.182","1","0.308","1.98265218734741"
"856","8","300","20","community","species","species_3","ZIPLN","BIC","0.15","0.2017975","0.571519008169429","0.028","0.364","0.444","0.4","2.22690606117249"
"857","9","300","20","community","species","species_3","PLN","BIC","0.11","0.469375","0.502364707542303","0","0",NA,"0","4.54507231712341"
"858","9","300","20","community","species","species_3","ZIPLN","BIC","0.18","0.33125","0.577356679087654","0","0",NA,"0","5.55845999717712"
"859","10","300","20","community","species","species_3","PLN","BIC","0.13","0.573102","0.478976263779419","0","0",NA,"0","2.93026971817017"
"860","10","300","20","community","species","species_3","ZIPLN","BIC","0.14","0.243694","0.55197929392982","0.017","0.091","0.25","0.133","2.92755222320557"
"861","11","300","20","community","species","species_3","PLN","BIC","0.11","0.7839375","0.502926672934705","0","0.429","1","0.6","2.92476511001587"
"862","11","300","20","community","species","species_3","ZIPLN","BIC","0.16","0.3162745","0.568488885161171","0.011","0.429","0.6","0.5","3.84023952484131"
"863","12","300","20","community","species","species_3","PLN","BIC","0.12","0.563295","0.531600284252988","0.017","0.25","0.5","0.333","3.32114505767822"
"864","12","300","20","community","species","species_3","ZIPLN","BIC","0.11","0.2391625","0.594187585173626","0.028","0.25","0.375","0.3","3.65579390525818"
"865","13","300","20","community","species","species_3","PLN","BIC","0.11","0.445382","0.565560562617924","0","0",NA,"0","3.49404788017273"
"866","13","300","20","community","species","species_3","ZIPLN","BIC","0.14","0.3428995","0.646005361608646","0","0.273","1","0.429","3.43961954116821"
"867","14","300","20","community","species","species_3","PLN","BIC","0.14","0.610182","0.543206870062275","0","0",NA,"0","2.49238467216492"
"868","14","300","20","community","species","species_3","ZIPLN","BIC","0.13","0.3162535","0.627773643863231","0.057","0.5","0.412","0.452","2.76827001571655"
"869","15","300","20","community","species","species_3","PLN","BIC","0.16","0.4477985","0.459499603181747","0","0",NA,"0","5.15765070915222"
"870","15","300","20","community","species","species_3","ZIPLN","BIC","0.23","0.136249","0.523096536899234","0.012","0.111","0.5","0.182","4.98974084854126"
"871","16","300","20","community","species","species_3","PLN","BIC","0.1","0.5450535","0.582465713701036","0","0",NA,"0","3.80728626251221"
"872","16","300","20","community","species","species_3","ZIPLN","BIC","0.19","0.533693","0.647006388544069","0.011","0.444","0.667","0.533","5.58198547363281"
"873","17","300","20","community","species","species_3","PLN","BIC","0.09","0.548125","0.488011425688329","0.005","0.375","0.75","0.5","3.09361672401428"
"874","17","300","20","community","species","species_3","ZIPLN","BIC","0.15","0.2279375","0.549414580590159","0.011","0.375","0.6","0.462","5.85906410217285"
"875","18","300","20","community","species","species_3","PLN","BIC","0.13","0.679167","0.520670332185187","0.006","0.25","0.8","0.381","3.98996877670288"
"876","18","300","20","community","species","species_3","ZIPLN","BIC","0.11","0.334353","0.577523736577256","0.04","0.562","0.562","0.562","3.5511269569397"
"877","19","300","20","community","species","species_3","PLN","BIC","0.09","0.6253935","0.46613147117809","0","0",NA,"0","3.09976768493652"
"878","19","300","20","community","species","species_3","ZIPLN","BIC","0.07","0.5668455","0.531881877862183","0.011","0.571","0.667","0.615","1.93428492546082"
"879","20","300","20","community","species","species_3","PLN","BIC","0.08","0.612919","0.487520802500468","0.011","0.333","0.6","0.429","1.90929746627808"
"880","20","300","20","community","species","species_3","ZIPLN","BIC","0.15","0.2531425","0.583745717230438","0.022","0.333","0.429","0.375","2.74117231369019"
"881","21","300","20","community","species","species_3","PLN","BIC","0.14","0.620253","0.569201810909171","0","0.167","1","0.286","3.85176038742065"
"882","21","300","20","community","species","species_3","ZIPLN","BIC","0.38","0.213466","0.629506505297999","0.023","0.222","0.5","0.308","4.34947657585144"
"883","22","300","20","community","species","species_3","PLN","BIC","0.08","0.595875","0.568290911433397","0","0",NA,"0","3.27569103240967"
"884","22","300","20","community","species","species_3","ZIPLN","BIC","0.11","0.3456875","0.637341773860142","0","0.25","1","0.4","3.47853231430054"
"885","23","300","20","community","species","species_3","PLN","BIC","0.12","0.4967","0.519106325338334","0","0",NA,"0","2.27905416488647"
"886","23","300","20","community","species","species_3","ZIPLN","BIC","0.15","0.15095","0.564491853257583","0","0.3","1","0.462","2.11891722679138"
"887","24","300","20","community","species","species_3","PLN","BIC","0.14","0.650196","0.57783471860966","0","0",NA,"0","3.22691774368286"
"888","24","300","20","community","species","species_3","ZIPLN","BIC","0.11","0.485459","0.655730435863981","0.023","0.429","0.6","0.5","3.81960368156433"
"889","25","300","20","community","species","species_3","PLN","BIC","0.19","0.55021","0.469224069196364","0","0",NA,"0","2.82654547691345"
"890","25","300","20","community","species","species_3","ZIPLN","BIC","0.15","0.238927","0.544080708354079","0","0.174","1","0.296","3.11218905448914"
"891","26","300","20","community","species","species_3","PLN","BIC","0.13","0.655328","0.420001508900466","0","0",NA,"0","2.66995787620544"
"892","26","300","20","community","species","species_3","ZIPLN","BIC","0.2","0.189653","0.487010007922661","0","0.071","1","0.133","2.4987154006958"
"893","27","300","20","community","species","species_3","PLN","BIC","0.12","0.7155295","0.449643036862535","0","0",NA,"0","2.12277340888977"
"894","27","300","20","community","species","species_3","ZIPLN","BIC","0.15","0.2910985","0.522225374074753","0.022","0.182","0.333","0.235","2.6974675655365"
"895","28","300","20","community","species","species_3","PLN","BIC","0.15","0.41175","0.512265235384444","0","0",NA,"0","3.330491065979"
"896","28","300","20","community","species","species_3","ZIPLN","BIC","0.13","0.1936335","0.580687259595743","0","0.071","1","0.133","2.52838563919067"
"897","29","300","20","community","species","species_3","PLN","BIC","0.13","0.6541125","0.496908538989197","0","0",NA,"0","1.90581655502319"
"898","29","300","20","community","species","species_3","ZIPLN","BIC","0.12","0.352683","0.565293304128765","0","0.154","1","0.267","1.90220189094543"
"899","30","300","20","community","species","species_3","PLN","BIC","0.1","0.544751","0.443070590096333","0","0",NA,"0","3.56301307678223"
"900","30","300","20","community","species","species_3","ZIPLN","BIC","0.17","0.2697005","0.523933967197107","0","0",NA,"0","2.57859492301941"
"901","1","300","20","preferential_attachment","species","species_1","PLN","BIC","0.09","0.6726265","0.693574005031169","0.088","0.789","0.5","0.612","3.54097628593445"
"902","1","300","20","preferential_attachment","species","species_1","ZIPLN","BIC","0.09","0.6843975","0.715421439376896","0.076","0.789","0.536","0.638","5.2775182723999"
"903","2","300","20","preferential_attachment","species","species_1","PLN","BIC","0.1","0.637838","0.678718572145605","0.094","0.842","0.5","0.627","3.29061698913574"
"904","2","300","20","preferential_attachment","species","species_1","ZIPLN","BIC","0.09","0.5961635","0.691830473374331","0.088","0.842","0.516","0.64","5.2156126499176"
"905","3","300","20","preferential_attachment","species","species_1","PLN","BIC","0.1","0.64063","0.683720280869568","0.041","0.684","0.65","0.667","2.89654278755188"
"906","3","300","20","preferential_attachment","species","species_1","ZIPLN","BIC","0.07","0.5996465","0.696485000124726","0.099","0.737","0.452","0.56","4.49893164634705"
"907","4","300","20","preferential_attachment","species","species_1","PLN","BIC","0.11","0.6859875","0.654804990452268","0.023","0.474","0.692","0.562","1.66522717475891"
"908","4","300","20","preferential_attachment","species","species_1","ZIPLN","BIC","0.09","0.623102","0.687331036978648","0.023","0.421","0.667","0.516","2.9470489025116"
"909","5","300","20","preferential_attachment","species","species_1","PLN","BIC","0.08","0.7044205","0.702560764598812","0.07","0.789","0.556","0.652","3.02020287513733"
"910","5","300","20","preferential_attachment","species","species_1","ZIPLN","BIC","0.06","0.665978","0.717010472145457","0.117","0.895","0.459","0.607","3.85784196853638"
"911","6","300","20","preferential_attachment","species","species_1","PLN","BIC","0.09","0.505856","0.728144760811925","0.064","0.737","0.56","0.636","2.58553862571716"
"912","6","300","20","preferential_attachment","species","species_1","ZIPLN","BIC","0.08","0.4965445","0.736968185884751","0.064","0.684","0.542","0.605","5.54178690910339"
"913","7","300","20","preferential_attachment","species","species_1","PLN","BIC","0.09","0.7334665","0.696665728206781","0","0.368","1","0.538","2.46714854240417"
"914","7","300","20","preferential_attachment","species","species_1","ZIPLN","BIC","0.07","0.6870685","0.719066700699102","0.029","0.632","0.706","0.667","3.61506104469299"
"915","8","300","20","preferential_attachment","species","species_1","PLN","BIC","0.1","0.727057","0.706716761345378","0.018","0.526","0.769","0.625","2.73507809638977"
"916","8","300","20","preferential_attachment","species","species_1","ZIPLN","BIC","0.07","0.7556375","0.719314827885643","0.088","0.737","0.483","0.583","3.91626715660095"
"917","9","300","20","preferential_attachment","species","species_1","PLN","BIC","0.08","0.6722825","0.662487268643136","0.094","0.895","0.515","0.654","2.91418552398682"
"918","9","300","20","preferential_attachment","species","species_1","ZIPLN","BIC","0.07","0.6924635","0.670314214086582","0.053","0.895","0.654","0.756","3.87702441215515"
"919","10","300","20","preferential_attachment","species","species_1","PLN","BIC","0.08","0.796468","0.666686173640122","0.035","0.632","0.667","0.649","1.86163091659546"
"920","10","300","20","preferential_attachment","species","species_1","ZIPLN","BIC","0.07","0.767022","0.676049875792351","0.07","0.737","0.538","0.622","3.64017558097839"
"921","11","300","20","preferential_attachment","species","species_1","PLN","BIC","0.11","0.7725665","0.743330476601435","0","0.789","1","0.882","3.01612639427185"
"922","11","300","20","preferential_attachment","species","species_1","ZIPLN","BIC","0.1","0.7260255","0.758299316891791","0","0.684","1","0.813","7.91539168357849"
"923","12","300","20","preferential_attachment","species","species_1","PLN","BIC","0.09","0.754877","0.660157006044717","0.064","0.895","0.607","0.723","2.62517762184143"
"924","12","300","20","preferential_attachment","species","species_1","ZIPLN","BIC","0.08","0.7422365","0.674552124206834","0.088","0.895","0.531","0.667","5.34017586708069"
"925","13","300","20","preferential_attachment","species","species_1","PLN","BIC","0.08","0.6869105","0.708110626674265","0.058","0.632","0.545","0.585","3.39131736755371"
"926","13","300","20","preferential_attachment","species","species_1","ZIPLN","BIC","0.07","0.694873","0.713910400725907","0.047","0.684","0.619","0.65","3.26937890052795"
"927","14","300","20","preferential_attachment","species","species_1","PLN","BIC","0.1","0.783384","0.732493843949494","0","0.421","1","0.593","2.69044208526611"
"928","14","300","20","preferential_attachment","species","species_1","ZIPLN","BIC","0.08","0.713667","0.744609784970986","0.047","0.737","0.636","0.683","3.40834975242615"
"929","15","300","20","preferential_attachment","species","species_1","PLN","BIC","0.08","0.696087","0.678547245484467","0.088","0.789","0.5","0.612","3.24682116508484"
"930","15","300","20","preferential_attachment","species","species_1","ZIPLN","BIC","0.07","0.657901","0.689702613654607","0.094","0.842","0.5","0.627","4.13199901580811"
"931","16","300","20","preferential_attachment","species","species_1","PLN","BIC","0.1","0.7196365","0.690954721161598","0.035","0.579","0.647","0.611","1.7313015460968"
"932","16","300","20","preferential_attachment","species","species_1","ZIPLN","BIC","0.08","0.6178905","0.727692952939413","0.047","0.632","0.6","0.615","2.37857365608215"
"933","17","300","20","preferential_attachment","species","species_1","PLN","BIC","0.09","0.733802","0.676603681112195","0.088","0.842","0.516","0.64","3.12826871871948"
"934","17","300","20","preferential_attachment","species","species_1","ZIPLN","BIC","0.07","0.6902175","0.693512868150688","0.094","0.842","0.5","0.627","5.37493467330933"
"935","18","300","20","preferential_attachment","species","species_1","PLN","BIC","0.07","0.638781","0.678859306789466","0.064","0.632","0.522","0.571","2.79363799095154"
"936","18","300","20","preferential_attachment","species","species_1","ZIPLN","BIC","0.07","0.6266365","0.692315535112906","0.047","0.632","0.6","0.615","4.34343218803406"
"937","19","300","20","preferential_attachment","species","species_1","PLN","BIC","0.09","0.7059005","0.729424729098364","0.064","0.632","0.522","0.571","2.88576292991638"
"938","19","300","20","preferential_attachment","species","species_1","ZIPLN","BIC","0.07","0.6916905","0.759556538439002","0.088","0.737","0.483","0.583","2.91939735412598"
"939","20","300","20","preferential_attachment","species","species_1","PLN","BIC","0.08","0.73077","0.678203138174585","0.111","1","0.5","0.667","2.89501190185547"
"940","20","300","20","preferential_attachment","species","species_1","ZIPLN","BIC","0.08","0.724275","0.685328020836915","0.099","1","0.528","0.691","4.83296012878418"
"941","21","300","20","preferential_attachment","species","species_1","PLN","BIC","0.09","0.6613945","0.738626182621652","0.041","0.737","0.667","0.7","1.8984911441803"
"942","21","300","20","preferential_attachment","species","species_1","ZIPLN","BIC","0.08","0.6644065","0.765983768103156","0.058","0.737","0.583","0.651","2.15656852722168"
"943","22","300","20","preferential_attachment","species","species_1","PLN","BIC","0.09","0.7199855","0.64926142794862","0.076","0.789","0.536","0.638","1.83885788917542"
"944","22","300","20","preferential_attachment","species","species_1","ZIPLN","BIC","0.08","0.6732615","0.671028938608907","0.111","0.842","0.457","0.593","2.64899039268494"
"945","23","300","20","preferential_attachment","species","species_1","PLN","BIC","0.09","0.719766","0.713055441980205","0.053","0.632","0.571","0.6","3.31626892089844"
"946","23","300","20","preferential_attachment","species","species_1","ZIPLN","BIC","0.09","0.700125","0.725620105372411","0.029","0.579","0.688","0.629","5.49158024787903"
"947","24","300","20","preferential_attachment","species","species_1","PLN","BIC","0.09","0.777776","0.670592150681068","0.099","0.947","0.514","0.667","2.82196140289307"
"948","24","300","20","preferential_attachment","species","species_1","ZIPLN","BIC","0.08","0.7702515","0.697422901823536","0.041","0.947","0.72","0.818","4.86658430099487"
"949","25","300","20","preferential_attachment","species","species_1","PLN","BIC","0.09","0.646891","0.763177888250991","0.018","0.526","0.769","0.625","2.2250394821167"
"950","25","300","20","preferential_attachment","species","species_1","ZIPLN","BIC","0.09","0.62269","0.770565839250491","0.012","0.526","0.833","0.645","3.39034461975098"
"951","26","300","20","preferential_attachment","species","species_1","PLN","BIC","0.08","0.6266815","0.680178374717246","0.128","0.722","0.371","0.491","2.91674661636353"
"952","26","300","20","preferential_attachment","species","species_1","ZIPLN","BIC","0.07","0.5926935","0.695824547257183","0.116","0.667","0.375","0.48","3.04850244522095"
"953","27","300","20","preferential_attachment","species","species_1","PLN","BIC","0.09","0.7704615","0.633432290339635","0.14","1","0.442","0.613","1.85483121871948"
"954","27","300","20","preferential_attachment","species","species_1","ZIPLN","BIC","0.07","0.757657","0.647138148550543","0.117","1","0.487","0.655","2.63063955307007"
"955","28","300","20","preferential_attachment","species","species_1","PLN","BIC","0.08","0.7375175","0.73128901098358","0.064","0.667","0.522","0.585","2.53333401679993"
"956","28","300","20","preferential_attachment","species","species_1","ZIPLN","BIC","0.08","0.711651","0.737021173318029","0.041","0.667","0.632","0.649","5.22960233688354"
"957","29","300","20","preferential_attachment","species","species_1","PLN","BIC","0.09","0.6688565","0.689282086508053","0.07","0.684","0.52","0.591","1.83235311508179"
"958","29","300","20","preferential_attachment","species","species_1","ZIPLN","BIC","0.08","0.638654","0.714598565747015","0.076","0.684","0.5","0.578","2.50500440597534"
"959","30","300","20","preferential_attachment","species","species_1","PLN","BIC","0.08","0.706805","0.734465286996918","0.064","0.526","0.476","0.5","1.8349084854126"
"960","30","300","20","preferential_attachment","species","species_1","ZIPLN","BIC","0.07","0.665163","0.741548047747813","0.053","0.526","0.526","0.526","3.0563108921051"
"961","1","300","20","preferential_attachment","species","species_2","PLN","BIC","0.16","0.7763945","0.577144678294004","0.023","0.632","0.75","0.686","3.79713177680969"
"962","1","300","20","preferential_attachment","species","species_2","ZIPLN","BIC","0.13","0.5995565","0.693249506527361","0.018","0.263","0.625","0.37","6.44748544692993"
"963","2","300","20","preferential_attachment","species","species_2","PLN","BIC","0.12","0.5642805","0.609955078901053","0.035","0.278","0.455","0.345","1.78809452056885"
"964","2","300","20","preferential_attachment","species","species_2","ZIPLN","BIC","0.08","0.5172635","0.706727311152949","0.012","0.389","0.778","0.519","2.51976799964905"
"965","3","300","20","preferential_attachment","species","species_2","PLN","BIC","0.12","0.682652","0.589858353894385","0.018","0.421","0.727","0.533","3.30273199081421"
"966","3","300","20","preferential_attachment","species","species_2","ZIPLN","BIC","0.14","0.5816755","0.729327435618244","0","0.105","1","0.19","6.87342667579651"
"967","4","300","20","preferential_attachment","species","species_2","PLN","BIC","0.16","0.612086","0.602010443529445","0","0",NA,"0","3.49534010887146"
"968","4","300","20","preferential_attachment","species","species_2","ZIPLN","BIC","0.1","0.431847","0.709697665241554","0.053","0.474","0.5","0.486","4.9675886631012"
"969","5","300","20","preferential_attachment","species","species_2","PLN","BIC","0.14","0.6654955","0.627773522930688","0.035","0.579","0.647","0.611","3.05596089363098"
"970","5","300","20","preferential_attachment","species","species_2","ZIPLN","BIC","0.11","0.521418","0.707850326692521","0.047","0.579","0.579","0.579","4.1840500831604"
"971","6","300","20","preferential_attachment","species","species_2","PLN","BIC","0.16","0.680481","0.563399793695786","0","0",NA,"0","3.30469369888306"
"972","6","300","20","preferential_attachment","species","species_2","ZIPLN","BIC","0.16","0.6030935","0.738631385544996","0.012","0.211","0.667","0.32","4.5558557510376"
"973","7","300","20","preferential_attachment","species","species_2","PLN","BIC","0.16","0.5700245","0.601543433999611","0.018","0.368","0.7","0.483","4.49344801902771"
"974","7","300","20","preferential_attachment","species","species_2","ZIPLN","BIC","0.13","0.3975265","0.727757787847058","0.105","0.579","0.379","0.458","6.86537456512451"
"975","8","300","20","preferential_attachment","species","species_2","PLN","BIC","0.15","0.687609","0.587369751888397","0.012","0.167","0.6","0.261","2.31176829338074"
"976","8","300","20","preferential_attachment","species","species_2","ZIPLN","BIC","0.11","0.595414","0.699373163768215","0.012","0.333","0.75","0.462","2.95671129226685"
"977","9","300","20","preferential_attachment","species","species_2","PLN","BIC","0.12","0.7776405","0.565136465335534","0.099","0.842","0.485","0.615","3.13687181472778"
"978","9","300","20","preferential_attachment","species","species_2","ZIPLN","BIC","0.1","0.522105","0.633393727202506","0.058","0.737","0.583","0.651","6.03406405448914"
"979","10","300","20","preferential_attachment","species","species_2","PLN","BIC","0.14","0.5775595","0.593305586032596","0.006","0.158","0.75","0.261","3.28242754936218"
"980","10","300","20","preferential_attachment","species","species_2","ZIPLN","BIC","0.11","0.3487265","0.704945132294753","0.023","0.316","0.6","0.414","5.80369973182678"
"981","11","300","20","preferential_attachment","species","species_2","PLN","BIC","0.15","0.6159055","0.584103504560291","0","0",NA,"0","3.15211534500122"
"982","11","300","20","preferential_attachment","species","species_2","ZIPLN","BIC","0.1","0.612743","0.698997615660078","0.053","0.368","0.438","0.4","4.53049683570862"
"983","12","300","20","preferential_attachment","species","species_2","PLN","BIC","0.16","0.721122","0.667061251341562","0","0",NA,"0","3.48771381378174"
"984","12","300","20","preferential_attachment","species","species_2","ZIPLN","BIC","0.11","0.6604595","0.712594765025963","0.088","0.684","0.464","0.553","8.98977661132812"
"985","13","300","20","preferential_attachment","species","species_2","PLN","BIC","0.12","0.633514","0.627427788453914","0.029","0.368","0.583","0.452","2.92100715637207"
"986","13","300","20","preferential_attachment","species","species_2","ZIPLN","BIC","0.1","0.621458","0.726813839499138","0.035","0.263","0.455","0.333","3.50158333778381"
"987","14","300","20","preferential_attachment","species","species_2","PLN","BIC","0.16","0.661671","0.61769631217789","0","0",NA,"0","1.8222541809082"
"988","14","300","20","preferential_attachment","species","species_2","ZIPLN","BIC","0.13","0.6347545","0.766770438429032","0","0",NA,"0","3.82980990409851"
"989","15","300","20","preferential_attachment","species","species_2","PLN","BIC","0.14","0.7015745","0.571483250821495","0.023","0.526","0.714","0.606","2.26466751098633"
"990","15","300","20","preferential_attachment","species","species_2","ZIPLN","BIC","0.11","0.3489535","0.699809792906717","0.123","0.632","0.364","0.462","3.83173799514771"
"991","16","300","20","preferential_attachment","species","species_2","PLN","BIC","0.15","0.8268115","0.616255018419972","0.012","0.632","0.857","0.727","3.16837072372437"
"992","16","300","20","preferential_attachment","species","species_2","ZIPLN","BIC","0.13","0.6615605","0.724701118487951","0.058","0.789","0.6","0.682","4.25805163383484"
"993","17","300","20","preferential_attachment","species","species_2","PLN","BIC","0.17","0.545834","0.670168000649919","0","0",NA,"0","3.23457193374634"
"994","17","300","20","preferential_attachment","species","species_2","ZIPLN","BIC","0.13","0.4726785","0.788971606087821","0","0",NA,"0","4.18984460830688"
"995","18","300","20","preferential_attachment","species","species_2","PLN","BIC","0.14","0.750642","0.672778485493929","0","0.158","1","0.273","2.85406351089478"
"996","18","300","20","preferential_attachment","species","species_2","ZIPLN","BIC","0.11","0.53635","0.775490055273711","0.041","0.684","0.65","0.667","3.97697496414185"
"997","19","300","20","preferential_attachment","species","species_2","PLN","BIC","0.14","0.787784","0.543160021001144","0.064","0.737","0.56","0.636","3.15442681312561"
"998","19","300","20","preferential_attachment","species","species_2","ZIPLN","BIC","0.09","0.5870915","0.630417665622237","0.076","0.632","0.48","0.545","4.67113828659058"
"999","20","300","20","preferential_attachment","species","species_2","PLN","BIC","0.15","0.6924745","0.561570683056993","0.012","0.316","0.75","0.444","3.15710997581482"
"1000","20","300","20","preferential_attachment","species","species_2","ZIPLN","BIC","0.11","0.454569","0.685775719060564","0.023","0.263","0.556","0.357","3.62351846694946"
"1001","21","300","20","preferential_attachment","species","species_2","PLN","BIC","0.16","0.7119805","0.576800401675795","0.053","0.632","0.571","0.6","2.24213027954102"
"1002","21","300","20","preferential_attachment","species","species_2","ZIPLN","BIC","0.12","0.5191755","0.693434510118898","0.006","0.158","0.75","0.261","2.39979672431946"
"1003","22","300","20","preferential_attachment","species","species_2","PLN","BIC","0.13","0.443563","0.575134674893402","0.006","0.105","0.667","0.182","3.07201814651489"
"1004","22","300","20","preferential_attachment","species","species_2","ZIPLN","BIC","0.14","0.3899245","0.750178468161588","0.006","0.158","0.75","0.261","5.89164018630981"
"1005","23","300","20","preferential_attachment","species","species_2","PLN","BIC","0.14","0.652107","0.597679693276086","0.058","0.526","0.5","0.513","3.11887526512146"
"1006","23","300","20","preferential_attachment","species","species_2","ZIPLN","BIC","0.09","0.479648","0.701375043857779","0.064","0.632","0.522","0.571","4.22160220146179"
"1007","24","300","20","preferential_attachment","species","species_2","PLN","BIC","0.16","0.6689515","0.639887797360616","0.11","0.833","0.441","0.577","3.1504328250885"
"1008","24","300","20","preferential_attachment","species","species_2","ZIPLN","BIC","0.11","0.5071515","0.711521440295072","0.081","0.833","0.517","0.638","3.79210543632507"
"1009","25","300","20","preferential_attachment","species","species_2","PLN","BIC","0.12","0.685","0.671010160628072","0","0",NA,"0","2.29870986938477"
"1010","25","300","20","preferential_attachment","species","species_2","ZIPLN","BIC","0.09","0.6575525","0.754180145889318","0","0.053","1","0.1","2.23219585418701"
"1011","26","300","20","preferential_attachment","species","species_2","PLN","BIC","0.15","0.7451305","0.596058202471738","0","0.053","1","0.1","3.19345855712891"
"1012","26","300","20","preferential_attachment","species","species_2","ZIPLN","BIC","0.12","0.519192","0.707119927588606","0","0.053","1","0.1","4.74825024604797"
"1013","27","300","20","preferential_attachment","species","species_2","PLN","BIC","0.14","0.6590485","0.569744921843563","0","0.316","1","0.48","1.80796480178833"
"1014","27","300","20","preferential_attachment","species","species_2","ZIPLN","BIC","0.11","0.49454","0.698118492176979","0.012","0.211","0.667","0.32","2.45765519142151"
"1015","28","300","20","preferential_attachment","species","species_2","PLN","BIC","0.13","0.6693545","0.612599043549867","0.012","0.316","0.75","0.444","1.85297107696533"
"1016","28","300","20","preferential_attachment","species","species_2","ZIPLN","BIC","0.1","0.437719","0.699550333277342","0.023","0.474","0.692","0.562","3.19370007514954"
"1017","29","300","20","preferential_attachment","species","species_2","PLN","BIC","0.16","0.7096295","0.583968981750028","0","0",NA,"0","2.93882322311401"
"1018","29","300","20","preferential_attachment","species","species_2","ZIPLN","BIC","0.12","0.607429","0.718705067216638","0.006","0.105","0.667","0.182","4.24077749252319"
"1019","30","300","20","preferential_attachment","species","species_2","PLN","BIC","0.15","0.654465","0.677558444642933","0.006","0.158","0.75","0.261","1.96941924095154"
"1020","30","300","20","preferential_attachment","species","species_2","ZIPLN","BIC","0.1","0.5799735","0.734598367759015","0.018","0.368","0.7","0.483","2.73748636245728"
"1021","1","300","20","preferential_attachment","species","species_3","PLN","BIC","0.17","0.5434405","0.579182435984683","0","0",NA,"0","4.00702142715454"
"1022","1","300","20","preferential_attachment","species","species_3","ZIPLN","BIC","0.15","0.330232","0.593940872365566","0.006","0.211","0.8","0.333","4.32278871536255"
"1023","2","300","20","preferential_attachment","species","species_3","PLN","BIC","0.16","0.464326","0.627013805422008","0","0",NA,"0","3.64615893363953"
"1024","2","300","20","preferential_attachment","species","species_3","ZIPLN","BIC","0.2","0.430462","0.683057838943246","0","0",NA,"0","4.37119388580322"
"1025","3","300","20","preferential_attachment","species","species_3","PLN","BIC","0.15","0.63304","0.560762644855318","0.064","0.556","0.476","0.513","3.6517071723938"
"1026","3","300","20","preferential_attachment","species","species_3","ZIPLN","BIC","0.1","0.248532","0.619947710350499","0.052","0.444","0.471","0.457","3.80731678009033"
"1027","4","300","20","preferential_attachment","species","species_3","PLN","BIC","0.19","0.6377835","0.574097903871352","0","0.053","1","0.1","3.63416695594788"
"1028","4","300","20","preferential_attachment","species","species_3","ZIPLN","BIC","0.21","0.145217","0.634245167880774","0.012","0.263","0.714","0.385","4.48423862457275"
"1029","5","300","20","preferential_attachment","species","species_3","PLN","BIC","0.16","0.622388","0.50589611943423","0.012","0.211","0.667","0.32","3.77061223983765"
"1030","5","300","20","preferential_attachment","species","species_3","ZIPLN","BIC","0.21","0.229833","0.574683931986517","0.035","0.263","0.455","0.333","4.32010626792908"
"1031","6","300","20","preferential_attachment","species","species_3","PLN","BIC","0.16","0.519118","0.547046178718262","0","0",NA,"0","2.58886909484863"
"1032","6","300","20","preferential_attachment","species","species_3","ZIPLN","BIC","0.21","0.286422","0.609893567966952","0.029","0.263","0.5","0.345","3.62749004364014"
"1033","7","300","20","preferential_attachment","species","species_3","PLN","BIC","0.16","0.551244","0.553442073229443","0.012","0.158","0.6","0.25","3.62918758392334"
"1034","7","300","20","preferential_attachment","species","species_3","ZIPLN","BIC","0.2","0.160208","0.608950361266844","0.018","0.316","0.667","0.429","5.29412078857422"
"1035","8","300","20","preferential_attachment","species","species_3","PLN","BIC","0.18","0.5758095","0.491343975768555","0","0",NA,"0","3.45197987556458"
"1036","8","300","20","preferential_attachment","species","species_3","ZIPLN","BIC","0.14","0.2040535","0.566005057274964","0.023","0.263","0.556","0.357","3.90527892112732"
"1037","9","300","20","preferential_attachment","species","species_3","PLN","BIC","0.17","0.591501","0.574033058374063","0.018","0.263","0.625","0.37","3.20062232017517"
"1038","9","300","20","preferential_attachment","species","species_3","ZIPLN","BIC","0.15","0.177469","0.650928270411718","0.012","0.263","0.714","0.385","4.54705119132996"
"1039","10","300","20","preferential_attachment","species","species_3","PLN","BIC","0.19","0.6118165","0.533701168430785","0","0",NA,"0","4.13187789916992"
"1040","10","300","20","preferential_attachment","species","species_3","ZIPLN","BIC","0.16","0.2403865","0.629313369888529","0.006","0.105","0.667","0.182","4.69392204284668"
"1041","11","300","20","preferential_attachment","species","species_3","PLN","BIC","0.17","0.479818","0.540526832752871","0","0",NA,"0","3.74746465682983"
"1042","11","300","20","preferential_attachment","species","species_3","ZIPLN","BIC","0.14","0.2316055","0.618998974163655","0","0",NA,"0","3.77374196052551"
"1043","12","300","20","preferential_attachment","species","species_3","PLN","BIC","0.18","0.542601","0.537732609317756","0","0",NA,"0","2.14369940757751"
"1044","12","300","20","preferential_attachment","species","species_3","ZIPLN","BIC","0.14","0.256071","0.579438362901712","0","0",NA,"0","1.92420887947083"
"1045","13","300","20","preferential_attachment","species","species_3","PLN","BIC","0.14","0.664736","0.585188204361075","0.012","0.368","0.778","0.5","3.24550986289978"
"1046","13","300","20","preferential_attachment","species","species_3","ZIPLN","BIC","0.11","0.3811715","0.653293238806266","0.035","0.474","0.6","0.529","6.96968698501587"
"1047","14","300","20","preferential_attachment","species","species_3","PLN","BIC","0.16","0.6762465","0.54590972510472","0.018","0.211","0.571","0.308","3.27292680740356"
"1048","14","300","20","preferential_attachment","species","species_3","ZIPLN","BIC","0.12","0.355039","0.653705545683973","0.023","0.368","0.636","0.467","4.25287270545959"
"1049","15","300","20","preferential_attachment","species","species_3","PLN","BIC","0.17","0.506012","0.540911323905265","0","0",NA,"0","3.47738647460938"
"1050","15","300","20","preferential_attachment","species","species_3","ZIPLN","BIC","0.13","0.4403315","0.640249616472589","0","0",NA,"0","7.35031700134277"
"1051","16","300","20","preferential_attachment","species","species_3","PLN","BIC","0.15","0.6969385","0.563222854129164","0.017","0.222","0.571","0.32","3.74603056907654"
"1052","16","300","20","preferential_attachment","species","species_3","ZIPLN","BIC","0.15","0.381411","0.637607261944452","0.006","0.222","0.8","0.348","4.89706873893738"
"1053","17","300","20","preferential_attachment","species","species_3","PLN","BIC","0.17","0.5299225","0.569646693631371","0.006","0.053","0.5","0.095","2.99302816390991"
"1054","17","300","20","preferential_attachment","species","species_3","ZIPLN","BIC","0.13","0.1409205","0.650021629564208","0","0.105","1","0.19","3.08130121231079"
"1055","18","300","20","preferential_attachment","species","species_3","PLN","BIC","0.15","0.693034","0.534172005566386","0.018","0.105","0.4","0.167","2.63562870025635"
"1056","18","300","20","preferential_attachment","species","species_3","ZIPLN","BIC","0.16","0.155587","0.599919587103656","0","0.105","1","0.19","2.26403427124023"
"1057","19","300","20","preferential_attachment","species","species_3","PLN","BIC","0.16","0.6002435","0.539565170391379","0","0.053","1","0.1","3.81728553771973"
"1058","19","300","20","preferential_attachment","species","species_3","ZIPLN","BIC","0.2","0.2484325","0.637155248428082","0.018","0.263","0.625","0.37","5.27634215354919"
"1059","20","300","20","preferential_attachment","species","species_3","PLN","BIC","0.16","0.605004","0.548547933398358","0","0.053","1","0.1","4.83983945846558"
"1060","20","300","20","preferential_attachment","species","species_3","ZIPLN","BIC","0.19","0.30315","0.620441370193042","0.006","0.211","0.8","0.333","5.02612352371216"
"1061","21","300","20","preferential_attachment","species","species_3","PLN","BIC","0.18","0.638109","0.553764019744546","0","0",NA,"0","2.99492287635803"
"1062","21","300","20","preferential_attachment","species","species_3","ZIPLN","BIC","0.22","0.287613","0.684104869989574","0.006","0.316","0.857","0.462","5.1064989566803"
"1063","22","300","20","preferential_attachment","species","species_3","PLN","BIC","0.17","0.437648","0.503541558792914","0","0",NA,"0","4.69196343421936"
"1064","22","300","20","preferential_attachment","species","species_3","ZIPLN","BIC","0.13","0.4376875","0.637836576203959","0","0",NA,"0","3.26543760299683"
"1065","23","300","20","preferential_attachment","species","species_3","PLN","BIC","0.15","0.4887705","0.600203227180295","0.023","0.158","0.429","0.231","3.53108549118042"
"1066","23","300","20","preferential_attachment","species","species_3","ZIPLN","BIC","0.18","0.231398","0.649952272277721","0.006","0.158","0.75","0.261","2.42423057556152"
"1067","24","300","20","preferential_attachment","species","species_3","PLN","BIC","0.16","0.520442","0.535302192182778","0.018","0.211","0.571","0.308","2.64749979972839"
"1068","24","300","20","preferential_attachment","species","species_3","ZIPLN","BIC","0.15","0.1991475","0.606265125919832","0.058","0.421","0.444","0.432","2.97047829627991"
"1069","25","300","20","preferential_attachment","species","species_3","PLN","BIC","0.18","0.69368","0.574698088610516","0.023","0.316","0.6","0.414","2.27343058586121"
"1070","25","300","20","preferential_attachment","species","species_3","ZIPLN","BIC","0.39","0.2915255","0.614116918937252","0.035","0.421","0.571","0.485","2.74178266525269"
"1071","26","300","20","preferential_attachment","species","species_3","PLN","BIC","0.17","0.599534","0.518384116326726","0.012","0.105","0.5","0.174","4.23431730270386"
"1072","26","300","20","preferential_attachment","species","species_3","ZIPLN","BIC","0.17","0.191719","0.609309718479924","0","0.053","1","0.1","2.45484375953674"
"1073","27","300","20","preferential_attachment","species","species_3","PLN","BIC","0.16","0.631112","0.544662155625368","0","0",NA,"0","2.84158420562744"
"1074","27","300","20","preferential_attachment","species","species_3","ZIPLN","BIC","0.52","0.211809","0.603213652030048","0.029","0.421","0.615","0.5","4.0126838684082"
"1075","28","300","20","preferential_attachment","species","species_3","PLN","BIC","0.16","0.5559125","0.522642272634732","0","0",NA,"0","2.24927592277527"
"1076","28","300","20","preferential_attachment","species","species_3","ZIPLN","BIC","0.19","0.134614","0.580406101173927","0","0",NA,"0","2.77452063560486"
"1077","29","300","20","preferential_attachment","species","species_3","PLN","BIC","0.16","0.3999305","0.51797239132567","0","0",NA,"0","2.20761752128601"
"1078","29","300","20","preferential_attachment","species","species_3","ZIPLN","BIC","0.16","0.1963375","0.612819434270091","0.018","0","0","0","2.65922117233276"
"1079","30","300","20","preferential_attachment","species","species_3","PLN","BIC","0.18","0.7457055","0.540790999131829","0","0.105","1","0.19","2.07129716873169"
"1080","30","300","20","preferential_attachment","species","species_3","ZIPLN","BIC","0.18","0.2207485","0.598398983408606","0.018","0.421","0.727","0.533","3.17375016212463"
