"","simu","n","p","omega_structure","zi_type","zi_config","method","criterion","omega_rmse","AUC","rmse_fit","fallout","recall","precision","f1_score","time"
"1","1","300","20","erdos_renyi","species","species_1","PLN","BIC","0.07","0.806798","0.636811861665153","0.005","0.5","0.75","0.6","2.52350258827209"
"2","1","300","20","erdos_renyi","species","species_1","ZIPLN","BIC","0.06","0.760847","0.723343838257149","0.016","0.667","0.571","0.615","3.12342596054077"
"3","2","300","20","erdos_renyi","species","species_1","PLN","BIC","0.14","0.768975","0.629335667323472","0.024","0.8","0.8","0.8","2.097332239151"
"4","2","300","20","erdos_renyi","species","species_1","ZIPLN","BIC","0.11","0.6002","0.759730525522051","0.141","0.95","0.442","0.603","5.52043104171753"
"5","3","300","20","erdos_renyi","species","species_1","PLN","BIC","0.09","0.857212","0.620137074017394","0.011","0.75","0.818","0.783","1.70085191726685"
"6","3","300","20","erdos_renyi","species","species_1","ZIPLN","BIC","0.06","0.7807945","0.686445873679931","0.017","0.75","0.75","0.75","2.24536418914795"
"7","4","300","20","erdos_renyi","species","species_1","PLN","BIC","0.09","0.708","0.639694760975702","0.011","0.4","0.667","0.5","2.39482092857361"
"8","4","300","20","erdos_renyi","species","species_1","ZIPLN","BIC","0.07","0.573","0.703374159968629","0.017","0.4","0.571","0.471","3.65999221801758"
"9","5","300","20","erdos_renyi","species","species_1","PLN","BIC","0.07","0.7519","0.616937075106497","0","0",NA,"0","2.2460834980011"
"10","5","300","20","erdos_renyi","species","species_1","ZIPLN","BIC","0.05","0.7223","0.675125532291167","0.011","0.6","0.6","0.6","3.56927132606506"
"11","6","300","20","erdos_renyi","species","species_1","PLN","BIC","0.06","0.6871875","0.604265090794566","0.055","0.5","0.286","0.364","2.15430808067322"
"12","6","300","20","erdos_renyi","species","species_1","ZIPLN","BIC","0.05","0.7550625","0.673316125652138","0.011","0.25","0.5","0.333","3.82318925857544"
"13","7","300","20","erdos_renyi","species","species_1","PLN","BIC","0.09","0.762124","0.609998189472866","0.028","0.667","0.615","0.64","2.54226994514465"
"14","7","300","20","erdos_renyi","species","species_1","ZIPLN","BIC","0.06","0.684479","0.679179525684884","0.135","0.75","0.273","0.4","4.66195893287659"
"15","8","300","20","erdos_renyi","species","species_1","PLN","BIC","0.05","0.571384","0.621726515224186","0","0.333","1","0.5","1.81630635261536"
"16","8","300","20","erdos_renyi","species","species_1","ZIPLN","BIC","0.05","0.5900885","0.694203606134321","0","0.333","1","0.5","5.08635449409485"
"17","9","300","20","erdos_renyi","species","species_1","PLN","BIC","0.08","0.8678735","0.581667911848861","0","0.143","1","0.25","1.3754448890686"
"18","9","300","20","erdos_renyi","species","species_1","ZIPLN","BIC","0.04","0.8703995","0.665409856869752","0.022","0.571","0.5","0.533","1.43332457542419"
"19","10","300","20","erdos_renyi","species","species_1","PLN","BIC","0.07","0.804315","0.561046032620985","0.027","0.857","0.545","0.667","2.19834160804749"
"20","10","300","20","erdos_renyi","species","species_1","ZIPLN","BIC","0.07","0.7500125","0.666249190506058","0.005","0.714","0.833","0.769","3.72327589988708"
"21","11","300","20","erdos_renyi","species","species_1","PLN","BIC","0.1","0.7237025","0.59257738391122","0.006","0.273","0.75","0.4","2.32744669914246"
"22","11","300","20","erdos_renyi","species","species_1","ZIPLN","BIC","0.06","0.666808","0.673727002228923","0.011","0.455","0.714","0.556","2.69227266311646"
"23","12","300","20","erdos_renyi","species","species_1","PLN","BIC","0.1","0.7557835","0.632848687504915","0.011","0.636","0.778","0.7","2.486487865448"
"24","12","300","20","erdos_renyi","species","species_1","ZIPLN","BIC","0.06","0.6979715","0.687143150670209","0.078","0.909","0.417","0.571","2.79489135742188"
"25","13","300","20","erdos_renyi","species","species_1","PLN","BIC","0.06","0.895346","0.676393696809588","0","0",NA,"0","2.20085406303406"
"26","13","300","20","erdos_renyi","species","species_1","ZIPLN","BIC","0.08","0.893117","0.738268010866188","0","0",NA,"0","2.7539701461792"
"27","14","300","20","erdos_renyi","species","species_1","PLN","BIC","0.12","0.744159","0.604180133967174","0.103","0.625","0.357","0.455","2.58137321472168"
"28","14","300","20","erdos_renyi","species","species_1","ZIPLN","BIC","0.07","0.7094795","0.691784486092644","0.092","0.875","0.467","0.609","2.77278518676758"
"29","15","300","20","erdos_renyi","species","species_1","PLN","BIC","0.09","0.825395","0.597396509840544","0.05","0.727","0.471","0.571","1.34417986869812"
"30","15","300","20","erdos_renyi","species","species_1","ZIPLN","BIC","0.06","0.6969385","0.657420239454273","0.078","0.727","0.364","0.485","2.39748692512512"
"31","16","300","20","erdos_renyi","species","species_1","PLN","BIC","0.08","0.8686845","0.581288633709134","0.006","0.556","0.833","0.667","1.98790502548218"
"32","16","300","20","erdos_renyi","species","species_1","ZIPLN","BIC","0.04","0.719429","0.674187341281455","0.039","0.667","0.462","0.545","4.62813186645508"
"33","17","300","20","erdos_renyi","species","species_1","PLN","BIC","0.07","0.820675","0.59078335319411","0.033","1","0.6","0.75","2.56464505195618"
"34","17","300","20","erdos_renyi","species","species_1","ZIPLN","BIC","0.09","0.758276","0.655754410446755","0.05","0.778","0.438","0.56","5.42105150222778"
"35","18","300","20","erdos_renyi","species","species_1","PLN","BIC","0.08","0.83055","0.592614736267175","0.072","0.9","0.409","0.563","1.52716064453125"
"36","18","300","20","erdos_renyi","species","species_1","ZIPLN","BIC","0.07","0.76505","0.673983349805746","0.022","0.5","0.556","0.526","1.55567145347595"
"37","19","300","20","erdos_renyi","species","species_1","PLN","BIC","0.09","0.8538585","0.679000412810751","0.039","0.636","0.5","0.56","1.42258954048157"
"38","19","300","20","erdos_renyi","species","species_1","ZIPLN","BIC","0.07","0.8052125","0.738986137147784","0.022","0.818","0.692","0.75","3.08980512619019"
"39","20","300","20","erdos_renyi","species","species_1","PLN","BIC","0.09","0.78315","0.629942219776758","0.067","0.8","0.4","0.533","1.30010271072388"
"40","20","300","20","erdos_renyi","species","species_1","ZIPLN","BIC","0.06","0.72685","0.685714289090121","0.017","0.7","0.7","0.7","2.72884726524353"
"41","1","300","20","erdos_renyi","species","species_2","PLN","BIC","0.14","0.6289375","0.441313414402036","0","0",NA,"0","4.20012354850769"
"42","1","300","20","erdos_renyi","species","species_2","ZIPLN","BIC","0.13","0.578875","0.672419219813078","0","0",NA,"0","3.87883901596069"
"43","2","300","20","erdos_renyi","species","species_2","PLN","BIC","0.14","0.5750605","0.446997697888039","0","0",NA,"0","3.52211403846741"
"44","2","300","20","erdos_renyi","species","species_2","ZIPLN","BIC","0.1","0.7767965","0.686920295026035","0","0",NA,"0","2.92552280426025"
"45","3","300","20","erdos_renyi","species","species_2","PLN","BIC","0.14","0.450212","0.424591294140795","0","0",NA,"0","5.07024621963501"
"46","3","300","20","erdos_renyi","species","species_2","ZIPLN","BIC","0.1","0.4548875","0.63753957241386","0","0.071","1","0.133","3.33685421943665"
"47","4","300","20","erdos_renyi","species","species_2","PLN","BIC","0.19","0.548077","0.408996341940999","0","0",NA,"0","4.08163499832153"
"48","4","300","20","erdos_renyi","species","species_2","ZIPLN","BIC","0.14","0.6027985","0.646618620287944","0","0",NA,"0","2.18115949630737"
"49","5","300","20","erdos_renyi","species","species_2","PLN","BIC","0.12","0.5670175","0.403420325371979","0","0",NA,"0","4.57673573493958"
"50","5","300","20","erdos_renyi","species","species_2","ZIPLN","BIC","0.11","0.7315275","0.642164555295624","0","0",NA,"0","2.76716017723083"
"51","6","300","20","erdos_renyi","species","species_2","PLN","BIC","0.12","0.757","0.39203681630826","0","0",NA,"0","5.3852972984314"
"52","6","300","20","erdos_renyi","species","species_2","ZIPLN","BIC","0.09","0.5859375","0.573271407100498","0","0",NA,"0","2.7570629119873"
"53","7","300","20","erdos_renyi","species","species_2","PLN","BIC","0.15","0.6376775","0.39811020410378","0","0",NA,"0","4.76512837409973"
"54","7","300","20","erdos_renyi","species","species_2","ZIPLN","BIC","0.1","0.6719795","0.659062280597453","0","0",NA,"0","2.1926851272583"
"55","8","300","20","erdos_renyi","species","species_2","PLN","BIC","0.12","0.8055","0.423685080200392","0","0",NA,"0","4.74366331100464"
"56","8","300","20","erdos_renyi","species","species_2","ZIPLN","BIC","0.1","0.794875","0.622716214567849","0","0",NA,"0","2.30871558189392"
"57","9","300","20","erdos_renyi","species","species_2","PLN","BIC","0.14","0.7756","0.412274517031763","0","0",NA,"0","4.81542992591858"
"58","9","300","20","erdos_renyi","species","species_2","ZIPLN","BIC","0.09","0.7583","0.619344687273494","0","0",NA,"0","4.65410470962524"
"59","10","300","20","erdos_renyi","species","species_2","PLN","BIC","0.12","0.508117","0.419181149113148","0","0",NA,"0","3.74244523048401"
"60","10","300","20","erdos_renyi","species","species_2","ZIPLN","BIC","0.07","0.5647125","0.65151056051904","0","0",NA,"0","3.44907093048096"
"61","11","300","20","erdos_renyi","species","species_2","PLN","BIC","0.13","0.4728085","0.400477670806503","0","0",NA,"0","5.74069595336914"
"62","11","300","20","erdos_renyi","species","species_2","ZIPLN","BIC","0.08","0.759982","0.626007503130725","0","0",NA,"0","2.16025733947754"
"63","12","300","20","erdos_renyi","species","species_2","PLN","BIC","0.13","0.6926595","0.397450363835438","0","0",NA,"0","5.00089120864868"
"64","12","300","20","erdos_renyi","species","species_2","ZIPLN","BIC","0.13","0.666788","0.588740551725935","0","0.222","1","0.364","2.21006369590759"
"65","13","300","20","erdos_renyi","species","species_2","PLN","BIC","0.12","0.4973125","0.402987861645181","0","0",NA,"0","4.83883357048035"
"66","13","300","20","erdos_renyi","species","species_2","ZIPLN","BIC","0.1","0.774375","0.601789518677285","0","0",NA,"0","1.69332957267761"
"67","14","300","20","erdos_renyi","species","species_2","PLN","BIC","0.15","0.653656","0.42395561016817","0","0",NA,"0","4.92489218711853"
"68","14","300","20","erdos_renyi","species","species_2","ZIPLN","BIC","0.13","0.614047","0.633951467399082","0.006","0.462","0.857","0.6","2.4614429473877"
"69","15","300","20","erdos_renyi","species","species_2","PLN","BIC","0.12","0.7068655","0.418879049801499","0","0",NA,"0","3.79281044006348"
"70","15","300","20","erdos_renyi","species","species_2","ZIPLN","BIC","0.07","0.761268","0.64335359039903","0.005","0.429","0.75","0.545","1.335862159729"
"71","16","300","20","erdos_renyi","species","species_2","PLN","BIC","0.08","0.9278335","0.399545348716564","0","0",NA,"0","2.80453968048096"
"72","16","300","20","erdos_renyi","species","species_2","ZIPLN","BIC","0.07","0.6966785","0.56305459331816","0","0",NA,"0","1.10959649085999"
"73","17","300","20","erdos_renyi","species","species_2","PLN","BIC","0.12","0.482859","0.389137870623959","0","0",NA,"0","4.85177183151245"
"74","17","300","20","erdos_renyi","species","species_2","ZIPLN","BIC","0.07","0.5558005","0.626836272394178","0","0",NA,"0","1.13514685630798"
"75","18","300","20","erdos_renyi","species","species_2","PLN","BIC","0.09","0.6606285","0.44938823627898","0","0",NA,"0","2.97409272193909"
"76","18","300","20","erdos_renyi","species","species_2","ZIPLN","BIC","0.09","0.7842345","0.666743792591074","0","0",NA,"0","1.23342061042786"
"77","19","300","20","erdos_renyi","species","species_2","PLN","BIC","0.11","0.6082135","0.399826173870153","0","0",NA,"0","2.64505076408386"
"78","19","300","20","erdos_renyi","species","species_2","ZIPLN","BIC","0.08","0.7343965","0.617489555180865","0","0",NA,"0","1.22385025024414"
"79","20","300","20","erdos_renyi","species","species_2","PLN","BIC","0.09","0.808","0.379548929769203","0","0",NA,"0","2.70786547660828"
"80","20","300","20","erdos_renyi","species","species_2","ZIPLN","BIC","0.04","0.8054","0.562438070882521","0","0",NA,"0","1.13914752006531"
"81","1","300","20","erdos_renyi","species","species_3","PLN","BIC","0.14","0.435965","0.275532830625907","0","0",NA,"0","7.98708939552307"
"82","1","300","20","erdos_renyi","species","species_3","ZIPLN","BIC","0.11","0.42583","0.426667461822481","0","0",NA,"0","1.95559358596802"
"83","2","300","20","erdos_renyi","species","species_3","PLN","BIC","0.15","0.3129715","0.292550534179722","0","0",NA,"0","6.5418713092804"
"84","2","300","20","erdos_renyi","species","species_3","ZIPLN","BIC","0.11","0.52912","0.482986810758804","0","0",NA,"0","1.73053812980652"
"85","3","300","20","erdos_renyi","species","species_3","PLN","BIC","0.15","0.3474195","0.303224935602527","0","0",NA,"0","8.6161150932312"
"86","3","300","20","erdos_renyi","species","species_3","ZIPLN","BIC","0.11","0.4594525","0.504257339078867","0","0",NA,"0","2.39138174057007"
"87","4","300","20","erdos_renyi","species","species_3","PLN","BIC","0.12","0.575394","0.265235976239564","0","0",NA,"0","6.94814014434814"
"88","4","300","20","erdos_renyi","species","species_3","ZIPLN","BIC","0.05","0.4082955","0.390804996585396","0","0",NA,"0","2.10793304443359"
"89","5","300","20","erdos_renyi","species","species_3","PLN","BIC","0.17","0.4759","0.284497250346005","0","0",NA,"0","7.75378680229187"
"90","5","300","20","erdos_renyi","species","species_3","ZIPLN","BIC","0.11","0.52145","0.499592767767977","0","0",NA,"0","2.69952392578125"
"91","6","300","20","erdos_renyi","species","species_3","PLN","BIC","0.16","0.683397","0.304400740203776","0","0",NA,"0","4.44089674949646"
"92","6","300","20","erdos_renyi","species","species_3","ZIPLN","BIC","0.12","0.578617","0.48941024088609","0","0",NA,"0","2.36163210868835"
"93","7","300","20","erdos_renyi","species","species_3","PLN","BIC","0.16","0.3714805","0.280331719824346","0","0",NA,"0","7.72890043258667"
"94","7","300","20","erdos_renyi","species","species_3","ZIPLN","BIC","0.08","0.5711355","0.451668953819493","0","0",NA,"0","1.8888943195343"
"95","8","300","20","erdos_renyi","species","species_3","PLN","BIC","0.13","0.398734","0.278992983253292","0","0",NA,"0","4.51466727256775"
"96","8","300","20","erdos_renyi","species","species_3","ZIPLN","BIC","0.09","0.6669305","0.468581449407012","0","0",NA,"0","1.1718282699585"
"97","9","300","20","erdos_renyi","species","species_3","PLN","BIC","0.14","0.41255","0.279199732633526","0","0",NA,"0","7.68109107017517"
"98","9","300","20","erdos_renyi","species","species_3","ZIPLN","BIC","0.09","0.6423","0.465902151382499","0","0",NA,"0","2.22293639183044"
"99","10","300","20","erdos_renyi","species","species_3","PLN","BIC","0.16","0.476515","0.289839469256728","0","0",NA,"0","6.4586079120636"
"100","10","300","20","erdos_renyi","species","species_3","ZIPLN","BIC","0.08","0.5629665","0.492264461195505","0","0",NA,"0","1.96644949913025"
"101","11","300","20","erdos_renyi","species","species_3","PLN","BIC","0.15","0.4803","0.269364492936712","0","0",NA,"0","20.3916583061218"
"102","11","300","20","erdos_renyi","species","species_3","ZIPLN","BIC","0.12","0.4627955","0.455715920569254","0","0",NA,"0","1.17789602279663"
"103","12","300","20","erdos_renyi","species","species_3","PLN","BIC","0.16","0.479558","0.264389891458821","0","0",NA,"0","8.57420372962952"
"104","12","300","20","erdos_renyi","species","species_3","ZIPLN","BIC","0.08","0.428614","0.446557018708993","0","0",NA,"0","1.90212917327881"
"105","13","300","20","erdos_renyi","species","species_3","PLN","BIC","0.14","0.25265","0.276500374173576","0","0",NA,"0","6.82447838783264"
"106","13","300","20","erdos_renyi","species","species_3","ZIPLN","BIC","0.08","0.5865","0.43549806830034","0","0",NA,"0","0.986258745193481"
"107","14","300","20","erdos_renyi","species","species_3","PLN","BIC","0.14","0.561625","0.278471858753727","0","0",NA,"0","4.97804355621338"
"108","14","300","20","erdos_renyi","species","species_3","ZIPLN","BIC","0.07","0.6963125","0.474481039704553","0","0",NA,"0","1.16102337837219"
"109","15","300","20","erdos_renyi","species","species_3","PLN","BIC","0.16","0.361356","0.273654689584905","0","0",NA,"0","17.8880877494812"
"110","15","300","20","erdos_renyi","species","species_3","ZIPLN","BIC","0.08","0.4522155","0.468406299978093","0","0",NA,"0","1.09565567970276"
"111","16","300","20","erdos_renyi","species","species_3","PLN","BIC","0.18","0.524802","0.253157189421132","0","0",NA,"0","8.26120829582214"
"112","16","300","20","erdos_renyi","species","species_3","ZIPLN","BIC","0.11","0.3843955","0.423837334933203","0","0",NA,"0","2.19581961631775"
"113","17","300","20","erdos_renyi","species","species_3","PLN","BIC","0.15","0.446178","0.291195013152505","0","0",NA,"0","5.03026461601257"
"114","17","300","20","erdos_renyi","species","species_3","ZIPLN","BIC","0.1","0.4712315","0.423873662458729","0","0",NA,"0","0.990189790725708"
"115","18","300","20","erdos_renyi","species","species_3","PLN","BIC","0.13","0.5482175","0.275258209316262","0","0",NA,"0","5.91452598571777"
"116","18","300","20","erdos_renyi","species","species_3","ZIPLN","BIC","0.14","0.66105","0.454539193368288","0","0",NA,"0","1.62781167030334"
"117","19","300","20","erdos_renyi","species","species_3","PLN","BIC","0.17","0.501759","0.26142774283316","0","0",NA,"0","5.58422613143921"
"118","19","300","20","erdos_renyi","species","species_3","ZIPLN","BIC","0.1","0.531845","0.415037575651773","0","0",NA,"0","1.12762784957886"
"119","20","300","20","erdos_renyi","species","species_3","PLN","BIC","0.18","0.3440025","0.290047225567135","0","0",NA,"0","4.25548362731934"
"120","20","300","20","erdos_renyi","species","species_3","ZIPLN","BIC","0.14","0.3847155","0.469629172100485","0","0",NA,"0","1.31544589996338"
"121","1","300","20","erdos_renyi","species","species_4","PLN","BIC","0.14","0.487487","0.502497566942087","0","0",NA,"0","4.91194105148315"
"122","1","300","20","erdos_renyi","species","species_4","ZIPLN","BIC","0.19","0.2676755","0.547446448721233","0","0.091","1","0.167","4.05805110931396"
"123","2","300","20","erdos_renyi","species","species_4","PLN","BIC","0.12","0.462138","0.476675217138664","0","0",NA,"0","4.94082164764404"
"124","2","300","20","erdos_renyi","species","species_4","ZIPLN","BIC","0.07","0.30054","0.513560279512376","0","0",NA,"0","2.65808367729187"
"125","3","300","20","erdos_renyi","species","species_4","PLN","BIC","0.11","0.519105","0.58736825014753","0","0",NA,"0","3.06900906562805"
"126","3","300","20","erdos_renyi","species","species_4","ZIPLN","BIC","0.07","0.2434445","0.622320855183029","0.011","0.111","0.333","0.167","3.00813007354736"
"127","4","300","20","erdos_renyi","species","species_4","PLN","BIC","0.09","0.5208","0.440093489633857","0","0",NA,"0","5.4973247051239"
"128","4","300","20","erdos_renyi","species","species_4","ZIPLN","BIC","0.05","0.1891","0.484647971133909","0","0",NA,"0","2.65755391120911"
"129","5","300","20","erdos_renyi","species","species_4","PLN","BIC","0.11","0.5736875","0.439642029173904","0","0",NA,"0","6.46650147438049"
"130","5","300","20","erdos_renyi","species","species_4","ZIPLN","BIC","0.1","0.14925","0.477439923961434","0","0.125","1","0.222","4.65094995498657"
"131","6","300","20","erdos_renyi","species","species_4","PLN","BIC","0.06","0.6893095","0.595832578829099","0.022","0.571","0.5","0.533","1.60483980178833"
"132","6","300","20","erdos_renyi","species","species_4","ZIPLN","BIC","0.05","0.589226","0.616114683065583","0.005","0.571","0.8","0.667","2.20291447639465"
"133","7","300","20","erdos_renyi","species","species_4","PLN","BIC","0.08","0.4425705","0.578602915854731","0.005","0.167","0.5","0.25","3.12867784500122"
"134","7","300","20","erdos_renyi","species","species_4","ZIPLN","BIC","0.17","0.319516","0.616870345953103","0","0.167","1","0.286","3.94761252403259"
"135","8","300","20","erdos_renyi","species","species_4","PLN","BIC","0.13","0.561658","0.539734643263544","0","0",NA,"0","4.70010876655579"
"136","8","300","20","erdos_renyi","species","species_4","ZIPLN","BIC","0.08","0.5213515","0.579394393829275","0.006","0.231","0.75","0.353","2.50595140457153"
"137","9","300","20","erdos_renyi","species","species_4","PLN","BIC","0.09","0.8029375","0.559490182899634","0","0",NA,"0","3.24614906311035"
"138","9","300","20","erdos_renyi","species","species_4","ZIPLN","BIC","0.07","0.4223125","0.585937139447621","0.005","0.375","0.75","0.5","2.23697566986084"
"139","10","300","20","erdos_renyi","species","species_4","PLN","BIC","0.12","0.4762","0.579526392474796","0","0.1","1","0.182","3.83013105392456"
"140","10","300","20","erdos_renyi","species","species_4","ZIPLN","BIC","0.08","0.34465","0.598618160120983","0.017","0.4","0.571","0.471","1.67567181587219"
"141","11","300","20","erdos_renyi","species","species_4","PLN","BIC","0.11","0.7409375","0.522581874257812","0","0.125","1","0.222","3.69097828865051"
"142","11","300","20","erdos_renyi","species","species_4","ZIPLN","BIC","0.1","0.4844375","0.564112559582304","0","0.125","1","0.222","2.56654739379883"
"143","12","300","20","erdos_renyi","species","species_4","PLN","BIC","0.09","0.6165625","0.553992564009142","0.022","0.5","0.429","0.462","2.37217235565186"
"144","12","300","20","erdos_renyi","species","species_4","ZIPLN","BIC","0.04","0.3800135","0.576629901135327","0.022","0.5","0.429","0.462","1.3153383731842"
"145","13","300","20","erdos_renyi","species","species_4","PLN","BIC","0.1","0.5518","0.683796648426654","0","0",NA,"0","3.04710507392883"
"146","13","300","20","erdos_renyi","species","species_4","ZIPLN","BIC","0.07","0.5584","0.700579252635993","0","0",NA,"0","1.39758729934692"
"147","14","300","20","erdos_renyi","species","species_4","PLN","BIC","0.09","0.7051875","0.546536218587321","0.038","0.375","0.3","0.333","3.11020398139954"
"148","14","300","20","erdos_renyi","species","species_4","ZIPLN","BIC","0.07","0.5160625","0.579697587050753","0.027","0.625","0.5","0.556","1.73405838012695"
"149","15","300","20","erdos_renyi","species","species_4","PLN","BIC","0.09","0.6412555","0.468088397875786","0","0",NA,"0","2.72369050979614"
"150","15","300","20","erdos_renyi","species","species_4","ZIPLN","BIC","0.05","0.4429195","0.500182716681652","0.027","0.286","0.286","0.286","1.3622944355011"
"151","16","300","20","erdos_renyi","species","species_4","PLN","BIC","0.1","0.53475","0.456059529848762","0","0",NA,"0","2.23460650444031"
"152","16","300","20","erdos_renyi","species","species_4","ZIPLN","BIC","0.08","0.4311875","0.515543822199308","0.016","0.125","0.25","0.167","1.37187647819519"
"153","17","300","20","erdos_renyi","species","species_4","PLN","BIC","0.09","0.441249","0.455034917965632","0.005","0.167","0.5","0.25","3.49774193763733"
"154","17","300","20","erdos_renyi","species","species_4","ZIPLN","BIC","0.07","0.196366","0.494501050740397","0","0.167","1","0.286","1.6018500328064"
"155","18","300","20","erdos_renyi","species","species_4","PLN","BIC","0.13","0.666","0.51925508834794","0","0",NA,"0","1.95872831344604"
"156","18","300","20","erdos_renyi","species","species_4","ZIPLN","BIC","0.09","0.3257","0.564989524474509","0","0",NA,"0","3.46747446060181"
"157","19","300","20","erdos_renyi","species","species_4","PLN","BIC","0.12","0.5908715","0.632517629712787","0.023","0.278","0.556","0.37","2.14064478874207"
"158","19","300","20","erdos_renyi","species","species_4","ZIPLN","BIC","0.09","0.429021","0.652156302775389","0.017","0.389","0.7","0.5","1.83779907226562"
"159","20","300","20","erdos_renyi","species","species_4","PLN","BIC","0.13","0.3458","0.533151665732218","0","0",NA,"0","3.21333360671997"
"160","20","300","20","erdos_renyi","species","species_4","ZIPLN","BIC","0.08","0.1468","0.56354339262888","0","0",NA,"0","1.74131655693054"
"161","1","300","20","erdos_renyi","species","species_5","PLN","BIC","0.05","0.5755","0.420045954557212","0","0",NA,"0","4.21332192420959"
"162","1","300","20","erdos_renyi","species","species_5","ZIPLN","BIC","0.04","0.37625","0.471318350694681","0.005","0.5","0.5","0.5","3.09394359588623"
"163","2","300","20","erdos_renyi","species","species_5","PLN","BIC","0.16","0.4668995","0.476075826986604","0","0",NA,"0","3.83139610290527"
"164","2","300","20","erdos_renyi","species","species_5","ZIPLN","BIC","0.11","0.2192635","0.507741745878279","0","0.062","1","0.118","2.33286452293396"
"165","3","300","20","erdos_renyi","species","species_5","PLN","BIC","0.12","0.7633","0.531265104244828","0.006","0.182","0.667","0.286","3.85605406761169"
"166","3","300","20","erdos_renyi","species","species_5","ZIPLN","BIC","0.08","0.287995","0.546789382809466","0.017","0.364","0.571","0.444","3.68448090553284"
"167","4","300","20","erdos_renyi","species","species_5","PLN","BIC","0.1","0.53975","0.551320367802236","0","0",NA,"0","3.00993132591248"
"168","4","300","20","erdos_renyi","species","species_5","ZIPLN","BIC","0.06","0.3225625","0.596841840122222","0","0.25","1","0.4","5.61245226860046"
"169","5","300","20","erdos_renyi","species","species_5","PLN","BIC","0.11","0.4907315","0.495201039487395","0.011","0.091","0.333","0.143","3.47254729270935"
"170","5","300","20","erdos_renyi","species","species_5","ZIPLN","BIC","0.09","0.168199","0.522316101529338","0","0.091","1","0.167","2.83810496330261"
"171","6","300","20","erdos_renyi","species","species_5","PLN","BIC","0.15","0.484419","0.632080619380652","0","0",NA,"0","3.05098009109497"
"172","6","300","20","erdos_renyi","species","species_5","ZIPLN","BIC","0.1","0.430101","0.698721873735307","0.046","0.333","0.385","0.357","3.40689635276794"
"173","7","300","20","erdos_renyi","species","species_5","PLN","BIC","0.12","0.559514","0.502609400102618","0","0",NA,"0","5.33836627006531"
"174","7","300","20","erdos_renyi","species","species_5","ZIPLN","BIC","0.11","0.436828","0.539747425852778","0.045","0.182","0.2","0.19","6.09581184387207"
"175","8","300","20","erdos_renyi","species","species_5","PLN","BIC","0.12","0.7356765","0.550610061283355","0.095","0.818","0.346","0.486","2.21593260765076"
"176","8","300","20","erdos_renyi","species","species_5","ZIPLN","BIC","0.08","0.4690345","0.5909436095919","0.089","0.818","0.36","0.5","2.90537333488464"
"177","9","300","20","erdos_renyi","species","species_5","PLN","BIC","0.1","0.65845","0.560694866934193","0.006","0.1","0.5","0.167","3.72516059875488"
"178","9","300","20","erdos_renyi","species","species_5","ZIPLN","BIC","0.08","0.44065","0.59713632806348","0.006","0.2","0.667","0.308","2.80206298828125"
"179","10","300","20","erdos_renyi","species","species_5","PLN","BIC","0.07","0.653207","0.562583437352198","0","0",NA,"0","2.9248526096344"
"180","10","300","20","erdos_renyi","species","species_5","ZIPLN","BIC","0.05","0.477239","0.585576741936878","0","0.143","1","0.25","2.06978178024292"
"181","11","300","20","erdos_renyi","species","species_5","PLN","BIC","0.11","0.4391","0.594913464731656","0","0",NA,"0","2.67944860458374"
"182","11","300","20","erdos_renyi","species","species_5","ZIPLN","BIC","0.09","0.3896","0.602701396956554","0","0.3","1","0.462","2.34196329116821"
"183","12","300","20","erdos_renyi","species","species_5","PLN","BIC","0.09","0.751384","0.435757660770357","0","0",NA,"0","3.62404251098633"
"184","12","300","20","erdos_renyi","species","species_5","ZIPLN","BIC","0.08","0.331663","0.501356348942942","0","0.167","1","0.286","6.12650036811829"
"185","13","300","20","erdos_renyi","species","species_5","PLN","BIC","0.17","0.4570305","0.467871507856415","0.011","0.067","0.333","0.111","3.39341855049133"
"186","13","300","20","erdos_renyi","species","species_5","ZIPLN","BIC","0.18","0.128101","0.53816238513621","0.029","0.133","0.286","0.182","2.18896389007568"
"187","14","300","20","erdos_renyi","species","species_5","PLN","BIC","0.11","0.6216185","0.515273110839867","0","0",NA,"0","2.37127041816711"
"188","14","300","20","erdos_renyi","species","species_5","ZIPLN","BIC","0.08","0.4208445","0.537199648484054","0","0.143","1","0.25","2.41564249992371"
"189","15","300","20","erdos_renyi","species","species_5","PLN","BIC","0.12","0.5956875","0.50651655867757","0","0",NA,"0","3.24520826339722"
"190","15","300","20","erdos_renyi","species","species_5","ZIPLN","BIC","0.12","0.308875","0.548751477470013","0.011","0.125","0.333","0.182","2.76403999328613"
"191","16","300","20","erdos_renyi","species","species_5","PLN","BIC","0.1","0.5672475","0.49176212951049","0","0",NA,"0","4.421471118927"
"192","16","300","20","erdos_renyi","species","species_5","ZIPLN","BIC","0.06","0.302167","0.515425201908237","0.005","0","0","0","2.16682291030884"
"193","17","300","20","erdos_renyi","species","species_5","PLN","BIC","0.13","0.69871","0.475447030292501","0.05","0.364","0.308","0.333","3.25710105895996"
"194","17","300","20","erdos_renyi","species","species_5","ZIPLN","BIC","0.13","0.359022","0.524812723675373","0","0.273","1","0.429","4.54753804206848"
"195","18","300","20","erdos_renyi","species","species_5","PLN","BIC","0.09","0.7715","0.464612887742676","0","0.375","1","0.545","3.10737586021423"
"196","18","300","20","erdos_renyi","species","species_5","ZIPLN","BIC","0.1","0.243125","0.511789240018164","0.016","0.5","0.571","0.533","2.44403481483459"
"197","19","300","20","erdos_renyi","species","species_5","PLN","BIC","0.12","0.661125","0.529526420104358","0","0",NA,"0","1.90507221221924"
"198","19","300","20","erdos_renyi","species","species_5","ZIPLN","BIC","0.07","0.3403125","0.560591770281209","0.016","0.5","0.571","0.533","1.39426827430725"
"199","20","300","20","erdos_renyi","species","species_5","PLN","BIC","0.11","0.50515","0.508211454338644","0.006","0.2","0.667","0.308","3.58174109458923"
"200","20","300","20","erdos_renyi","species","species_5","ZIPLN","BIC","0.07","0.26315","0.545874497209556","0","0.1","1","0.182","1.47734427452087"
"201","1","300","20","erdos_renyi","species","species_6","PLN","BIC","0.07","0.8795","0.580639742767552","0.016","1","0.571","0.727","3.62324094772339"
"202","1","300","20","erdos_renyi","species","species_6","ZIPLN","BIC","0.08","0.742875","0.6380821434778","0.005","0.75","0.75","0.75","3.06345915794373"
"203","2","300","20","erdos_renyi","species","species_6","PLN","BIC","0.11","0.5916415","0.601359112591795","0","0",NA,"0","2.34165859222412"
"204","2","300","20","erdos_renyi","species","species_6","ZIPLN","BIC","0.08","0.7731415","0.651542351542867","0.006","0.083","0.5","0.143","1.81741809844971"
"205","3","300","20","erdos_renyi","species","species_6","PLN","BIC","0.08","0.6034375","0.573510636705653","0.011","0.25","0.5","0.333","3.18108868598938"
"206","3","300","20","erdos_renyi","species","species_6","ZIPLN","BIC","0.05","0.5256875","0.612687096990332","0.005","0.375","0.75","0.5","3.67842769622803"
"207","4","300","20","erdos_renyi","species","species_6","PLN","BIC","0.05","0.62836","0.557757391992618","0","0",NA,"0","2.7613639831543"
"208","4","300","20","erdos_renyi","species","species_6","ZIPLN","BIC","0.02","0.455674","0.60480534696031","0.027","0.333","0.167","0.222","3.37777233123779"
"209","5","300","20","erdos_renyi","species","species_6","PLN","BIC","0.04","0.5975","0.486615904499118","0","0",NA,"0","3.60101318359375"
"210","5","300","20","erdos_renyi","species","species_6","ZIPLN","BIC","0.05","0.788","0.566549685179518","0","0",NA,"0","2.66640639305115"
"211","Error in dimnames(private$Sigma) <- dimnames(private$Omega) : 
  'dimnames' appliqué à autre chose qu'un tableau
","Error in dimnames(private$Sigma) <- dimnames(private$Omega) : 
  'dimnames' appliqué à autre chose qu'un tableau
","Error in dimnames(private$Sigma) <- dimnames(private$Omega) : 
  'dimnames' appliqué à autre chose qu'un tableau
","Error in dimnames(private$Sigma) <- dimnames(private$Omega) : 
  'dimnames' appliqué à autre chose qu'un tableau
","Error in dimnames(private$Sigma) <- dimnames(private$Omega) : 
  'dimnames' appliqué à autre chose qu'un tableau
","Error in dimnames(private$Sigma) <- dimnames(private$Omega) : 
  'dimnames' appliqué à autre chose qu'un tableau
","Error in dimnames(private$Sigma) <- dimnames(private$Omega) : 
  'dimnames' appliqué à autre chose qu'un tableau
","Error in dimnames(private$Sigma) <- dimnames(private$Omega) : 
  'dimnames' appliqué à autre chose qu'un tableau
","Error in dimnames(private$Sigma) <- dimnames(private$Omega) : 
  'dimnames' appliqué à autre chose qu'un tableau
","Error in dimnames(private$Sigma) <- dimnames(private$Omega) : 
  'dimnames' appliqué à autre chose qu'un tableau
","Error in dimnames(private$Sigma) <- dimnames(private$Omega) : 
  'dimnames' appliqué à autre chose qu'un tableau
","Error in dimnames(private$Sigma) <- dimnames(private$Omega) : 
  'dimnames' appliqué à autre chose qu'un tableau
","Error in dimnames(private$Sigma) <- dimnames(private$Omega) : 
  'dimnames' appliqué à autre chose qu'un tableau
","Error in dimnames(private$Sigma) <- dimnames(private$Omega) : 
  'dimnames' appliqué à autre chose qu'un tableau
","Error in dimnames(private$Sigma) <- dimnames(private$Omega) : 
  'dimnames' appliqué à autre chose qu'un tableau
","Error in dimnames(private$Sigma) <- dimnames(private$Omega) : 
  'dimnames' appliqué à autre chose qu'un tableau
"
"212","7","300","20","erdos_renyi","species","species_6","PLN","BIC","0.13","0.7405745","0.597535645063861","0.006","0.154","0.667","0.25","3.47630095481873"
"213","7","300","20","erdos_renyi","species","species_6","ZIPLN","BIC","0.09","0.5881805","0.673536367918637","0.023","0.462","0.6","0.522","7.41559982299805"
"214","8","300","20","erdos_renyi","species","species_6","PLN","BIC","0.1","0.6650895","0.556374605931422","0.017","0.222","0.4","0.286","2.51743698120117"
"215","8","300","20","erdos_renyi","species","species_6","ZIPLN","BIC","0.06","0.7540945","0.634176351618938","0.017","0.444","0.571","0.5","1.72554063796997"
"216","9","300","20","erdos_renyi","species","species_6","PLN","BIC","0.06","0.6746575","0.534102505416268","0.049","0.333","0.182","0.235","3.21122765541077"
"217","9","300","20","erdos_renyi","species","species_6","ZIPLN","BIC","0.04","0.657432","0.619888815189523","0","0.5","1","0.667","2.47953605651855"
"218","10","300","20","erdos_renyi","species","species_6","PLN","BIC","0.08","0.5876965","0.570095340067391","0","0",NA,"0","4.32161855697632"
"219","10","300","20","erdos_renyi","species","species_6","ZIPLN","BIC","0.06","0.689048","0.644105163692193","0.005","0.143","0.5","0.222","4.54421353340149"
"220","11","300","20","erdos_renyi","species","species_6","PLN","BIC","0.09","0.7514375","0.547902305778314","0","0",NA,"0","3.49230718612671"
"221","11","300","20","erdos_renyi","species","species_6","ZIPLN","BIC","0.08","0.7113125","0.637375279144095","0.005","0.375","0.75","0.5","2.17769145965576"
"222","Error in dimnames(private$Sigma) <- dimnames(private$Omega) : 
  'dimnames' appliqué à autre chose qu'un tableau
","Error in dimnames(private$Sigma) <- dimnames(private$Omega) : 
  'dimnames' appliqué à autre chose qu'un tableau
","Error in dimnames(private$Sigma) <- dimnames(private$Omega) : 
  'dimnames' appliqué à autre chose qu'un tableau
","Error in dimnames(private$Sigma) <- dimnames(private$Omega) : 
  'dimnames' appliqué à autre chose qu'un tableau
","Error in dimnames(private$Sigma) <- dimnames(private$Omega) : 
  'dimnames' appliqué à autre chose qu'un tableau
","Error in dimnames(private$Sigma) <- dimnames(private$Omega) : 
  'dimnames' appliqué à autre chose qu'un tableau
","Error in dimnames(private$Sigma) <- dimnames(private$Omega) : 
  'dimnames' appliqué à autre chose qu'un tableau
","Error in dimnames(private$Sigma) <- dimnames(private$Omega) : 
  'dimnames' appliqué à autre chose qu'un tableau
","Error in dimnames(private$Sigma) <- dimnames(private$Omega) : 
  'dimnames' appliqué à autre chose qu'un tableau
","Error in dimnames(private$Sigma) <- dimnames(private$Omega) : 
  'dimnames' appliqué à autre chose qu'un tableau
","Error in dimnames(private$Sigma) <- dimnames(private$Omega) : 
  'dimnames' appliqué à autre chose qu'un tableau
","Error in dimnames(private$Sigma) <- dimnames(private$Omega) : 
  'dimnames' appliqué à autre chose qu'un tableau
","Error in dimnames(private$Sigma) <- dimnames(private$Omega) : 
  'dimnames' appliqué à autre chose qu'un tableau
","Error in dimnames(private$Sigma) <- dimnames(private$Omega) : 
  'dimnames' appliqué à autre chose qu'un tableau
","Error in dimnames(private$Sigma) <- dimnames(private$Omega) : 
  'dimnames' appliqué à autre chose qu'un tableau
","Error in dimnames(private$Sigma) <- dimnames(private$Omega) : 
  'dimnames' appliqué à autre chose qu'un tableau
"
"223","13","300","20","erdos_renyi","species","species_6","PLN","BIC","0.1","0.7191875","0.52655045802213","0","0.25","1","0.4","2.90210914611816"
"224","13","300","20","erdos_renyi","species","species_6","ZIPLN","BIC","0.11","0.5989375","0.634845895791428","0","0.125","1","0.222","1.32054543495178"
"225","14","300","20","erdos_renyi","species","species_6","PLN","BIC","0.07","0.845655","0.47300521410118","0","0",NA,"0","3.47852396965027"
"226","14","300","20","erdos_renyi","species","species_6","ZIPLN","BIC","0.05","0.4644735","0.558638607028119","0","0",NA,"0","1.44860529899597"
"227","15","300","20","erdos_renyi","species","species_6","PLN","BIC","0.09","0.6698125","0.557797933858601","0","0",NA,"0","3.90685367584229"
"228","15","300","20","erdos_renyi","species","species_6","ZIPLN","BIC","0.06","0.7731875","0.625945798646252","0.022","0.75","0.6","0.667","1.57046055793762"
"229","16","300","20","erdos_renyi","species","species_6","PLN","BIC","0.08","0.759625","0.536788398991699","0","0",NA,"0","3.08412313461304"
"230","16","300","20","erdos_renyi","species","species_6","ZIPLN","BIC","0.07","0.450625","0.622802266436127","0","0",NA,"0","1.4292197227478"
"231","17","300","20","erdos_renyi","species","species_6","PLN","BIC","0.09","0.7201875","0.57674860933277","0","0",NA,"0","4.8783643245697"
"232","17","300","20","erdos_renyi","species","species_6","ZIPLN","BIC","0.06","0.691125","0.628823229185579","0","0.375","1","0.545","2.52164793014526"
"233","Error in dimnames(private$Sigma) <- dimnames(private$Omega) : 
  'dimnames' appliqué à autre chose qu'un tableau
","Error in dimnames(private$Sigma) <- dimnames(private$Omega) : 
  'dimnames' appliqué à autre chose qu'un tableau
","Error in dimnames(private$Sigma) <- dimnames(private$Omega) : 
  'dimnames' appliqué à autre chose qu'un tableau
","Error in dimnames(private$Sigma) <- dimnames(private$Omega) : 
  'dimnames' appliqué à autre chose qu'un tableau
","Error in dimnames(private$Sigma) <- dimnames(private$Omega) : 
  'dimnames' appliqué à autre chose qu'un tableau
","Error in dimnames(private$Sigma) <- dimnames(private$Omega) : 
  'dimnames' appliqué à autre chose qu'un tableau
","Error in dimnames(private$Sigma) <- dimnames(private$Omega) : 
  'dimnames' appliqué à autre chose qu'un tableau
","Error in dimnames(private$Sigma) <- dimnames(private$Omega) : 
  'dimnames' appliqué à autre chose qu'un tableau
","Error in dimnames(private$Sigma) <- dimnames(private$Omega) : 
  'dimnames' appliqué à autre chose qu'un tableau
","Error in dimnames(private$Sigma) <- dimnames(private$Omega) : 
  'dimnames' appliqué à autre chose qu'un tableau
","Error in dimnames(private$Sigma) <- dimnames(private$Omega) : 
  'dimnames' appliqué à autre chose qu'un tableau
","Error in dimnames(private$Sigma) <- dimnames(private$Omega) : 
  'dimnames' appliqué à autre chose qu'un tableau
","Error in dimnames(private$Sigma) <- dimnames(private$Omega) : 
  'dimnames' appliqué à autre chose qu'un tableau
","Error in dimnames(private$Sigma) <- dimnames(private$Omega) : 
  'dimnames' appliqué à autre chose qu'un tableau
","Error in dimnames(private$Sigma) <- dimnames(private$Omega) : 
  'dimnames' appliqué à autre chose qu'un tableau
","Error in dimnames(private$Sigma) <- dimnames(private$Omega) : 
  'dimnames' appliqué à autre chose qu'un tableau
"
"234","19","300","20","erdos_renyi","species","species_6","PLN","BIC","0.09","0.8597","0.508001025220664","0.005","0.4","0.667","0.5","2.58534717559814"
"235","19","300","20","erdos_renyi","species","species_6","ZIPLN","BIC","0.06","0.7073","0.602358484351143","0.022","0.6","0.429","0.5","1.56641292572021"
"236","20","300","20","erdos_renyi","species","species_6","PLN","BIC","0.07","0.7381875","0.509980478261227","0","0",NA,"0","2.3793842792511"
"237","20","300","20","erdos_renyi","species","species_6","ZIPLN","BIC","0.05","0.526085","0.568767949596398","0.005","0.333","0.667","0.444","1.33039617538452"
"238","1","300","20","community","species","species_1","PLN","BIC","0.07","0.8550775","0.609080433959854","0.022","0.714","0.556","0.625","2.42477989196777"
"239","1","300","20","community","species","species_1","ZIPLN","BIC","0.06","0.806685","0.685255429073117","0.011","0.571","0.667","0.615","3.20254921913147"
"240","2","300","20","community","species","species_1","PLN","BIC","0.09","0.844645","0.649566022915244","0.028","0.818","0.643","0.72","1.2796905040741"
"241","2","300","20","community","species","species_1","ZIPLN","BIC","0.07","0.788212","0.700179664964455","0.022","0.636","0.636","0.636","5.26578664779663"
"242","3","300","20","community","species","species_1","PLN","BIC","0.11","0.6803085","0.690133024675344","0","0.556","1","0.714","3.05098724365234"
"243","3","300","20","community","species","species_1","ZIPLN","BIC","0.13","0.6246","0.774385748830973","0.07","0.611","0.478","0.537","8.43729281425476"
"244","4","300","20","community","species","species_1","PLN","BIC","0.11","0.7533145","0.671958389999913","0.023","0.429","0.6","0.5","2.03834319114685"
"245","4","300","20","community","species","species_1","ZIPLN","BIC","0.07","0.6538315","0.739051525687967","0.051","0.786","0.55","0.647","4.41370177268982"
"246","5","300","20","community","species","species_1","PLN","BIC","0.1","0.8771565","0.61530813200313","0.028","0.667","0.615","0.64","2.25905871391296"
"247","5","300","20","community","species","species_1","ZIPLN","BIC","0.06","0.8045795","0.667758323828507","0.079","1","0.462","0.632","5.27839088439941"
"248","6","300","20","community","species","species_1","PLN","BIC","0.1","0.744643","0.614311635740454","0.046","0.625","0.556","0.588","2.63897585868835"
"249","6","300","20","community","species","species_1","ZIPLN","BIC","0.06","0.557551","0.713466011354314","0.057","0.812","0.565","0.667","4.92901873588562"
"250","7","300","20","community","species","species_1","PLN","BIC","0.1","0.881003","0.607030071381547","0.023","0.846","0.733","0.786","2.24905395507812"
"251","7","300","20","community","species","species_1","ZIPLN","BIC","0.07","0.754337","0.692830096212929","0.017","0.846","0.786","0.815","3.53916001319885"
"252","8","300","20","community","species","species_1","PLN","BIC","0.08","0.7533975","0.624267303400918","0.022","0.778","0.636","0.7","1.45667052268982"
"253","8","300","20","community","species","species_1","ZIPLN","BIC","0.05","0.6812005","0.684650416901709","0.022","0.556","0.556","0.556","2.8351902961731"
"254","9","300","20","community","species","species_1","PLN","BIC","0.09","0.6846985","0.649133143862855","0.028","0.636","0.583","0.609","2.62492036819458"
"255","9","300","20","community","species","species_1","ZIPLN","BIC","0.07","0.632119","0.754373401540463","0.022","0.727","0.667","0.696","3.6522388458252"
"256","10","300","20","community","species","species_1","PLN","BIC","0.08","0.698321","0.614029846709477","0.006","0.364","0.8","0.5","2.2130389213562"
"257","10","300","20","community","species","species_1","ZIPLN","BIC","0.06","0.815268","0.67812540732161","0.017","0.545","0.667","0.6","3.45022535324097"
"258","11","300","20","community","species","species_1","PLN","BIC","0.1","0.7781505","0.576733943003578","0.067","0.909","0.455","0.606","3.18990707397461"
"259","11","300","20","community","species","species_1","ZIPLN","BIC","0.07","0.719673","0.672953524639449","0.05","0.909","0.526","0.667","2.73069477081299"
"260","12","300","20","community","species","species_1","PLN","BIC","0.09","0.8029185","0.658747730592084","0","0",NA,"0","2.11271691322327"
"261","12","300","20","community","species","species_1","ZIPLN","BIC","0.06","0.7172885","0.707043787421312","0.079","0.769","0.417","0.541","3.68163800239563"
"262","13","300","20","community","species","species_1","PLN","BIC","0.07","0.7494375","0.606203228831519","0.005","0.375","0.75","0.5","2.02718210220337"
"263","13","300","20","community","species","species_1","ZIPLN","BIC","0.05","0.7461875","0.672335252297496","0.011","0.75","0.75","0.75","2.22194123268127"
"264","14","300","20","community","species","species_1","PLN","BIC","0.1","0.7133","0.659845838732167","0","0.4","1","0.571","1.07530546188354"
"265","14","300","20","community","species","species_1","ZIPLN","BIC","0.08","0.6981","0.73401310919204","0","0.5","1","0.667","1.59487366676331"
"266","15","300","20","community","species","species_1","PLN","BIC","0.1","0.737541","0.67882585247329","0","0.25","1","0.4","1.23416686058044"
"267","15","300","20","community","species","species_1","ZIPLN","BIC","0.07","0.8049335","0.750434467921668","0.006","0.5","0.857","0.632","1.39814329147339"
"268","16","300","20","community","species","species_1","PLN","BIC","0.08","0.8657595","0.623423440498435","0.011","0.455","0.714","0.556","2.25120043754578"
"269","16","300","20","community","species","species_1","ZIPLN","BIC","0.06","0.823046","0.682986985811609","0.006","0.455","0.833","0.588","2.56293368339539"
"270","17","300","20","community","species","species_1","PLN","BIC","0.07","0.7328","0.65153637858631","0.006","0.4","0.8","0.533","1.77521586418152"
"271","17","300","20","community","species","species_1","ZIPLN","BIC","0.05","0.7742","0.698741791651026","0.033","0.6","0.5","0.545","3.26109719276428"
"272","18","300","20","community","species","species_1","PLN","BIC","0.12","0.803694","0.599421630441088","0.017","0.538","0.7","0.609","2.11260771751404"
"273","18","300","20","community","species","species_1","ZIPLN","BIC","0.06","0.5856635","0.726501659200143","0.068","0.769","0.455","0.571","3.42479872703552"
"274","19","300","20","community","species","species_1","PLN","BIC","0.08","0.7837835","0.590158179048833","0.062","0.714","0.476","0.571","2.73238062858582"
"275","19","300","20","community","species","species_1","ZIPLN","BIC","0.05","0.6988585","0.650575463356004","0.102","0.714","0.357","0.476","3.24078130722046"
"276","20","300","20","community","species","species_1","PLN","BIC","0.07","0.880295","0.600106333716604","0","0.333","1","0.5","1.47222590446472"
"277","20","300","20","community","species","species_1","ZIPLN","BIC","0.05","0.792314","0.654318139058216","0.011","0.556","0.714","0.625","3.3251006603241"
"278","1","300","20","community","species","species_2","PLN","BIC","0.16","0.675801","0.410946653004288","0","0",NA,"0","3.10804605484009"
"279","1","300","20","community","species","species_2","ZIPLN","BIC","0.1","0.6912425","0.597757926069384","0","0.211","1","0.348","1.83809852600098"
"280","2","300","20","community","species","species_2","PLN","BIC","0.14","0.4020135","0.380379167223356","0","0",NA,"0","5.82632827758789"
"281","2","300","20","community","species","species_2","ZIPLN","BIC","0.09","0.5189045","0.599258023913873","0","0.083","1","0.154","2.61357021331787"
"282","3","300","20","community","species","species_2","PLN","BIC","0.2","0.701682","0.472115455327601","0","0",NA,"0","4.40572023391724"
"283","3","300","20","community","species","species_2","ZIPLN","BIC","0.11","0.598356","0.69864655011024","0.012","0.235","0.667","0.348","3.53523707389832"
"284","4","300","20","community","species","species_2","PLN","BIC","0.11","0.8186875","0.394413230919352","0","0",NA,"0","4.06629228591919"
"285","4","300","20","community","species","species_2","ZIPLN","BIC","0.07","0.7164375","0.58176660093223","0","0",NA,"0","2.58140778541565"
"286","5","300","20","community","species","species_2","PLN","BIC","0.16","0.5575195","0.389919285594075","0","0",NA,"0","4.99066710472107"
"287","5","300","20","community","species","species_2","ZIPLN","BIC","0.12","0.5366875","0.606593336827469","0","0.231","1","0.375","3.31516766548157"
"288","6","300","20","community","species","species_2","PLN","BIC","0.14","0.500543","0.417005121147876","0","0",NA,"0","4.84354448318481"
"289","6","300","20","community","species","species_2","ZIPLN","BIC","0.1","0.626732","0.638215852815691","0","0",NA,"0","2.91048789024353"
"290","7","300","20","community","species","species_2","PLN","BIC","0.16","0.509068","0.397493495533621","0","0",NA,"0","2.7138466835022"
"291","7","300","20","community","species","species_2","ZIPLN","BIC","0.1","0.572441","0.624767855808286","0","0",NA,"0","1.38348579406738"
"292","8","300","20","community","species","species_2","PLN","BIC","0.15","0.715245","0.421226959470004","0","0",NA,"0","4.22989869117737"
"293","8","300","20","community","species","species_2","ZIPLN","BIC","0.1","0.642869","0.624551572727449","0.039","0.667","0.533","0.593","2.52110648155212"
"294","9","300","20","community","species","species_2","PLN","BIC","0.16","0.4868035","0.397125304702479","0","0",NA,"0","6.44572615623474"
"295","9","300","20","community","species","species_2","ZIPLN","BIC","0.09","0.5460795","0.625300093474714","0","0.071","1","0.133","2.10701441764832"
"296","10","300","20","community","species","species_2","PLN","BIC","0.13","0.6034615","0.418882915094589","0","0",NA,"0","6.02424287796021"
"297","10","300","20","community","species","species_2","ZIPLN","BIC","0.11","0.5626005","0.618626741657102","0","0",NA,"0","2.34530305862427"
"298","11","300","20","community","species","species_2","PLN","BIC","0.17","0.6521455","0.395937497262822","0","0",NA,"0","5.2211172580719"
"299","11","300","20","community","species","species_2","ZIPLN","BIC","0.1","0.688943","0.640200097528951","0","0",NA,"0","2.67950296401978"
"300","12","300","20","community","species","species_2","PLN","BIC","0.19","0.582332","0.413858502754263","0","0",NA,"0","3.80160021781921"
"301","12","300","20","community","species","species_2","ZIPLN","BIC","0.11","0.671278","0.647740607266519","0","0",NA,"0","1.90159606933594"
"302","13","300","20","community","species","species_2","PLN","BIC","0.18","0.5029155","0.445359399573379","0","0",NA,"0","3.57422232627869"
"303","13","300","20","community","species","species_2","ZIPLN","BIC","0.13","0.7457835","0.695681166387663","0","0",NA,"0","1.41312694549561"
"304","14","300","20","community","species","species_2","PLN","BIC","0.16","0.5619205","0.4157834283543","0","0",NA,"0","4.92937302589417"
"305","14","300","20","community","species","species_2","ZIPLN","BIC","0.1","0.709813","0.634869718874173","0","0",NA,"0","1.8359043598175"
"306","15","300","20","community","species","species_2","PLN","BIC","0.18","0.7181175","0.375663354758386","0","0",NA,"0","4.4319806098938"
"307","15","300","20","community","species","species_2","ZIPLN","BIC","0.1","0.6986115","0.613352092681522","0.017","0.364","0.571","0.444","1.55466318130493"
"308","16","300","20","community","species","species_2","PLN","BIC","0.17","0.542841","0.381020215710157","0","0",NA,"0","5.25665855407715"
"309","16","300","20","community","species","species_2","ZIPLN","BIC","0.1","0.7219115","0.625320068869563","0","0",NA,"0","1.27984571456909"
"310","17","300","20","community","species","species_2","PLN","BIC","0.14","0.4731","0.41396814798634","0","0",NA,"0","4.05514764785767"
"311","17","300","20","community","species","species_2","ZIPLN","BIC","0.09","0.5458","0.666755912686171","0","0.1","1","0.182","1.74430990219116"
"312","18","300","20","community","species","species_2","PLN","BIC","0.13","0.474019","0.380106611548422","0","0",NA,"0","4.93200397491455"
"313","18","300","20","community","species","species_2","ZIPLN","BIC","0.09","0.699546","0.58057328341526","0","0",NA,"0","1.78893041610718"
"314","19","300","20","community","species","species_2","PLN","BIC","0.17","0.5471105","0.388927032384369","0","0",NA,"0","2.63249158859253"
"315","19","300","20","community","species","species_2","ZIPLN","BIC","0.11","0.522035","0.609265293753701","0","0.333","1","0.5","1.39107322692871"
"316","20","300","20","community","species","species_2","PLN","BIC","0.14","0.619678","0.421580569796603","0","0",NA,"0","2.59617614746094"
"317","20","300","20","community","species","species_2","ZIPLN","BIC","0.08","0.775095","0.658544581314951","0","0",NA,"0","1.28969812393188"
"318","Error : inv_sympd(): matrix is singular or not positive definite
","Error : inv_sympd(): matrix is singular or not positive definite
","Error : inv_sympd(): matrix is singular or not positive definite
","Error : inv_sympd(): matrix is singular or not positive definite
","Error : inv_sympd(): matrix is singular or not positive definite
","Error : inv_sympd(): matrix is singular or not positive definite
","Error : inv_sympd(): matrix is singular or not positive definite
","Error : inv_sympd(): matrix is singular or not positive definite
","Error : inv_sympd(): matrix is singular or not positive definite
","Error : inv_sympd(): matrix is singular or not positive definite
","Error : inv_sympd(): matrix is singular or not positive definite
","Error : inv_sympd(): matrix is singular or not positive definite
","Error : inv_sympd(): matrix is singular or not positive definite
","Error : inv_sympd(): matrix is singular or not positive definite
","Error : inv_sympd(): matrix is singular or not positive definite
","Error : inv_sympd(): matrix is singular or not positive definite
"
"319","Error : inv_sympd(): matrix is singular or not positive definite
","Error : inv_sympd(): matrix is singular or not positive definite
","Error : inv_sympd(): matrix is singular or not positive definite
","Error : inv_sympd(): matrix is singular or not positive definite
","Error : inv_sympd(): matrix is singular or not positive definite
","Error : inv_sympd(): matrix is singular or not positive definite
","Error : inv_sympd(): matrix is singular or not positive definite
","Error : inv_sympd(): matrix is singular or not positive definite
","Error : inv_sympd(): matrix is singular or not positive definite
","Error : inv_sympd(): matrix is singular or not positive definite
","Error : inv_sympd(): matrix is singular or not positive definite
","Error : inv_sympd(): matrix is singular or not positive definite
","Error : inv_sympd(): matrix is singular or not positive definite
","Error : inv_sympd(): matrix is singular or not positive definite
","Error : inv_sympd(): matrix is singular or not positive definite
","Error : inv_sympd(): matrix is singular or not positive definite
"
"320","3","300","20","community","species","species_3","PLN","BIC","0.21","0.3290065","0.278071099184319","0","0",NA,"0","7.66644906997681"
"321","3","300","20","community","species","species_3","ZIPLN","BIC","0.13","0.6189985","0.484257853993145","0","0",NA,"0","1.76910996437073"
"322","Error : inv_sympd(): matrix is singular or not positive definite
","Error : inv_sympd(): matrix is singular or not positive definite
","Error : inv_sympd(): matrix is singular or not positive definite
","Error : inv_sympd(): matrix is singular or not positive definite
","Error : inv_sympd(): matrix is singular or not positive definite
","Error : inv_sympd(): matrix is singular or not positive definite
","Error : inv_sympd(): matrix is singular or not positive definite
","Error : inv_sympd(): matrix is singular or not positive definite
","Error : inv_sympd(): matrix is singular or not positive definite
","Error : inv_sympd(): matrix is singular or not positive definite
","Error : inv_sympd(): matrix is singular or not positive definite
","Error : inv_sympd(): matrix is singular or not positive definite
","Error : inv_sympd(): matrix is singular or not positive definite
","Error : inv_sympd(): matrix is singular or not positive definite
","Error : inv_sympd(): matrix is singular or not positive definite
","Error : inv_sympd(): matrix is singular or not positive definite
"
"323","5","300","20","community","species","species_3","PLN","BIC","0.17","0.5707375","0.28416147820884","0","0",NA,"0","5.38904285430908"
"324","5","300","20","community","species","species_3","ZIPLN","BIC","0.11","0.583332","0.480793535608391","0","0",NA,"0","2.78763747215271"
"325","6","300","20","community","species","species_3","PLN","BIC","0.19","0.431353","0.283214264725613","0","0",NA,"0","7.71058678627014"
"326","6","300","20","community","species","species_3","ZIPLN","BIC","0.1","0.54286","0.461149928551395","0","0",NA,"0","2.06842255592346"
"327","Error : inv_sympd(): matrix is singular or not positive definite
","Error : inv_sympd(): matrix is singular or not positive definite
","Error : inv_sympd(): matrix is singular or not positive definite
","Error : inv_sympd(): matrix is singular or not positive definite
","Error : inv_sympd(): matrix is singular or not positive definite
","Error : inv_sympd(): matrix is singular or not positive definite
","Error : inv_sympd(): matrix is singular or not positive definite
","Error : inv_sympd(): matrix is singular or not positive definite
","Error : inv_sympd(): matrix is singular or not positive definite
","Error : inv_sympd(): matrix is singular or not positive definite
","Error : inv_sympd(): matrix is singular or not positive definite
","Error : inv_sympd(): matrix is singular or not positive definite
","Error : inv_sympd(): matrix is singular or not positive definite
","Error : inv_sympd(): matrix is singular or not positive definite
","Error : inv_sympd(): matrix is singular or not positive definite
","Error : inv_sympd(): matrix is singular or not positive definite
"
"328","Error : inv_sympd(): matrix is singular or not positive definite
","Error : inv_sympd(): matrix is singular or not positive definite
","Error : inv_sympd(): matrix is singular or not positive definite
","Error : inv_sympd(): matrix is singular or not positive definite
","Error : inv_sympd(): matrix is singular or not positive definite
","Error : inv_sympd(): matrix is singular or not positive definite
","Error : inv_sympd(): matrix is singular or not positive definite
","Error : inv_sympd(): matrix is singular or not positive definite
","Error : inv_sympd(): matrix is singular or not positive definite
","Error : inv_sympd(): matrix is singular or not positive definite
","Error : inv_sympd(): matrix is singular or not positive definite
","Error : inv_sympd(): matrix is singular or not positive definite
","Error : inv_sympd(): matrix is singular or not positive definite
","Error : inv_sympd(): matrix is singular or not positive definite
","Error : inv_sympd(): matrix is singular or not positive definite
","Error : inv_sympd(): matrix is singular or not positive definite
"
"329","9","300","20","community","species","species_3","PLN","BIC","0.17","0.4710735","0.278187352317582","0","0",NA,"0","5.08485984802246"
"330","9","300","20","community","species","species_3","ZIPLN","BIC","0.25","0.378726","0.467789890391749","0","0",NA,"0","1.66115069389343"
"331","Error : inv_sympd(): matrix is singular or not positive definite
","Error : inv_sympd(): matrix is singular or not positive definite
","Error : inv_sympd(): matrix is singular or not positive definite
","Error : inv_sympd(): matrix is singular or not positive definite
","Error : inv_sympd(): matrix is singular or not positive definite
","Error : inv_sympd(): matrix is singular or not positive definite
","Error : inv_sympd(): matrix is singular or not positive definite
","Error : inv_sympd(): matrix is singular or not positive definite
","Error : inv_sympd(): matrix is singular or not positive definite
","Error : inv_sympd(): matrix is singular or not positive definite
","Error : inv_sympd(): matrix is singular or not positive definite
","Error : inv_sympd(): matrix is singular or not positive definite
","Error : inv_sympd(): matrix is singular or not positive definite
","Error : inv_sympd(): matrix is singular or not positive definite
","Error : inv_sympd(): matrix is singular or not positive definite
","Error : inv_sympd(): matrix is singular or not positive definite
"
"332","11","300","20","community","species","species_3","PLN","BIC","0.2","0.395676","0.260671431893035","0","0",NA,"0","8.37201881408691"
"333","11","300","20","community","species","species_3","ZIPLN","BIC","0.11","0.592503","0.460720146790581","0","0",NA,"0","2.49098420143127"
"334","12","300","20","community","species","species_3","PLN","BIC","0.21","0.528844","0.261295467704789","0","0",NA,"0","7.60474944114685"
"335","12","300","20","community","species","species_3","ZIPLN","BIC","0.11","0.420865","0.444890191560923","0","0",NA,"0","1.95359897613525"
"336","Error : inv_sympd(): matrix is singular or not positive definite
","Error : inv_sympd(): matrix is singular or not positive definite
","Error : inv_sympd(): matrix is singular or not positive definite
","Error : inv_sympd(): matrix is singular or not positive definite
","Error : inv_sympd(): matrix is singular or not positive definite
","Error : inv_sympd(): matrix is singular or not positive definite
","Error : inv_sympd(): matrix is singular or not positive definite
","Error : inv_sympd(): matrix is singular or not positive definite
","Error : inv_sympd(): matrix is singular or not positive definite
","Error : inv_sympd(): matrix is singular or not positive definite
","Error : inv_sympd(): matrix is singular or not positive definite
","Error : inv_sympd(): matrix is singular or not positive definite
","Error : inv_sympd(): matrix is singular or not positive definite
","Error : inv_sympd(): matrix is singular or not positive definite
","Error : inv_sympd(): matrix is singular or not positive definite
","Error : inv_sympd(): matrix is singular or not positive definite
"
"337","Error : inv_sympd(): matrix is singular or not positive definite
","Error : inv_sympd(): matrix is singular or not positive definite
","Error : inv_sympd(): matrix is singular or not positive definite
","Error : inv_sympd(): matrix is singular or not positive definite
","Error : inv_sympd(): matrix is singular or not positive definite
","Error : inv_sympd(): matrix is singular or not positive definite
","Error : inv_sympd(): matrix is singular or not positive definite
","Error : inv_sympd(): matrix is singular or not positive definite
","Error : inv_sympd(): matrix is singular or not positive definite
","Error : inv_sympd(): matrix is singular or not positive definite
","Error : inv_sympd(): matrix is singular or not positive definite
","Error : inv_sympd(): matrix is singular or not positive definite
","Error : inv_sympd(): matrix is singular or not positive definite
","Error : inv_sympd(): matrix is singular or not positive definite
","Error : inv_sympd(): matrix is singular or not positive definite
","Error : inv_sympd(): matrix is singular or not positive definite
"
"338","15","300","20","community","species","species_3","PLN","BIC","0.14","0.3449375","0.263224536399672","0","0",NA,"0","5.08148288726807"
"339","15","300","20","community","species","species_3","ZIPLN","BIC","0.07","0.5539375","0.441429580816205","0","0",NA,"0","1.28543877601624"
"340","Error : inv_sympd(): matrix is singular or not positive definite
","Error : inv_sympd(): matrix is singular or not positive definite
","Error : inv_sympd(): matrix is singular or not positive definite
","Error : inv_sympd(): matrix is singular or not positive definite
","Error : inv_sympd(): matrix is singular or not positive definite
","Error : inv_sympd(): matrix is singular or not positive definite
","Error : inv_sympd(): matrix is singular or not positive definite
","Error : inv_sympd(): matrix is singular or not positive definite
","Error : inv_sympd(): matrix is singular or not positive definite
","Error : inv_sympd(): matrix is singular or not positive definite
","Error : inv_sympd(): matrix is singular or not positive definite
","Error : inv_sympd(): matrix is singular or not positive definite
","Error : inv_sympd(): matrix is singular or not positive definite
","Error : inv_sympd(): matrix is singular or not positive definite
","Error : inv_sympd(): matrix is singular or not positive definite
","Error : inv_sympd(): matrix is singular or not positive definite
"
"341","17","300","20","community","species","species_3","PLN","BIC","0.14","0.323028","0.272458644210183","0","0",NA,"0","7.37276482582092"
"342","17","300","20","community","species","species_3","ZIPLN","BIC","0.1","0.6011285","0.435721135106718","0","0",NA,"0","1.28279066085815"
"343","18","300","20","community","species","species_3","PLN","BIC","0.14","0.5426625","0.276749447620489","0","0",NA,"0","7.90677881240845"
"344","18","300","20","community","species","species_3","ZIPLN","BIC","0.17","0.4802505","0.442807507886899","0","0",NA,"0","1.19022846221924"
"345","Error : inv_sympd(): matrix is singular or not positive definite
","Error : inv_sympd(): matrix is singular or not positive definite
","Error : inv_sympd(): matrix is singular or not positive definite
","Error : inv_sympd(): matrix is singular or not positive definite
","Error : inv_sympd(): matrix is singular or not positive definite
","Error : inv_sympd(): matrix is singular or not positive definite
","Error : inv_sympd(): matrix is singular or not positive definite
","Error : inv_sympd(): matrix is singular or not positive definite
","Error : inv_sympd(): matrix is singular or not positive definite
","Error : inv_sympd(): matrix is singular or not positive definite
","Error : inv_sympd(): matrix is singular or not positive definite
","Error : inv_sympd(): matrix is singular or not positive definite
","Error : inv_sympd(): matrix is singular or not positive definite
","Error : inv_sympd(): matrix is singular or not positive definite
","Error : inv_sympd(): matrix is singular or not positive definite
","Error : inv_sympd(): matrix is singular or not positive definite
"
"346","Error : inv_sympd(): matrix is singular or not positive definite
","Error : inv_sympd(): matrix is singular or not positive definite
","Error : inv_sympd(): matrix is singular or not positive definite
","Error : inv_sympd(): matrix is singular or not positive definite
","Error : inv_sympd(): matrix is singular or not positive definite
","Error : inv_sympd(): matrix is singular or not positive definite
","Error : inv_sympd(): matrix is singular or not positive definite
","Error : inv_sympd(): matrix is singular or not positive definite
","Error : inv_sympd(): matrix is singular or not positive definite
","Error : inv_sympd(): matrix is singular or not positive definite
","Error : inv_sympd(): matrix is singular or not positive definite
","Error : inv_sympd(): matrix is singular or not positive definite
","Error : inv_sympd(): matrix is singular or not positive definite
","Error : inv_sympd(): matrix is singular or not positive definite
","Error : inv_sympd(): matrix is singular or not positive definite
","Error : inv_sympd(): matrix is singular or not positive definite
"
"347","1","300","20","community","species","species_4","PLN","BIC","0.13","0.638237","0.52707498005651","0","0",NA,"0","4.66000151634216"
"348","1","300","20","community","species","species_4","ZIPLN","BIC","0.1","0.464006","0.573847220326559","0","0.182","1","0.308","3.56221508979797"
"349","2","300","20","community","species","species_4","PLN","BIC","0.18","0.6036","0.55981122036138","0.006","0.1","0.667","0.174","6.68498253822327"
"350","2","300","20","community","species","species_4","ZIPLN","BIC","0.15","0.2749","0.587329955486665","0","0.25","1","0.4","6.39613819122314"
"351","3","300","20","community","species","species_4","PLN","BIC","0.1","0.4770505","0.497394382107241","0","0",NA,"0","3.3519344329834"
"352","3","300","20","community","species","species_4","ZIPLN","BIC","0.08","0.461662","0.527252052272896","0.011","0.143","0.333","0.2","2.0653669834137"
"353","4","300","20","community","species","species_4","PLN","BIC","0.16","0.4930935","0.510986570647443","0","0.056","1","0.105","3.77266454696655"
"354","4","300","20","community","species","species_4","ZIPLN","BIC","0.1","0.139428","0.549213758867517","0.017","0.222","0.571","0.32","3.07829475402832"
"355","5","300","20","community","species","species_4","PLN","BIC","0.14","0.4177475","0.508351845074305","0","0.071","1","0.133","3.44464778900146"
"356","5","300","20","community","species","species_4","ZIPLN","BIC","0.08","0.0566155","0.555673868479878","0","0.071","1","0.133","3.00349807739258"
"357","6","300","20","community","species","species_4","PLN","BIC","0.12","0.4054615","0.512811327128298","0","0",NA,"0","6.43934154510498"
"358","6","300","20","community","species","species_4","ZIPLN","BIC","0.07","0.3150305","0.55083825583353","0","0",NA,"0","4.25996088981628"
"359","7","300","20","community","species","species_4","PLN","BIC","0.11","0.67525","0.518943740216094","0.011","0.5","0.667","0.571","3.46544289588928"
"360","7","300","20","community","species","species_4","ZIPLN","BIC","0.06","0.4018125","0.533464771643369","0.022","0.625","0.556","0.588","2.35538101196289"
"361","8","300","20","community","species","species_4","PLN","BIC","0.11","0.4413","0.514584357120318","0","0",NA,"0","3.51603055000305"
"362","8","300","20","community","species","species_4","ZIPLN","BIC","0.07","0.3047495","0.566122105052718","0.028","0.091","0.167","0.118","2.65106010437012"
"363","9","300","20","community","species","species_4","PLN","BIC","0.14","0.547896","0.522713605304698","0","0.067","1","0.125","2.22703671455383"
"364","9","300","20","community","species","species_4","ZIPLN","BIC","0.1","0.108244","0.566330683617103","0","0.067","1","0.125","1.59367108345032"
"365","10","300","20","community","species","species_4","PLN","BIC","0.14","0.58701","0.461257665668957","0","0",NA,"0","6.72681665420532"
"366","10","300","20","community","species","species_4","ZIPLN","BIC","0.07","0.2025205","0.503358956125949","0.011","0.182","0.5","0.267","2.19121050834656"
"367","11","300","20","community","species","species_4","PLN","BIC","0.13","0.2126","0.560130044784182","0","0",NA,"0","4.00057768821716"
"368","11","300","20","community","species","species_4","ZIPLN","BIC","0.11","0.43875","0.607120450220559","0.011","0.1","0.333","0.154","2.68526554107666"
"369","12","300","20","community","species","species_4","PLN","BIC","0.13","0.604933","0.54072375204603","0.006","0.273","0.75","0.4","2.33666467666626"
"370","12","300","20","community","species","species_4","ZIPLN","BIC","0.08","0.209047","0.569801048070269","0.011","0.273","0.6","0.375","2.32916235923767"
"371","13","300","20","community","species","species_4","PLN","BIC","0.15","0.5718935","0.559871597608812","0.075","0.471","0.381","0.421","2.795241355896"
"372","13","300","20","community","species","species_4","ZIPLN","BIC","0.1","0.3251505","0.591772394590169","0.069","0.412","0.368","0.389","1.53761744499207"
"373","14","300","20","community","species","species_4","PLN","BIC","0.13","0.6140305","0.532406342868201","0.006","0.067","0.5","0.118","3.67940235137939"
"374","14","300","20","community","species","species_4","ZIPLN","BIC","0.13","0.322718","0.578714730029029","0","0.267","1","0.421","1.66989254951477"
"375","15","300","20","community","species","species_4","PLN","BIC","0.13","0.460601","0.507705545629529","0","0",NA,"0","3.00267505645752"
"376","15","300","20","community","species","species_4","ZIPLN","BIC","0.09","0.274926","0.530554192305522","0","0",NA,"0","2.34496855735779"
"377","16","300","20","community","species","species_4","PLN","BIC","0.11","0.676024","0.59942407938077","0","0",NA,"0","2.93192791938782"
"378","16","300","20","community","species","species_4","ZIPLN","BIC","0.1","0.3889935","0.621169950064111","0.011","0.077","0.333","0.125","2.83760666847229"
"379","17","300","20","community","species","species_4","PLN","BIC","0.14","0.5242225","0.534709010204622","0.011","0.077","0.333","0.125","3.74341630935669"
"380","17","300","20","community","species","species_4","ZIPLN","BIC","0.08","0.3587115","0.566683031089577","0.045","0.231","0.273","0.25","1.76192283630371"
"381","18","300","20","community","species","species_4","PLN","BIC","0.09","0.6199375","0.544809030042628","0","0",NA,"0","1.50368595123291"
"382","18","300","20","community","species","species_4","ZIPLN","BIC","0.06","0.512375","0.564378402927116","0","0.125","1","0.222","1.27134394645691"
"383","19","300","20","community","species","species_4","PLN","BIC","0.12","0.54075","0.545689425038895","0.033","0.2","0.25","0.222","2.9015052318573"
"384","19","300","20","community","species","species_4","ZIPLN","BIC","0.14","0.0047","0.651947218698955","0.089","0.1","0.059","0.074","1.1683965921402"
"385","20","300","20","community","species","species_4","PLN","BIC","0.1","0.6339385","0.565633788724663","0.017","0.556","0.625","0.588","1.37918400764465"
"386","20","300","20","community","species","species_4","ZIPLN","BIC","0.09","0.4575615","0.595923420306505","0.006","0.444","0.8","0.571","1.99283027648926"
"387","1","300","20","community","species","species_5","PLN","BIC","0.12","0.2405835","0.50604009567279","0","0",NA,"0","7.17796492576599"
"388","1","300","20","community","species","species_5","ZIPLN","BIC","0.07","0.439944","0.528228630879354","0","0",NA,"0","2.96843075752258"
"389","2","300","20","community","species","species_5","PLN","BIC","0.14","0.4883325","0.510504224883506","0","0",NA,"0","5.49777817726135"
"390","2","300","20","community","species","species_5","ZIPLN","BIC","0.1","0.232748","0.587279617698406","0","0.053","1","0.1","5.02055144309998"
"391","3","300","20","community","species","species_5","PLN","BIC","0.13","0.667721","0.542260517329509","0.006","0.083","0.5","0.143","2.29594016075134"
"392","3","300","20","community","species","species_5","ZIPLN","BIC","0.16","0.32624","0.564830966092308","0.011","0.333","0.667","0.444","4.32402753829956"
"393","4","300","20","community","species","species_5","PLN","BIC","0.08","0.6368125","0.5461214696056","0","0",NA,"0","4.02354741096497"
"394","4","300","20","community","species","species_5","ZIPLN","BIC","0.05","0.5070625","0.586843698897674","0.011","0.625","0.714","0.667","2.86016511917114"
"395","5","300","20","community","species","species_5","PLN","BIC","0.13","0.53158","0.510985906204611","0.011","0.167","0.5","0.25","4.02288007736206"
"396","5","300","20","community","species","species_5","ZIPLN","BIC","0.1","0.294851","0.555184493907766","0.006","0.25","0.75","0.375","3.42448234558105"
"397","6","300","20","community","species","species_5","PLN","BIC","0.12","0.629237","0.532954404228066","0.017","0.231","0.5","0.316","4.5218608379364"
"398","6","300","20","community","species","species_5","ZIPLN","BIC","0.06","0.390231","0.576371278480842","0.011","0.308","0.667","0.421","3.46838736534119"
"399","7","300","20","community","species","species_5","PLN","BIC","0.12","0.5968095","0.554519266625266","0","0",NA,"0","4.92169451713562"
"400","7","300","20","community","species","species_5","ZIPLN","BIC","0.08","0.6197395","0.619315060525629","0.011","0.231","0.6","0.333","3.12694191932678"
"401","8","300","20","community","species","species_5","PLN","BIC","0.14","0.597869","0.529643788097402","0.006","0.167","0.667","0.267","5.49697685241699"
"402","8","300","20","community","species","species_5","ZIPLN","BIC","0.12","0.196538","0.571845079057722","0","0.333","1","0.5","3.37544345855713"
"403","9","300","20","community","species","species_5","PLN","BIC","0.13","0.44545","0.523766932944202","0","0.1","1","0.182","2.86174130439758"
"404","9","300","20","community","species","species_5","ZIPLN","BIC","0.08","0.3145","0.577739206104413","0.011","0.3","0.6","0.4","1.99573802947998"
"405","10","300","20","community","species","species_5","PLN","BIC","0.11","0.5658115","0.56608922376562","0","0",NA,"0","3.49578285217285"
"406","10","300","20","community","species","species_5","ZIPLN","BIC","0.08","0.5539345","0.60747968048364","0","0",NA,"0","6.00841403007507"
"407","11","300","20","community","species","species_5","PLN","BIC","0.11","0.7422865","0.576695122108328","0","0",NA,"0","3.21515130996704"
"408","11","300","20","community","species","species_5","ZIPLN","BIC","0.06","0.707591","0.621188235255848","0.022","0.667","0.6","0.632","2.70288395881653"
"409","12","300","20","community","species","species_5","PLN","BIC","0.12","0.6556265","0.61234282780955","0.011","0.357","0.714","0.476","3.31389617919922"
"410","12","300","20","community","species","species_5","ZIPLN","BIC","0.09","0.550426","0.640371088516802","0.028","0.357","0.5","0.417","4.34049153327942"
"411","13","300","20","community","species","species_5","PLN","BIC","0.2","0.516346","0.518693734242464","0","0",NA,"0","3.08480501174927"
"412","13","300","20","community","species","species_5","ZIPLN","BIC","0.2","0.1690275","0.567395673788896","0.012","0.111","0.5","0.182","1.71627187728882"
"413","14","300","20","community","species","species_5","PLN","BIC","0.17","0.5458375","0.571531189374653","0.012","0.167","0.6","0.261","3.06693887710571"
"414","14","300","20","community","species","species_5","ZIPLN","BIC","0.13","0.289995","0.600946122687976","0.012","0.333","0.75","0.462","1.41536521911621"
"415","15","300","20","community","species","species_5","PLN","BIC","0.15","0.489467","0.492144333224595","0","0",NA,"0","4.84365558624268"
"416","15","300","20","community","species","species_5","ZIPLN","BIC","0.19","0.1605875","0.557866197314157","0.006","0.143","0.667","0.235","1.90684247016907"
"417","16","300","20","community","species","species_5","PLN","BIC","0.12","0.4209885","0.515035394793854","0.011","0.182","0.5","0.267","3.13695359230042"
"418","16","300","20","community","species","species_5","ZIPLN","BIC","0.07","0.136864","0.531410073429604","0.006","0.182","0.667","0.286","2.2724609375"
"419","17","300","20","community","species","species_5","PLN","BIC","0.12","0.6854225","0.484188133675145","0","0",NA,"0","4.58701395988464"
"420","17","300","20","community","species","species_5","ZIPLN","BIC","0.1","0.3875265","0.515031529904432","0.011","0.167","0.5","0.25","2.48880052566528"
"421","18","300","20","community","species","species_5","PLN","BIC","0.12","0.407625","0.47681837617875","0","0",NA,"0","3.98150134086609"
"422","18","300","20","community","species","species_5","ZIPLN","BIC","0.08","0.4880625","0.542613817869523","0","0",NA,"0","1.68313264846802"
"423","19","300","20","community","species","species_5","PLN","BIC","0.13","0.704126","0.563526029616542","0","0",NA,"0","3.11251187324524"
"424","19","300","20","community","species","species_5","ZIPLN","BIC","0.13","0.3881115","0.610386777924675","0.017","0.385","0.625","0.476","3.50795030593872"
"425","20","300","20","community","species","species_5","PLN","BIC","0.16","0.378288","0.49293307418518","0.017","0.125","0.4","0.19","2.92873024940491"
"426","20","300","20","community","species","species_5","ZIPLN","BIC","0.11","0.13909","0.518520469107822","0.011","0.125","0.5","0.2","2.74968409538269"
"427","1","300","20","community","species","species_6","PLN","BIC","0.12","0.779615","0.549521257994979","0.011","0.25","0.6","0.353","4.11885118484497"
"428","1","300","20","community","species","species_6","ZIPLN","BIC","0.08","0.645589","0.609667742239745","0.017","0.5","0.667","0.571","3.29445934295654"
"429","2","300","20","community","species","species_6","PLN","BIC","0.1","0.648162","0.484365538948556","0","0.429","1","0.6","2.02410912513733"
"430","2","300","20","community","species","species_6","ZIPLN","BIC","0.06","0.675864","0.588052728064022","0.038","0.571","0.364","0.444","3.17503499984741"
"431","3","300","20","community","species","species_6","PLN","BIC","0.14","0.5939705","0.551969186497305","0.017","0.25","0.5","0.333","5.07488393783569"
"432","3","300","20","community","species","species_6","ZIPLN","BIC","0.09","0.6471325","0.647379093414277","0.022","0.583","0.636","0.609","9.0883777141571"
"433","4","300","20","community","species","species_6","PLN","BIC","0.15","0.583741","0.57262850217679","0","0",NA,"0","4.38131833076477"
"434","4","300","20","community","species","species_6","ZIPLN","BIC","0.14","0.5252695","0.670639726893949","0.011","0.533","0.8","0.64","4.74523544311523"
"435","5","300","20","community","species","species_6","PLN","BIC","0.07","0.7365","0.597245891009939","0","0",NA,"0","3.47998309135437"
"436","5","300","20","community","species","species_6","ZIPLN","BIC","0.06","0.5539","0.652566734017834","0.016","0.2","0.25","0.222","3.23238372802734"
"437","6","300","20","community","species","species_6","PLN","BIC","0.13","0.5910665","0.589584242013252","0.011","0.25","0.667","0.364","3.10809540748596"
"438","6","300","20","community","species","species_6","ZIPLN","BIC","0.11","0.440439","0.662986847628107","0.029","0.312","0.5","0.385","3.6401059627533"
"439","7","300","20","community","species","species_6","PLN","BIC","0.13","0.738084","0.586285345472511","0.04","0.429","0.462","0.444","3.25039958953857"
"440","7","300","20","community","species","species_6","ZIPLN","BIC","0.08","0.649859","0.671881045040325","0.04","0.429","0.462","0.444","2.40376257896423"
"441","8","300","20","community","species","species_6","PLN","BIC","0.12","0.654319","0.582687939446473","0","0",NA,"0","3.23524618148804"
"442","8","300","20","community","species","species_6","ZIPLN","BIC","0.07","0.663681","0.669181165720421","0","0.083","1","0.154","2.86486887931824"
"443","9","300","20","community","species","species_6","PLN","BIC","0.11","0.6428735","0.605405496002338","0","0",NA,"0","3.59180903434753"
"444","9","300","20","community","species","species_6","ZIPLN","BIC","0.07","0.703717","0.663158997955985","0.017","0.583","0.7","0.636","2.50614285469055"
"445","10","300","20","community","species","species_6","PLN","BIC","0.13","0.674011","0.523573076183024","0","0.333","1","0.5","2.9192852973938"
"446","10","300","20","community","species","species_6","ZIPLN","BIC","0.1","0.720376","0.6271316039516","0.011","0.5","0.75","0.6","2.74624967575073"
"447","11","300","20","community","species","species_6","PLN","BIC","0.12","0.744626","0.505189681777791","0.04","0.538","0.5","0.519","3.90941858291626"
"448","11","300","20","community","species","species_6","ZIPLN","BIC","0.08","0.609165","0.639258824422386","0.079","0.846","0.44","0.579","3.42850780487061"
"449","12","300","20","community","species","species_6","PLN","BIC","0.09","0.7038105","0.521317278468894","0.016","0.571","0.571","0.571","3.65344786643982"
"450","12","300","20","community","species","species_6","ZIPLN","BIC","0.07","0.5791155","0.610712602762119","0.011","0.714","0.714","0.714","2.38513708114624"
"451","13","300","20","community","species","species_6","PLN","BIC","0.12","0.628878","0.566247413548028","0","0",NA,"0","4.29326725006104"
"452","13","300","20","community","species","species_6","ZIPLN","BIC","0.11","0.656657","0.660481630142939","0.034","0.467","0.538","0.5","3.83201766014099"
"453","14","300","20","community","species","species_6","PLN","BIC","0.11","0.8610955","0.603591238442693","0.023","0.385","0.556","0.455","2.71631073951721"
"454","14","300","20","community","species","species_6","ZIPLN","BIC","0.08","0.697048","0.668192543782623","0.006","0.308","0.8","0.444","3.49771595001221"
"455","15","300","20","community","species","species_6","PLN","BIC","0.07","0.8618125","0.550394516476665","0.016","0.625","0.625","0.625","2.22209763526917"
"456","15","300","20","community","species","species_6","ZIPLN","BIC","0.05","0.5950625","0.616002313377952","0.005","0.375","0.75","0.5","3.00488710403442"
"457","16","300","20","community","species","species_6","PLN","BIC","0.14","0.546695","0.51917236808146","0","0",NA,"0","4.72205567359924"
"458","16","300","20","community","species","species_6","ZIPLN","BIC","0.08","0.6858635","0.61222124896487","0.023","0.438","0.636","0.519","3.20620656013489"
"459","17","300","20","community","species","species_6","PLN","BIC","0.16","0.655213","0.58717812340752","0.064","0.421","0.421","0.421","2.9349193572998"
"460","17","300","20","community","species","species_6","ZIPLN","BIC","0.12","0.545249","0.686169869845373","0.07","0.684","0.52","0.591","4.17857956886292"
"461","18","300","20","community","species","species_6","PLN","BIC","0.11","0.81145","0.573881370361131","0.017","0.5","0.625","0.556","2.67035388946533"
"462","18","300","20","community","species","species_6","ZIPLN","BIC","0.09","0.6006","0.646221755001019","0.017","0.7","0.7","0.7","3.69357347488403"
"463","19","300","20","community","species","species_6","PLN","BIC","0.13","0.706453","0.561001377009644","0.057","0.5","0.412","0.452","2.21915364265442"
"464","19","300","20","community","species","species_6","ZIPLN","BIC","0.09","0.562987","0.653867308654355","0.045","0.786","0.579","0.667","1.86563491821289"
"465","20","300","20","community","species","species_6","PLN","BIC","0.12","0.73902","0.522756963059536","0","0",NA,"0","3.04266476631165"
"466","20","300","20","community","species","species_6","ZIPLN","BIC","0.08","0.6605975","0.608668096368211","0","0.273","1","0.429","1.34447073936462"
"467","1","300","20","preferential_attachment","species","species_1","PLN","BIC","0.14","0.7374845","0.641444329062762","0.053","0.737","0.609","0.667","2.48899626731873"
"468","1","300","20","preferential_attachment","species","species_1","ZIPLN","BIC","0.1","0.5738065","0.706945696136963","0.053","0.842","0.64","0.727","6.19038891792297"
"469","2","300","20","preferential_attachment","species","species_1","PLN","BIC","0.13","0.763476","0.587491025140636","0.07","0.842","0.571","0.681","2.90576219558716"
"470","2","300","20","preferential_attachment","species","species_1","ZIPLN","BIC","0.12","0.6286135","0.680412533820665","0.111","0.842","0.457","0.593","7.49389052391052"
"471","3","300","20","preferential_attachment","species","species_1","PLN","BIC","0.12","0.8039325","0.66691496339121","0.123","0.895","0.447","0.596","1.94746565818787"
"472","3","300","20","preferential_attachment","species","species_1","ZIPLN","BIC","0.08","0.6846475","0.740150787990236","0.053","0.842","0.64","0.727","3.52116847038269"
"473","4","300","20","preferential_attachment","species","species_1","PLN","BIC","0.12","0.6443235","0.61076133943836","0.087","0.667","0.444","0.533","2.9446656703949"
"474","4","300","20","preferential_attachment","species","species_1","ZIPLN","BIC","0.08","0.6367435","0.703141900489612","0.081","0.833","0.517","0.638","4.4763457775116"
"475","5","300","20","preferential_attachment","species","species_1","PLN","BIC","0.15","0.8342455","0.617203330912205","0.035","0.737","0.7","0.718","2.85563540458679"
"476","5","300","20","preferential_attachment","species","species_1","ZIPLN","BIC","0.1","0.7420515","0.68508163376636","0.17","1","0.396","0.567","7.74080586433411"
"477","6","300","20","preferential_attachment","species","species_1","PLN","BIC","0.12","0.7925135","0.641470348015171","0.006","0.474","0.9","0.621","2.82512211799622"
"478","6","300","20","preferential_attachment","species","species_1","ZIPLN","BIC","0.09","0.7393465","0.717008372669251","0.058","0.632","0.545","0.585","5.97379946708679"
"479","7","300","20","preferential_attachment","species","species_1","PLN","BIC","0.12","0.7334375","0.691274191617208","0.018","0.474","0.75","0.581","2.42657685279846"
"480","7","300","20","preferential_attachment","species","species_1","ZIPLN","BIC","0.09","0.711904","0.742350624764962","0.058","0.632","0.545","0.585","6.07208204269409"
"481","8","300","20","preferential_attachment","species","species_1","PLN","BIC","0.15","0.678292","0.63796970031728","0.023","0.263","0.556","0.357","2.56799006462097"
"482","8","300","20","preferential_attachment","species","species_1","ZIPLN","BIC","0.1","0.632542","0.736859380296926","0.07","0.632","0.5","0.558","3.42296600341797"
"483","9","300","20","preferential_attachment","species","species_1","PLN","BIC","0.13","0.8140485","0.673717029415203","0.111","0.895","0.472","0.618","1.57703304290771"
"484","9","300","20","preferential_attachment","species","species_1","ZIPLN","BIC","0.1","0.6699515","0.746955224907969","0.099","0.895","0.5","0.642","2.49046754837036"
"485","10","300","20","preferential_attachment","species","species_1","PLN","BIC","0.13","0.7513615","0.638321364769105","0.064","0.737","0.56","0.636","2.15224719047546"
"486","10","300","20","preferential_attachment","species","species_1","ZIPLN","BIC","0.08","0.6442475","0.731167821537355","0.111","0.842","0.457","0.593","2.95084881782532"
"487","11","300","20","preferential_attachment","species","species_1","PLN","BIC","0.14","0.5074855","0.685659389136518","0.029","0.5","0.643","0.563","2.71341753005981"
"488","11","300","20","preferential_attachment","species","species_1","ZIPLN","BIC","0.12","0.374103","0.836305339005731","0.035","0.444","0.571","0.5","4.12703323364258"
"489","12","300","20","preferential_attachment","species","species_1","PLN","BIC","0.14","0.797825","0.652003706096309","0.012","0.632","0.857","0.727","2.22559380531311"
"490","12","300","20","preferential_attachment","species","species_1","ZIPLN","BIC","0.09","0.7671805","0.739265891949579","0.058","0.789","0.6","0.682","3.43177890777588"
"491","13","300","20","preferential_attachment","species","species_1","PLN","BIC","0.11","0.721994","0.713937820503517","0","0.211","1","0.348","1.63971042633057"
"492","13","300","20","preferential_attachment","species","species_1","ZIPLN","BIC","0.08","0.657022","0.786619043644357","0.035","0.474","0.6","0.529","1.66776609420776"
"493","14","300","20","preferential_attachment","species","species_1","PLN","BIC","0.11","0.731435","0.685785435691895","0.047","0.579","0.579","0.579","1.37637329101562"
"494","14","300","20","preferential_attachment","species","species_1","ZIPLN","BIC","0.08","0.7021135","0.759129163930134","0.029","0.579","0.688","0.629","2.98640251159668"
"495","15","300","20","preferential_attachment","species","species_1","PLN","BIC","0.14","0.6715515","0.615455768575052","0.076","0.778","0.519","0.622","1.27818965911865"
"496","15","300","20","preferential_attachment","species","species_1","ZIPLN","BIC","0.08","0.6310575","0.698466795190418","0.128","0.889","0.421","0.571","3.28121566772461"
"497","16","300","20","preferential_attachment","species","species_1","PLN","BIC","0.13","0.7504135","0.719383072997368","0.035","0.632","0.667","0.649","2.03464007377625"
"498","16","300","20","preferential_attachment","species","species_1","ZIPLN","BIC","0.1","0.765758","0.77723578590554","0.029","0.684","0.722","0.703","2.26477932929993"
"499","17","300","20","preferential_attachment","species","species_1","PLN","BIC","0.12","0.763433","0.632440620159389","0.082","0.789","0.517","0.625","1.6127552986145"
"500","17","300","20","preferential_attachment","species","species_1","ZIPLN","BIC","0.09","0.768344","0.669502678861038","0.123","0.947","0.462","0.621","3.32444524765015"
"501","18","300","20","preferential_attachment","species","species_1","PLN","BIC","0.14","0.799054","0.668679758447987","0.012","0.684","0.867","0.765","2.1611487865448"
"502","18","300","20","preferential_attachment","species","species_1","ZIPLN","BIC","0.08","0.741367","0.734893009298602","0.088","0.895","0.531","0.667","3.58546447753906"
"503","19","300","20","preferential_attachment","species","species_1","PLN","BIC","0.12","0.7379825","0.676989178659178","0.076","0.737","0.519","0.609","1.35270261764526"
"504","19","300","20","preferential_attachment","species","species_1","ZIPLN","BIC","0.09","0.7288565","0.738396433508519","0.129","0.842","0.421","0.561","1.53377890586853"
"505","20","300","20","preferential_attachment","species","species_1","PLN","BIC","0.12","0.605749","0.701139398484262","0.053","0.474","0.5","0.486","1.44595623016357"
"506","20","300","20","preferential_attachment","species","species_1","ZIPLN","BIC","0.09","0.552185","0.744493518760011","0.041","0.632","0.632","0.632","4.04584956169128"
"507","1","300","20","preferential_attachment","species","species_2","PLN","BIC","0.19","0.6204245","0.426190378979136","0","0",NA,"0","5.27499604225159"
"508","1","300","20","preferential_attachment","species","species_2","ZIPLN","BIC","0.15","0.5211305","0.666914862788318","0.006","0.053","0.5","0.095","3.14474701881409"
"509","2","300","20","preferential_attachment","species","species_2","PLN","BIC","0.2","0.5464055","0.384029100354277","0","0",NA,"0","3.5759437084198"
"510","2","300","20","preferential_attachment","species","species_2","ZIPLN","BIC","0.11","0.7069735","0.672172404645923","0","0",NA,"0","1.83671164512634"
"511","3","300","20","preferential_attachment","species","species_2","PLN","BIC","0.2","0.462209","0.423745154259538","0","0",NA,"0","4.8087522983551"
"512","3","300","20","preferential_attachment","species","species_2","ZIPLN","BIC","0.13","0.4471745","0.691554001661479","0","0",NA,"0","3.34888648986816"
"513","4","300","20","preferential_attachment","species","species_2","PLN","BIC","0.19","0.5978185","0.432696315336496","0","0",NA,"0","4.35676407814026"
"514","4","300","20","preferential_attachment","species","species_2","ZIPLN","BIC","0.14","0.497506","0.713168751254771","0","0.158","1","0.273","3.46490979194641"
"515","5","300","20","preferential_attachment","species","species_2","PLN","BIC","0.2","0.5045755","0.424200396458196","0","0",NA,"0","3.595547914505"
"516","5","300","20","preferential_attachment","species","species_2","ZIPLN","BIC","0.11","0.6746995","0.705876082749298","0","0.105","1","0.19","2.99956560134888"
"517","6","300","20","preferential_attachment","species","species_2","PLN","BIC","0.18","0.678331","0.440041783344306","0","0",NA,"0","4.66093397140503"
"518","6","300","20","preferential_attachment","species","species_2","ZIPLN","BIC","0.11","0.494827","0.706356017386991","0.012","0.421","0.8","0.552","3.2279360294342"
"519","7","300","20","preferential_attachment","species","species_2","PLN","BIC","0.17","0.6344665","0.456409142506862","0","0",NA,"0","4.6958019733429"
"520","7","300","20","preferential_attachment","species","species_2","ZIPLN","BIC","0.17","0.476937","0.695833887623774","0","0.053","1","0.1","4.80491304397583"
"521","8","300","20","preferential_attachment","species","species_2","PLN","BIC","0.19","0.5045895","0.416604725301278","0","0",NA,"0","2.91451811790466"
"522","8","300","20","preferential_attachment","species","species_2","ZIPLN","BIC","0.14","0.3408315","0.645925647471277","0.006","0.526","0.909","0.667","1.4298689365387"
"523","9","300","20","preferential_attachment","species","species_2","PLN","BIC","0.21","0.68249","0.427833996964832","0","0",NA,"0","3.90718865394592"
"524","9","300","20","preferential_attachment","species","species_2","ZIPLN","BIC","0.1","0.5662705","0.699045248727337","0.006","0.263","0.833","0.4","2.63420391082764"
"525","10","300","20","preferential_attachment","species","species_2","PLN","BIC","0.2","0.575943","0.399216166101707","0","0.111","1","0.2","5.02465486526489"
"526","10","300","20","preferential_attachment","species","species_2","ZIPLN","BIC","0.13","0.4825305","0.693166149646164","0","0.222","1","0.364","2.6060938835144"
"527","11","300","20","preferential_attachment","species","species_2","PLN","BIC","0.18","0.5560645","0.394692162768892","0","0",NA,"0","4.76375722885132"
"528","11","300","20","preferential_attachment","species","species_2","ZIPLN","BIC","0.11","0.7505285","0.607325221575618","0","0",NA,"0","2.18520522117615"
"529","12","300","20","preferential_attachment","species","species_2","PLN","BIC","0.18","0.6096925","0.406918398968777","0","0",NA,"0","3.79474258422852"
"530","12","300","20","preferential_attachment","species","species_2","ZIPLN","BIC","0.11","0.507699","0.653896988796436","0","0.158","1","0.273","2.287029504776"
"531","13","300","20","preferential_attachment","species","species_2","PLN","BIC","0.22","0.5779725","0.399647433008049","0","0",NA,"0","3.88894152641296"
"532","13","300","20","preferential_attachment","species","species_2","ZIPLN","BIC","0.11","0.609344","0.672444443838586","0","0",NA,"0","1.59541535377502"
"533","14","300","20","preferential_attachment","species","species_2","PLN","BIC","0.21","0.488358","0.409390772198041","0","0",NA,"0","2.74211120605469"
"534","14","300","20","preferential_attachment","species","species_2","ZIPLN","BIC","0.11","0.628339","0.679158896923598","0","0.105","1","0.19","1.45941996574402"
"535","15","300","20","preferential_attachment","species","species_2","PLN","BIC","0.18","0.673197","0.414593605588487","0","0",NA,"0","5.7248523235321"
"536","15","300","20","preferential_attachment","species","species_2","ZIPLN","BIC","0.11","0.7120475","0.659995129343734","0","0",NA,"0","1.74932789802551"
"537","16","300","20","preferential_attachment","species","species_2","PLN","BIC","0.18","0.649015","0.463607807649811","0","0",NA,"0","4.15785813331604"
"538","16","300","20","preferential_attachment","species","species_2","ZIPLN","BIC","0.12","0.670501","0.677846948357748","0","0",NA,"0","2.10230445861816"
"539","17","300","20","preferential_attachment","species","species_2","PLN","BIC","0.19","0.494648","0.455835628881055","0","0.056","1","0.105","4.46299648284912"
"540","17","300","20","preferential_attachment","species","species_2","ZIPLN","BIC","0.13","0.4721255","0.70469868920086","0","0",NA,"0","2.55868339538574"
"541","18","300","20","preferential_attachment","species","species_2","PLN","BIC","0.2","0.6546115","0.44195061861305","0","0",NA,"0","3.6756010055542"
"542","18","300","20","preferential_attachment","species","species_2","ZIPLN","BIC","0.13","0.649518","0.718530536788412","0","0",NA,"0","1.28478789329529"
"543","19","300","20","preferential_attachment","species","species_2","PLN","BIC","0.2","0.7009125","0.423057567242823","0","0",NA,"0","3.11619305610657"
"544","19","300","20","preferential_attachment","species","species_2","ZIPLN","BIC","0.14","0.6022","0.675240967485373","0","0",NA,"0","1.4785795211792"
"545","20","300","20","preferential_attachment","species","species_2","PLN","BIC","0.19","0.477936","0.431950170963684","0","0",NA,"0","3.08415913581848"
"546","20","300","20","preferential_attachment","species","species_2","ZIPLN","BIC","0.15","0.530327","0.692592960413726","0","0.105","1","0.19","1.61250948905945"
"547","1","300","20","preferential_attachment","species","species_3","PLN","BIC","0.22","0.4091805","0.285856897329988","0","0",NA,"0","7.86601972579956"
"548","1","300","20","preferential_attachment","species","species_3","ZIPLN","BIC","0.16","0.578513","0.5306058471211","0","0",NA,"0","2.78988766670227"
"549","2","300","20","preferential_attachment","species","species_3","PLN","BIC","0.2","0.39414","0.273487792421699","0","0",NA,"0","5.75723576545715"
"550","2","300","20","preferential_attachment","species","species_3","ZIPLN","BIC","0.13","0.478237","0.465240133900749","0","0",NA,"0","1.40528059005737"
"551","3","300","20","preferential_attachment","species","species_3","PLN","BIC","0.19","0.4154695","0.298385792546793","0","0",NA,"0","6.8021821975708"
"552","3","300","20","preferential_attachment","species","species_3","ZIPLN","BIC","0.15","0.634535","0.470378428108519","0","0",NA,"0","2.05268621444702"
"553","Error : inv_sympd(): matrix is singular or not positive definite
","Error : inv_sympd(): matrix is singular or not positive definite
","Error : inv_sympd(): matrix is singular or not positive definite
","Error : inv_sympd(): matrix is singular or not positive definite
","Error : inv_sympd(): matrix is singular or not positive definite
","Error : inv_sympd(): matrix is singular or not positive definite
","Error : inv_sympd(): matrix is singular or not positive definite
","Error : inv_sympd(): matrix is singular or not positive definite
","Error : inv_sympd(): matrix is singular or not positive definite
","Error : inv_sympd(): matrix is singular or not positive definite
","Error : inv_sympd(): matrix is singular or not positive definite
","Error : inv_sympd(): matrix is singular or not positive definite
","Error : inv_sympd(): matrix is singular or not positive definite
","Error : inv_sympd(): matrix is singular or not positive definite
","Error : inv_sympd(): matrix is singular or not positive definite
","Error : inv_sympd(): matrix is singular or not positive definite
"
"554","Error : inv_sympd(): matrix is singular or not positive definite
","Error : inv_sympd(): matrix is singular or not positive definite
","Error : inv_sympd(): matrix is singular or not positive definite
","Error : inv_sympd(): matrix is singular or not positive definite
","Error : inv_sympd(): matrix is singular or not positive definite
","Error : inv_sympd(): matrix is singular or not positive definite
","Error : inv_sympd(): matrix is singular or not positive definite
","Error : inv_sympd(): matrix is singular or not positive definite
","Error : inv_sympd(): matrix is singular or not positive definite
","Error : inv_sympd(): matrix is singular or not positive definite
","Error : inv_sympd(): matrix is singular or not positive definite
","Error : inv_sympd(): matrix is singular or not positive definite
","Error : inv_sympd(): matrix is singular or not positive definite
","Error : inv_sympd(): matrix is singular or not positive definite
","Error : inv_sympd(): matrix is singular or not positive definite
","Error : inv_sympd(): matrix is singular or not positive definite
"
"555","Error : inv_sympd(): matrix is singular or not positive definite
","Error : inv_sympd(): matrix is singular or not positive definite
","Error : inv_sympd(): matrix is singular or not positive definite
","Error : inv_sympd(): matrix is singular or not positive definite
","Error : inv_sympd(): matrix is singular or not positive definite
","Error : inv_sympd(): matrix is singular or not positive definite
","Error : inv_sympd(): matrix is singular or not positive definite
","Error : inv_sympd(): matrix is singular or not positive definite
","Error : inv_sympd(): matrix is singular or not positive definite
","Error : inv_sympd(): matrix is singular or not positive definite
","Error : inv_sympd(): matrix is singular or not positive definite
","Error : inv_sympd(): matrix is singular or not positive definite
","Error : inv_sympd(): matrix is singular or not positive definite
","Error : inv_sympd(): matrix is singular or not positive definite
","Error : inv_sympd(): matrix is singular or not positive definite
","Error : inv_sympd(): matrix is singular or not positive definite
"
"556","7","300","20","preferential_attachment","species","species_3","PLN","BIC","0.2","0.3559645","0.2886166443583","0","0",NA,"0","7.49046063423157"
"557","7","300","20","preferential_attachment","species","species_3","ZIPLN","BIC","0.1","0.3918975","0.534751431016478","0","0",NA,"0","1.18538498878479"
"558","8","300","20","preferential_attachment","species","species_3","PLN","BIC","0.22","0.339176","0.284600772793981","0","0",NA,"0","5.86156892776489"
"559","8","300","20","preferential_attachment","species","species_3","ZIPLN","BIC","0.19","0.5544255","0.503295594794926","0","0",NA,"0","1.57149791717529"
"560","9","300","20","preferential_attachment","species","species_3","PLN","BIC","0.21","0.4559055","0.285123774957778","0","0",NA,"0","16.5895638465881"
"561","9","300","20","preferential_attachment","species","species_3","ZIPLN","BIC","0.14","0.584401","0.487912726686489","0","0",NA,"0","1.21683382987976"
"562","Error : inv_sympd(): matrix is singular or not positive definite
","Error : inv_sympd(): matrix is singular or not positive definite
","Error : inv_sympd(): matrix is singular or not positive definite
","Error : inv_sympd(): matrix is singular or not positive definite
","Error : inv_sympd(): matrix is singular or not positive definite
","Error : inv_sympd(): matrix is singular or not positive definite
","Error : inv_sympd(): matrix is singular or not positive definite
","Error : inv_sympd(): matrix is singular or not positive definite
","Error : inv_sympd(): matrix is singular or not positive definite
","Error : inv_sympd(): matrix is singular or not positive definite
","Error : inv_sympd(): matrix is singular or not positive definite
","Error : inv_sympd(): matrix is singular or not positive definite
","Error : inv_sympd(): matrix is singular or not positive definite
","Error : inv_sympd(): matrix is singular or not positive definite
","Error : inv_sympd(): matrix is singular or not positive definite
","Error : inv_sympd(): matrix is singular or not positive definite
"
"563","Error : inv_sympd(): matrix is singular or not positive definite
","Error : inv_sympd(): matrix is singular or not positive definite
","Error : inv_sympd(): matrix is singular or not positive definite
","Error : inv_sympd(): matrix is singular or not positive definite
","Error : inv_sympd(): matrix is singular or not positive definite
","Error : inv_sympd(): matrix is singular or not positive definite
","Error : inv_sympd(): matrix is singular or not positive definite
","Error : inv_sympd(): matrix is singular or not positive definite
","Error : inv_sympd(): matrix is singular or not positive definite
","Error : inv_sympd(): matrix is singular or not positive definite
","Error : inv_sympd(): matrix is singular or not positive definite
","Error : inv_sympd(): matrix is singular or not positive definite
","Error : inv_sympd(): matrix is singular or not positive definite
","Error : inv_sympd(): matrix is singular or not positive definite
","Error : inv_sympd(): matrix is singular or not positive definite
","Error : inv_sympd(): matrix is singular or not positive definite
"
"564","Error : inv_sympd(): matrix is singular or not positive definite
","Error : inv_sympd(): matrix is singular or not positive definite
","Error : inv_sympd(): matrix is singular or not positive definite
","Error : inv_sympd(): matrix is singular or not positive definite
","Error : inv_sympd(): matrix is singular or not positive definite
","Error : inv_sympd(): matrix is singular or not positive definite
","Error : inv_sympd(): matrix is singular or not positive definite
","Error : inv_sympd(): matrix is singular or not positive definite
","Error : inv_sympd(): matrix is singular or not positive definite
","Error : inv_sympd(): matrix is singular or not positive definite
","Error : inv_sympd(): matrix is singular or not positive definite
","Error : inv_sympd(): matrix is singular or not positive definite
","Error : inv_sympd(): matrix is singular or not positive definite
","Error : inv_sympd(): matrix is singular or not positive definite
","Error : inv_sympd(): matrix is singular or not positive definite
","Error : inv_sympd(): matrix is singular or not positive definite
"
"565","13","300","20","preferential_attachment","species","species_3","PLN","BIC","0.2","0.433167","0.295915538474446","0","0",NA,"0","5.49766564369202"
"566","13","300","20","preferential_attachment","species","species_3","ZIPLN","BIC","0.13","0.489719","0.489939207875487","0","0",NA,"0","1.21882057189941"
"567","14","300","20","preferential_attachment","species","species_3","PLN","BIC","0.21","0.4209125","0.269860720547055","0","0",NA,"0","5.59930348396301"
"568","14","300","20","preferential_attachment","species","species_3","ZIPLN","BIC","0.1","0.4553815","0.487675476401585","0","0",NA,"0","1.28470134735107"
"569","15","300","20","preferential_attachment","species","species_3","PLN","BIC","0.22","0.395658","0.289353199306993","0","0",NA,"0","5.18633079528809"
"570","15","300","20","preferential_attachment","species","species_3","ZIPLN","BIC","0.17","0.5025935","0.510345656777278","0","0",NA,"0","1.37917113304138"
"571","Error : inv_sympd(): matrix is singular or not positive definite
","Error : inv_sympd(): matrix is singular or not positive definite
","Error : inv_sympd(): matrix is singular or not positive definite
","Error : inv_sympd(): matrix is singular or not positive definite
","Error : inv_sympd(): matrix is singular or not positive definite
","Error : inv_sympd(): matrix is singular or not positive definite
","Error : inv_sympd(): matrix is singular or not positive definite
","Error : inv_sympd(): matrix is singular or not positive definite
","Error : inv_sympd(): matrix is singular or not positive definite
","Error : inv_sympd(): matrix is singular or not positive definite
","Error : inv_sympd(): matrix is singular or not positive definite
","Error : inv_sympd(): matrix is singular or not positive definite
","Error : inv_sympd(): matrix is singular or not positive definite
","Error : inv_sympd(): matrix is singular or not positive definite
","Error : inv_sympd(): matrix is singular or not positive definite
","Error : inv_sympd(): matrix is singular or not positive definite
"
"572","Error : inv_sympd(): matrix is singular or not positive definite
","Error : inv_sympd(): matrix is singular or not positive definite
","Error : inv_sympd(): matrix is singular or not positive definite
","Error : inv_sympd(): matrix is singular or not positive definite
","Error : inv_sympd(): matrix is singular or not positive definite
","Error : inv_sympd(): matrix is singular or not positive definite
","Error : inv_sympd(): matrix is singular or not positive definite
","Error : inv_sympd(): matrix is singular or not positive definite
","Error : inv_sympd(): matrix is singular or not positive definite
","Error : inv_sympd(): matrix is singular or not positive definite
","Error : inv_sympd(): matrix is singular or not positive definite
","Error : inv_sympd(): matrix is singular or not positive definite
","Error : inv_sympd(): matrix is singular or not positive definite
","Error : inv_sympd(): matrix is singular or not positive definite
","Error : inv_sympd(): matrix is singular or not positive definite
","Error : inv_sympd(): matrix is singular or not positive definite
"
"573","Error : inv_sympd(): matrix is singular or not positive definite
","Error : inv_sympd(): matrix is singular or not positive definite
","Error : inv_sympd(): matrix is singular or not positive definite
","Error : inv_sympd(): matrix is singular or not positive definite
","Error : inv_sympd(): matrix is singular or not positive definite
","Error : inv_sympd(): matrix is singular or not positive definite
","Error : inv_sympd(): matrix is singular or not positive definite
","Error : inv_sympd(): matrix is singular or not positive definite
","Error : inv_sympd(): matrix is singular or not positive definite
","Error : inv_sympd(): matrix is singular or not positive definite
","Error : inv_sympd(): matrix is singular or not positive definite
","Error : inv_sympd(): matrix is singular or not positive definite
","Error : inv_sympd(): matrix is singular or not positive definite
","Error : inv_sympd(): matrix is singular or not positive definite
","Error : inv_sympd(): matrix is singular or not positive definite
","Error : inv_sympd(): matrix is singular or not positive definite
"
"574","19","300","20","preferential_attachment","species","species_3","PLN","BIC","0.23","0.4010555","0.253768747945972","0","0",NA,"0","5.73310136795044"
"575","19","300","20","preferential_attachment","species","species_3","ZIPLN","BIC","0.11","0.612791","0.491660267020719","0","0",NA,"0","1.25744962692261"
"576","20","300","20","preferential_attachment","species","species_3","PLN","BIC","0.21","0.305858","0.29972533031688","0","0",NA,"0","4.16692733764648"
"577","20","300","20","preferential_attachment","species","species_3","ZIPLN","BIC","0.15","0.483234","0.52915836773546","0","0",NA,"0","1.30921149253845"
"578","1","300","20","preferential_attachment","species","species_4","PLN","BIC","0.16","0.6179145","0.528801115768725","0.006","0.211","0.8","0.333","6.31716752052307"
"579","1","300","20","preferential_attachment","species","species_4","ZIPLN","BIC","0.11","0.2943705","0.568259734049015","0.041","0.421","0.533","0.471","3.63704490661621"
"580","2","300","20","preferential_attachment","species","species_4","PLN","BIC","0.17","0.4119815","0.508255608671518","0","0",NA,"0","6.01382851600647"
"581","2","300","20","preferential_attachment","species","species_4","ZIPLN","BIC","0.12","0.3597665","0.544947943123441","0.006","0.158","0.75","0.261","3.25138139724731"
"582","3","300","20","preferential_attachment","species","species_4","PLN","BIC","0.17","0.5011845","0.532657626379364","0.006","0.053","0.5","0.095","2.63261294364929"
"583","3","300","20","preferential_attachment","species","species_4","ZIPLN","BIC","0.11","0.2312485","0.552189829772785","0.006","0.053","0.5","0.095","1.99034810066223"
"584","4","300","20","preferential_attachment","species","species_4","PLN","BIC","0.15","0.5244065","0.547462613340652","0","0",NA,"0","3.84947776794434"
"585","4","300","20","preferential_attachment","species","species_4","ZIPLN","BIC","0.12","0.3510315","0.573477213330235","0.023","0.316","0.6","0.414","3.15335440635681"
"586","5","300","20","preferential_attachment","species","species_4","PLN","BIC","0.18","0.5538935","0.58345079264936","0","0",NA,"0","5.04929709434509"
"587","5","300","20","preferential_attachment","species","species_4","ZIPLN","BIC","0.12","0.378017","0.628802445865686","0.012","0.222","0.667","0.333","3.5065233707428"
"588","6","300","20","preferential_attachment","species","species_4","PLN","BIC","0.18","0.538732","0.568493958827807","0.006","0.053","0.5","0.095","3.83591032028198"
"589","6","300","20","preferential_attachment","species","species_4","ZIPLN","BIC","0.12","0.113243","0.591168994581684","0.023","0.105","0.333","0.16","6.69167304039001"
"590","7","300","20","preferential_attachment","species","species_4","PLN","BIC","0.15","0.6213755","0.625863860304745","0.099","0.368","0.292","0.326","3.38832664489746"
"591","7","300","20","preferential_attachment","species","species_4","ZIPLN","BIC","0.11","0.389941","0.714088169413178","0.064","0.526","0.476","0.5","2.3563597202301"
"592","8","300","20","preferential_attachment","species","species_4","PLN","BIC","0.19","0.462481","0.566741372865133","0.029","0.316","0.545","0.4","3.62017631530762"
"593","8","300","20","preferential_attachment","species","species_4","ZIPLN","BIC","0.1","0.255278","0.612979301412982","0.041","0.368","0.5","0.424","3.57707262039185"
"594","9","300","20","preferential_attachment","species","species_4","PLN","BIC","0.16","0.534819","0.504888465526391","0","0.053","1","0.1","2.30004262924194"
"595","9","300","20","preferential_attachment","species","species_4","ZIPLN","BIC","0.1","0.1838265","0.579581031160899","0.023","0.158","0.429","0.231","3.15745759010315"
"596","10","300","20","preferential_attachment","species","species_4","PLN","BIC","0.18","0.4526075","0.507950554449972","0","0",NA,"0","5.65015864372253"
"597","10","300","20","preferential_attachment","species","species_4","ZIPLN","BIC","0.12","0.2586395","0.544076414784915","0.023","0.263","0.556","0.357","2.82511210441589"
"598","11","300","20","preferential_attachment","species","species_4","PLN","BIC","0.13","0.737731","0.619113394098473","0.029","0.368","0.583","0.452","3.76359510421753"
"599","11","300","20","preferential_attachment","species","species_4","ZIPLN","BIC","0.09","0.624936","0.643923057243267","0.082","0.579","0.44","0.5","3.66136932373047"
"600","12","300","20","preferential_attachment","species","species_4","PLN","BIC","0.18","0.616004","0.571645180619271","0.035","0.316","0.5","0.387","3.84847474098206"
"601","12","300","20","preferential_attachment","species","species_4","ZIPLN","BIC","0.14","0.279937","0.606191595204624","0.07","0.316","0.333","0.324","3.38859558105469"
"602","13","300","20","preferential_attachment","species","species_4","PLN","BIC","0.15","0.580537","0.576538151731633","0","0",NA,"0","3.06985211372375"
"603","13","300","20","preferential_attachment","species","species_4","ZIPLN","BIC","0.11","0.3327815","0.593677248654261","0.018","0.211","0.571","0.308","1.57250881195068"
"604","14","300","20","preferential_attachment","species","species_4","PLN","BIC","0.18","0.460653","0.540563499792554","0","0",NA,"0","5.26720547676086"
"605","14","300","20","preferential_attachment","species","species_4","ZIPLN","BIC","0.13","0.212198","0.568425691383993","0","0",NA,"0","1.70386552810669"
"606","15","300","20","preferential_attachment","species","species_4","PLN","BIC","0.18","0.549313","0.548707274843797","0.012","0.053","0.333","0.091","2.91745591163635"
"607","15","300","20","preferential_attachment","species","species_4","ZIPLN","BIC","0.11","0.1573415","0.58552736131633","0.006","0.158","0.75","0.261","2.73853039741516"
"608","16","300","20","preferential_attachment","species","species_4","PLN","BIC","0.14","0.6283345","0.650226166338625","0","0",NA,"0","3.88083934783936"
"609","16","300","20","preferential_attachment","species","species_4","ZIPLN","BIC","0.11","0.5739845","0.674910869844589","0.058","0.368","0.412","0.389","3.52196955680847"
"610","17","300","20","preferential_attachment","species","species_4","PLN","BIC","0.16","0.491816","0.570279901179474","0.029","0.211","0.444","0.286","2.47991132736206"
"611","17","300","20","preferential_attachment","species","species_4","ZIPLN","BIC","0.11","0.325157","0.628031950412889","0.047","0.263","0.385","0.312","1.52837109565735"
"612","18","300","20","preferential_attachment","species","species_4","PLN","BIC","0.19","0.5645765","0.583622516397931","0.023","0.263","0.556","0.357","3.20067143440247"
"613","18","300","20","preferential_attachment","species","species_4","ZIPLN","BIC","0.11","0.2661625","0.623406529687177","0.053","0.474","0.5","0.486","1.51900386810303"
"614","19","300","20","preferential_attachment","species","species_4","PLN","BIC","0.17","0.6088405","0.463278156451559","0.006","0.053","0.5","0.095","2.16692090034485"
"615","19","300","20","preferential_attachment","species","species_4","ZIPLN","BIC","0.2","0.1657085","0.540243663884626","0.023","0.211","0.5","0.296","1.85123348236084"
"616","20","300","20","preferential_attachment","species","species_4","PLN","BIC","0.18","0.6204725","0.531409498344548","0","0.263","1","0.417","2.03443598747253"
"617","20","300","20","preferential_attachment","species","species_4","ZIPLN","BIC","0.11","0.293034","0.577775062120254","0.064","0.474","0.45","0.462","2.82716012001038"
"618","1","300","20","preferential_attachment","species","species_5","PLN","BIC","0.15","0.49678","0.52799431876734","0.018","0.053","0.25","0.087","4.46530985832214"
"619","1","300","20","preferential_attachment","species","species_5","ZIPLN","BIC","0.16","0.2232785","0.585657016958697","0.041","0.158","0.3","0.207","6.55433988571167"
"620","2","300","20","preferential_attachment","species","species_5","PLN","BIC","0.17","0.4712965","0.52898951651201","0.012","0.053","0.333","0.091","3.55183577537537"
"621","2","300","20","preferential_attachment","species","species_5","ZIPLN","BIC","0.11","0.2543195","0.572259939611095","0.006","0.263","0.833","0.4","4.30980324745178"
"622","3","300","20","preferential_attachment","species","species_5","PLN","BIC","0.16","0.6908855","0.58992680210302","0","0.105","1","0.19","4.4946551322937"
"623","3","300","20","preferential_attachment","species","species_5","ZIPLN","BIC","0.09","0.371854","0.64170247631158","0.035","0.421","0.571","0.485","4.76032090187073"
"624","4","300","20","preferential_attachment","species","species_5","PLN","BIC","0.18","0.583178","0.575806138350399","0","0",NA,"0","4.97123670578003"
"625","4","300","20","preferential_attachment","species","species_5","ZIPLN","BIC","0.11","0.3524705","0.630608205612305","0","0.158","1","0.273","3.47415566444397"
"626","5","300","20","preferential_attachment","species","species_5","PLN","BIC","0.17","0.430447","0.543221447940547","0","0",NA,"0","3.81225681304932"
"627","5","300","20","preferential_attachment","species","species_5","ZIPLN","BIC","0.1","0.3652825","0.578915973795711","0","0.158","1","0.273","3.52737617492676"
"628","6","300","20","preferential_attachment","species","species_5","PLN","BIC","0.16","0.5788195","0.553170750972322","0","0",NA,"0","4.17683744430542"
"629","6","300","20","preferential_attachment","species","species_5","ZIPLN","BIC","0.11","0.471837","0.575166410710171","0.012","0.211","0.667","0.32","4.44655847549438"
"630","7","300","20","preferential_attachment","species","species_5","PLN","BIC","0.16","0.447884","0.533575108009424","0","0",NA,"0","5.51920628547668"
"631","7","300","20","preferential_attachment","species","species_5","ZIPLN","BIC","0.14","0.183928","0.591545694215601","0.029","0.056","0.167","0.083","3.04911589622498"
"632","8","300","20","preferential_attachment","species","species_5","PLN","BIC","0.17","0.379742","0.636888895420857","0","0",NA,"0","3.20515990257263"
"633","8","300","20","preferential_attachment","species","species_5","ZIPLN","BIC","0.1","0.4676345","0.665218756478245","0.023","0.111","0.333","0.167","2.94621801376343"
"634","9","300","20","preferential_attachment","species","species_5","PLN","BIC","0.19","0.630295","0.55929916234918","0.023","0.368","0.636","0.467","2.6144015789032"
"635","9","300","20","preferential_attachment","species","species_5","ZIPLN","BIC","0.11","0.2097255","0.599150895793718","0.058","0.526","0.5","0.513","2.56032347679138"
"636","10","300","20","preferential_attachment","species","species_5","PLN","BIC","0.16","0.502643","0.552960018421995","0","0",NA,"0","4.39549016952515"
"637","10","300","20","preferential_attachment","species","species_5","ZIPLN","BIC","0.13","0.4102615","0.587531889250348","0.029","0.211","0.444","0.286","2.75716924667358"
"638","11","300","20","preferential_attachment","species","species_5","PLN","BIC","0.16","0.619963","0.548208635319215","0.006","0.105","0.667","0.182","3.22141408920288"
"639","11","300","20","preferential_attachment","species","species_5","ZIPLN","BIC","0.12","0.2305245","0.591255628779134","0.099","0.368","0.292","0.326","5.52275896072388"
"640","12","300","20","preferential_attachment","species","species_5","PLN","BIC","0.19","0.446219","0.517349913143487","0","0",NA,"0","4.50022578239441"
"641","12","300","20","preferential_attachment","species","species_5","ZIPLN","BIC","0.12","0.216388","0.573275752346868","0","0.053","1","0.1","2.69461965560913"
"642","13","300","20","preferential_attachment","species","species_5","PLN","BIC","0.16","0.614393","0.573185901324054","0.07","0.316","0.333","0.324","3.5640606880188"
"643","13","300","20","preferential_attachment","species","species_5","ZIPLN","BIC","0.09","0.216582","0.616769546087149","0.047","0.421","0.5","0.457","1.74043917655945"
"644","14","300","20","preferential_attachment","species","species_5","PLN","BIC","0.16","0.6369165","0.620653065996286","0","0",NA,"0","3.63686227798462"
"645","14","300","20","preferential_attachment","species","species_5","ZIPLN","BIC","0.1","0.4276805","0.692654819405006","0.029","0.316","0.545","0.4","4.46447157859802"
"646","15","300","20","preferential_attachment","species","species_5","PLN","BIC","0.2","0.3315445","0.460510550870681","0","0",NA,"0","6.58644866943359"
"647","15","300","20","preferential_attachment","species","species_5","ZIPLN","BIC","0.11","0.223756","0.53066087835843","0.006","0.056","0.5","0.1","3.14794516563416"
"648","16","300","20","preferential_attachment","species","species_5","PLN","BIC","0.18","0.5218435","0.526890739659133","0","0",NA,"0","4.9410035610199"
"649","16","300","20","preferential_attachment","species","species_5","ZIPLN","BIC","0.12","0.3297345","0.58922571262272","0.012","0.105","0.5","0.174","1.90028500556946"
"650","17","300","20","preferential_attachment","species","species_5","PLN","BIC","0.15","0.418222","0.593074055331626","0","0",NA,"0","7.10019063949585"
"651","17","300","20","preferential_attachment","species","species_5","ZIPLN","BIC","0.1","0.5475165","0.613449932964864","0","0.105","1","0.19","2.01638698577881"
"652","18","300","20","preferential_attachment","species","species_5","PLN","BIC","0.16","0.448697","0.623051458507402","0","0",NA,"0","4.63839673995972"
"653","18","300","20","preferential_attachment","species","species_5","ZIPLN","BIC","0.11","0.326274","0.662425494188977","0.023","0.263","0.556","0.357","2.68811798095703"
"654","19","300","20","preferential_attachment","species","species_5","PLN","BIC","0.16","0.661202","0.553638827395049","0.006","0.263","0.833","0.4","1.85035634040833"
"655","19","300","20","preferential_attachment","species","species_5","ZIPLN","BIC","0.11","0.4348855","0.569055107126383","0.076","0.316","0.316","0.316","2.27649521827698"
"656","20","300","20","preferential_attachment","species","species_5","PLN","BIC","0.15","0.615453","0.580261329433688","0.129","0.421","0.267","0.327","2.10785055160522"
"657","20","300","20","preferential_attachment","species","species_5","ZIPLN","BIC","0.11","0.2786115","0.606789364792662","0.053","0.421","0.471","0.444","1.50644326210022"
"658","1","300","20","preferential_attachment","species","species_6","PLN","BIC","0.18","0.594297","0.515142877595943","0","0",NA,"0","5.12823462486267"
"659","1","300","20","preferential_attachment","species","species_6","ZIPLN","BIC","0.1","0.6194205","0.63464430782165","0.029","0.474","0.643","0.545","3.95210099220276"
"660","2","300","20","preferential_attachment","species","species_6","PLN","BIC","0.15","0.7636","0.593104401547163","0.006","0.263","0.833","0.4","2.98574352264404"
"661","2","300","20","preferential_attachment","species","species_6","ZIPLN","BIC","0.1","0.529895","0.689330629149156","0.082","0.316","0.3","0.308","4.61231899261475"
"662","3","300","20","preferential_attachment","species","species_6","PLN","BIC","0.15","0.7124145","0.627233941803869","0.041","0.474","0.562","0.514","4.29526042938232"
"663","3","300","20","preferential_attachment","species","species_6","ZIPLN","BIC","0.11","0.576436","0.693105047308137","0.041","0.579","0.611","0.595","4.38767218589783"
"664","4","300","20","preferential_attachment","species","species_6","PLN","BIC","0.12","0.6223955","0.674900569536453","0.035","0.526","0.625","0.571","1.55300188064575"
"665","4","300","20","preferential_attachment","species","species_6","ZIPLN","BIC","0.1","0.4870985","0.723334499415455","0.082","0.526","0.417","0.465","2.06093955039978"
"666","5","300","20","preferential_attachment","species","species_6","PLN","BIC","0.15","0.66817","0.595024961433713","0","0",NA,"0","4.40687823295593"
"667","5","300","20","preferential_attachment","species","species_6","ZIPLN","BIC","0.12","0.6490215","0.653469301638021","0","0.474","1","0.643","6.32998132705688"
"668","6","300","20","preferential_attachment","species","species_6","PLN","BIC","0.15","0.771763","0.574303187491222","0.041","0.368","0.5","0.424","3.46836996078491"
"669","6","300","20","preferential_attachment","species","species_6","ZIPLN","BIC","0.11","0.629533","0.663581319601079","0.07","0.579","0.478","0.524","3.55374836921692"
"670","7","300","20","preferential_attachment","species","species_6","PLN","BIC","0.15","0.5788145","0.637189527269234","0.023","0.263","0.556","0.357","2.90056967735291"
"671","7","300","20","preferential_attachment","species","species_6","ZIPLN","BIC","0.1","0.53472","0.700627598229962","0.006","0.316","0.857","0.462","2.56732273101807"
"672","8","300","20","preferential_attachment","species","species_6","PLN","BIC","0.14","0.674803","0.584761021643229","0.088","0.474","0.375","0.419","3.47089982032776"
"673","8","300","20","preferential_attachment","species","species_6","ZIPLN","BIC","0.09","0.6419065","0.659155750140543","0.023","0.526","0.714","0.606","1.42913699150085"
"674","9","300","20","preferential_attachment","species","species_6","PLN","BIC","0.16","0.806221","0.573104149323024","0.047","0.316","0.429","0.364","4.07046341896057"
"675","9","300","20","preferential_attachment","species","species_6","ZIPLN","BIC","0.12","0.5087455","0.648174314806896","0.018","0.368","0.7","0.483","2.64732837677002"
"676","10","300","20","preferential_attachment","species","species_6","PLN","BIC","0.16","0.856495","0.54890478141623","0.053","0.526","0.526","0.526","2.36918234825134"
"677","10","300","20","preferential_attachment","species","species_6","ZIPLN","BIC","0.1","0.587104","0.632363698790299","0.029","0.632","0.706","0.667","1.36217856407166"
"678","11","300","20","preferential_attachment","species","species_6","PLN","BIC","0.16","0.6438465","0.574326290979173","0.041","0.556","0.588","0.571","2.26107668876648"
"679","11","300","20","preferential_attachment","species","species_6","ZIPLN","BIC","0.11","0.4261465","0.66269809170409","0.064","0.278","0.312","0.294","1.35311365127563"
"680","12","300","20","preferential_attachment","species","species_6","PLN","BIC","0.16","0.736933","0.618379062906482","0","0",NA,"0","3.60626745223999"
"681","12","300","20","preferential_attachment","species","species_6","ZIPLN","BIC","0.11","0.6174875","0.683141391528455","0.053","0.368","0.438","0.4","3.20725727081299"
"682","13","300","20","preferential_attachment","species","species_6","PLN","BIC","0.17","0.7100545","0.662524258060647","0","0",NA,"0","2.99395823478699"
"683","13","300","20","preferential_attachment","species","species_6","ZIPLN","BIC","0.1","0.7173585","0.765726091556428","0.017","0.389","0.7","0.5","2.53173089027405"
"684","14","300","20","preferential_attachment","species","species_6","PLN","BIC","0.15","0.7667005","0.568026376481885","0.035","0.316","0.5","0.387","2.77464652061462"
"685","14","300","20","preferential_attachment","species","species_6","ZIPLN","BIC","0.09","0.6723335","0.66676711156827","0.006","0.421","0.889","0.571","1.87762403488159"
"686","15","300","20","preferential_attachment","species","species_6","PLN","BIC","0.15","0.52261","0.635141879741065","0","0.167","1","0.286","3.069575548172"
"687","15","300","20","preferential_attachment","species","species_6","ZIPLN","BIC","0.12","0.3468775","0.707212511919435","0","0.056","1","0.105","2.0039701461792"
"688","16","300","20","preferential_attachment","species","species_6","PLN","BIC","0.14","0.740417","0.639680948457871","0.081","0.706","0.462","0.558","1.57929706573486"
"689","16","300","20","preferential_attachment","species","species_6","ZIPLN","BIC","0.12","0.4798575","0.706203892247212","0.035","0.412","0.538","0.467","1.58934926986694"
"690","17","300","20","preferential_attachment","species","species_6","PLN","BIC","0.13","0.694657","0.613218611381855","0.146","0.632","0.324","0.429","2.10484886169434"
"691","17","300","20","preferential_attachment","species","species_6","ZIPLN","BIC","0.08","0.667659","0.666816424494801","0.111","0.737","0.424","0.538","1.62596869468689"
"692","18","300","20","preferential_attachment","species","species_6","PLN","BIC","0.18","0.69101","0.594228656461903","0","0",NA,"0","3.28703451156616"
"693","18","300","20","preferential_attachment","species","species_6","ZIPLN","BIC","0.13","0.509677","0.727962844356383","0.023","0.368","0.636","0.467","1.76904320716858"
"694","19","300","20","preferential_attachment","species","species_6","PLN","BIC","0.18","0.6092355","0.553588451973714","0","0",NA,"0","2.98218655586243"
"695","19","300","20","preferential_attachment","species","species_6","ZIPLN","BIC","0.1","0.5230455","0.670130828208428","0.053","0.421","0.471","0.444","2.83749532699585"
"696","20","300","20","preferential_attachment","species","species_6","PLN","BIC","0.17","0.713894","0.536821966918641","0.006","0.158","0.75","0.261","2.29232478141785"
"697","20","300","20","preferential_attachment","species","species_6","ZIPLN","BIC","0.1","0.58418","0.642360356683102","0.018","0.368","0.7","0.483","2.0790913105011"
