"","simu","n","p","omega_structure","zi_type","zi_config","method","criterion","omega_rmse","AUC","rmse_fit","fallout","recall","precision","f1_score","time"
"1","1","300","20","erdos_renyi","sites","sites_1","PLN","BIC","0.06","0.6409785","0.656816382639629","0.045","0.75","0.529","0.621","1.60342979431152"
"2","1","300","20","erdos_renyi","sites","sites_1","ZIPLN","BIC","0.06","0.6869195","0.683448110673693","0.006","0.583","0.875","0.7","25.1980369091034"
"3","2","300","20","erdos_renyi","sites","sites_1","PLN","BIC","0.06","0.7903395","0.651657320320021","0.034","0.909","0.625","0.741","2.58807158470154"
"4","2","300","20","erdos_renyi","sites","sites_1","ZIPLN","BIC","0.04","0.742194","0.672892944961064","0.039","0.909","0.588","0.714","38.1864750385284"
"5","3","300","20","erdos_renyi","sites","sites_1","PLN","BIC","0.05","0.847569","0.607699977063219","0.005","0.429","0.75","0.545","2.50898718833923"
"6","3","300","20","erdos_renyi","sites","sites_1","ZIPLN","BIC","0.03","0.78164","0.638491122149019","0.016","1","0.7","0.824","37.8615489006042"
"7","4","300","20","erdos_renyi","sites","sites_1","PLN","BIC","0.04","0.8677455","0.641976452135889","0.06","1","0.353","0.522","2.30493187904358"
"8","4","300","20","erdos_renyi","sites","sites_1","ZIPLN","BIC","0.04","0.807404","0.680542981664961","0.027","0.833","0.5","0.625","38.6308126449585"
"9","5","300","20","erdos_renyi","sites","sites_1","PLN","BIC","0.06","0.718173","0.616116368922743","0.164","0.769","0.256","0.385","2.4162745475769"
"10","5","300","20","erdos_renyi","sites","sites_1","ZIPLN","BIC","0.05","0.682289","0.643381590070547","0.04","0.692","0.562","0.621","37.0864615440369"
"11","6","300","20","erdos_renyi","sites","sites_1","PLN","BIC","0.05","0.8523305","0.611572047284609","0","0.5","1","0.667","1.64339375495911"
"12","6","300","20","erdos_renyi","sites","sites_1","ZIPLN","BIC","0.04","0.8013135","0.643621261325658","0","0.5","1","0.667","26.3929855823517"
"13","7","300","20","erdos_renyi","sites","sites_1","PLN","BIC","0.05","0.8477815","0.64309851534981","0.055","1","0.412","0.583","1.72256731987"
"14","7","300","20","erdos_renyi","sites","sites_1","ZIPLN","BIC","0.05","0.810854","0.661372245741816","0.038","1","0.5","0.667","24.6523327827454"
"15","8","300","20","erdos_renyi","sites","sites_1","PLN","BIC","0.04","0.774596","0.62006735790934","0.005","0.667","0.8","0.727","2.61410450935364"
"16","8","300","20","erdos_renyi","sites","sites_1","ZIPLN","BIC","0.03","0.6766855","0.649768920495892","0.011","0.667","0.667","0.667","37.6925270557404"
"17","9","300","20","erdos_renyi","sites","sites_1","PLN","BIC","0.06","0.755055","0.668209163302024","0.126","0.938","0.405","0.566","2.72725796699524"
"18","9","300","20","erdos_renyi","sites","sites_1","ZIPLN","BIC","0.06","0.7018855","0.680761379284901","0.098","0.938","0.469","0.625","36.6148126125336"
"19","10","300","20","erdos_renyi","sites","sites_1","PLN","BIC","0.06","0.7476535","0.649506682555157","0","0.556","1","0.714","2.15207147598267"
"20","10","300","20","erdos_renyi","sites","sites_1","ZIPLN","BIC","0.04","0.678512","0.659035630997022","0.011","0.667","0.75","0.706","37.3537480831146"
"21","11","300","20","erdos_renyi","sites","sites_1","PLN","BIC","0.04","0.7556485","0.631182373309207","0.082","1","0.286","0.444","2.66580772399902"
"22","11","300","20","erdos_renyi","sites","sites_1","ZIPLN","BIC","0.04","0.790903","0.669771634990225","0.022","0.833","0.556","0.667","39.1804480552673"
"23","12","300","20","erdos_renyi","sites","sites_1","PLN","BIC","0.02","0.930375","0.609560507503403","0","0",NA,"0","1.69090151786804"
"24","12","300","20","erdos_renyi","sites","sites_1","ZIPLN","BIC","0.04","0.905625","0.66244811196395","0","0",NA,"0","24.1204845905304"
"25","13","300","20","erdos_renyi","sites","sites_1","PLN","BIC","0.04","0.86875","0.656948191842048","0","0.5","1","0.667","1.48718357086182"
"26","13","300","20","erdos_renyi","sites","sites_1","ZIPLN","BIC","0.03","0.87875","0.670603814730535","0.022","1","0.6","0.75","25.5383350849152"
"27","14","300","20","erdos_renyi","sites","sites_1","PLN","BIC","0.08","0.7094215","0.642104967385169","0.075","0.75","0.48","0.585","2.8298704624176"
"28","14","300","20","erdos_renyi","sites","sites_1","ZIPLN","BIC","0.08","0.6755155","0.653507874140017","0.04","0.688","0.611","0.647","37.0216543674469"
"29","15","300","20","erdos_renyi","sites","sites_1","PLN","BIC","0.05","0.7264425","0.632474473474401","0.006","0.364","0.8","0.5","2.88306760787964"
"30","15","300","20","erdos_renyi","sites","sites_1","ZIPLN","BIC","0.04","0.740769","0.653192703860581","0.011","0.636","0.778","0.7","36.501277923584"
"31","16","300","20","erdos_renyi","sites","sites_1","PLN","BIC","0.07","0.650866","0.669035119749038","0.017","0.6","0.75","0.667","2.73578119277954"
"32","16","300","20","erdos_renyi","sites","sites_1","ZIPLN","BIC","0.06","0.6695315","0.685580268801922","0.046","0.667","0.556","0.606","35.8079814910889"
"33","17","300","20","erdos_renyi","sites","sites_1","PLN","BIC","0.03","0.714912","0.630491048521669","0","0.667","1","0.8","2.62325644493103"
"34","17","300","20","erdos_renyi","sites","sites_1","ZIPLN","BIC","0.03","0.7280815","0.655984379664146","0.005","0.667","0.8","0.727","36.9700355529785"
"35","18","300","20","erdos_renyi","sites","sites_1","PLN","BIC","0.07","0.768055","0.651179992005193","0.017","0.818","0.75","0.783","1.55714082717896"
"36","18","300","20","erdos_renyi","sites","sites_1","ZIPLN","BIC","0.05","0.719105","0.662245013520335","0.034","0.909","0.625","0.741","23.687468290329"
"37","19","300","20","erdos_renyi","sites","sites_1","PLN","BIC","0.04","0.731989","0.632570211850639","0.005","0.833","0.833","0.833","1.41765737533569"
"38","19","300","20","erdos_renyi","sites","sites_1","ZIPLN","BIC","0.04","0.695423","0.654007336223425","0.011","0.667","0.667","0.667","26.5878922939301"
"39","20","300","20","erdos_renyi","sites","sites_1","PLN","BIC","0.06","0.7336955","0.654544503698369","0.023","0.538","0.636","0.583","3.02538967132568"
"40","20","300","20","erdos_renyi","sites","sites_1","ZIPLN","BIC","0.05","0.7127415","0.671164147423196","0.017","0.615","0.727","0.667","27.6602187156677"
"41","21","300","20","erdos_renyi","sites","sites_1","PLN","BIC","0.03","0.8695","0.587474783852235","0.005","0.75","0.75","0.75","2.66151261329651"
"42","21","300","20","erdos_renyi","sites","sites_1","ZIPLN","BIC","0.04","0.882875","0.636802876706304","0.016","0.75","0.5","0.6","28.4129302501678"
"43","22","300","20","erdos_renyi","sites","sites_1","PLN","BIC","0.05","0.728667","0.63789286386046","0.05","1","0.5","0.667","2.35320997238159"
"44","22","300","20","erdos_renyi","sites","sites_1","ZIPLN","BIC","0.05","0.706667","0.651165037377334","0.011","1","0.818","0.9","27.5688056945801"
"45","23","300","20","erdos_renyi","sites","sites_1","PLN","BIC","0.07","0.7548235","0.652651328287717","0.006","0.667","0.857","0.75","2.52793478965759"
"46","23","300","20","erdos_renyi","sites","sites_1","ZIPLN","BIC","0.06","0.7349435","0.666927275479793","0.017","0.778","0.7","0.737","27.5932042598724"
"47","24","300","20","erdos_renyi","sites","sites_1","PLN","BIC","0.06","0.7458965","0.668433669689634","0.044","0.556","0.385","0.455","1.48206067085266"
"48","24","300","20","erdos_renyi","sites","sites_1","ZIPLN","BIC","0.06","0.8059335","0.686065496487967","0.011","0.556","0.714","0.625","26.5438437461853"
"49","25","300","20","erdos_renyi","sites","sites_1","PLN","BIC","0.07","0.762881","0.658579024972405","0.045","0.833","0.556","0.667","1.59744620323181"
"50","25","300","20","erdos_renyi","sites","sites_1","ZIPLN","BIC","0.06","0.710384","0.679200183703009","0.011","0.583","0.778","0.667","24.3089108467102"
"51","26","300","20","erdos_renyi","sites","sites_1","PLN","BIC","0.08","0.72735","0.631441729861244","0.033","0.8","0.571","0.667","2.25956296920776"
"52","26","300","20","erdos_renyi","sites","sites_1","ZIPLN","BIC","0.06","0.68045","0.644158913191051","0.033","0.8","0.571","0.667","23.6740732192993"
"53","27","300","20","erdos_renyi","sites","sites_1","PLN","BIC","0.04","0.908","0.584919537891338","0.005","1","0.857","0.923","1.84098196029663"
"54","27","300","20","erdos_renyi","sites","sites_1","ZIPLN","BIC","0.04","0.821","0.628557689369221","0.005","1","0.857","0.923","23.2591037750244"
"55","28","300","20","erdos_renyi","sites","sites_1","PLN","BIC","0.06","0.809469","0.650284793034102","0","0.889","1","0.941","1.29159927368164"
"56","28","300","20","erdos_renyi","sites","sites_1","ZIPLN","BIC","0.05","0.771907","0.654648655309025","0.017","0.889","0.727","0.8","24.6065356731415"
"57","29","300","20","erdos_renyi","sites","sites_1","PLN","BIC","0.06","0.813875","0.651717046271973","0.005","0.75","0.857","0.8","1.81008505821228"
"58","29","300","20","erdos_renyi","sites","sites_1","ZIPLN","BIC","0.06","0.7469375","0.665540680054797","0.022","0.75","0.6","0.667","24.402740240097"
"59","30","300","20","erdos_renyi","sites","sites_1","PLN","BIC","0.05","0.789","0.62175259557085","0.011","1","0.714","0.833","1.52065658569336"
"60","30","300","20","erdos_renyi","sites","sites_1","ZIPLN","BIC","0.04","0.7295","0.654500520524221","0.005","1","0.833","0.909","24.0810298919678"
"61","1","300","20","erdos_renyi","sites","sites_2","PLN","BIC","0.1","0.68605","0.545333677976585","0","0",NA,"0","2.95966482162476"
"62","1","300","20","erdos_renyi","sites","sites_2","ZIPLN","BIC","0.07","0.65535","0.662161946092683","0","0.1","1","0.182","44.9842550754547"
"63","2","300","20","erdos_renyi","sites","sites_2","PLN","BIC","0.07","0.646646","0.522921660374727","0","0.286","1","0.444","2.95810294151306"
"64","2","300","20","erdos_renyi","sites","sites_2","ZIPLN","BIC","0.04","0.654019","0.608875317558521","0.033","0.571","0.4","0.471","43.4106109142303"
"65","3","300","20","erdos_renyi","sites","sites_2","PLN","BIC","0.09","0.812626","0.54559279222203","0","0",NA,"0","2.71789765357971"
"66","3","300","20","erdos_renyi","sites","sites_2","ZIPLN","BIC","0.06","0.7787345","0.616600355924801","0","0.091","1","0.167","45.8349125385284"
"67","4","300","20","erdos_renyi","sites","sites_2","PLN","BIC","0.11","0.608313","0.548433036880782","0.023","0.308","0.5","0.381","2.76238107681274"
"68","4","300","20","erdos_renyi","sites","sites_2","ZIPLN","BIC","0.08","0.555592","0.607708929268557","0.068","0.692","0.429","0.529","42.3489527702332"
"69","5","300","20","erdos_renyi","sites","sites_2","PLN","BIC","0.08","0.6370475","0.547141828075496","0","0",NA,"0","1.54492449760437"
"70","5","300","20","erdos_renyi","sites","sites_2","ZIPLN","BIC","0.06","0.63976","0.591837515138891","0.022","0.222","0.333","0.267","29.2355642318726"
"71","6","300","20","erdos_renyi","sites","sites_2","PLN","BIC","0.08","0.7391","0.550565808008727","0","0",NA,"0","1.79289793968201"
"72","6","300","20","erdos_renyi","sites","sites_2","ZIPLN","BIC","0.05","0.79045","0.633681725547807","0.006","0.4","0.8","0.533","29.2900197505951"
"73","7","300","20","erdos_renyi","sites","sites_2","PLN","BIC","0.12","0.860806","0.530486609158689","0","0",NA,"0","3.35922527313232"
"74","7","300","20","erdos_renyi","sites","sites_2","ZIPLN","BIC","0.07","0.8314505","0.611774850470314","0.045","0.714","0.556","0.625","42.8259410858154"
"75","8","300","20","erdos_renyi","sites","sites_2","PLN","BIC","0.1","0.77667","0.567649170011755","0","0.273","1","0.429","3.38904309272766"
"76","8","300","20","erdos_renyi","sites","sites_2","ZIPLN","BIC","0.08","0.7655785","0.687943307361662","0","0.455","1","0.625","42.6134088039398"
"77","9","300","20","erdos_renyi","sites","sites_2","PLN","BIC","0.09","0.8341905","0.550770622497446","0.005","0.714","0.833","0.769","3.21951246261597"
"78","9","300","20","erdos_renyi","sites","sites_2","ZIPLN","BIC","0.07","0.7379785","0.663132217340773","0.044","0.857","0.429","0.571","42.6699814796448"
"79","10","300","20","erdos_renyi","sites","sites_2","PLN","BIC","0.07","0.8612945","0.523115302209007","0","0.167","1","0.286","3.90015077590942"
"80","10","300","20","erdos_renyi","sites","sites_2","ZIPLN","BIC","0.05","0.8293455","0.624622289655816","0.005","0.667","0.8","0.727","44.2907869815826"
"81","11","300","20","erdos_renyi","sites","sites_2","PLN","BIC","0.08","0.8084375","0.555787191406922","0","0",NA,"0","1.74045872688293"
"82","11","300","20","erdos_renyi","sites","sites_2","ZIPLN","BIC","0.06","0.7535","0.637989458408982","0","0.375","1","0.545","28.0290651321411"
"83","12","300","20","erdos_renyi","sites","sites_2","PLN","BIC","0.09","0.839429","0.558413543805321","0","0",NA,"0","1.83684802055359"
"84","12","300","20","erdos_renyi","sites","sites_2","ZIPLN","BIC","0.06","0.871923","0.655629676243171","0.005","0.857","0.857","0.857","27.7477974891663"
"85","13","300","20","erdos_renyi","sites","sites_2","PLN","BIC","0.06","0.6480725","0.528998770154879","0","0.143","1","0.25","3.29403305053711"
"86","13","300","20","erdos_renyi","sites","sites_2","ZIPLN","BIC","0.06","0.5778635","0.653358338192609","0","0.143","1","0.25","43.7861149311066"
"87","14","300","20","erdos_renyi","sites","sites_2","PLN","BIC","0.1","0.6737305","0.540226247569218","0","0.091","1","0.167","2.74607300758362"
"88","14","300","20","erdos_renyi","sites","sites_2","ZIPLN","BIC","0.08","0.7165695","0.645959851327944","0","0.091","1","0.167","39.9739220142365"
"89","15","300","20","erdos_renyi","sites","sites_2","PLN","BIC","0.1","0.762818","0.563761830950652","0","0",NA,"0","2.76690077781677"
"90","15","300","20","erdos_renyi","sites","sites_2","ZIPLN","BIC","0.07","0.7265755","0.612348679483196","0","0.333","1","0.5","44.7730264663696"
"91","16","300","20","erdos_renyi","sites","sites_2","PLN","BIC","0.07","0.770653","0.545675717896087","0","0.333","1","0.5","3.13392543792725"
"92","16","300","20","erdos_renyi","sites","sites_2","ZIPLN","BIC","0.1","0.747203","0.70362871668928","0.022","0.5","0.429","0.462","41.617627620697"
"93","17","300","20","erdos_renyi","sites","sites_2","PLN","BIC","0.1","0.702512","0.534162785332098","0","0",NA,"0","2.02392220497131"
"94","17","300","20","erdos_renyi","sites","sites_2","ZIPLN","BIC","0.06","0.7146275","0.620167795320068","0.017","0.615","0.727","0.667","28.4554250240326"
"95","18","300","20","erdos_renyi","sites","sites_2","PLN","BIC","0.08","0.8224375","0.539579037293398","0","0",NA,"0","1.64398407936096"
"96","18","300","20","erdos_renyi","sites","sites_2","ZIPLN","BIC","0.05","0.8085","0.611114205510794","0.11","0.625","0.2","0.303","28.7495093345642"
"97","19","300","20","erdos_renyi","sites","sites_2","PLN","BIC","0.09","0.7719","0.588931376330368","0","0",NA,"0","3.00604605674744"
"98","19","300","20","erdos_renyi","sites","sites_2","ZIPLN","BIC","0.07","0.74675","0.64062794407405","0.011","0.3","0.6","0.4","29.2409646511078"
"99","20","300","20","erdos_renyi","sites","sites_2","PLN","BIC","0.05","0.624749","0.502865657714193","0.011","0.5","0.6","0.545","1.64659118652344"
"100","20","300","20","erdos_renyi","sites","sites_2","ZIPLN","BIC","0.06","0.524685","0.621467231451308","0","0.167","1","0.286","31.4680359363556"
"101","21","300","20","erdos_renyi","sites","sites_2","PLN","BIC","0.08","0.8239185","0.524780905300894","0","0",NA,"0","3.15651202201843"
"102","21","300","20","erdos_renyi","sites","sites_2","ZIPLN","BIC","0.06","0.873233","0.616448195579437","0.006","0.556","0.833","0.667","29.3876068592072"
"103","22","300","20","erdos_renyi","sites","sites_2","PLN","BIC","0.09","0.76235","0.553116291171407","0","0",NA,"0","2.84188032150269"
"104","22","300","20","erdos_renyi","sites","sites_2","ZIPLN","BIC","0.07","0.7312","0.599087344238869","0.022","0.5","0.556","0.526","31.5209274291992"
"105","23","300","20","erdos_renyi","sites","sites_2","PLN","BIC","0.08","0.7734","0.536801620734226","0","0.2","1","0.333","2.05828762054443"
"106","23","300","20","erdos_renyi","sites","sites_2","ZIPLN","BIC","0.1","0.6883","0.701449188758449","0","0.2","1","0.333","26.7243845462799"
"107","24","300","20","erdos_renyi","sites","sites_2","PLN","BIC","0.1","0.6432","0.576314391410283","0","0",NA,"0","1.68510937690735"
"108","24","300","20","erdos_renyi","sites","sites_2","ZIPLN","BIC","0.06","0.74665","0.64746466545517","0.033","0.4","0.4","0.4","29.1812627315521"
"109","25","300","20","erdos_renyi","sites","sites_2","PLN","BIC","0.09","0.768294","0.559873639905755","0","0",NA,"0","1.64859652519226"
"110","25","300","20","erdos_renyi","sites","sites_2","ZIPLN","BIC","0.06","0.779602","0.613778611745398","0.006","0.556","0.833","0.667","28.4405989646912"
"111","26","300","20","erdos_renyi","sites","sites_2","PLN","BIC","0.1","0.7530855","0.563876837402935","0.023","0.385","0.556","0.455","1.56203484535217"
"112","26","300","20","erdos_renyi","sites","sites_2","ZIPLN","BIC","0.07","0.6788995","0.626962909719412","0.034","0.538","0.538","0.538","27.9130754470825"
"113","27","300","20","erdos_renyi","sites","sites_2","PLN","BIC","0.05","0.8139","0.516706028102336","0","0.4","1","0.571","1.92165493965149"
"114","27","300","20","erdos_renyi","sites","sites_2","ZIPLN","BIC","0.04","0.7442","0.604959421996045","0.027","0.6","0.375","0.462","28.9030060768127"
"115","28","300","20","erdos_renyi","sites","sites_2","PLN","BIC","0.09","0.8035","0.546222665602063","0","0",NA,"0","1.85581111907959"
"116","28","300","20","erdos_renyi","sites","sites_2","ZIPLN","BIC","0.06","0.7002","0.609591830542535","0.017","0.7","0.7","0.7","28.4910137653351"
"117","29","300","20","erdos_renyi","sites","sites_2","PLN","BIC","0.04","0.89375","0.507160525511246","0","0",NA,"0","1.71660327911377"
"118","29","300","20","erdos_renyi","sites","sites_2","ZIPLN","BIC","0.03","0.9045","0.601186836544407","0","0",NA,"0","32.2201321125031"
"119","30","300","20","erdos_renyi","sites","sites_2","PLN","BIC","0.07","0.6197335","0.560240817931363","0","0.167","1","0.286","1.68458962440491"
"120","30","300","20","erdos_renyi","sites","sites_2","ZIPLN","BIC","0.09","0.662719","0.718007883587546","0","0.333","1","0.5","26.5112521648407"
"121","1","300","20","erdos_renyi","sites","sites_3","PLN","BIC","0.12","0.6105785","0.425423982497736","0","0",NA,"0","4.04598879814148"
"122","1","300","20","erdos_renyi","sites","sites_3","ZIPLN","BIC","0.23","0.6005545","0.643561712254543","0","0",NA,"0","29.1562876701355"
"123","2","300","20","erdos_renyi","sites","sites_3","PLN","BIC","0.14","0.6512865","0.422626941390552","0","0",NA,"0","3.75436043739319"
"124","2","300","20","erdos_renyi","sites","sites_3","ZIPLN","BIC","0.24","0.596075","0.656985315410617","0","0",NA,"0","26.9234974384308"
"125","3","300","20","erdos_renyi","sites","sites_3","PLN","BIC","0.09","0.6540815","0.411979714742183","0","0",NA,"0","3.08928036689758"
"126","3","300","20","erdos_renyi","sites","sites_3","ZIPLN","BIC","0.16","0.6841275","0.618288774003558","0","0",NA,"0","19.1012356281281"
"127","4","300","20","erdos_renyi","sites","sites_3","PLN","BIC","0.08","0.3882","0.409614510489981","0","0",NA,"0","4.65004682540894"
"128","4","300","20","erdos_renyi","sites","sites_3","ZIPLN","BIC","0.18","0.3749","0.610148911680464","0","0",NA,"0","26.8033170700073"
"129","5","300","20","erdos_renyi","sites","sites_3","PLN","BIC","0.09","0.7876","0.403752230614459","0","0",NA,"0","4.08336853981018"
"130","5","300","20","erdos_renyi","sites","sites_3","ZIPLN","BIC","0.17","0.6693","0.598799141154706","0","0.2","1","0.333","26.7957010269165"
"131","6","300","20","erdos_renyi","sites","sites_3","PLN","BIC","0.11","0.506712","0.432253361752656","0","0",NA,"0","2.41512751579285"
"132","6","300","20","erdos_renyi","sites","sites_3","ZIPLN","BIC","0.23","0.4386685","0.659660035811313","0","0",NA,"0","18.8421685695648"
"133","7","300","20","erdos_renyi","sites","sites_3","PLN","BIC","0.11","0.7490625","0.425428681169349","0","0",NA,"0","2.63460898399353"
"134","7","300","20","erdos_renyi","sites","sites_3","ZIPLN","BIC","0.24","0.782","0.632429556380666","0","0",NA,"0","19.6178553104401"
"135","8","300","20","erdos_renyi","sites","sites_3","PLN","BIC","0.04","0.5135","0.367974461730417","0","0",NA,"0","5.56410670280457"
"136","8","300","20","erdos_renyi","sites","sites_3","ZIPLN","BIC","0.12","0.336","0.531600688927112","0","0",NA,"0","26.224146604538"
"137","9","300","20","erdos_renyi","sites","sites_3","PLN","BIC","0.11","0.69875","0.413502518103895","0","0",NA,"0","2.50196242332458"
"138","9","300","20","erdos_renyi","sites","sites_3","ZIPLN","BIC","0.26","0.59925","0.643136580949629","0","0",NA,"0","26.0947265625"
"139","10","300","20","erdos_renyi","sites","sites_3","PLN","BIC","0.11","0.6137","0.442030271097127","0","0",NA,"0","3.6918158531189"
"140","10","300","20","erdos_renyi","sites","sites_3","ZIPLN","BIC","0.17","0.5014","0.661249377031456","0","0",NA,"0","30.193425655365"
"141","11","300","20","erdos_renyi","sites","sites_3","PLN","BIC","0.11","0.679789","0.410476738912054","0","0",NA,"0","4.21151423454285"
"142","11","300","20","erdos_renyi","sites","sites_3","ZIPLN","BIC","0.19","0.675323","0.610992418870406","0","0",NA,"0","25.8934073448181"
"143","12","300","20","erdos_renyi","sites","sites_3","PLN","BIC","0.11","0.447102","0.403638651990413","0","0",NA,"0","2.76624989509583"
"144","12","300","20","erdos_renyi","sites","sites_3","ZIPLN","BIC","0.17","0.3897575","0.605273361826677","0","0",NA,"0","18.5056524276733"
"145","13","300","20","erdos_renyi","sites","sites_3","PLN","BIC","0.12","0.545","0.429800057885972","0","0",NA,"0","2.80403327941895"
"146","13","300","20","erdos_renyi","sites","sites_3","ZIPLN","BIC","0.22","0.7166","0.660637270695381","0","0",NA,"0","19.0301465988159"
"147","14","300","20","erdos_renyi","sites","sites_3","PLN","BIC","0.13","0.698363","0.410164787815716","0","0",NA,"0","3.50117778778076"
"148","14","300","20","erdos_renyi","sites","sites_3","ZIPLN","BIC","0.19","0.7004105","0.61832909760775","0","0",NA,"0","25.8409218788147"
"149","15","300","20","erdos_renyi","sites","sites_3","PLN","BIC","0.09","0.7001","0.397389592558147","0.005","0","0","0","4.02365827560425"
"150","15","300","20","erdos_renyi","sites","sites_3","ZIPLN","BIC","0.13","0.6821","0.581830424168338","0","0",NA,"0","29.1918342113495"
"151","16","300","20","erdos_renyi","sites","sites_3","PLN","BIC","0.07","0.627262","0.393638781509497","0","0.333","1","0.5","5.38204121589661"
"152","16","300","20","erdos_renyi","sites","sites_3","ZIPLN","BIC","0.15","0.6107135","0.585588552636282","0","0",NA,"0","27.4501950740814"
"153","17","300","20","erdos_renyi","sites","sites_3","PLN","BIC","0.07","0.6945","0.405264830962314","0","0",NA,"0","4.51494169235229"
"154","17","300","20","erdos_renyi","sites","sites_3","ZIPLN","BIC","0.16","0.591","0.610100515822005","0","0",NA,"0","26.4206464290619"
"155","18","300","20","erdos_renyi","sites","sites_3","PLN","BIC","0.13","0.5426","0.446291893676838","0","0",NA,"0","2.9137487411499"
"156","18","300","20","erdos_renyi","sites","sites_3","ZIPLN","BIC","0.23","0.58815","0.671924184291223","0","0",NA,"0","21.0695643424988"
"157","19","300","20","erdos_renyi","sites","sites_3","PLN","BIC","0.1","0.6394845","0.397036250445199","0","0",NA,"0","2.92563271522522"
"158","19","300","20","erdos_renyi","sites","sites_3","ZIPLN","BIC","0.17","0.57705","0.594616176965426","0","0",NA,"0","19.226776599884"
"159","20","300","20","erdos_renyi","sites","sites_3","PLN","BIC","0.12","0.5501165","0.419962948188523","0","0.222","1","0.364","4.18850898742676"
"160","20","300","20","erdos_renyi","sites","sites_3","ZIPLN","BIC","0.23","0.5124715","0.627816646280779","0","0.111","1","0.2","25.8968369960785"
"161","21","300","20","erdos_renyi","sites","sites_3","PLN","BIC","0.15","0.562544","0.434004768587942","0","0",NA,"0","4.00718474388123"
"162","21","300","20","erdos_renyi","sites","sites_3","ZIPLN","BIC","0.34","0.645876","0.676889006652873","0","0",NA,"0","26.0207235813141"
"163","22","300","20","erdos_renyi","sites","sites_3","PLN","BIC","0.1","0.5457815","0.423588699054396","0","0",NA,"0","3.82431101799011"
"164","22","300","20","erdos_renyi","sites","sites_3","ZIPLN","BIC","0.2","0.6039895","0.642649113565604","0","0",NA,"0","23.9304943084717"
"165","23","300","20","erdos_renyi","sites","sites_3","PLN","BIC","0.13","0.6093225","0.434521615408893","0","0",NA,"0","3.79704403877258"
"166","23","300","20","erdos_renyi","sites","sites_3","ZIPLN","BIC","0.18","0.6429575","0.634978284060792","0","0",NA,"0","27.6017472743988"
"167","24","300","20","erdos_renyi","sites","sites_3","PLN","BIC","0.11","0.608799","0.407468041952304","0","0",NA,"0","2.90986776351929"
"168","24","300","20","erdos_renyi","sites","sites_3","ZIPLN","BIC","0.2","0.769928","0.618854511237137","0","0",NA,"0","18.9317815303802"
"169","25","300","20","erdos_renyi","sites","sites_3","PLN","BIC","0.09","0.6352615","0.412163749175186","0","0",NA,"0","2.55813241004944"
"170","25","300","20","erdos_renyi","sites","sites_3","ZIPLN","BIC","0.18","0.6450765","0.615702875847176","0","0",NA,"0","18.4130482673645"
"171","26","300","20","erdos_renyi","sites","sites_3","PLN","BIC","0.12","0.57175","0.449282323495782","0","0",NA,"0","2.53477907180786"
"172","26","300","20","erdos_renyi","sites","sites_3","ZIPLN","BIC","0.27","0.621375","0.674452240407271","0","0",NA,"0","19.1520056724548"
"173","27","300","20","erdos_renyi","sites","sites_3","PLN","BIC","0.1","0.640875","0.385843393156673","0","0",NA,"0","3.11142230033875"
"174","27","300","20","erdos_renyi","sites","sites_3","ZIPLN","BIC","0.16","0.6938125","0.573900161240731","0","0",NA,"0","18.0440945625305"
"175","28","300","20","erdos_renyi","sites","sites_3","PLN","BIC","0.11","0.6500495","0.415273534500085","0","0",NA,"0","2.57980275154114"
"176","28","300","20","erdos_renyi","sites","sites_3","ZIPLN","BIC","0.18","0.781621","0.639264268861887","0","0",NA,"0","19.5033853054047"
"177","29","300","20","erdos_renyi","sites","sites_3","PLN","BIC","0.11","0.5500625","0.419998123932178","0","0",NA,"0","2.54851293563843"
"178","29","300","20","erdos_renyi","sites","sites_3","ZIPLN","BIC","0.19","0.7370625","0.636751559897658","0","0",NA,"0","19.3879928588867"
"179","30","300","20","erdos_renyi","sites","sites_3","PLN","BIC","0.09","0.4139595","0.415410304237914","0","0",NA,"0","2.79332542419434"
"180","30","300","20","erdos_renyi","sites","sites_3","ZIPLN","BIC","0.14","0.5447375","0.600401542567872","0","0",NA,"0","22.8069717884064"
"181","1","300","20","community","sites","sites_1","PLN","BIC","0.07","0.63115","0.671836614850301","0.006","0.692","0.9","0.783","2.5710780620575"
"182","1","300","20","community","sites","sites_1","ZIPLN","BIC","0.06","0.6747285","0.690071156886516","0.028","0.692","0.643","0.667","39.9221909046173"
"183","2","300","20","community","sites","sites_1","PLN","BIC","0.09","0.779734","0.670216088685249","0","0.154","1","0.267","2.54119324684143"
"184","2","300","20","community","sites","sites_1","ZIPLN","BIC","0.07","0.7355185","0.676761558086956","0.04","0.769","0.588","0.667","37.4191696643829"
"185","3","300","20","community","sites","sites_1","PLN","BIC","0.07","0.6788365","0.661630149741043","0.046","0.75","0.6","0.667","3.29752826690674"
"186","3","300","20","community","sites","sites_1","ZIPLN","BIC","0.06","0.636875","0.670824874109582","0.057","0.75","0.545","0.632","35.833484172821"
"187","4","300","20","community","sites","sites_1","PLN","BIC","0.06","0.766437","0.63144703764457","0.006","0.444","0.8","0.571","1.57263946533203"
"188","4","300","20","community","sites","sites_1","ZIPLN","BIC","0.05","0.645436","0.669629509030992","0.022","0.667","0.6","0.632","26.1082227230072"
"189","5","300","20","community","sites","sites_1","PLN","BIC","0.09","0.6928655","0.679483002192419","0.023","0.667","0.714","0.69","2.60124254226685"
"190","5","300","20","community","sites","sites_1","ZIPLN","BIC","0.07","0.570748","0.701019735847587","0.086","0.8","0.444","0.571","37.0372519493103"
"191","6","300","20","community","sites","sites_1","PLN","BIC","0.09","0.7017515","0.667258284085389","0.051","0.667","0.526","0.588","1.71735072135925"
"192","6","300","20","community","sites","sites_1","ZIPLN","BIC","0.07","0.7078265","0.677519924393612","0.057","0.867","0.565","0.684","25.5921409130096"
"193","7","300","20","community","sites","sites_1","PLN","BIC","0.06","0.7988","0.675760869387673","0.006","0.5","0.833","0.625","2.48402881622314"
"194","7","300","20","community","sites","sites_1","ZIPLN","BIC","0.05","0.78155","0.703067392642455","0.006","0.4","0.8","0.533","38.2852609157562"
"195","8","300","20","community","sites","sites_1","PLN","BIC","0.05","0.7378175","0.687116043734406","0.045","0.615","0.5","0.552","2.40589118003845"
"196","8","300","20","community","sites","sites_1","ZIPLN","BIC","0.05","0.714079","0.70852621403107","0.011","0.538","0.778","0.636","37.8180298805237"
"197","9","300","20","community","sites","sites_1","PLN","BIC","0.07","0.74323","0.652532847612013","0.039","0.75","0.562","0.643","2.73308253288269"
"198","9","300","20","community","sites","sites_1","ZIPLN","BIC","0.06","0.7365585","0.675630875696803","0.056","0.833","0.5","0.625","36.7621555328369"
"199","10","300","20","community","sites","sites_1","PLN","BIC","0.07","0.7278245","0.647724580646929","0.045","0.786","0.579","0.667","1.60735154151917"
"200","10","300","20","community","sites","sites_1","ZIPLN","BIC","0.06","0.547328","0.665763773169792","0.023","0.714","0.714","0.714","24.0385863780975"
"201","11","300","20","community","sites","sites_1","PLN","BIC","0.07","0.74358","0.670656491802161","0.006","0.667","0.889","0.762","2.85265278816223"
"202","11","300","20","community","sites","sites_1","ZIPLN","BIC","0.05","0.658424","0.688376951509852","0.051","0.833","0.526","0.645","36.449652671814"
"203","12","300","20","community","sites","sites_1","PLN","BIC","0.08","0.712603","0.651575646931088","0.011","0.692","0.818","0.75","1.71642589569092"
"204","12","300","20","community","sites","sites_1","ZIPLN","BIC","0.07","0.6762625","0.669367290078312","0.011","0.692","0.818","0.75","24.480548620224"
"205","13","300","20","community","sites","sites_1","PLN","BIC","0.05","0.7582675","0.64763718451116","0.006","0.667","0.857","0.75","2.45044159889221"
"206","13","300","20","community","sites","sites_1","ZIPLN","BIC","0.04","0.7292665","0.66533736686429","0.022","0.778","0.636","0.7","39.7067456245422"
"207","14","300","20","community","sites","sites_1","PLN","BIC","0.05","0.7650845","0.66329421476474","0.051","0.833","0.526","0.645","3.02404236793518"
"208","14","300","20","community","sites","sites_1","ZIPLN","BIC","0.03","0.7603805","0.679719548777656","0.079","0.917","0.44","0.595","36.8761100769043"
"209","15","300","20","community","sites","sites_1","PLN","BIC","0.09","0.6998345","0.704899571149964","0","0",NA,"0","2.82031488418579"
"210","15","300","20","community","sites","sites_1","ZIPLN","BIC","0.07","0.670873","0.710564614909232","0.006","0.474","0.9","0.621","37.3802890777588"
"211","16","300","20","community","sites","sites_1","PLN","BIC","0.1","0.67475","0.666992889997724","0.006","0.25","0.833","0.385","1.69223761558533"
"212","16","300","20","community","sites","sites_1","ZIPLN","BIC","0.07","0.6184","0.676580541600106","0.076","0.6","0.48","0.533","23.7973608970642"
"213","17","300","20","community","sites","sites_1","PLN","BIC","0.06","0.56345","0.694426483112173","0","0.2","1","0.333","2.6458797454834"
"214","17","300","20","community","sites","sites_1","ZIPLN","BIC","0.05","0.55895","0.719830012853387","0.006","0.2","0.667","0.308","39.1538410186768"
"215","18","300","20","community","sites","sites_1","PLN","BIC","0.08","0.691558","0.635455667906651","0.126","0.875","0.389","0.538","1.84327387809753"
"216","18","300","20","community","sites","sites_1","ZIPLN","BIC","0.06","0.7084865","0.674775749409755","0.08","0.875","0.5","0.636","24.2678184509277"
"217","19","300","20","community","sites","sites_1","PLN","BIC","0.06","0.812236","0.67285642392005","0.006","0.833","0.909","0.87","2.55308413505554"
"218","19","300","20","community","sites","sites_1","ZIPLN","BIC","0.06","0.834102","0.70304327951149","0","0.75","1","0.857","25.0106596946716"
"219","20","300","20","community","sites","sites_1","PLN","BIC","0.06","0.701025","0.665249572251596","0","0.444","1","0.615","2.65449595451355"
"220","20","300","20","community","sites","sites_1","ZIPLN","BIC","0.04","0.65054","0.683310388930328","0.011","0.556","0.714","0.625","27.132884979248"
"221","21","300","20","community","sites","sites_1","PLN","BIC","0.05","0.7955945","0.6605986756562","0","0.333","1","0.5","2.6144118309021"
"222","21","300","20","community","sites","sites_1","ZIPLN","BIC","0.04","0.7616865","0.676865659087933","0.006","0.556","0.833","0.667","27.6415681838989"
"223","22","300","20","community","sites","sites_1","PLN","BIC","0.05","0.7757915","0.633962343580752","0","0.714","1","0.833","1.3928804397583"
"224","22","300","20","community","sites","sites_1","ZIPLN","BIC","0.04","0.835676","0.650368208593271","0.022","0.714","0.556","0.625","26.0489284992218"
"225","23","300","20","community","sites","sites_1","PLN","BIC","0.08","0.6433675","0.654212026350428","0.012","0.765","0.867","0.812","2.91698002815247"
"226","23","300","20","community","sites","sites_1","ZIPLN","BIC","0.06","0.6793165","0.670613158268381","0.046","0.765","0.619","0.684","27.2172420024872"
"227","24","300","20","community","sites","sites_1","PLN","BIC","0.08","0.6524725","0.671026011083295","0.057","0.75","0.545","0.632","1.81086540222168"
"228","24","300","20","community","sites","sites_1","ZIPLN","BIC","0.07","0.5871795","0.687060248980968","0.069","0.688","0.478","0.564","24.5672721862793"
"229","25","300","20","community","sites","sites_1","PLN","BIC","0.08","0.72274","0.612844123512589","0.011","0.667","0.8","0.727","1.63032722473145"
"230","25","300","20","community","sites","sites_1","ZIPLN","BIC","0.05","0.7043845","0.631262548671623","0.096","0.917","0.393","0.55","23.6776516437531"
"231","26","300","20","community","sites","sites_1","PLN","BIC","0.07","0.754974","0.608103869195151","0.092","0.882","0.484","0.625","1.90867042541504"
"232","26","300","20","community","sites","sites_1","ZIPLN","BIC","0.06","0.676763","0.63852788288978","0.098","0.882","0.469","0.612","23.4454853534698"
"233","27","300","20","community","sites","sites_1","PLN","BIC","0.07","0.729958","0.639910189901779","0.086","0.75","0.444","0.558","1.65343952178955"
"234","27","300","20","community","sites","sites_1","ZIPLN","BIC","0.06","0.6594","0.658169392551257","0.04","0.625","0.588","0.606","24.3138628005981"
"235","28","300","20","community","sites","sites_1","PLN","BIC","0.05","0.7037055","0.622775683226617","0","0.333","1","0.5","1.91783595085144"
"236","28","300","20","community","sites","sites_1","ZIPLN","BIC","0.04","0.6575985","0.658393186018887","0","0.556","1","0.714","24.0036866664886"
"237","29","300","20","community","sites","sites_1","PLN","BIC","0.07","0.7571695","0.697727658189881","0.028","0.538","0.583","0.56","1.85325455665588"
"238","29","300","20","community","sites","sites_1","ZIPLN","BIC","0.06","0.729366","0.705464247485196","0.045","0.846","0.579","0.688","24.7884659767151"
"239","30","300","20","community","sites","sites_1","PLN","BIC","0.08","0.6907075","0.66614142361775","0.017","0.588","0.769","0.667","1.70296549797058"
"240","30","300","20","community","sites","sites_1","ZIPLN","BIC","0.07","0.629768","0.685109602170986","0.058","0.706","0.545","0.615","24.2812173366547"
"241","1","300","20","community","sites","sites_2","PLN","BIC","0.11","0.598149","0.575772174711389","0","0.273","1","0.429","2.78656840324402"
"242","1","300","20","community","sites","sites_2","ZIPLN","BIC","0.07","0.554279","0.676119931743026","0.011","0.455","0.714","0.556","43.0126473903656"
"243","2","300","20","community","sites","sites_2","PLN","BIC","0.07","0.6744735","0.54372935481366","0","0",NA,"0","2.06340074539185"
"244","2","300","20","community","sites","sites_2","ZIPLN","BIC","0.04","0.725314","0.60168611586271","0.006","0.444","0.8","0.571","30.0112128257751"
"245","3","300","20","community","sites","sites_2","PLN","BIC","0.14","0.7010975","0.567783739991774","0","0.143","1","0.25","3.51820874214172"
"246","3","300","20","community","sites","sites_2","ZIPLN","BIC","0.1","0.5242435","0.701680258047999","0.083","0.571","0.462","0.511","40.1973502635956"
"247","4","300","20","community","sites","sites_2","PLN","BIC","0.1","0.7513","0.546906159399804","0","0.3","1","0.462","3.29538559913635"
"248","4","300","20","community","sites","sites_2","ZIPLN","BIC","0.07","0.76475","0.612553562454278","0.022","0.6","0.6","0.6","45.6025676727295"
"249","5","300","20","community","sites","sites_2","PLN","BIC","0.08","0.6250625","0.538877481903402","0","0.25","1","0.4","2.98189949989319"
"250","5","300","20","community","sites","sites_2","ZIPLN","BIC","0.05","0.667875","0.616630683919138","0.027","0.5","0.444","0.471","45.2162835597992"
"251","6","300","20","community","sites","sites_2","PLN","BIC","0.08","0.6680535","0.554141541812279","0","0",NA,"0","1.9013729095459"
"252","6","300","20","community","sites","sites_2","ZIPLN","BIC","0.07","0.6906085","0.592971944127402","0.017","0.364","0.571","0.444","30.0013735294342"
"253","7","300","20","community","sites","sites_2","PLN","BIC","0.12","0.6794305","0.557152213596863","0","0",NA,"0","3.22962355613708"
"254","7","300","20","community","sites","sites_2","ZIPLN","BIC","0.08","0.7275595","0.649360332516744","0.011","0.438","0.778","0.56","42.9653556346893"
"255","8","300","20","community","sites","sites_2","PLN","BIC","0.08","0.5197055","0.550917487539761","0.006","0.417","0.833","0.556","2.00606203079224"
"256","8","300","20","community","sites","sites_2","ZIPLN","BIC","0.05","0.576603","0.631451314137281","0.028","0.417","0.5","0.455","28.2777519226074"
"257","9","300","20","community","sites","sites_2","PLN","BIC","0.09","0.7026925","0.572966442838872","0","0",NA,"0","2.904949426651"
"258","9","300","20","community","sites","sites_2","ZIPLN","BIC","0.06","0.7438425","0.630284704235146","0.051","0.615","0.471","0.533","42.6275365352631"
"259","10","300","20","community","sites","sites_2","PLN","BIC","0.12","0.6439255","0.552727617863226","0","0",NA,"0","3.08818745613098"
"260","10","300","20","community","sites","sites_2","ZIPLN","BIC","0.08","0.6173195","0.63097849216464","0.079","0.692","0.391","0.5","42.8028433322906"
"261","11","300","20","community","sites","sites_2","PLN","BIC","0.06","0.551048","0.551494121215725","0","0.167","1","0.286","3.00614047050476"
"262","11","300","20","community","sites","sites_2","ZIPLN","BIC","0.04","0.5671455","0.621868072774117","0.027","0.5","0.375","0.429","43.8081729412079"
"263","12","300","20","community","sites","sites_2","PLN","BIC","0.15","0.746767","0.556253540248693","0","0.222","1","0.364","2.26848196983337"
"264","12","300","20","community","sites","sites_2","ZIPLN","BIC","0.1","0.764192","0.637004945905149","0.012","0.611","0.846","0.71","27.6161715984344"
"265","13","300","20","community","sites","sites_2","PLN","BIC","0.1","0.695255","0.575576955317576","0","0",NA,"0","2.87954449653625"
"266","13","300","20","community","sites","sites_2","ZIPLN","BIC","0.07","0.552865","0.6394471654023","0.034","0.364","0.4","0.381","44.5023462772369"
"267","14","300","20","community","sites","sites_2","PLN","BIC","0.07","0.738625","0.540959575960125","0","0.125","1","0.222","1.5930335521698"
"268","14","300","20","community","sites","sites_2","ZIPLN","BIC","0.06","0.7289375","0.59174213005092","0","0.25","1","0.4","29.002758026123"
"269","15","300","20","community","sites","sites_2","PLN","BIC","0.1","0.6695495","0.557428397349031","0","0",NA,"0","2.93931484222412"
"270","15","300","20","community","sites","sites_2","ZIPLN","BIC","0.07","0.712684","0.645290505021771","0","0.182","1","0.308","44.0778675079346"
"271","16","300","20","community","sites","sites_2","PLN","BIC","0.13","0.806682","0.55188214075987","0","0",NA,"0","3.05127429962158"
"272","16","300","20","community","sites","sites_2","ZIPLN","BIC","0.09","0.83617","0.629473313872374","0.029","0.688","0.688","0.688","44.3851330280304"
"273","17","300","20","community","sites","sites_2","PLN","BIC","0.11","0.6571305","0.546656114479367","0.006","0.214","0.75","0.333","3.47640705108643"
"274","17","300","20","community","sites","sites_2","ZIPLN","BIC","0.07","0.6410415","0.627027667649165","0.057","0.571","0.444","0.5","43.5981035232544"
"275","18","300","20","community","sites","sites_2","PLN","BIC","0.11","0.672004","0.576755709023643","0","0.071","1","0.133","1.9765510559082"
"276","18","300","20","community","sites","sites_2","ZIPLN","BIC","0.08","0.701958","0.650387573347796","0","0.071","1","0.133","28.3557109832764"
"277","19","300","20","community","sites","sites_2","PLN","BIC","0.07","0.424459","0.570343891236142","0","0.091","1","0.167","2.83157825469971"
"278","19","300","20","community","sites","sites_2","ZIPLN","BIC","0.05","0.448428","0.635519081353296","0.006","0.273","0.75","0.4","30.417543888092"
"279","20","300","20","community","sites","sites_2","PLN","BIC","0.12","0.712959","0.579831719782106","0.006","0.2","0.75","0.316","1.72842979431152"
"280","20","300","20","community","sites","sites_2","ZIPLN","BIC","0.09","0.569805","0.662924581250107","0.006","0.267","0.8","0.4","28.3495235443115"
"281","21","300","20","community","sites","sites_2","PLN","BIC","0.11","0.7502565","0.576014178102896","0","0",NA,"0","3.50275683403015"
"282","21","300","20","community","sites","sites_2","ZIPLN","BIC","0.08","0.716001","0.648892815399987","0.017","0.538","0.7","0.609","31.4196360111237"
"283","22","300","20","community","sites","sites_2","PLN","BIC","0.08","0.717625","0.570149033233109","0","0",NA,"0","3.24155402183533"
"284","22","300","20","community","sites","sites_2","ZIPLN","BIC","0.06","0.6799375","0.654701684498185","0","0",NA,"0","29.4111301898956"
"285","23","300","20","community","sites","sites_2","PLN","BIC","0.08","0.6249375","0.55859837413244","0","0",NA,"0","2.65880393981934"
"286","23","300","20","community","sites","sites_2","ZIPLN","BIC","0.05","0.7045","0.642017689273585","0.005","0.25","0.667","0.364","30.2045161724091"
"287","24","300","20","community","sites","sites_2","PLN","BIC","0.14","0.703187","0.577199107670494","0","0.056","1","0.105","1.90120887756348"
"288","24","300","20","community","sites","sites_2","ZIPLN","BIC","0.1","0.6790595","0.659828929678012","0.023","0.444","0.667","0.533","29.3245589733124"
"289","25","300","20","community","sites","sites_2","PLN","BIC","0.12","0.763259","0.554911440341213","0","0.2","1","0.333","1.96186757087708"
"290","25","300","20","community","sites","sites_2","ZIPLN","BIC","0.09","0.8016275","0.686612929763429","0","0.2","1","0.333","27.7746489048004"
"291","26","300","20","community","sites","sites_2","PLN","BIC","0.13","0.731571","0.581984519003661","0","0",NA,"0","1.98832011222839"
"292","26","300","20","community","sites","sites_2","ZIPLN","BIC","0.1","0.746716","0.665391696335859","0.006","0.227","0.833","0.357","27.0452888011932"
"293","27","300","20","community","sites","sites_2","PLN","BIC","0.09","0.7954205","0.536657369741703","0","0.182","1","0.308","1.80213713645935"
"294","27","300","20","community","sites","sites_2","ZIPLN","BIC","0.06","0.7363535","0.616240535042523","0.028","0.727","0.615","0.667","27.463796377182"
"295","28","300","20","community","sites","sites_2","PLN","BIC","0.11","0.5540855","0.585374702821008","0","0",NA,"0","1.86715984344482"
"296","28","300","20","community","sites","sites_2","ZIPLN","BIC","0.07","0.5928335","0.668565766726931","0","0.357","1","0.526","27.974983215332"
"297","29","300","20","community","sites","sites_2","PLN","BIC","0.08","0.77709","0.506214617428305","0.006","0.333","0.75","0.462","1.88748240470886"
"298","29","300","20","community","sites","sites_2","ZIPLN","BIC","0.06","0.742345","0.612266948841595","0.022","0.444","0.5","0.471","27.0445251464844"
"299","30","300","20","community","sites","sites_2","PLN","BIC","0.09","0.678036","0.571027968314412","0","0",NA,"0","2.11794209480286"
"300","30","300","20","community","sites","sites_2","ZIPLN","BIC","0.07","0.6595015","0.63246351270976","0.017","0.286","0.571","0.381","27.6251132488251"
"301","1","300","20","community","sites","sites_3","PLN","BIC","0.14","0.6046505","0.431409647898882","0","0",NA,"0","3.62126421928406"
"302","1","300","20","community","sites","sites_3","ZIPLN","BIC","0.29","0.5758865","0.661344725425955","0","0",NA,"0","27.1256835460663"
"303","2","300","20","community","sites","sites_3","PLN","BIC","0.15","0.6465775","0.419752105135738","0","0",NA,"0","2.21076393127441"
"304","2","300","20","community","sites","sites_3","ZIPLN","BIC","0.16","0.626324","0.621925008808689","0","0",NA,"0","25.7366423606873"
"305","3","300","20","community","sites","sites_3","PLN","BIC","0.16","0.4514","0.431217824411597","0","0",NA,"0","4.68811893463135"
"306","3","300","20","community","sites","sites_3","ZIPLN","BIC","0.18","0.732225","0.653916792671608","0","0",NA,"0","29.0074737071991"
"307","4","300","20","community","sites","sites_3","PLN","BIC","0.1","0.5911305","0.395897996750812","0","0",NA,"0","4.99691247940063"
"308","4","300","20","community","sites","sites_3","ZIPLN","BIC","0.17","0.5528635","0.596113078498814","0","0",NA,"0","21.0415592193604"
"309","5","300","20","community","sites","sites_3","PLN","BIC","0.14","0.57898","0.413845677446618","0","0",NA,"0","3.08295321464539"
"310","5","300","20","community","sites","sites_3","ZIPLN","BIC","0.15","0.6705255","0.622625653915474","0","0",NA,"0","19.0474908351898"
"311","6","300","20","community","sites","sites_3","PLN","BIC","0.16","0.324957","0.425400708824446","0","0",NA,"0","3.68925666809082"
"312","6","300","20","community","sites","sites_3","ZIPLN","BIC","0.22","0.5027485","0.644547770157776","0","0",NA,"0","29.4081537723541"
"313","7","300","20","community","sites","sites_3","PLN","BIC","0.13","0.6607005","0.410719029967858","0","0",NA,"0","3.78291392326355"
"314","7","300","20","community","sites","sites_3","ZIPLN","BIC","0.16","0.755523","0.615284798013586","0","0",NA,"0","29.8944520950317"
"315","8","300","20","community","sites","sites_3","PLN","BIC","0.08","0.6447","0.385968497564393","0","0.2","1","0.333","4.41099739074707"
"316","8","300","20","community","sites","sites_3","ZIPLN","BIC","0.13","0.4489","0.570233392636559","0","0",NA,"0","26.7978749275208"
"317","9","300","20","community","sites","sites_3","PLN","BIC","0.13","0.7174","0.433643658502012","0","0",NA,"0","3.82682943344116"
"318","9","300","20","community","sites","sites_3","ZIPLN","BIC","0.22","0.7215","0.663435585445341","0","0",NA,"0","26.2732527256012"
"319","10","300","20","community","sites","sites_3","PLN","BIC","0.13","0.7569805","0.41936799835359","0","0",NA,"0","2.54973554611206"
"320","10","300","20","community","sites","sites_3","ZIPLN","BIC","0.18","0.703209","0.622253005669874","0","0",NA,"0","21.3479313850403"
"321","11","300","20","community","sites","sites_3","PLN","BIC","0.14","0.7009745","0.432206149190652","0","0",NA,"0","2.26949095726013"
"322","11","300","20","community","sites","sites_3","ZIPLN","BIC","0.21","0.61708","0.65038174851766","0","0",NA,"0","19.662802696228"
"323","12","300","20","community","sites","sites_3","PLN","BIC","0.12","0.7143125","0.430490457729546","0","0",NA,"0","3.91684722900391"
"324","12","300","20","community","sites","sites_3","ZIPLN","BIC","0.17","0.7561875","0.644528451002387","0","0",NA,"0","26.9854514598846"
"325","13","300","20","community","sites","sites_3","PLN","BIC","0.14","0.5167825","0.413552881582618","0","0",NA,"0","4.1560742855072"
"326","13","300","20","community","sites","sites_3","ZIPLN","BIC","0.15","0.4935135","0.625716516650157","0","0",NA,"0","29.366925239563"
"327","14","300","20","community","sites","sites_3","PLN","BIC","0.17","0.532554","0.457018547195244","0","0",NA,"0","4.01392006874084"
"328","14","300","20","community","sites","sites_3","ZIPLN","BIC","0.33","0.5752135","0.708548244876001","0","0",NA,"0","27.9637031555176"
"329","15","300","20","community","sites","sites_3","PLN","BIC","0.13","0.6522185","0.409425684055926","0","0",NA,"0","5.47513580322266"
"330","15","300","20","community","sites","sites_3","ZIPLN","BIC","0.18","0.6296285","0.613941478025841","0","0",NA,"0","26.4555888175964"
"331","16","300","20","community","sites","sites_3","PLN","BIC","0.13","0.6488245","0.431375289975725","0","0",NA,"0","2.26731538772583"
"332","16","300","20","community","sites","sites_3","ZIPLN","BIC","0.2","0.632081","0.648264444614615","0","0",NA,"0","19.9509654045105"
"333","17","300","20","community","sites","sites_3","PLN","BIC","0.12","0.5378045","0.440476691837187","0","0",NA,"0","2.16181945800781"
"334","17","300","20","community","sites","sites_3","ZIPLN","BIC","0.22","0.5120255","0.663927521352199","0","0",NA,"0","19.9471406936646"
"335","18","300","20","community","sites","sites_3","PLN","BIC","0.12","0.5073345","0.425868648094802","0","0",NA,"0","4.10464406013489"
"336","18","300","20","community","sites","sites_3","ZIPLN","BIC","0.2","0.61558","0.646142038246729","0","0",NA,"0","28.7388226985931"
"337","19","300","20","community","sites","sites_3","PLN","BIC","0.12","0.5475425","0.45005802593285","0","0",NA,"0","3.80248928070068"
"338","19","300","20","community","sites","sites_3","ZIPLN","BIC","0.2","0.6994385","0.664923557709792","0","0",NA,"0","23.159952878952"
"339","20","300","20","community","sites","sites_3","PLN","BIC","0.17","0.4459045","0.453992051030535","0","0",NA,"0","4.78372192382812"
"340","20","300","20","community","sites","sites_3","ZIPLN","BIC","0.21","0.485572","0.679074709846355","0","0",NA,"0","28.667777299881"
"341","21","300","20","community","sites","sites_3","PLN","BIC","0.14","0.842426","0.41432997387887","0","0",NA,"0","3.8510262966156"
"342","21","300","20","community","sites","sites_3","ZIPLN","BIC","0.18","0.6815865","0.619655328607907","0","0",NA,"0","25.3577523231506"
"343","22","300","20","community","sites","sites_3","PLN","BIC","0.15","0.6559675","0.40801929169931","0","0.071","1","0.133","2.14954781532288"
"344","22","300","20","community","sites","sites_3","ZIPLN","BIC","0.16","0.640582","0.614399171871918","0","0",NA,"0","20.047819852829"
"345","23","300","20","community","sites","sites_3","PLN","BIC","0.14","0.675676","0.436263674933677","0","0",NA,"0","2.76321196556091"
"346","23","300","20","community","sites","sites_3","ZIPLN","BIC","0.16","0.6336205","0.638839630613982","0","0",NA,"0","22.1056020259857"
"347","24","300","20","community","sites","sites_3","PLN","BIC","0.11","0.5690625","0.42580817132704","0","0",NA,"0","3.95739936828613"
"348","24","300","20","community","sites","sites_3","ZIPLN","BIC","0.21","0.58975","0.638600058725186","0","0",NA,"0","24.5820305347443"
"349","25","300","20","community","sites","sites_3","PLN","BIC","0.12","0.7141085","0.417420105213857","0","0",NA,"0","2.78214240074158"
"350","25","300","20","community","sites","sites_3","ZIPLN","BIC","0.22","0.5854515","0.624540732732563","0","0",NA,"0","20.1185967922211"
"351","26","300","20","community","sites","sites_3","PLN","BIC","0.17","0.4835705","0.421182836756504","0","0",NA,"0","2.75097131729126"
"352","26","300","20","community","sites","sites_3","ZIPLN","BIC","0.18","0.646876","0.646955684044942","0","0",NA,"0","19.6104831695557"
"353","27","300","20","community","sites","sites_3","PLN","BIC","0.13","0.4987","0.427005726812017","0","0",NA,"0","2.44346785545349"
"354","27","300","20","community","sites","sites_3","ZIPLN","BIC","0.22","0.67385","0.661131423926256","0","0",NA,"0","18.2347981929779"
"355","28","300","20","community","sites","sites_3","PLN","BIC","0.13","0.459656","0.420066349831548","0","0",NA,"0","2.88506770133972"
"356","28","300","20","community","sites","sites_3","ZIPLN","BIC","0.17","0.569498","0.629512256367415","0","0",NA,"0","19.4324316978455"
"357","29","300","20","community","sites","sites_3","PLN","BIC","0.13","0.8626045","0.436308971944745","0","0",NA,"0","2.42825412750244"
"358","29","300","20","community","sites","sites_3","ZIPLN","BIC","0.22","0.724521","0.658515186785608","0","0",NA,"0","22.4367008209229"
"359","30","300","20","community","sites","sites_3","PLN","BIC","0.1","0.403125","0.41644709922818","0","0",NA,"0","2.78290224075317"
"360","30","300","20","community","sites","sites_3","ZIPLN","BIC","0.21","0.547875","0.635631837974369","0","0",NA,"0","17.6745398044586"
"361","1","300","20","preferential_attachment","sites","sites_1","PLN","BIC","0.1","0.8016875","0.715179314693082","0.023","0.421","0.667","0.516","1.99333000183105"
"362","1","300","20","preferential_attachment","sites","sites_1","ZIPLN","BIC","0.09","0.7006475","0.731588245601772","0.041","0.474","0.562","0.514","31.2965312004089"
"363","2","300","20","preferential_attachment","sites","sites_1","PLN","BIC","0.09","0.711037","0.693630187151738","0.035","0.579","0.647","0.611","2.66397428512573"
"364","2","300","20","preferential_attachment","sites","sites_1","ZIPLN","BIC","0.08","0.639994","0.705215048841851","0.035","0.737","0.7","0.718","27.8353006839752"
"365","3","300","20","preferential_attachment","sites","sites_1","PLN","BIC","0.08","0.7888965","0.665427274917745","0.135","0.842","0.41","0.552","2.763920545578"
"366","3","300","20","preferential_attachment","sites","sites_1","ZIPLN","BIC","0.07","0.736571","0.673843482326486","0.076","0.737","0.519","0.609","36.4688091278076"
"367","4","300","20","preferential_attachment","sites","sites_1","PLN","BIC","0.09","0.626047","0.701188450477149","0.047","0.632","0.6","0.615","1.80162191390991"
"368","4","300","20","preferential_attachment","sites","sites_1","ZIPLN","BIC","0.08","0.5797275","0.722404661289846","0.058","0.684","0.565","0.619","31.0098340511322"
"369","5","300","20","preferential_attachment","sites","sites_1","PLN","BIC","0.08","0.6351455","0.718209199306952","0.088","0.842","0.516","0.64","3.69347429275513"
"370","5","300","20","preferential_attachment","sites","sites_1","ZIPLN","BIC","0.07","0.595373","0.739139106609356","0.129","0.895","0.436","0.586","38.2608709335327"
"371","6","300","20","preferential_attachment","sites","sites_1","PLN","BIC","0.09","0.8062385","0.714869841554878","0","0",NA,"0","2.65141558647156"
"372","6","300","20","preferential_attachment","sites","sites_1","ZIPLN","BIC","0.08","0.7865835","0.750806536648402","0","0",NA,"0","30.106552362442"
"373","7","300","20","preferential_attachment","sites","sites_1","PLN","BIC","0.1","0.727798","0.694571680434416","0.035","0.579","0.647","0.611","2.78872227668762"
"374","7","300","20","preferential_attachment","sites","sites_1","ZIPLN","BIC","0.09","0.625969","0.720206541045878","0.035","0.632","0.667","0.649","37.0343589782715"
"375","8","300","20","preferential_attachment","sites","sites_1","PLN","BIC","0.1","0.71439","0.62772821738355","0.047","0.842","0.667","0.744","1.8260600566864"
"376","8","300","20","preferential_attachment","sites","sites_1","ZIPLN","BIC","0.08","0.7209035","0.645624437454573","0.088","0.842","0.516","0.64","23.2689332962036"
"377","9","300","20","preferential_attachment","sites","sites_1","PLN","BIC","0.1","0.7146635","0.67742332854363","0.035","0.842","0.727","0.78","2.77850770950317"
"378","9","300","20","preferential_attachment","sites","sites_1","ZIPLN","BIC","0.08","0.6639165","0.68684827018413","0.053","0.842","0.64","0.727","37.283789396286"
"379","10","300","20","preferential_attachment","sites","sites_1","PLN","BIC","0.08","0.724117","0.678449477830716","0.041","0.632","0.632","0.632","2.8390007019043"
"380","10","300","20","preferential_attachment","sites","sites_1","ZIPLN","BIC","0.07","0.64397","0.693101666112061","0.058","0.737","0.583","0.651","37.4882180690765"
"381","11","300","20","preferential_attachment","sites","sites_1","PLN","BIC","0.08","0.687083","0.73444535942022","0.035","0.526","0.625","0.571","3.80967545509338"
"382","11","300","20","preferential_attachment","sites","sites_1","ZIPLN","BIC","0.08","0.677674","0.751601298669378","0.012","0.474","0.818","0.6","37.971889257431"
"383","12","300","20","preferential_attachment","sites","sites_1","PLN","BIC","0.1","0.717139","0.696910333850811","0.053","0.789","0.625","0.698","1.86243391036987"
"384","12","300","20","preferential_attachment","sites","sites_1","ZIPLN","BIC","0.08","0.703498","0.714242321595098","0.105","0.842","0.471","0.604","24.1804702281952"
"385","13","300","20","preferential_attachment","sites","sites_1","PLN","BIC","0.1","0.6644445","0.684577658661176","0.053","0.789","0.625","0.698","3.08538913726807"
"386","13","300","20","preferential_attachment","sites","sites_1","ZIPLN","BIC","0.08","0.588672","0.698077018261616","0.088","0.842","0.516","0.64","34.6005470752716"
"387","14","300","20","preferential_attachment","sites","sites_1","PLN","BIC","0.1","0.509286","0.701024365935538","0.041","0.684","0.65","0.667","1.9444887638092"
"388","14","300","20","preferential_attachment","sites","sites_1","ZIPLN","BIC","0.08","0.4928085","0.735722588873226","0.047","0.632","0.6","0.615","25.3386960029602"
"389","15","300","20","preferential_attachment","sites","sites_1","PLN","BIC","0.1","0.6725765","0.610079921047764","0.053","0.737","0.609","0.667","2.94302320480347"
"390","15","300","20","preferential_attachment","sites","sites_1","ZIPLN","BIC","0.06","0.6026725","0.642890530354734","0.14","0.947","0.429","0.59","32.9367907047272"
"391","16","300","20","preferential_attachment","sites","sites_1","PLN","BIC","0.09","0.6799255","0.697067030109635","0.029","0.737","0.737","0.737","3.29421806335449"
"392","16","300","20","preferential_attachment","sites","sites_1","ZIPLN","BIC","0.07","0.617635","0.707057958200629","0.041","0.684","0.65","0.667","36.6790516376495"
"393","17","300","20","preferential_attachment","sites","sites_1","PLN","BIC","0.1","0.8001815","0.705604628535051","0.053","0.789","0.625","0.698","2.62431836128235"
"394","17","300","20","preferential_attachment","sites","sites_1","ZIPLN","BIC","0.09","0.7456305","0.718481385703827","0.053","0.789","0.625","0.698","35.3237016201019"
"395","18","300","20","preferential_attachment","sites","sites_1","PLN","BIC","0.09","0.651892","0.700241738693185","0.018","0.474","0.75","0.581","2.10838890075684"
"396","18","300","20","preferential_attachment","sites","sites_1","ZIPLN","BIC","0.08","0.6449215","0.713001321986838","0.012","0.474","0.818","0.6","24.5585713386536"
"397","19","300","20","preferential_attachment","sites","sites_1","PLN","BIC","0.07","0.688302","0.641147319735409","0.111","0.789","0.441","0.566","2.75471091270447"
"398","19","300","20","preferential_attachment","sites","sites_1","ZIPLN","BIC","0.06","0.638369","0.662602326767294","0.099","0.789","0.469","0.588","32.145623922348"
"399","20","300","20","preferential_attachment","sites","sites_1","PLN","BIC","0.08","0.579871","0.693914432478264","0.029","0.474","0.643","0.545","2.12830400466919"
"400","20","300","20","preferential_attachment","sites","sites_1","ZIPLN","BIC","0.08","0.5488785","0.715830022370161","0.029","0.474","0.643","0.545","25.5243918895721"
"401","21","300","20","preferential_attachment","sites","sites_1","PLN","BIC","0.1","0.60243","0.694844783852297","0.041","0.684","0.65","0.667","3.19024276733398"
"402","21","300","20","preferential_attachment","sites","sites_1","ZIPLN","BIC","0.09","0.628371","0.706074623609871","0.035","0.526","0.625","0.571","30.3633193969727"
"403","22","300","20","preferential_attachment","sites","sites_1","PLN","BIC","0.09","0.680838","0.671096704179393","0.111","0.737","0.424","0.538","2.81003761291504"
"404","22","300","20","preferential_attachment","sites","sites_1","ZIPLN","BIC","0.08","0.6309125","0.686791910450447","0.047","0.737","0.636","0.683","31.3558781147003"
"405","23","300","20","preferential_attachment","sites","sites_1","PLN","BIC","0.11","0.5966265","0.686885049330161","0.023","0.474","0.692","0.562","2.76717591285706"
"406","23","300","20","preferential_attachment","sites","sites_1","ZIPLN","BIC","0.08","0.5792875","0.705230432859707","0.053","0.632","0.571","0.6","27.3573253154755"
"407","24","300","20","preferential_attachment","sites","sites_1","PLN","BIC","0.08","0.7391445","0.668446855439468","0.035","0.895","0.739","0.81","2.10952353477478"
"408","24","300","20","preferential_attachment","sites","sites_1","ZIPLN","BIC","0.08","0.691479","0.679923173562608","0.035","0.842","0.727","0.78","24.3025271892548"
"409","25","300","20","preferential_attachment","sites","sites_1","PLN","BIC","0.1","0.6541805","0.710623276680056","0.006","0.474","0.9","0.621","1.71032071113586"
"410","25","300","20","preferential_attachment","sites","sites_1","ZIPLN","BIC","0.09","0.5956135","0.721542624991806","0.006","0.474","0.9","0.621","24.5290153026581"
"411","26","300","20","preferential_attachment","sites","sites_1","PLN","BIC","0.11","0.706527","0.681358195371582","0.035","0.579","0.647","0.611","2.19258737564087"
"412","26","300","20","preferential_attachment","sites","sites_1","ZIPLN","BIC","0.09","0.6500035","0.687286666787723","0.076","0.684","0.5","0.578","24.8789312839508"
"413","27","300","20","preferential_attachment","sites","sites_1","PLN","BIC","0.09","0.7104525","0.700595546572009","0.082","0.789","0.517","0.625","1.73488092422485"
"414","27","300","20","preferential_attachment","sites","sites_1","ZIPLN","BIC","0.08","0.707349","0.71217398140292","0.07","0.789","0.556","0.652","23.8628537654877"
"415","28","300","20","preferential_attachment","sites","sites_1","PLN","BIC","0.08","0.742296","0.69060796315531","0.094","0.842","0.5","0.627","1.76607847213745"
"416","28","300","20","preferential_attachment","sites","sites_1","ZIPLN","BIC","0.08","0.7259035","0.698815545158643","0.023","0.789","0.789","0.789","22.9423942565918"
"417","29","300","20","preferential_attachment","sites","sites_1","PLN","BIC","0.09","0.542641","0.709748155410623","0.07","0.737","0.538","0.622","1.57035183906555"
"418","29","300","20","preferential_attachment","sites","sites_1","ZIPLN","BIC","0.09","0.432604","0.741654590870949","0.018","0.368","0.7","0.483","22.9674854278564"
"419","30","300","20","preferential_attachment","sites","sites_1","PLN","BIC","0.1","0.6882865","0.684884791040289","0.018","0.474","0.75","0.581","1.90945744514465"
"420","30","300","20","preferential_attachment","sites","sites_1","ZIPLN","BIC","0.09","0.6694395","0.692250421550667","0.012","0.474","0.818","0.6","25.3514873981476"
"421","1","300","20","preferential_attachment","sites","sites_2","PLN","BIC","0.14","0.81577","0.560268515705138","0","0.053","1","0.1","1.98290801048279"
"422","1","300","20","preferential_attachment","sites","sites_2","ZIPLN","BIC","0.09","0.716524","0.627663012520335","0.099","0.579","0.393","0.468","29.7069532871246"
"423","2","300","20","preferential_attachment","sites","sites_2","PLN","BIC","0.13","0.6941005","0.594610524251691","0","0",NA,"0","3.61833262443542"
"424","2","300","20","preferential_attachment","sites","sites_2","ZIPLN","BIC","0.1","0.7777555","0.650266209762503","0","0.211","1","0.348","34.570643901825"
"425","3","300","20","preferential_attachment","sites","sites_2","PLN","BIC","0.14","0.683878","0.55021503679716","0","0",NA,"0","1.77430319786072"
"426","3","300","20","preferential_attachment","sites","sites_2","ZIPLN","BIC","0.1","0.674519","0.625690360083736","0.041","0.526","0.588","0.556","31.4527983665466"
"427","4","300","20","preferential_attachment","sites","sites_2","PLN","BIC","0.14","0.768122","0.576679618936614","0.064","0.737","0.56","0.636","2.91041994094849"
"428","4","300","20","preferential_attachment","sites","sites_2","ZIPLN","BIC","0.1","0.7298725","0.645533108924675","0.047","0.632","0.6","0.615","42.9035589694977"
"429","5","300","20","preferential_attachment","sites","sites_2","PLN","BIC","0.14","0.672655","0.592898964515454","0","0",NA,"0","2.64131045341492"
"430","5","300","20","preferential_attachment","sites","sites_2","ZIPLN","BIC","0.11","0.7154765","0.644494236357978","0.012","0.421","0.8","0.552","44.7867479324341"
"431","6","300","20","preferential_attachment","sites","sites_2","PLN","BIC","0.13","0.7260755","0.561277152420507","0.047","0.632","0.6","0.615","2.85728240013123"
"432","6","300","20","preferential_attachment","sites","sites_2","ZIPLN","BIC","0.09","0.7117955","0.611616147522308","0.064","0.684","0.542","0.605","36.8474717140198"
"433","7","300","20","preferential_attachment","sites","sites_2","PLN","BIC","0.15","0.6232965","0.614356188781296","0","0.167","1","0.286","2.83039522171021"
"434","7","300","20","preferential_attachment","sites","sites_2","ZIPLN","BIC","0.12","0.6058645","0.663512457346478","0.012","0.278","0.714","0.4","42.800981760025"
"435","8","300","20","preferential_attachment","sites","sites_2","PLN","BIC","0.13","0.698722","0.580567056665208","0","0",NA,"0","2.04314780235291"
"436","8","300","20","preferential_attachment","sites","sites_2","ZIPLN","BIC","0.09","0.641111","0.671890316224715","0.029","0.611","0.688","0.647","27.826046705246"
"437","9","300","20","preferential_attachment","sites","sites_2","PLN","BIC","0.12","0.758199","0.610704767363075","0","0",NA,"0","3.23141121864319"
"438","9","300","20","preferential_attachment","sites","sites_2","ZIPLN","BIC","0.1","0.7670205","0.719960467794767","0","0",NA,"0","39.8742542266846"
"439","10","300","20","preferential_attachment","sites","sites_2","PLN","BIC","0.13","0.694187","0.585948571701312","0","0",NA,"0","3.05350589752197"
"440","10","300","20","preferential_attachment","sites","sites_2","ZIPLN","BIC","0.09","0.657942","0.640781118915133","0.018","0.579","0.786","0.667","40.624974489212"
"441","11","300","20","preferential_attachment","sites","sites_2","PLN","BIC","0.14","0.695043","0.571435541801822","0.012","0.5","0.818","0.621","3.0173192024231"
"442","11","300","20","preferential_attachment","sites","sites_2","ZIPLN","BIC","0.1","0.6473415","0.638480346408741","0.07","0.667","0.5","0.571","42.5601432323456"
"443","12","300","20","preferential_attachment","sites","sites_2","PLN","BIC","0.13","0.7039565","0.576961367909234","0","0",NA,"0","1.99782299995422"
"444","12","300","20","preferential_attachment","sites","sites_2","ZIPLN","BIC","0.09","0.751101","0.656452453979324","0.041","0.737","0.667","0.7","29.1058359146118"
"445","13","300","20","preferential_attachment","sites","sites_2","PLN","BIC","0.13","0.6731875","0.553283350293944","0.018","0.526","0.769","0.625","3.51206040382385"
"446","13","300","20","preferential_attachment","sites","sites_2","ZIPLN","BIC","0.1","0.6546315","0.608904375075567","0.094","0.632","0.429","0.511","43.1112456321716"
"447","14","300","20","preferential_attachment","sites","sites_2","PLN","BIC","0.12","0.5971675","0.576250335680807","0","0.316","1","0.48","1.62040376663208"
"448","14","300","20","preferential_attachment","sites","sites_2","ZIPLN","BIC","0.08","0.6395515","0.641538636439618","0.035","0.526","0.625","0.571","33.6776266098022"
"449","15","300","20","preferential_attachment","sites","sites_2","PLN","BIC","0.15","0.567359","0.581626632825393","0","0.053","1","0.1","2.95182514190674"
"450","15","300","20","preferential_attachment","sites","sites_2","ZIPLN","BIC","0.1","0.5719545","0.685365337426362","0.041","0.474","0.562","0.514","42.284453868866"
"451","16","300","20","preferential_attachment","sites","sites_2","PLN","BIC","0.13","0.725708","0.577290795072217","0","0",NA,"0","1.62188935279846"
"452","16","300","20","preferential_attachment","sites","sites_2","ZIPLN","BIC","0.1","0.72907","0.675865368869128","0.012","0.368","0.778","0.5","38.4679243564606"
"453","17","300","20","preferential_attachment","sites","sites_2","PLN","BIC","0.13","0.5862965","0.576874652883748","0","0.053","1","0.1","3.22340488433838"
"454","17","300","20","preferential_attachment","sites","sites_2","ZIPLN","BIC","0.1","0.606446","0.634430080415642","0.018","0.474","0.75","0.581","43.0002400875092"
"455","18","300","20","preferential_attachment","sites","sites_2","PLN","BIC","0.14","0.6740555","0.545902499128567","0.006","0.053","0.5","0.095","1.84783411026001"
"456","18","300","20","preferential_attachment","sites","sites_2","ZIPLN","BIC","0.09","0.6547305","0.615493253502887","0.082","0.684","0.481","0.565","28.5553197860718"
"457","19","300","20","preferential_attachment","sites","sites_2","PLN","BIC","0.11","0.5992705","0.582568981058857","0.012","0.211","0.667","0.32","3.39396357536316"
"458","19","300","20","preferential_attachment","sites","sites_2","ZIPLN","BIC","0.08","0.6245665","0.625323564474833","0.018","0.211","0.571","0.308","43.1559052467346"
"459","20","300","20","preferential_attachment","sites","sites_2","PLN","BIC","0.15","0.7310985","0.576851910197797","0","0.316","1","0.48","3.54605579376221"
"460","20","300","20","preferential_attachment","sites","sites_2","ZIPLN","BIC","0.11","0.7304155","0.642004070102483","0.018","0.579","0.786","0.667","40.3290138244629"
"461","21","300","20","preferential_attachment","sites","sites_2","PLN","BIC","0.13","0.7782615","0.563924809301743","0","0",NA,"0","3.23333072662354"
"462","21","300","20","preferential_attachment","sites","sites_2","ZIPLN","BIC","0.1","0.7874535","0.58954360888301","0.099","0.684","0.433","0.531","42.6531088352203"
"463","22","300","20","preferential_attachment","sites","sites_2","PLN","BIC","0.13","0.7206755","0.595401760601607","0","0",NA,"0","2.89762139320374"
"464","22","300","20","preferential_attachment","sites","sites_2","ZIPLN","BIC","0.1","0.672057","0.632860437676473","0.041","0.579","0.611","0.595","38.3043365478516"
"465","23","300","20","preferential_attachment","sites","sites_2","PLN","BIC","0.14","0.7358825","0.572107359468744","0","0",NA,"0","2.84785199165344"
"466","23","300","20","preferential_attachment","sites","sites_2","ZIPLN","BIC","0.1","0.6231935","0.627016656400711","0.076","0.526","0.435","0.476","28.8336279392242"
"467","24","300","20","preferential_attachment","sites","sites_2","PLN","BIC","0.13","0.6313625","0.563571058353332","0","0.158","1","0.273","2.61061263084412"
"468","24","300","20","preferential_attachment","sites","sites_2","ZIPLN","BIC","0.1","0.687112","0.594354665572148","0.053","0.526","0.526","0.526","41.4122593402863"
"469","25","300","20","preferential_attachment","sites","sites_2","PLN","BIC","0.16","0.6736845","0.56027911478582","0.076","0.579","0.458","0.512","3.02489399909973"
"470","25","300","20","preferential_attachment","sites","sites_2","ZIPLN","BIC","0.11","0.55633","0.648786693144133","0.094","0.684","0.448","0.542","32.3247890472412"
"471","26","300","20","preferential_attachment","sites","sites_2","PLN","BIC","0.14","0.55759","0.580460077602464","0.018","0.263","0.625","0.37","2.58900690078735"
"472","26","300","20","preferential_attachment","sites","sites_2","ZIPLN","BIC","0.1","0.4805485","0.688449174309057","0.047","0.316","0.429","0.364","41.5604147911072"
"473","27","300","20","preferential_attachment","sites","sites_2","PLN","BIC","0.15","0.7861155","0.582881839193794","0","0",NA,"0","2.63249397277832"
"474","27","300","20","preferential_attachment","sites","sites_2","ZIPLN","BIC","0.09","0.662439","0.685221139174414","0.029","0.684","0.722","0.703","35.9576368331909"
"475","28","300","20","preferential_attachment","sites","sites_2","PLN","BIC","0.12","0.5752095","0.630457400956327","0","0",NA,"0","2.47824597358704"
"476","28","300","20","preferential_attachment","sites","sites_2","ZIPLN","BIC","0.09","0.6663935","0.701744174938672","0","0",NA,"0","29.1424038410187"
"477","29","300","20","preferential_attachment","sites","sites_2","PLN","BIC","0.13","0.7153325","0.555216661003266","0","0",NA,"0","3.18294191360474"
"478","29","300","20","preferential_attachment","sites","sites_2","ZIPLN","BIC","0.09","0.7408385","0.594005718207597","0.093","0.722","0.448","0.553","33.0478336811066"
"479","30","300","20","preferential_attachment","sites","sites_2","PLN","BIC","0.12","0.7443135","0.579956835273333","0","0.211","1","0.348","3.51053714752197"
"480","30","300","20","preferential_attachment","sites","sites_2","ZIPLN","BIC","0.1","0.7002705","0.618224224327936","0.012","0.263","0.714","0.385","43.1308288574219"
"481","1","300","20","preferential_attachment","sites","sites_3","PLN","BIC","0.17","0.669641","0.434491713573355","0","0",NA,"0","4.8419885635376"
"482","1","300","20","preferential_attachment","sites","sites_3","ZIPLN","BIC","0.21","0.5275865","0.648666227473456","0","0",NA,"0","32.2411875724792"
"483","2","300","20","preferential_attachment","sites","sites_3","PLN","BIC","0.18","0.6515575","0.423033625214097","0","0",NA,"0","4.80036997795105"
"484","2","300","20","preferential_attachment","sites","sites_3","ZIPLN","BIC","0.2","0.68669","0.647557531882655","0","0",NA,"0","33.0128452777863"
"485","3","300","20","preferential_attachment","sites","sites_3","PLN","BIC","0.18","0.494239","0.456287500335047","0","0",NA,"0","3.94153952598572"
"486","3","300","20","preferential_attachment","sites","sites_3","ZIPLN","BIC","0.23","0.5988705","0.68330639792175","0","0",NA,"0","34.5647225379944"
"487","4","300","20","preferential_attachment","sites","sites_3","PLN","BIC","0.17","0.5229775","0.442405401138039","0","0",NA,"0","4.01174640655518"
"488","4","300","20","preferential_attachment","sites","sites_3","ZIPLN","BIC","0.18","0.6125465","0.657330925577038","0","0",NA,"0","31.3988935947418"
"489","5","300","20","preferential_attachment","sites","sites_3","PLN","BIC","0.16","0.644388","0.415554942557781","0","0",NA,"0","3.73233652114868"
"490","5","300","20","preferential_attachment","sites","sites_3","ZIPLN","BIC","0.21","0.5886715","0.622524552195671","0","0",NA,"0","31.1620399951935"
"491","6","300","20","preferential_attachment","sites","sites_3","PLN","BIC","0.19","0.5332695","0.460630170358481","0","0",NA,"0","3.97156143188477"
"492","6","300","20","preferential_attachment","sites","sites_3","ZIPLN","BIC","0.23","0.4111955","0.689703979715692","0","0",NA,"0","31.6827867031097"
"493","7","300","20","preferential_attachment","sites","sites_3","PLN","BIC","0.18","0.6013835","0.440971355549566","0","0",NA,"0","3.3865807056427"
"494","7","300","20","preferential_attachment","sites","sites_3","ZIPLN","BIC","0.2","0.6861185","0.666036091208922","0","0",NA,"0","21.6913034915924"
"495","8","300","20","preferential_attachment","sites","sites_3","PLN","BIC","0.19","0.6288275","0.424394173613792","0","0",NA,"0","4.87856602668762"
"496","8","300","20","preferential_attachment","sites","sites_3","ZIPLN","BIC","0.19","0.6369145","0.654684494744153","0","0",NA,"0","29.1762773990631"
"497","9","300","20","preferential_attachment","sites","sites_3","PLN","BIC","0.19","0.598555","0.460388393244082","0","0",NA,"0","3.49483180046082"
"498","9","300","20","preferential_attachment","sites","sites_3","ZIPLN","BIC","0.26","0.7252265","0.69060515570046","0","0",NA,"0","22.0973451137543"
"499","10","300","20","preferential_attachment","sites","sites_3","PLN","BIC","0.16","0.624521","0.428355783283399","0","0",NA,"0","3.76473307609558"
"500","10","300","20","preferential_attachment","sites","sites_3","ZIPLN","BIC","0.15","0.6720145","0.636981994367929","0","0",NA,"0","29.6099145412445"
"501","11","300","20","preferential_attachment","sites","sites_3","PLN","BIC","0.19","0.6618205","0.436024433658058","0.006","0","0","0","4.42786884307861"
"502","11","300","20","preferential_attachment","sites","sites_3","ZIPLN","BIC","0.23","0.4111995","0.663266440606956","0","0",NA,"0","29.8086705207825"
"503","12","300","20","preferential_attachment","sites","sites_3","PLN","BIC","0.18","0.6232555","0.460055779154954","0","0",NA,"0","4.59954643249512"
"504","12","300","20","preferential_attachment","sites","sites_3","ZIPLN","BIC","0.27","0.591057","0.699676239259237","0","0",NA,"0","27.1897819042206"
"505","13","300","20","preferential_attachment","sites","sites_3","PLN","BIC","0.19","0.625911","0.452281434459787","0","0",NA,"0","2.91397666931152"
"506","13","300","20","preferential_attachment","sites","sites_3","ZIPLN","BIC","0.25","0.574879","0.684640869622194","0","0",NA,"0","30.7139265537262"
"507","14","300","20","preferential_attachment","sites","sites_3","PLN","BIC","0.16","0.593722","0.442869047378956","0","0.053","1","0.1","4.05777883529663"
"508","14","300","20","preferential_attachment","sites","sites_3","ZIPLN","BIC","0.26","0.484744","0.676690253996165","0","0",NA,"0","25.9206957817078"
"509","15","300","20","preferential_attachment","sites","sites_3","PLN","BIC","0.17","0.520331","0.489639429544711","0","0",NA,"0","2.75807809829712"
"510","15","300","20","preferential_attachment","sites","sites_3","ZIPLN","BIC","0.47","0.593433","0.720002166644341","0","0",NA,"0","23.7469487190247"
"511","16","300","20","preferential_attachment","sites","sites_3","PLN","BIC","0.19","0.642249","0.490551195050611","0","0",NA,"0","4.20162844657898"
"512","16","300","20","preferential_attachment","sites","sites_3","ZIPLN","BIC","0.39","0.511208","0.747986720989589","0","0",NA,"0","27.7150859832764"
"513","17","300","20","preferential_attachment","sites","sites_3","PLN","BIC","0.2","0.60347","0.46334451708107","0","0",NA,"0","5.15657138824463"
"514","17","300","20","preferential_attachment","sites","sites_3","ZIPLN","BIC","0.3","0.580314","0.714549717493038","0","0",NA,"0","32.2800934314728"
"515","18","300","20","preferential_attachment","sites","sites_3","PLN","BIC","0.17","0.5838555","0.410893895461219","0.094","0.263","0.238","0.25","4.05255031585693"
"516","18","300","20","preferential_attachment","sites","sites_3","ZIPLN","BIC","0.15","0.671763","0.622596066325824","0","0",NA,"0","27.3151395320892"
"517","19","300","20","preferential_attachment","sites","sites_3","PLN","BIC","0.17","0.651476","0.448999785958135","0","0",NA,"0","3.80001449584961"
"518","19","300","20","preferential_attachment","sites","sites_3","ZIPLN","BIC","0.24","0.420499","0.682797381706128","0","0",NA,"0","25.8533360958099"
"519","20","300","20","preferential_attachment","sites","sites_3","PLN","BIC","0.17","0.6048965","0.436122212708523","0","0",NA,"0","2.84512042999268"
"520","20","300","20","preferential_attachment","sites","sites_3","ZIPLN","BIC","0.24","0.605817","0.674098686462008","0","0",NA,"0","20.0371205806732"
"521","21","300","20","preferential_attachment","sites","sites_3","PLN","BIC","0.15","0.5672715","0.43362316560725","0","0",NA,"0","2.6610848903656"
"522","21","300","20","preferential_attachment","sites","sites_3","ZIPLN","BIC","0.19","0.656916","0.647962649179394","0","0",NA,"0","26.3631355762482"
"523","22","300","20","preferential_attachment","sites","sites_3","PLN","BIC","0.18","0.6056805","0.463420376529788","0","0.053","1","0.1","5.36837720870972"
"524","22","300","20","preferential_attachment","sites","sites_3","ZIPLN","BIC","0.34","0.3440595","0.686734404218306","0","0.053","1","0.1","31.804447889328"
"525","23","300","20","preferential_attachment","sites","sites_3","PLN","BIC","0.18","0.5650355","0.440406452118148","0","0",NA,"0","3.80145168304443"
"526","23","300","20","preferential_attachment","sites","sites_3","ZIPLN","BIC","0.2","0.6949515","0.664510555436893","0","0",NA,"0","33.8432719707489"
"527","24","300","20","preferential_attachment","sites","sites_3","PLN","BIC","0.17","0.5771835","0.46232196313354","0","0",NA,"0","4.16627073287964"
"528","24","300","20","preferential_attachment","sites","sites_3","ZIPLN","BIC","0.24","0.606905","0.689363830293986","0","0",NA,"0","33.1743564605713"
"529","25","300","20","preferential_attachment","sites","sites_3","PLN","BIC","0.17","0.6351045","0.450623099958033","0","0",NA,"0","4.62558197975159"
"530","25","300","20","preferential_attachment","sites","sites_3","ZIPLN","BIC","0.3","0.478632","0.70238996721779","0","0",NA,"0","24.2669034004211"
"531","26","300","20","preferential_attachment","sites","sites_3","PLN","BIC","0.16","0.560039","0.441256438622043","0","0",NA,"0","2.28951501846313"
"532","26","300","20","preferential_attachment","sites","sites_3","ZIPLN","BIC","0.18","0.6269915","0.666054567566626","0","0",NA,"0","18.5622646808624"
"533","27","300","20","preferential_attachment","sites","sites_3","PLN","BIC","0.18","0.444859","0.44257310747786","0","0",NA,"0","3.7777247428894"
"534","27","300","20","preferential_attachment","sites","sites_3","ZIPLN","BIC","0.21","0.5646965","0.658664210587578","0","0",NA,"0","24.4859046936035"
"535","28","300","20","preferential_attachment","sites","sites_3","PLN","BIC","0.18","0.425473","0.442572732851045","0","0",NA,"0","4.57924485206604"
"536","28","300","20","preferential_attachment","sites","sites_3","ZIPLN","BIC","0.32","0.4860385","0.688948952664859","0","0",NA,"0","20.4463489055634"
"537","29","300","20","preferential_attachment","sites","sites_3","PLN","BIC","0.18","0.568543","0.45199694415337","0","0",NA,"0","4.45157265663147"
"538","29","300","20","preferential_attachment","sites","sites_3","ZIPLN","BIC","0.23","0.660921","0.686701830406157","0","0",NA,"0","22.241893529892"
"539","30","300","20","preferential_attachment","sites","sites_3","PLN","BIC","0.16","0.4673875","0.460098824187524","0","0",NA,"0","4.70287442207336"
"540","30","300","20","preferential_attachment","sites","sites_3","ZIPLN","BIC","0.25","0.6307075","0.701423041643969","0","0",NA,"0","22.6670656204224"
"541","1","300","20","erdos_renyi","species","species_1","PLN","BIC","0.07","0.7761055","0.612793860444223","0.039","0.818","0.562","0.667","2.62324094772339"
"542","1","300","20","erdos_renyi","species","species_1","ZIPLN","BIC","0.06","0.7412855","0.608655106466339","0.034","0.818","0.6","0.692","9.44008874893188"
"543","2","300","20","erdos_renyi","species","species_1","PLN","BIC","0.05","0.6994375","0.667672071288481","0.005","0.625","0.833","0.714","2.31657743453979"
"544","2","300","20","erdos_renyi","species","species_1","ZIPLN","BIC","0.04","0.686125","0.661139013829001","0.011","0.75","0.75","0.75","10.590012550354"
"545","3","300","20","erdos_renyi","species","species_1","PLN","BIC","0.07","0.7172155","0.661861830220392","0.113","0.923","0.375","0.533","2.75597214698792"
"546","3","300","20","erdos_renyi","species","species_1","ZIPLN","BIC","0.07","0.6905245","0.6639461079843","0.068","0.846","0.478","0.611","7.07013249397278"
"547","4","300","20","erdos_renyi","species","species_1","PLN","BIC","0.08","0.723794","0.673084447859275","0.023","0.5","0.667","0.571","2.65363574028015"
"548","4","300","20","erdos_renyi","species","species_1","ZIPLN","BIC","0.07","0.6620295","0.668869079641282","0.052","0.75","0.571","0.649","7.10944890975952"
"549","5","300","20","erdos_renyi","species","species_1","PLN","BIC","0.03","0.8127925","0.614917287314308","0","0",NA,"0","2.18408155441284"
"550","5","300","20","erdos_renyi","species","species_1","ZIPLN","BIC","0.03","0.67378","0.636246355248466","0.005","0","0","0","4.1164345741272"
"551","6","300","20","erdos_renyi","species","species_1","PLN","BIC","0.05","0.7155","0.650223963408096","0.066","0.75","0.333","0.462","2.63498973846436"
"552","6","300","20","erdos_renyi","species","species_1","ZIPLN","BIC","0.05","0.7080625","0.649749775147563","0.005","0.625","0.833","0.714","8.33464860916138"
"553","7","300","20","erdos_renyi","species","species_1","PLN","BIC","0.04","0.6874495","0.638332623836278","0.138","0.778","0.219","0.341","2.52670574188232"
"554","7","300","20","erdos_renyi","species","species_1","ZIPLN","BIC","0.05","0.6571075","0.650238526164686","0.028","0.667","0.545","0.6","4.85224199295044"
"555","8","300","20","erdos_renyi","species","species_1","PLN","BIC","0.05","0.876541","0.653576333333771","0.005","0.857","0.857","0.857","2.5273175239563"
"556","8","300","20","erdos_renyi","species","species_1","ZIPLN","BIC","0.04","0.832323","0.650617489394526","0.016","0.857","0.667","0.75","4.82506155967712"
"557","9","300","20","erdos_renyi","species","species_1","PLN","BIC","0.06","0.852","0.647243178604928","0","1","1","1","2.65865612030029"
"558","9","300","20","erdos_renyi","species","species_1","ZIPLN","BIC","0.07","0.814","0.664657492357142","0","1","1","1","8.11502027511597"
"559","10","300","20","erdos_renyi","species","species_1","PLN","BIC","0.07","0.648066","0.682417673786436","0.006","0.231","0.75","0.353","2.61184883117676"
"560","10","300","20","erdos_renyi","species","species_1","ZIPLN","BIC","0.06","0.6381855","0.678199136095342","0.011","0.462","0.75","0.571","7.58624172210693"
"561","11","300","20","erdos_renyi","species","species_1","PLN","BIC","0.03","0.741202","0.620696211610481","0.027","0.833","0.5","0.625","1.65582418441772"
"562","11","300","20","erdos_renyi","species","species_1","ZIPLN","BIC","0.06","0.7080915","0.647701149255157","0","0.5","1","0.667","5.90152764320374"
"563","12","300","20","erdos_renyi","species","species_1","PLN","BIC","0.08","0.772851","0.654722156076251","0.052","0.722","0.591","0.65","3.04489350318909"
"564","12","300","20","erdos_renyi","species","species_1","ZIPLN","BIC","0.08","0.729709","0.661884600678383","0.087","0.778","0.483","0.596","6.24368524551392"
"565","13","300","20","erdos_renyi","species","species_1","PLN","BIC","0.08","0.71545","0.648312716801588","0.006","0.7","0.875","0.778","2.76442670822144"
"566","13","300","20","erdos_renyi","species","species_1","ZIPLN","BIC","0.07","0.69955","0.666221604444183","0.006","0.8","0.889","0.842","9.18667316436768"
"567","14","300","20","erdos_renyi","species","species_1","PLN","BIC","0.02","0.61975","0.607778517449329","0","0",NA,"0","2.34480285644531"
"568","14","300","20","erdos_renyi","species","species_1","ZIPLN","BIC","0.06","0.56175","0.635518848662405","0.005","0.5","0.5","0.5","6.62232828140259"
"569","15","300","20","erdos_renyi","species","species_1","PLN","BIC","0.05","0.7688525","0.690266213901886","0","0.333","1","0.5","2.31480550765991"
"570","15","300","20","erdos_renyi","species","species_1","ZIPLN","BIC","0.08","0.7159925","0.69749886140033","0","0.333","1","0.5","4.95486664772034"
"571","16","300","20","erdos_renyi","species","species_1","PLN","BIC","0.04","0.654375","0.623227928494186","0","0.625","1","0.769","2.36346673965454"
"572","16","300","20","erdos_renyi","species","species_1","ZIPLN","BIC","0.06","0.6878125","0.638588237326","0","0.5","1","0.667","8.58332896232605"
"573","17","300","20","erdos_renyi","species","species_1","PLN","BIC","0.06","0.846865","0.657820023101695","0.034","0.727","0.571","0.64","1.525465965271"
"574","17","300","20","erdos_renyi","species","species_1","ZIPLN","BIC","0.06","0.8343745","0.653752560227812","0.011","0.727","0.8","0.762","3.80499649047852"
"575","18","300","20","erdos_renyi","species","species_1","PLN","BIC","0.08","0.8063825","0.634723274771846","0.04","1","0.65","0.788","3.02346920967102"
"576","18","300","20","erdos_renyi","species","species_1","ZIPLN","BIC","0.08","0.7583805","0.655113349408366","0.068","1","0.52","0.684","6.92426943778992"
"577","19","300","20","erdos_renyi","species","species_1","PLN","BIC","0.07","0.7610685","0.653390211375994","0.091","0.857","0.429","0.571","2.37057948112488"
"578","19","300","20","erdos_renyi","species","species_1","ZIPLN","BIC","0.1","0.7065015","0.677706762364703","0.028","0.714","0.667","0.69","4.93574595451355"
"579","20","300","20","erdos_renyi","species","species_1","PLN","BIC","0.06","0.7402225","0.64248747759461","0","0.556","1","0.714","2.36601161956787"
"580","20","300","20","erdos_renyi","species","species_1","ZIPLN","BIC","0.06","0.746824","0.650241016268609","0.017","0.889","0.727","0.8","4.00256776809692"
"581","21","300","20","erdos_renyi","species","species_1","PLN","BIC","0.05","0.7048355","0.654771635714813","0.039","0.778","0.5","0.609","2.79763221740723"
"582","21","300","20","erdos_renyi","species","species_1","ZIPLN","BIC","0.07","0.688546","0.666506395832356","0.017","0.778","0.7","0.737","3.66122102737427"
"583","22","300","20","erdos_renyi","species","species_1","PLN","BIC","0.05","0.758315","0.662371697212652","0.028","0.818","0.643","0.72","3.06122541427612"
"584","22","300","20","erdos_renyi","species","species_1","ZIPLN","BIC","0.05","0.7443465","0.658609809480341","0.05","0.818","0.5","0.621","8.38379073143005"
"585","23","300","20","erdos_renyi","species","species_1","PLN","BIC","0.06","0.8225625","0.660418236243213","0.027","0.875","0.583","0.7","1.80294609069824"
"586","23","300","20","erdos_renyi","species","species_1","ZIPLN","BIC","0.06","0.8129375","0.659644590865205","0.005","0.875","0.875","0.875","3.43365526199341"
"587","24","300","20","erdos_renyi","species","species_1","PLN","BIC","0.06","0.70405","0.651753791340116","0.05","0.9","0.5","0.643","2.39980864524841"
"588","24","300","20","erdos_renyi","species","species_1","ZIPLN","BIC","0.05","0.6485","0.660081362891675","0.067","0.9","0.429","0.581","6.56067538261414"
"589","25","300","20","erdos_renyi","species","species_1","PLN","BIC","0.07","0.717374","0.668017873509577","0.045","0.75","0.529","0.621","2.35156559944153"
"590","25","300","20","erdos_renyi","species","species_1","ZIPLN","BIC","0.06","0.6675045","0.664053839370997","0.073","0.75","0.409","0.529","3.58296513557434"
"591","26","300","20","erdos_renyi","species","species_1","PLN","BIC","0.07","0.646938","0.610826144893749","0","0.778","1","0.875","1.6984338760376"
"592","26","300","20","erdos_renyi","species","species_1","ZIPLN","BIC","0.11","0.605468","0.635959344126166","0.017","0.778","0.7","0.737","4.24536895751953"
"593","27","300","20","erdos_renyi","species","species_1","PLN","BIC","0.06","0.6648085","0.671666576450137","0.022","0.667","0.6","0.632","1.51209378242493"
"594","27","300","20","erdos_renyi","species","species_1","ZIPLN","BIC","0.07","0.6511335","0.680954182737129","0.011","0.667","0.75","0.706","2.76981401443481"
"595","28","300","20","erdos_renyi","species","species_1","PLN","BIC","0.04","0.772463","0.649984979145397","0","0.667","1","0.8","1.43235921859741"
"596","28","300","20","erdos_renyi","species","species_1","ZIPLN","BIC","0.06","0.77052","0.672521798801436","0","0.5","1","0.667","5.18894529342651"
"597","29","300","20","erdos_renyi","species","species_1","PLN","BIC","0.06","0.74635","0.646951643263136","0.022","0.8","0.667","0.727","1.69292330741882"
"598","29","300","20","erdos_renyi","species","species_1","ZIPLN","BIC","0.06","0.63665","0.661681551873048","0.05","0.9","0.5","0.643","4.33172655105591"
"599","30","300","20","erdos_renyi","species","species_1","PLN","BIC","0.06","0.874452","0.63816136597256","0.078","1","0.44","0.611","1.71245622634888"
"600","30","300","20","erdos_renyi","species","species_1","ZIPLN","BIC","0.06","0.81418","0.636268366255202","0.022","1","0.733","0.846","3.26685118675232"
"601","1","300","20","erdos_renyi","species","species_2","PLN","BIC","0.08","0.7261875","0.520523078932095","0","0",NA,"0","2.14434313774109"
"602","1","300","20","erdos_renyi","species","species_2","ZIPLN","BIC","0.12","0.4803125","0.647039208589632","0","0",NA,"0","5.88422322273254"
"603","2","300","20","erdos_renyi","species","species_2","PLN","BIC","0.09","0.730944","0.520612769433474","0","0.5","1","0.667","2.90359354019165"
"604","2","300","20","erdos_renyi","species","species_2","ZIPLN","BIC","0.14","0.3928405","0.657981953197573","0.011","0.5","0.6","0.545","4.39575791358948"
"605","3","300","20","erdos_renyi","species","species_2","PLN","BIC","0.05","0.731","0.553311868407814","0","0",NA,"0","2.70934653282166"
"606","3","300","20","erdos_renyi","species","species_2","ZIPLN","BIC","0.08","0.5779","0.631777717527288","0","0",NA,"0","6.69376635551453"
"607","4","300","20","erdos_renyi","species","species_2","PLN","BIC","0.06","0.7444165","0.578203289862995","0","0",NA,"0","3.123863697052"
"608","4","300","20","erdos_renyi","species","species_2","ZIPLN","BIC","0.15","0.6790385","0.652865949513761","0.005","0.429","0.75","0.545","13.2458431720734"
"609","5","300","20","erdos_renyi","species","species_2","PLN","BIC","0.09","0.6941475","0.581305381672373","0.011","0.364","0.667","0.471","3.02387380599976"
"610","5","300","20","erdos_renyi","species","species_2","ZIPLN","BIC","0.1","0.5622405","0.662125766714559","0.056","0.636","0.412","0.5","7.55168390274048"
"611","6","300","20","erdos_renyi","species","species_2","PLN","BIC","0.05","0.8876","0.547636063363076","0.005","0.6","0.75","0.667","2.62976002693176"
"612","6","300","20","erdos_renyi","species","species_2","ZIPLN","BIC","0.1","0.4572","0.622579267815307","0","0.2","1","0.333","7.22334742546082"
"613","7","300","20","erdos_renyi","species","species_2","PLN","BIC","0.09","0.68565","0.598704775142655","0","0.4","1","0.571","1.77112507820129"
"614","7","300","20","erdos_renyi","species","species_2","ZIPLN","BIC","0.18","0.4574","0.667220667852852","0.017","0.3","0.5","0.375","4.17517137527466"
"615","8","300","20","erdos_renyi","species","species_2","PLN","BIC","0.08","0.8240375","0.551630972855391","0","0.111","1","0.2","3.14362502098083"
"616","8","300","20","erdos_renyi","species","species_2","ZIPLN","BIC","0.14","0.444225","0.651422569857023","0.006","0.222","0.667","0.333","10.6302547454834"
"617","9","300","20","erdos_renyi","species","species_2","PLN","BIC","0.11","0.7903195","0.521935736231099","0","0.214","1","0.353","3.64935517311096"
"618","9","300","20","erdos_renyi","species","species_2","ZIPLN","BIC","0.16","0.4398645","0.648025426132387","0","0.214","1","0.353","6.944979429245"
"619","10","300","20","erdos_renyi","species","species_2","PLN","BIC","0.09","0.8043125","0.532634179207682","0","0",NA,"0","2.89190816879272"
"620","10","300","20","erdos_renyi","species","species_2","ZIPLN","BIC","0.17","0.486875","0.663620770888685","0.005","0.125","0.5","0.2","9.06358885765076"
"621","11","300","20","erdos_renyi","species","species_2","PLN","BIC","0.09","0.692528","0.60097206109406","0.006","0.333","0.8","0.471","3.45546793937683"
"622","11","300","20","erdos_renyi","species","species_2","ZIPLN","BIC","0.14","0.446509","0.685959939445117","0.011","0.417","0.714","0.526","5.06592273712158"
"623","12","300","20","erdos_renyi","species","species_2","PLN","BIC","0.08","0.6619675","0.609016899598243","0.017","0.667","0.667","0.667","2.87833380699158"
"624","12","300","20","erdos_renyi","species","species_2","ZIPLN","BIC","0.11","0.580472","0.672876930117072","0.033","0.444","0.4","0.421","7.19126415252686"
"625","13","300","20","erdos_renyi","species","species_2","PLN","BIC","0.06","0.811769","0.584124831501568","0","0",NA,"0","1.84284281730652"
"626","13","300","20","erdos_renyi","species","species_2","ZIPLN","BIC","0.15","0.7282545","0.669587371150783","0","0",NA,"0","2.30259490013123"
"627","14","300","20","erdos_renyi","species","species_2","PLN","BIC","0.08","0.823375","0.604344968354294","0","0",NA,"0","2.71259427070618"
"628","14","300","20","erdos_renyi","species","species_2","ZIPLN","BIC","0.1","0.6755","0.672008134442982","0.016","0.375","0.5","0.429","6.555819272995"
"629","15","300","20","erdos_renyi","species","species_2","PLN","BIC","0.07","0.775865","0.564875008370423","0","0.143","1","0.25","2.33561778068542"
"630","15","300","20","erdos_renyi","species","species_2","ZIPLN","BIC","0.1","0.671013","0.639080128327753","0","0",NA,"0","8.60658311843872"
"631","16","300","20","erdos_renyi","species","species_2","PLN","BIC","0.08","0.8094375","0.583978338267327","0","0.25","1","0.4","2.85113072395325"
"632","16","300","20","erdos_renyi","species","species_2","ZIPLN","BIC","0.13","0.49625","0.668042351847838","0","0.125","1","0.222","8.4131772518158"
"633","17","300","20","erdos_renyi","species","species_2","PLN","BIC","0.08","0.673891","0.615313077071922","0.169","0.917","0.268","0.415","3.206618309021"
"634","17","300","20","erdos_renyi","species","species_2","ZIPLN","BIC","0.09","0.585593","0.654501735522223","0.028","0.583","0.583","0.583","6.62653756141663"
"635","18","300","20","erdos_renyi","species","species_2","PLN","BIC","0.08","0.6957955","0.629133225685651","0","0.077","1","0.143","2.84763503074646"
"636","18","300","20","erdos_renyi","species","species_2","ZIPLN","BIC","0.19","0.5170525","0.721219266783999","0","0.231","1","0.375","7.62073373794556"
"637","19","300","20","erdos_renyi","species","species_2","PLN","BIC","0.07","0.717067","0.5753206204933","0","0",NA,"0","1.53723478317261"
"638","19","300","20","erdos_renyi","species","species_2","ZIPLN","BIC","0.16","0.5408905","0.675201243807473","0","0",NA,"0","2.64512372016907"
"639","20","300","20","erdos_renyi","species","species_2","PLN","BIC","0.08","0.7311875","0.57949786220669","0","0",NA,"0","2.17286992073059"
"640","20","300","20","erdos_renyi","species","species_2","ZIPLN","BIC","0.16","0.499875","0.678557077435915","0","0.125","1","0.222","6.01431775093079"
"641","21","300","20","erdos_renyi","species","species_2","PLN","BIC","0.08","0.688246","0.602773135422127","0","0",NA,"0","1.47088885307312"
"642","21","300","20","erdos_renyi","species","species_2","ZIPLN","BIC","0.09","0.6267475","0.659402980748607","0","0",NA,"0","4.42097949981689"
"643","22","300","20","erdos_renyi","species","species_2","PLN","BIC","0.07","0.7758445","0.619576014927949","0","0",NA,"0","2.77665758132935"
"644","22","300","20","erdos_renyi","species","species_2","ZIPLN","BIC","0.15","0.561788","0.659513318379779","0","0",NA,"0","7.13102078437805"
"645","23","300","20","erdos_renyi","species","species_2","PLN","BIC","0.06","0.769602","0.629173416725499","0","0",NA,"0","2.48413133621216"
"646","23","300","20","erdos_renyi","species","species_2","ZIPLN","BIC","0.2","0.421969","0.743081136843338","0","0",NA,"0","10.6669454574585"
"647","24","300","20","erdos_renyi","species","species_2","PLN","BIC","0.08","0.6953125","0.502666959903842","0","0.25","1","0.4","1.78243350982666"
"648","24","300","20","erdos_renyi","species","species_2","ZIPLN","BIC","0.15","0.352125","0.611102610471298","0","0.375","1","0.545","6.48612642288208"
"649","25","300","20","erdos_renyi","species","species_2","PLN","BIC","0.06","0.7629","0.61436183640515","0.005","0.4","0.667","0.5","1.51699280738831"
"650","25","300","20","erdos_renyi","species","species_2","ZIPLN","BIC","0.09","0.5816","0.680915348722395","0","0.2","1","0.333","5.39624691009521"
"651","26","300","20","erdos_renyi","species","species_2","PLN","BIC","0.09","0.7233575","0.524848222976395","0","0.222","1","0.364","2.99852681159973"
"652","26","300","20","erdos_renyi","species","species_2","ZIPLN","BIC","0.16","0.4338965","0.61794558722823","0.011","0.333","0.6","0.429","6.67531633377075"
"653","27","300","20","erdos_renyi","species","species_2","PLN","BIC","0.08","0.8089375","0.530831630809008","0","0",NA,"0","2.39065527915955"
"654","27","300","20","erdos_renyi","species","species_2","ZIPLN","BIC","0.11","0.5716875","0.625978541543866","0.011","0.25","0.5","0.333","4.9075779914856"
"655","28","300","20","erdos_renyi","species","species_2","PLN","BIC","0.08","0.8710625","0.564008350997537","0.016","0.75","0.667","0.706","1.91918063163757"
"656","28","300","20","erdos_renyi","species","species_2","ZIPLN","BIC","0.15","0.601","0.662912696522458","0.016","0.75","0.667","0.706","4.21063256263733"
"657","29","300","20","erdos_renyi","species","species_2","PLN","BIC","0.07","0.831125","0.490284636693294","0.011","0.5","0.5","0.5","2.32312273979187"
"658","29","300","20","erdos_renyi","species","species_2","ZIPLN","BIC","0.12","0.605875","0.621692294800287","0.016","0.25","0.25","0.25","3.63141536712646"
"659","30","300","20","erdos_renyi","species","species_2","PLN","BIC","0.08","0.7209655","0.506043286951268","0","0",NA,"0","2.07254338264465"
"660","30","300","20","erdos_renyi","species","species_2","ZIPLN","BIC","0.17","0.450963","0.650446369601902","0","0",NA,"0","2.49778842926025"
"661","1","300","20","erdos_renyi","species","species_3","PLN","BIC","0.07","0.5775625","0.465356193152624","0","0.375","1","0.545","3.18059635162354"
"662","1","300","20","erdos_renyi","species","species_3","ZIPLN","BIC","0.14","0.3045625","0.549527812503199","0.005","0.375","0.75","0.5","4.34155774116516"
"663","2","300","20","erdos_renyi","species","species_3","PLN","BIC","0.1","0.74765","0.526498776869986","0","0.2","1","0.333","3.15879249572754"
"664","2","300","20","erdos_renyi","species","species_3","ZIPLN","BIC","0.27","0.21395","0.585481400376599","0","0.2","1","0.333","5.8860878944397"
"665","3","300","20","erdos_renyi","species","species_3","PLN","BIC","0.09","0.5938395","0.566659844104615","0","0",NA,"0","1.92292165756226"
"666","3","300","20","erdos_renyi","species","species_3","ZIPLN","BIC","0.3","0.333179","0.619787446742874","0","0",NA,"0","2.91117477416992"
"667","4","300","20","erdos_renyi","species","species_3","PLN","BIC","0.11","0.70985","0.547677185764778","0","0.3","1","0.462","3.00078153610229"
"668","4","300","20","erdos_renyi","species","species_3","ZIPLN","BIC","0.12","0.3122","0.592322263614944","0.022","0.4","0.5","0.444","3.97289538383484"
"669","5","300","20","erdos_renyi","species","species_3","PLN","BIC","0.11","0.648517","0.515463022203633","0","0.091","1","0.167","3.04048013687134"
"670","5","300","20","erdos_renyi","species","species_3","ZIPLN","BIC","0.14","0.19511","0.584249980587861","0.011","0.182","0.5","0.267","5.62325716018677"
"671","6","300","20","erdos_renyi","species","species_3","PLN","BIC","0.09","0.402125","0.528365095246858","0","0.125","1","0.222","2.36144590377808"
"672","6","300","20","erdos_renyi","species","species_3","ZIPLN","BIC","0.23","0.1579375","0.55767955597787","0.011","0.25","0.5","0.333","8.01986598968506"
"673","7","300","20","erdos_renyi","species","species_3","PLN","BIC","0.1","0.574636","0.478395979271642","0","0",NA,"0","3.14081692695618"
"674","7","300","20","erdos_renyi","species","species_3","ZIPLN","BIC","0.18","0.4006185","0.567945281504841","0","0",NA,"0","7.13060188293457"
"675","8","300","20","erdos_renyi","species","species_3","PLN","BIC","0.12","0.507448","0.498922331404439","0","0",NA,"0","3.41637086868286"
"676","8","300","20","erdos_renyi","species","species_3","ZIPLN","BIC","0.46","0.296662","0.539070944278256","0.006","0.091","0.5","0.154","5.98299098014832"
"677","9","300","20","erdos_renyi","species","species_3","PLN","BIC","0.1","0.551637","0.479229971187801","0","0",NA,"0","2.94559764862061"
"678","9","300","20","erdos_renyi","species","species_3","ZIPLN","BIC","0.15","0.2634935","0.558487860624482","0.005","0.143","0.5","0.222","4.56480121612549"
"679","10","300","20","erdos_renyi","species","species_3","PLN","BIC","0.1","0.4944375","0.423777583477077","0","0.125","1","0.222","3.32132053375244"
"680","10","300","20","erdos_renyi","species","species_3","ZIPLN","BIC","0.4","0.028875","0.503720352641152","0.005","0.125","0.5","0.2","5.54713821411133"
"681","11","300","20","erdos_renyi","species","species_3","PLN","BIC","0.08","0.6571775","0.547015331252753","0","0.286","1","0.444","3.13546299934387"
"682","11","300","20","erdos_renyi","species","species_3","ZIPLN","BIC","0.16","0.309656","0.613996633373867","0.005","0.286","0.667","0.4","6.14422345161438"
"683","12","300","20","erdos_renyi","species","species_3","PLN","BIC","0.13","0.5715885","0.46517016803682","0","0",NA,"0","2.07837581634521"
"684","12","300","20","erdos_renyi","species","species_3","ZIPLN","BIC","0.33","0.113477","0.577166066176968","0","0.091","1","0.167","2.79970502853394"
"685","13","300","20","erdos_renyi","species","species_3","PLN","BIC","0.11","0.56235","0.479625878719886","0","0",NA,"0","2.45949101448059"
"686","13","300","20","erdos_renyi","species","species_3","ZIPLN","BIC","0.26","0.29875","0.566291778965774","0","0",NA,"0","4.66270661354065"
"687","14","300","20","erdos_renyi","species","species_3","PLN","BIC","0.06","0.4015","0.488571609390674","0","0",NA,"0","2.90961194038391"
"688","14","300","20","erdos_renyi","species","species_3","ZIPLN","BIC","0.11","0.3278305","0.519235308502333","0","0",NA,"0","4.34414505958557"
"689","15","300","20","erdos_renyi","species","species_3","PLN","BIC","0.07","0.6250625","0.570289466758296","0","0",NA,"0","2.99444937705994"
"690","15","300","20","erdos_renyi","species","species_3","ZIPLN","BIC","0.17","0.4391875","0.615815634958038","0","0",NA,"0","9.25195527076721"
"691","16","300","20","erdos_renyi","species","species_3","PLN","BIC","0.12","0.7170435","0.552399429811729","0.023","0.647","0.733","0.688","3.2609715461731"
"692","16","300","20","erdos_renyi","species","species_3","ZIPLN","BIC","0.63","0.2335775","0.604125560939099","0.023","0.412","0.636","0.5","11.3987829685211"
"693","17","300","20","erdos_renyi","species","species_3","PLN","BIC","0.12","0.607417","0.513279048876413","0","0",NA,"0","3.40532231330872"
"694","17","300","20","erdos_renyi","species","species_3","ZIPLN","BIC","0.2","0.2629165","0.599751948822025","0","0",NA,"0","10.5361545085907"
"695","18","300","20","erdos_renyi","species","species_3","PLN","BIC","0.1","0.546375","0.457335760951043","0","0",NA,"0","2.45859527587891"
"696","18","300","20","erdos_renyi","species","species_3","ZIPLN","BIC","0.27","0.328125","0.569803545192892","0","0",NA,"0","2.80003619194031"
"697","19","300","20","erdos_renyi","species","species_3","PLN","BIC","0.04","0.1165","0.457281059266923","0","0",NA,"0","2.57050371170044"
"698","19","300","20","erdos_renyi","species","species_3","ZIPLN","BIC","0.18","0","0.522110059280346","0","0",NA,"0","4.01298522949219"
"699","20","300","20","erdos_renyi","species","species_3","PLN","BIC","0.14","0.5622045","0.531429674159216","0","0",NA,"0","4.37593507766724"
"700","20","300","20","erdos_renyi","species","species_3","ZIPLN","BIC","0.23","0.2113595","0.594141542511696","0.023","0","0","0","6.84728646278381"
"701","21","300","20","erdos_renyi","species","species_3","PLN","BIC","0.11","0.716","0.502674599796077","0.011","0.4","0.667","0.5","3.16332530975342"
"702","21","300","20","erdos_renyi","species","species_3","ZIPLN","BIC","0.25","0.2639","0.58109917390905","0.022","0.4","0.5","0.444","5.89768934249878"
"703","22","300","20","erdos_renyi","species","species_3","PLN","BIC","0.09","0.5916","0.395374572483369","0","0",NA,"0","3.28094029426575"
"704","22","300","20","erdos_renyi","species","species_3","ZIPLN","BIC","0.19","0.358","0.504059469458984","0","0",NA,"0","4.17056465148926"
"705","23","300","20","erdos_renyi","species","species_3","PLN","BIC","0.12","0.569375","0.470027660767586","0","0",NA,"0","2.09935283660889"
"706","23","300","20","erdos_renyi","species","species_3","ZIPLN","BIC","0.24","0.134125","0.537949485840157","0.005","0.125","0.5","0.2","3.43249797821045"
"707","24","300","20","erdos_renyi","species","species_3","PLN","BIC","0.11","0.7767135","0.510703196023419","0","0",NA,"0","1.68932819366455"
"708","24","300","20","erdos_renyi","species","species_3","ZIPLN","BIC","0.4","0.443785","0.57935051147682","0.011","0.071","0.333","0.118","3.6823787689209"
"709","25","300","20","erdos_renyi","species","species_3","PLN","BIC","0.11","0.6981205","0.507406867345537","0","0.091","1","0.167","1.74813294410706"
"710","25","300","20","erdos_renyi","species","species_3","ZIPLN","BIC","0.17","0.280124","0.560763800398427","0.006","0.091","0.5","0.154","3.29845070838928"
"711","26","300","20","erdos_renyi","species","species_3","PLN","BIC","0.08","0.71025","0.485727021683813","0","0.25","1","0.4","2.68715500831604"
"712","26","300","20","erdos_renyi","species","species_3","ZIPLN","BIC","0.63","0.215375","0.610383412536159","0.005","0.125","0.5","0.2","3.86379718780518"
"713","27","300","20","erdos_renyi","species","species_3","PLN","BIC","0.08","0.791612","0.513164178112711","0","0.429","1","0.6","3.04592967033386"
"714","27","300","20","erdos_renyi","species","species_3","ZIPLN","BIC","0.22","0.3236215","0.568075526703489","0.016","0.286","0.4","0.333","4.25483465194702"
"715","28","300","20","erdos_renyi","species","species_3","PLN","BIC","0.1","0.699629","0.504053680918185","0","0.222","1","0.364","1.83477210998535"
"716","28","300","20","erdos_renyi","species","species_3","ZIPLN","BIC","0.25","0.2284315","0.605471985354608","0.017","0.111","0.25","0.154","5.09124135971069"
"717","29","300","20","erdos_renyi","species","species_3","PLN","BIC","0.08","0.7083125","0.549165012974918","0","0",NA,"0","1.59216523170471"
"718","29","300","20","erdos_renyi","species","species_3","ZIPLN","BIC","0.16","0.4596875","0.612802409050752","0","0.125","1","0.222","4.7495493888855"
"719","30","300","20","erdos_renyi","species","species_3","PLN","BIC","0.08","0.622","0.551208038125476","0","0",NA,"0","1.74588418006897"
"720","30","300","20","erdos_renyi","species","species_3","ZIPLN","BIC","0.17","0.218375","0.603381427978759","0","0",NA,"0","2.86768674850464"
"721","1","300","20","community","species","species_1","PLN","BIC","0.12","0.755899","0.633210150136988","0.054","0.75","0.667","0.706","2.82590651512146"
"722","1","300","20","community","species","species_1","ZIPLN","BIC","0.11","0.7241745","0.631411922375764","0.072","0.792","0.613","0.691","6.04381442070007"
"723","2","300","20","community","species","species_1","PLN","BIC","0.09","0.667722","0.676694621955811","0.011","0.6","0.818","0.692","3.22436380386353"
"724","2","300","20","community","species","species_1","ZIPLN","BIC","0.09","0.6284885","0.67246842756204","0.011","0.533","0.8","0.64","7.37706732749939"
"725","3","300","20","community","species","species_1","PLN","BIC","0.07","0.679653","0.686546997020523","0","0.364","1","0.533","2.52367210388184"
"726","3","300","20","community","species","species_1","ZIPLN","BIC","0.06","0.672239","0.683473845609158","0.006","0.455","0.833","0.588","7.1933925151825"
"727","4","300","20","community","species","species_1","PLN","BIC","0.08","0.663583","0.679403778795422","0.011","0.533","0.8","0.64","1.8302788734436"
"728","4","300","20","community","species","species_1","ZIPLN","BIC","0.07","0.6662155","0.672717173908983","0.074","0.667","0.435","0.526","3.05352473258972"
"729","5","300","20","community","species","species_1","PLN","BIC","0.06","0.634304","0.643238196597303","0.225","0.833","0.2","0.323","2.6727921962738"
"730","5","300","20","community","species","species_1","ZIPLN","BIC","0.06","0.6066455","0.64881495113426","0.045","0.833","0.556","0.667","5.94462943077087"
"731","6","300","20","community","species","species_1","PLN","BIC","0.04","0.6318115","0.632543141985449","0.049","0.714","0.357","0.476","2.73654174804688"
"732","6","300","20","community","species","species_1","ZIPLN","BIC","0.04","0.685157","0.631458891659765","0.038","0.714","0.417","0.526","8.98063445091248"
"733","7","300","20","community","species","species_1","PLN","BIC","0.05","0.8691875","0.61110598448696","0.022","0.875","0.636","0.737","2.55849504470825"
"734","7","300","20","community","species","species_1","ZIPLN","BIC","0.08","0.8245625","0.62207847359442","0","0.875","1","0.933","8.82562708854675"
"735","8","300","20","community","species","species_1","PLN","BIC","0.09","0.6430845","0.64926648431424","0.057","0.75","0.545","0.632","2.99077963829041"
"736","8","300","20","community","species","species_1","ZIPLN","BIC","0.08","0.5928945","0.653937142867091","0.08","0.75","0.462","0.571","6.42401242256165"
"737","9","300","20","community","species","species_1","PLN","BIC","0.1","0.721722","0.621152290482639","0.198","1","0.346","0.514","2.90025854110718"
"738","9","300","20","community","species","species_1","ZIPLN","BIC","0.09","0.685311","0.62741878752308","0.064","0.944","0.607","0.739","6.09201884269714"
"739","10","300","20","community","species","species_1","PLN","BIC","0.07","0.653166","0.65139628314312","0.023","0.625","0.714","0.667","1.73498702049255"
"740","10","300","20","community","species","species_1","ZIPLN","BIC","0.06","0.640759","0.657198865269955","0.052","0.625","0.526","0.571","5.19291210174561"
"741","11","300","20","community","species","species_1","PLN","BIC","0.05","0.77571","0.644967446717177","0.05","0.909","0.526","0.667","2.22488689422607"
"742","11","300","20","community","species","species_1","ZIPLN","BIC","0.04","0.745258","0.644616555082859","0.078","0.909","0.417","0.571","5.00796031951904"
"743","12","300","20","community","species","species_1","PLN","BIC","0.06","0.8161555","0.619364358855649","0.068","0.923","0.5","0.649","2.67004776000977"
"744","12","300","20","community","species","species_1","ZIPLN","BIC","0.08","0.779741","0.628945818352623","0.028","0.846","0.688","0.759","7.42357897758484"
"745","13","300","20","community","species","species_1","PLN","BIC","0.05","0.720544","0.657231176656929","0.045","0.727","0.5","0.593","2.82491636276245"
"746","13","300","20","community","species","species_1","ZIPLN","BIC","0.05","0.719631","0.655898584173932","0.061","0.727","0.421","0.533","9.22103095054626"
"747","14","300","20","community","species","species_1","PLN","BIC","0.07","0.756898","0.65590217764181","0.087","0.824","0.483","0.609","2.83957147598267"
"748","14","300","20","community","species","species_1","ZIPLN","BIC","0.08","0.778423","0.651731521382354","0.058","0.647","0.524","0.579","5.43020510673523"
"749","15","300","20","community","species","species_1","PLN","BIC","0.08","0.723388","0.63995494603958","0.079","0.923","0.462","0.615","3.43403077125549"
"750","15","300","20","community","species","species_1","ZIPLN","BIC","0.09","0.677858","0.650094007274009","0.034","0.769","0.625","0.69","6.49902749061584"
"751","16","300","20","community","species","species_1","PLN","BIC","0.09","0.735075","0.642678648987612","0.071","0.7","0.538","0.609","2.77361869812012"
"752","16","300","20","community","species","species_1","ZIPLN","BIC","0.08","0.6863","0.64710182779856","0.094","0.7","0.467","0.56","9.14597916603088"
"753","17","300","20","community","species","species_1","PLN","BIC","0.05","0.64675","0.60558331600025","0.055","0.75","0.375","0.5","1.55109643936157"
"754","17","300","20","community","species","species_1","ZIPLN","BIC","0.05","0.623875","0.617323006971498","0.011","0.75","0.75","0.75","3.38168478012085"
"755","18","300","20","community","species","species_1","PLN","BIC","0.07","0.6617985","0.659837932681605","0.107","0.692","0.321","0.439","2.66046357154846"
"756","18","300","20","community","species","species_1","ZIPLN","BIC","0.08","0.597018","0.674780398742411","0.051","0.769","0.526","0.625","5.39853358268738"
"757","19","300","20","community","species","species_1","PLN","BIC","0.08","0.6487375","0.693481207396609","0.04","0.714","0.588","0.645","2.91116189956665"
"758","19","300","20","community","species","species_1","ZIPLN","BIC","0.07","0.625739","0.694188199875941","0.045","0.714","0.556","0.625","5.65434575080872"
"759","20","300","20","community","species","species_1","PLN","BIC","0.05","0.74635","0.632542077055844","0","0.2","1","0.333","2.77503728866577"
"760","20","300","20","community","species","species_1","ZIPLN","BIC","0.05","0.7377","0.640277464455465","0.017","0.7","0.7","0.7","5.17663073539734"
"761","21","300","20","community","species","species_1","PLN","BIC","0.08","0.7293685","0.627414128071211","0.119","0.846","0.344","0.489","2.71601510047913"
"762","21","300","20","community","species","species_1","ZIPLN","BIC","0.11","0.6032975","0.682217785892684","0.09","0.615","0.333","0.432","7.49758887290955"
"763","22","300","20","community","species","species_1","PLN","BIC","0.07","0.725891","0.689167942072008","0.011","0.429","0.75","0.545","2.83466672897339"
"764","22","300","20","community","species","species_1","ZIPLN","BIC","0.07","0.7208375","0.687422074522945","0.017","0.5","0.7","0.583","5.00931191444397"
"765","23","300","20","community","species","species_1","PLN","BIC","0.03","0.700268","0.615370337112904","0","0",NA,"0","1.42023110389709"
"766","23","300","20","community","species","species_1","ZIPLN","BIC","0.03","0.666534","0.629197148531941","0","0",NA,"0","3.57864189147949"
"767","24","300","20","community","species","species_1","PLN","BIC","0.06","0.610587","0.663967081238437","0.05","0.636","0.438","0.519","1.71192383766174"
"768","24","300","20","community","species","species_1","ZIPLN","BIC","0.06","0.6066445","0.666045292324946","0.028","0.636","0.583","0.609","5.43477034568787"
"769","25","300","20","community","species","species_1","PLN","BIC","0.07","0.7584675","0.649773265843449","0.057","0.867","0.565","0.684","2.34794425964355"
"770","25","300","20","community","species","species_1","ZIPLN","BIC","0.06","0.753195","0.652579440408233","0.069","0.933","0.538","0.683","3.79331350326538"
"771","26","300","20","community","species","species_1","PLN","BIC","0.08","0.8324895","0.650287183438909","0.029","0.933","0.737","0.824","2.25819849967957"
"772","26","300","20","community","species","species_1","ZIPLN","BIC","0.06","0.772199","0.657899584765776","0.074","0.8","0.48","0.6","4.96753644943237"
"773","27","300","20","community","species","species_1","PLN","BIC","0.06","0.8093225","0.642149858241475","0.04","0.846","0.611","0.71","2.60107588768005"
"774","27","300","20","community","species","species_1","ZIPLN","BIC","0.08","0.7702895","0.656163031056138","0.04","0.769","0.588","0.667","5.75047206878662"
"775","28","300","20","community","species","species_1","PLN","BIC","0.07","0.62095","0.653363393107606","0.006","0.4","0.8","0.533","1.523517370224"
"776","28","300","20","community","species","species_1","ZIPLN","BIC","0.05","0.67","0.653625412008163","0.022","0.4","0.5","0.444","4.31452178955078"
"777","29","300","20","community","species","species_1","PLN","BIC","0.09","0.696213","0.666967743988211","0.053","0.667","0.609","0.636","2.03533339500427"
"778","29","300","20","community","species","species_1","ZIPLN","BIC","0.08","0.6561315","0.666443641921454","0.083","0.762","0.533","0.627","3.6467649936676"
"779","30","300","20","community","species","species_1","PLN","BIC","0.07","0.8179565","0.655362395920884","0.006","0.583","0.875","0.7","1.53633832931519"
"780","30","300","20","community","species","species_1","ZIPLN","BIC","0.05","0.795573","0.646190915643183","0.051","0.833","0.526","0.645","3.22750329971313"
"781","1","300","20","community","species","species_2","PLN","BIC","0.07","0.5885625","0.534874895292995","0.005","0.25","0.667","0.364","2.58742547035217"
"782","1","300","20","community","species","species_2","ZIPLN","BIC","0.13","0.3534375","0.641788085110995","0.027","0.375","0.375","0.375","9.06627631187439"
"783","2","300","20","community","species","species_2","PLN","BIC","0.11","0.7449415","0.563433765279527","0","0",NA,"0","2.6393404006958"
"784","2","300","20","community","species","species_2","ZIPLN","BIC","0.28","0.5948935","0.753626280315914","0","0",NA,"0","9.69587421417236"
"785","3","300","20","community","species","species_2","PLN","BIC","0.11","0.6090875","0.590562811585603","0.006","0.176","0.75","0.286","3.15796566009521"
"786","3","300","20","community","species","species_2","ZIPLN","BIC","0.18","0.2896225","0.695355292341982","0","0.235","1","0.381","6.85343599319458"
"787","4","300","20","community","species","species_2","PLN","BIC","0.06","0.6619375","0.615058727338808","0","0.25","1","0.4","1.37256622314453"
"788","4","300","20","community","species","species_2","ZIPLN","BIC","0.15","0.4565625","0.700173045868329","0","0",NA,"0","2.93092584609985"
"789","5","300","20","community","species","species_2","PLN","BIC","0.07","0.6829375","0.583376169066891","0.033","0.625","0.455","0.526","2.50169110298157"
"790","5","300","20","community","species","species_2","ZIPLN","BIC","0.19","0.513625","0.680271978574943","0.022","0.625","0.556","0.588","6.67881608009338"
"791","6","300","20","community","species","species_2","PLN","BIC","0.09","0.8285625","0.55364008558852","0","0.625","1","0.769","3.25812077522278"
"792","6","300","20","community","species","species_2","ZIPLN","BIC","0.13","0.636125","0.642419778438954","0.016","0.5","0.571","0.533","8.44814324378967"
"793","7","300","20","community","species","species_2","PLN","BIC","0.12","0.7634115","0.53733371687168","0","0",NA,"0","2.93193602561951"
"794","7","300","20","community","species","species_2","ZIPLN","BIC","0.12","0.6231415","0.656654408928888","0","0",NA,"0","5.48494076728821"
"795","8","300","20","community","species","species_2","PLN","BIC","0.1","0.722243","0.555821405387045","0","0.083","1","0.154","3.12594819068909"
"796","8","300","20","community","species","species_2","ZIPLN","BIC","0.12","0.5384285","0.656001399250563","0.051","0.333","0.308","0.32","11.1132724285126"
"797","9","300","20","community","species","species_2","PLN","BIC","0.16","0.7164955","0.579565687898896","0","0.111","1","0.2","3.17667889595032"
"798","9","300","20","community","species","species_2","ZIPLN","BIC","0.22","0.400441","0.692988327912595","0","0.167","1","0.286","11.6489362716675"
"799","10","300","20","community","species","species_2","PLN","BIC","0.12","0.7350675","0.666548841052556","0","0",NA,"0","1.75941586494446"
"800","10","300","20","community","species","species_2","ZIPLN","BIC","0.18","0.724749","0.730679948160254","0","0",NA,"0","7.16684293746948"
"801","11","300","20","community","species","species_2","PLN","BIC","0.09","0.7655355","0.629890136091846","0.062","0.5","0.353","0.414","3.46659278869629"
"802","11","300","20","community","species","species_2","ZIPLN","BIC","0.13","0.523392","0.703990442770242","0","0.083","1","0.154","4.62104725837708"
"803","12","300","20","community","species","species_2","PLN","BIC","0.08","0.8279785","0.568139880658903","0","0.222","1","0.364","2.64656758308411"
"804","12","300","20","community","species","species_2","ZIPLN","BIC","0.18","0.3933705","0.674666000430528","0","0.333","1","0.5","7.09370541572571"
"805","13","300","20","community","species","species_2","PLN","BIC","0.12","0.6540085","0.587846058121459","0.124","0.619","0.382","0.473","3.48883962631226"
"806","13","300","20","community","species","species_2","ZIPLN","BIC","0.13","0.484087","0.672042421422433","0.03","0.429","0.643","0.514","6.49296450614929"
"807","14","300","20","community","species","species_2","PLN","BIC","0.08","0.7345625","0.534127590956019","0","0.125","1","0.222","2.91312837600708"
"808","14","300","20","community","species","species_2","ZIPLN","BIC","0.18","0.3999375","0.664493091199214","0","0",NA,"0","5.40587043762207"
"809","15","300","20","community","species","species_2","PLN","BIC","0.09","0.685221","0.555272989036449","0","0.333","1","0.5","3.03629469871521"
"810","15","300","20","community","species","species_2","ZIPLN","BIC","0.19","0.4328165","0.678784803637383","0.017","0.25","0.5","0.333","9.65169477462769"
"811","16","300","20","community","species","species_2","PLN","BIC","0.09","0.7015","0.526795663869297","0","0.375","1","0.545","1.68620920181274"
"812","16","300","20","community","species","species_2","ZIPLN","BIC","0.16","0.567625","0.649809360177806","0","0.25","1","0.4","6.71053409576416"
"813","17","300","20","community","species","species_2","PLN","BIC","0.1","0.7628075","0.561847266698412","0","0",NA,"0","2.49216341972351"
"814","17","300","20","community","species","species_2","ZIPLN","BIC","0.13","0.4990795","0.658055008847774","0","0",NA,"0","5.78778791427612"
"815","18","300","20","community","species","species_2","PLN","BIC","0.12","0.699333","0.570933050254064","0","0",NA,"0","1.84059572219849"
"816","18","300","20","community","species","species_2","ZIPLN","BIC","0.15","0.511445","0.66924811268155","0.052","0.5","0.471","0.485","5.8951313495636"
"817","19","300","20","community","species","species_2","PLN","BIC","0.11","0.6422085","0.544626423630296","0","0",NA,"0","3.34959959983826"
"818","19","300","20","community","species","species_2","ZIPLN","BIC","0.16","0.453915","0.66359084904115","0.006","0.286","0.8","0.421","6.67171001434326"
"819","20","300","20","community","species","species_2","PLN","BIC","0.09","0.69695","0.540547601870895","0","0",NA,"0","3.25388240814209"
"820","20","300","20","community","species","species_2","ZIPLN","BIC","0.15","0.5222","0.655136757901884","0.017","0.2","0.4","0.267","9.8950469493866"
"821","21","300","20","community","species","species_2","PLN","BIC","0.1","0.5984215","0.647350423300857","0","0",NA,"0","2.47182941436768"
"822","21","300","20","community","species","species_2","ZIPLN","BIC","0.14","0.5088155","0.697050196902165","0.011","0.417","0.714","0.526","5.67737579345703"
"823","22","300","20","community","species","species_2","PLN","BIC","0.12","0.732173","0.608975435725465","0.029","0.647","0.688","0.667","2.79434037208557"
"824","22","300","20","community","species","species_2","ZIPLN","BIC","0.15","0.4814905","0.660044797826269","0.023","0.353","0.6","0.444","9.04504299163818"
"825","23","300","20","community","species","species_2","PLN","BIC","0.1","0.6797905","0.600194626234068","0","0.182","1","0.308","2.41192960739136"
"826","23","300","20","community","species","species_2","ZIPLN","BIC","0.13","0.331672","0.67808393755797","0","0.182","1","0.308","7.21215081214905"
"827","24","300","20","community","species","species_2","PLN","BIC","0.14","0.734395","0.571395344285153","0.029","0.529","0.643","0.581","3.07060790061951"
"828","24","300","20","community","species","species_2","ZIPLN","BIC","0.22","0.387424","0.67328627385082","0.058","0.471","0.444","0.457","8.3906352519989"
"829","25","300","20","community","species","species_2","PLN","BIC","0.08","0.777855","0.630707557768461","0.006","0.462","0.857","0.6","1.69315552711487"
"830","25","300","20","community","species","species_2","ZIPLN","BIC","0.1","0.645221","0.661659499624797","0.028","0.462","0.545","0.5","4.83109855651855"
"831","26","300","20","community","species","species_2","PLN","BIC","0.12","0.785325","0.621333693883993","0.006","0.4","0.889","0.552","1.94446730613708"
"832","26","300","20","community","species","species_2","ZIPLN","BIC","0.12","0.58165","0.677429233595536","0.047","0.45","0.529","0.486","6.47842717170715"
"833","27","300","20","community","species","species_2","PLN","BIC","0.09","0.732193","0.578255804241113","0","0.091","1","0.167","2.29376292228699"
"834","27","300","20","community","species","species_2","ZIPLN","BIC","0.21","0.586325","0.694611118605621","0.006","0.091","0.5","0.154","7.13911128044128"
"835","28","300","20","community","species","species_2","PLN","BIC","0.08","0.7470625","0.572336245594993","0.005","0.375","0.75","0.5","2.26656866073608"
"836","28","300","20","community","species","species_2","ZIPLN","BIC","0.14","0.558625","0.669928993416561","0.005","0.25","0.667","0.364","4.93697047233582"
"837","29","300","20","community","species","species_2","PLN","BIC","0.06","0.863125","0.620326503691533","0","0.25","1","0.4","2.79994606971741"
"838","29","300","20","community","species","species_2","ZIPLN","BIC","0.11","0.6859375","0.661842839382667","0.038","0.875","0.5","0.636","6.85027575492859"
"839","30","300","20","community","species","species_2","PLN","BIC","0.1","0.81395","0.618753379020001","0","0.154","1","0.267","3.09999561309814"
"840","30","300","20","community","species","species_2","ZIPLN","BIC","0.21","0.46355","0.713455647008074","0","0.308","1","0.471","8.89805436134338"
"841","1","300","20","community","species","species_3","PLN","BIC","0.13","0.6076575","0.628210770395293","0.012","0.211","0.667","0.32","3.00459432601929"
"842","1","300","20","community","species","species_3","ZIPLN","BIC","0.14","0.3281635","0.667932889329446","0.035","0.368","0.538","0.438","12.6997053623199"
"843","2","300","20","community","species","species_3","PLN","BIC","0.13","0.5988125","0.423640019309093","0","0",NA,"0","2.83747744560242"
"844","2","300","20","community","species","species_3","ZIPLN","BIC","0.23","0.2040055","0.509310977013354","0","0",NA,"0","5.2637186050415"
"845","3","300","20","community","species","species_3","PLN","BIC","0.1","0.521162","0.496797254186196","0","0.143","1","0.25","3.82494902610779"
"846","3","300","20","community","species","species_3","ZIPLN","BIC","0.27","0.228274","0.54927838223551","0","0.143","1","0.25","7.4089720249176"
"847","4","300","20","community","species","species_3","PLN","BIC","0.11","0.613985","0.5615273321658","0","0",NA,"0","3.02982711791992"
"848","4","300","20","community","species","species_3","ZIPLN","BIC","0.2","0.463565","0.644035770403905","0","0",NA,"0","5.42431163787842"
"849","5","300","20","community","species","species_3","PLN","BIC","0.15","0.467376","0.423230209126176","0.006","0.25","0.75","0.375","4.27560925483704"
"850","5","300","20","community","species","species_3","ZIPLN","BIC","0.61","0.076819","0.50816206148317","0.006","0.167","0.667","0.267","10.0892543792725"
"851","6","300","20","community","species","species_3","PLN","BIC","0.1","0.661332","0.479912849877549","0","0",NA,"0","2.146000623703"
"852","6","300","20","community","species","species_3","ZIPLN","BIC","0.16","0.242431","0.559017412854918","0.006","0.333","0.75","0.462","4.55296015739441"
"853","7","300","20","community","species","species_3","PLN","BIC","0.11","0.6396735","0.510245187782814","0","0.182","1","0.308","2.97188401222229"
"854","7","300","20","community","species","species_3","ZIPLN","BIC","0.25","0.1286885","0.600647419868533","0.011","0.091","0.333","0.143","8.37465858459473"
"855","8","300","20","community","species","species_3","PLN","BIC","0.1","0.7218","0.495256056626331","0","0",NA,"0","2.27558255195618"
"856","8","300","20","community","species","species_3","ZIPLN","BIC","0.1","0.385","0.539756874149533","0.006","0.3","0.75","0.429","3.41585183143616"
"857","9","300","20","community","species","species_3","PLN","BIC","0.1","0.579054","0.549179901054551","0","0",NA,"0","3.35826706886292"
"858","9","300","20","community","species","species_3","ZIPLN","BIC","0.18","0.3266365","0.640005152977148","0","0.091","1","0.167","9.6800754070282"
"859","10","300","20","community","species","species_3","PLN","BIC","0.12","0.70117","0.517703183090137","0","0",NA,"0","2.66962480545044"
"860","10","300","20","community","species","species_3","ZIPLN","BIC","0.16","0.2589455","0.587585175665166","0.029","0.312","0.5","0.385","4.93095827102661"
"861","11","300","20","community","species","species_3","PLN","BIC","0.15","0.7059495","0.609464638723201","0","0",NA,"0","3.43453645706177"
"862","11","300","20","community","species","species_3","ZIPLN","BIC","0.13","0.5256945","0.64460102775903","0.023","0.158","0.429","0.231","12.936252117157"
"863","12","300","20","community","species","species_3","PLN","BIC","0.1","0.6972545","0.538955930743538","0.017","0.5","0.667","0.571","2.51838040351868"
"864","12","300","20","community","species","species_3","ZIPLN","BIC","0.15","0.2552135","0.614038659357414","0.011","0.333","0.667","0.444","4.15709471702576"
"865","13","300","20","community","species","species_3","PLN","BIC","0.11","0.6817","0.489005073318448","0","0",NA,"0","3.13276410102844"
"866","13","300","20","community","species","species_3","ZIPLN","BIC","0.2","0.24375","0.566960225985866","0.017","0.3","0.5","0.375","5.29402327537537"
"867","14","300","20","community","species","species_3","PLN","BIC","0.14","0.573318","0.534979833635472","0.011","0.133","0.5","0.211","1.97676062583923"
"868","14","300","20","community","species","species_3","ZIPLN","BIC","0.35","0.178555","0.597959250943153","0.011","0.2","0.6","0.3","5.3591194152832"
"869","15","300","20","community","species","species_3","PLN","BIC","0.1","0.836","0.517194537885503","0","0",NA,"0","2.77088785171509"
"870","15","300","20","community","species","species_3","ZIPLN","BIC","0.2","0.1560625","0.594283588138714","0","0",NA,"0","5.06218028068542"
"871","16","300","20","community","species","species_3","PLN","BIC","0.13","0.518492","0.557617942301216","0","0",NA,"0","3.03377342224121"
"872","16","300","20","community","species","species_3","ZIPLN","BIC","0.14","0.1737535","0.632120840186631","0.011","0","0","0","11.4673550128937"
"873","17","300","20","community","species","species_3","PLN","BIC","0.16","0.452893","0.425966515584115","0","0",NA,"0","2.82513928413391"
"874","17","300","20","community","species","species_3","ZIPLN","BIC","0.24","0.185836","0.517265217258609","0","0",NA,"0","4.34157252311707"
"875","18","300","20","community","species","species_3","PLN","BIC","0.13","0.4689245","0.533585510867375","0","0",NA,"0","2.89690375328064"
"876","18","300","20","community","species","species_3","ZIPLN","BIC","0.26","0.197773","0.609461737031971","0","0",NA,"0","6.84785413742065"
"877","19","300","20","community","species","species_3","PLN","BIC","0.14","0.6224745","0.505070394449526","0","0.357","1","0.526","2.9946825504303"
"878","19","300","20","community","species","species_3","ZIPLN","BIC","0.15","0.2107965","0.566249734267895","0.057","0.5","0.412","0.452","6.57696557044983"
"879","20","300","20","community","species","species_3","PLN","BIC","0.1","0.6641045","0.531169032510113","0.006","0.111","0.5","0.182","1.69388246536255"
"880","20","300","20","community","species","species_3","ZIPLN","BIC","0.17","0.2732005","0.580369792026519","0","0.111","1","0.2","3.27483916282654"
"881","21","300","20","community","species","species_3","PLN","BIC","0.11","0.3827245","0.468814438136596","0","0",NA,"0","3.19129705429077"
"882","21","300","20","community","species","species_3","ZIPLN","BIC","0.27","0.113575","0.501056965121326","0.006","0.154","0.667","0.25","4.62668466567993"
"883","22","300","20","community","species","species_3","PLN","BIC","0.07","0.7991395","0.464662620035077","0","0",NA,"0","3.47817993164062"
"884","22","300","20","community","species","species_3","ZIPLN","BIC","0.15","0.371873","0.534326990319467","0","0",NA,"0","2.84450340270996"
"885","23","300","20","community","species","species_3","PLN","BIC","0.13","0.5990155","0.454613952356618","0","0.182","1","0.308","2.73657989501953"
"886","23","300","20","community","species","species_3","ZIPLN","BIC","0.27","0.118967","0.534094048334618","0","0.182","1","0.308","4.84616684913635"
"887","24","300","20","community","species","species_3","PLN","BIC","0.13","0.4849315","0.44989017631437","0","0",NA,"0","3.19251990318298"
"888","24","300","20","community","species","species_3","ZIPLN","BIC","0.19","0.148858","0.550737934191663","0.006","0","0","0","5.01871657371521"
"889","25","300","20","community","species","species_3","PLN","BIC","0.15","0.567079","0.434173473931313","0","0",NA,"0","2.23473525047302"
"890","25","300","20","community","species","species_3","ZIPLN","BIC","0.23","0.1456385","0.527291535259212","0","0.077","1","0.143","2.79453945159912"
"891","26","300","20","community","species","species_3","PLN","BIC","0.15","0.60878","0.447220123873883","0.006","0.125","0.667","0.211","2.17058515548706"
"892","26","300","20","community","species","species_3","ZIPLN","BIC","0.31","0.1064425","0.533347615761318","0.029","0.312","0.5","0.385","5.24998021125793"
"893","27","300","20","community","species","species_3","PLN","BIC","0.09","0.7238165","0.576739784689348","0","0.111","1","0.2","1.64959621429443"
"894","27","300","20","community","species","species_3","ZIPLN","BIC","0.14","0.530541","0.635528591311178","0.088","0.556","0.238","0.333","5.0543224811554"
"895","28","300","20","community","species","species_3","PLN","BIC","0.13","0.5910515","0.512317092970656","0","0.167","1","0.286","2.09457564353943"
"896","28","300","20","community","species","species_3","ZIPLN","BIC","0.31","0.152535","0.608923384113748","0.029","0.333","0.545","0.414","5.18890881538391"
"897","29","300","20","community","species","species_3","PLN","BIC","0.15","0.5008165","0.396204767919858","0","0.059","1","0.111","2.3415846824646"
"898","29","300","20","community","species","species_3","ZIPLN","BIC","0.27","0.069816","0.42867638895666","0","0.118","1","0.211","3.40782690048218"
"899","30","300","20","community","species","species_3","PLN","BIC","0.14","0.450053","0.45840161606925","0","0",NA,"0","2.85500645637512"
"900","30","300","20","community","species","species_3","ZIPLN","BIC","0.29","0.2506365","0.547648418949312","0","0",NA,"0","3.12691521644592"
"901","1","300","20","preferential_attachment","species","species_1","PLN","BIC","0.07","0.7182585","0.680635957370226","0.058","0.632","0.545","0.585","2.88931584358215"
"902","1","300","20","preferential_attachment","species","species_1","ZIPLN","BIC","0.07","0.7013815","0.675511502396629","0.058","0.579","0.524","0.55","5.8105742931366"
"903","2","300","20","preferential_attachment","species","species_1","PLN","BIC","0.09","0.7669455","0.676377214752344","0.064","0.789","0.577","0.667","3.25703001022339"
"904","2","300","20","preferential_attachment","species","species_1","ZIPLN","BIC","0.09","0.7469255","0.672081925861224","0.041","0.632","0.632","0.632","6.55794811248779"
"905","3","300","20","preferential_attachment","species","species_1","PLN","BIC","0.09","0.7027135","0.720469018465234","0.006","0.368","0.875","0.519","2.83163619041443"
"906","3","300","20","preferential_attachment","species","species_1","ZIPLN","BIC","0.08","0.666425","0.713079761602819","0.064","0.737","0.56","0.636","7.48105907440186"
"907","4","300","20","preferential_attachment","species","species_1","PLN","BIC","0.09","0.7424255","0.67257271603961","0.128","0.889","0.421","0.571","3.20494294166565"
"908","4","300","20","preferential_attachment","species","species_1","ZIPLN","BIC","0.08","0.7174945","0.67658886204457","0.105","0.889","0.471","0.615","6.53096342086792"
"909","5","300","20","preferential_attachment","species","species_1","PLN","BIC","0.09","0.790701","0.676482000274171","0.035","0.789","0.714","0.75","1.84721994400024"
"910","5","300","20","preferential_attachment","species","species_1","ZIPLN","BIC","0.08","0.7719405","0.669889819032694","0.035","0.789","0.714","0.75","4.06607270240784"
"911","6","300","20","preferential_attachment","species","species_1","PLN","BIC","0.09","0.702847","0.653312550790017","0.052","0.778","0.609","0.683","3.27062582969666"
"912","6","300","20","preferential_attachment","species","species_1","ZIPLN","BIC","0.09","0.686894","0.648637341399299","0.052","0.778","0.609","0.683","7.1283700466156"
"913","7","300","20","preferential_attachment","species","species_1","PLN","BIC","0.08","0.71804","0.682869747374916","0.111","0.789","0.441","0.566","2.81360960006714"
"914","7","300","20","preferential_attachment","species","species_1","ZIPLN","BIC","0.09","0.7122115","0.678265986448481","0.058","0.789","0.6","0.682","7.32372450828552"
"915","8","300","20","preferential_attachment","species","species_1","PLN","BIC","0.09","0.755926","0.687659695300859","0.058","0.722","0.565","0.634","2.58356523513794"
"916","8","300","20","preferential_attachment","species","species_1","ZIPLN","BIC","0.08","0.7551085","0.679297490738935","0.076","0.833","0.536","0.652","6.46047282218933"
"917","9","300","20","preferential_attachment","species","species_1","PLN","BIC","0.08","0.624751","0.699374248223274","0.076","0.789","0.536","0.638","3.03985023498535"
"918","9","300","20","preferential_attachment","species","species_1","ZIPLN","BIC","0.11","0.618659","0.711809464570973","0.076","0.684","0.5","0.578","4.70527768135071"
"919","10","300","20","preferential_attachment","species","species_1","PLN","BIC","0.09","0.7142925","0.669975732395244","0.158","0.895","0.386","0.54","2.59396004676819"
"920","10","300","20","preferential_attachment","species","species_1","ZIPLN","BIC","0.08","0.6780595","0.671809031646137","0.129","0.895","0.436","0.586","7.42822933197021"
"921","11","300","20","preferential_attachment","species","species_1","PLN","BIC","0.08","0.7360795","0.64683258354997","0.228","1","0.328","0.494","1.86895942687988"
"922","11","300","20","preferential_attachment","species","species_1","ZIPLN","BIC","0.07","0.6833535","0.657275555236087","0.222","1","0.333","0.5","3.37395620346069"
"923","12","300","20","preferential_attachment","species","species_1","PLN","BIC","0.12","0.6443265","0.660715439383854","0.064","0.778","0.56","0.651","3.04796242713928"
"924","12","300","20","preferential_attachment","species","species_1","ZIPLN","BIC","0.11","0.6328875","0.658877582207881","0.116","0.778","0.412","0.538","8.27896523475647"
"925","13","300","20","preferential_attachment","species","species_1","PLN","BIC","0.08","0.622902","0.700712492621916","0.047","0.421","0.5","0.457","2.55751657485962"
"926","13","300","20","preferential_attachment","species","species_1","ZIPLN","BIC","0.08","0.618212","0.699298508940785","0.041","0.421","0.533","0.471","5.19546341896057"
"927","14","300","20","preferential_attachment","species","species_1","PLN","BIC","0.11","0.6809585","0.658145294914294","0.088","0.895","0.531","0.667","3.0961217880249"
"928","14","300","20","preferential_attachment","species","species_1","ZIPLN","BIC","0.1","0.642159","0.667276696393863","0.076","0.895","0.567","0.694","7.03120946884155"
"929","15","300","20","preferential_attachment","species","species_1","PLN","BIC","0.09","0.7516985","0.677582770343456","0.07","0.789","0.556","0.652","3.02460956573486"
"930","15","300","20","preferential_attachment","species","species_1","ZIPLN","BIC","0.1","0.6919085","0.687327037731271","0.012","0.474","0.818","0.6","5.82348728179932"
"931","16","300","20","preferential_attachment","species","species_1","PLN","BIC","0.08","0.7476","0.6666010246252","0.088","0.684","0.464","0.553","2.89923548698425"
"932","16","300","20","preferential_attachment","species","species_1","ZIPLN","BIC","0.1","0.6579115","0.683359949374972","0.076","0.632","0.48","0.545","6.7128484249115"
"933","17","300","20","preferential_attachment","species","species_1","PLN","BIC","0.09","0.643022","0.685764914744599","0.088","0.737","0.483","0.583","1.74333143234253"
"934","17","300","20","preferential_attachment","species","species_1","ZIPLN","BIC","0.09","0.625214","0.682858080829406","0.064","0.632","0.522","0.571","2.98624348640442"
"935","18","300","20","preferential_attachment","species","species_1","PLN","BIC","0.08","0.4611915","0.686788149043542","0.129","0.789","0.405","0.536","2.85837554931641"
"936","18","300","20","preferential_attachment","species","species_1","ZIPLN","BIC","0.07","0.4526205","0.697874407905298","0.07","0.789","0.556","0.652","3.94011163711548"
"937","19","300","20","preferential_attachment","species","species_1","PLN","BIC","0.07","0.7728975","0.667138826577188","0.135","0.947","0.439","0.6","2.58293294906616"
"938","19","300","20","preferential_attachment","species","species_1","ZIPLN","BIC","0.08","0.769956","0.662879584524846","0.082","0.842","0.533","0.653","2.64556479454041"
"939","20","300","20","preferential_attachment","species","species_1","PLN","BIC","0.08","0.6412305","0.675603050050109","0.018","0.632","0.8","0.706","1.60479998588562"
"940","20","300","20","preferential_attachment","species","species_1","ZIPLN","BIC","0.1","0.659404","0.696191014340338","0.035","0.632","0.667","0.649","2.81289052963257"
"941","21","300","20","preferential_attachment","species","species_1","PLN","BIC","0.1","0.7014415","0.642262312815585","0.187","0.895","0.347","0.5","3.38053798675537"
"942","21","300","20","preferential_attachment","species","species_1","ZIPLN","BIC","0.1","0.6363755","0.642107727498514","0.123","0.895","0.447","0.596","7.3943874835968"
"943","22","300","20","preferential_attachment","species","species_1","PLN","BIC","0.09","0.5278185","0.734730967185514","0.058","0.579","0.524","0.55","3.19985413551331"
"944","22","300","20","preferential_attachment","species","species_1","ZIPLN","BIC","0.09","0.5262465","0.732355622442375","0.035","0.526","0.625","0.571","6.97201657295227"
"945","23","300","20","preferential_attachment","species","species_1","PLN","BIC","0.1","0.734583","0.637406639617396","0.035","0.556","0.625","0.588","1.78873491287231"
"946","23","300","20","preferential_attachment","species","species_1","ZIPLN","BIC","0.12","0.6179495","0.667884348144361","0.064","0.667","0.522","0.585","3.89086103439331"
"947","24","300","20","preferential_attachment","species","species_1","PLN","BIC","0.1","0.6739085","0.671913784754125","0.029","0.632","0.706","0.667","2.89497756958008"
"948","24","300","20","preferential_attachment","species","species_1","ZIPLN","BIC","0.09","0.642324","0.668909743344002","0.029","0.632","0.706","0.667","8.13693571090698"
"949","25","300","20","preferential_attachment","species","species_1","PLN","BIC","0.1","0.6681675","0.703888670715418","0.07","0.579","0.478","0.524","1.63559031486511"
"950","25","300","20","preferential_attachment","species","species_1","ZIPLN","BIC","0.09","0.575382","0.711472793801535","0.082","0.579","0.44","0.5","5.74246835708618"
"951","26","300","20","preferential_attachment","species","species_1","PLN","BIC","0.08","0.6619705","0.705405308428837","0.029","0.684","0.722","0.703","1.91886639595032"
"952","26","300","20","preferential_attachment","species","species_1","ZIPLN","BIC","0.08","0.6586165","0.700092797170813","0.029","0.632","0.706","0.667","2.72864389419556"
"953","27","300","20","preferential_attachment","species","species_1","PLN","BIC","0.1","0.6849735","0.693529635929618","0.035","0.632","0.667","0.649","2.7132785320282"
"954","27","300","20","preferential_attachment","species","species_1","ZIPLN","BIC","0.09","0.6764585","0.691027876834498","0.076","0.737","0.519","0.609","2.68491291999817"
"955","28","300","20","preferential_attachment","species","species_1","PLN","BIC","0.07","0.700789","0.699315269981455","0.035","0.632","0.667","0.649","1.74246430397034"
"956","28","300","20","preferential_attachment","species","species_1","ZIPLN","BIC","0.07","0.662042","0.69422846261629","0.053","0.632","0.571","0.6","3.24343800544739"
"957","29","300","20","preferential_attachment","species","species_1","PLN","BIC","0.08","0.6950505","0.648620528992829","0.035","0.579","0.647","0.611","1.59193062782288"
"958","29","300","20","preferential_attachment","species","species_1","ZIPLN","BIC","0.08","0.716179","0.646586542234616","0.035","0.579","0.647","0.611","6.11800289154053"
"959","30","300","20","preferential_attachment","species","species_1","PLN","BIC","0.08","0.6505175","0.72704461762766","0.023","0.579","0.733","0.647","1.8995668888092"
"960","30","300","20","preferential_attachment","species","species_1","ZIPLN","BIC","0.09","0.638076","0.726812653307828","0.006","0.474","0.9","0.621","2.12675881385803"
"961","1","300","20","preferential_attachment","species","species_2","PLN","BIC","0.15","0.5954445","0.542237366765069","0.041","0.316","0.462","0.375","2.99246501922607"
"962","1","300","20","preferential_attachment","species","species_2","ZIPLN","BIC","0.22","0.3044045","0.669436399756762","0.029","0.263","0.5","0.345","13.3386235237122"
"963","2","300","20","preferential_attachment","species","species_2","PLN","BIC","0.15","0.633632","0.608826444120923","0","0",NA,"0","3.38949728012085"
"964","2","300","20","preferential_attachment","species","species_2","ZIPLN","BIC","0.23","0.3691625","0.726489003336891","0","0",NA,"0","6.27535080909729"
"965","3","300","20","preferential_attachment","species","species_2","PLN","BIC","0.12","0.6372515","0.683075992565284","0","0",NA,"0","3.11427617073059"
"966","3","300","20","preferential_attachment","species","species_2","ZIPLN","BIC","0.28","0.5594825","0.745105624900092","0","0.158","1","0.273","14.1546726226807"
"967","4","300","20","preferential_attachment","species","species_2","PLN","BIC","0.13","0.748548","0.597375365073268","0.023","0.368","0.636","0.467","3.13964581489563"
"968","4","300","20","preferential_attachment","species","species_2","ZIPLN","BIC","0.21","0.416369","0.709331419373752","0.041","0.421","0.533","0.471","8.15821433067322"
"969","5","300","20","preferential_attachment","species","species_2","PLN","BIC","0.13","0.6312235","0.636555521028478","0","0",NA,"0","2.29501342773438"
"970","5","300","20","preferential_attachment","species","species_2","ZIPLN","BIC","0.28","0.3276225","0.740962286392164","0.006","0.105","0.667","0.182","8.55014562606812"
"971","6","300","20","preferential_attachment","species","species_2","PLN","BIC","0.12","0.63872","0.618550807215675","0","0.158","1","0.273","2.90108823776245"
"972","6","300","20","preferential_attachment","species","species_2","ZIPLN","BIC","0.14","0.522316","0.698649853064195","0.029","0.263","0.5","0.345","8.26697468757629"
"973","7","300","20","preferential_attachment","species","species_2","PLN","BIC","0.14","0.6087255","0.603211309826331","0.012","0.278","0.714","0.4","3.02368640899658"
"974","7","300","20","preferential_attachment","species","species_2","ZIPLN","BIC","0.14","0.434106","0.660784448336719","0.006","0.222","0.8","0.348","9.8146858215332"
"975","8","300","20","preferential_attachment","species","species_2","PLN","BIC","0.14","0.496034","0.659258377235405","0","0.316","1","0.48","2.29066014289856"
"976","8","300","20","preferential_attachment","species","species_2","ZIPLN","BIC","0.33","0.305489","0.737082993441629","0","0.105","1","0.19","8.03735828399658"
"977","9","300","20","preferential_attachment","species","species_2","PLN","BIC","0.14","0.5296455","0.651996836544401","0","0.211","1","0.348","2.78250432014465"
"978","9","300","20","preferential_attachment","species","species_2","ZIPLN","BIC","0.1","0.3448675","0.697117046422667","0.07","0.579","0.478","0.524","7.25976276397705"
"979","10","300","20","preferential_attachment","species","species_2","PLN","BIC","0.12","0.670109","0.63670098500031","0","0",NA,"0","2.46585297584534"
"980","10","300","20","preferential_attachment","species","species_2","ZIPLN","BIC","0.12","0.590708","0.689786424642786","0.006","0.158","0.75","0.261","13.7155261039734"
"981","11","300","20","preferential_attachment","species","species_2","PLN","BIC","0.15","0.7148665","0.630471487454334","0","0",NA,"0","3.57803773880005"
"982","11","300","20","preferential_attachment","species","species_2","ZIPLN","BIC","0.35","0.538384","0.738469651056418","0","0.263","1","0.417","12.4923512935638"
"983","12","300","20","preferential_attachment","species","species_2","PLN","BIC","0.15","0.7280395","0.606716302805132","0","0",NA,"0","3.24141001701355"
"984","12","300","20","preferential_attachment","species","species_2","ZIPLN","BIC","0.16","0.510822","0.713289288165807","0.047","0.263","0.385","0.312","5.18654727935791"
"985","13","300","20","preferential_attachment","species","species_2","PLN","BIC","0.13","0.684475","0.60826728257472","0","0",NA,"0","3.50454330444336"
"986","13","300","20","preferential_attachment","species","species_2","ZIPLN","BIC","0.14","0.504882","0.68219096194991","0.018","0.263","0.625","0.37","8.36503195762634"
"987","14","300","20","preferential_attachment","species","species_2","PLN","BIC","0.12","0.665065","0.590740483492538","0","0.158","1","0.273","2.58569979667664"
"988","14","300","20","preferential_attachment","species","species_2","ZIPLN","BIC","0.17","0.4672875","0.696086704272639","0","0.105","1","0.19","9.81335687637329"
"989","15","300","20","preferential_attachment","species","species_2","PLN","BIC","0.13","0.643706","0.532089115609935","0.006","0.263","0.833","0.4","3.20514607429504"
"990","15","300","20","preferential_attachment","species","species_2","ZIPLN","BIC","0.14","0.4702815","0.647072488680227","0.053","0.316","0.4","0.353","9.54929518699646"
"991","16","300","20","preferential_attachment","species","species_2","PLN","BIC","0.13","0.679205","0.617398001973895","0","0",NA,"0","2.94958591461182"
"992","16","300","20","preferential_attachment","species","species_2","ZIPLN","BIC","0.19","0.477611","0.706685911939955","0","0.158","1","0.273","10.1849939823151"
"993","17","300","20","preferential_attachment","species","species_2","PLN","BIC","0.16","0.6995015","0.595698959287965","0.018","0.421","0.727","0.533","2.81431865692139"
"994","17","300","20","preferential_attachment","species","species_2","ZIPLN","BIC","0.18","0.2747465","0.706732005353697","0.018","0.316","0.667","0.429","5.16638851165771"
"995","18","300","20","preferential_attachment","species","species_2","PLN","BIC","0.14","0.6637725","0.629856180103728","0","0",NA,"0","2.73867392539978"
"996","18","300","20","preferential_attachment","species","species_2","ZIPLN","BIC","0.16","0.519543","0.69830522446783","0.018","0.158","0.5","0.24","10.1262667179108"
"997","19","300","20","preferential_attachment","species","species_2","PLN","BIC","0.13","0.6480355","0.59275538408132","0","0.158","1","0.273","2.85420107841492"
"998","19","300","20","preferential_attachment","species","species_2","ZIPLN","BIC","0.24","0.419093","0.717887352560285","0.053","0.368","0.438","0.4","5.89134049415588"
"999","20","300","20","preferential_attachment","species","species_2","PLN","BIC","0.12","0.699329","0.597869489168753","0","0",NA,"0","3.12311387062073"
"1000","20","300","20","preferential_attachment","species","species_2","ZIPLN","BIC","0.18","0.523324","0.702568419034388","0.029","0.389","0.583","0.467","8.35928416252136"
"1001","21","300","20","preferential_attachment","species","species_2","PLN","BIC","0.14","0.6892875","0.606968523713853","0","0",NA,"0","2.91615343093872"
"1002","21","300","20","preferential_attachment","species","species_2","ZIPLN","BIC","0.18","0.452087","0.692992738859856","0.018","0.263","0.625","0.37","7.15455889701843"
"1003","22","300","20","preferential_attachment","species","species_2","PLN","BIC","0.12","0.6422685","0.591401305851156","0","0",NA,"0","2.63057327270508"
"1004","22","300","20","preferential_attachment","species","species_2","ZIPLN","BIC","0.19","0.5359545","0.692500985015085","0","0",NA,"0","12.0722126960754"
"1005","23","300","20","preferential_attachment","species","species_2","PLN","BIC","0.13","0.708774","0.597642149227736","0.029","0.579","0.688","0.629","3.11616230010986"
"1006","23","300","20","preferential_attachment","species","species_2","ZIPLN","BIC","0.14","0.439341","0.665511447915487","0.088","0.684","0.464","0.553","6.81262922286987"
"1007","24","300","20","preferential_attachment","species","species_2","PLN","BIC","0.15","0.834638","0.576850599446237","0","0.105","1","0.19","3.03983426094055"
"1008","24","300","20","preferential_attachment","species","species_2","ZIPLN","BIC","0.16","0.6445825","0.66666686569235","0.035","0.632","0.667","0.649","12.2711169719696"
"1009","25","300","20","preferential_attachment","species","species_2","PLN","BIC","0.12","0.7847275","0.561277930032761","0.064","0.667","0.522","0.585","3.17647790908813"
"1010","25","300","20","preferential_attachment","species","species_2","ZIPLN","BIC","0.15","0.470767","0.664724251047834","0.012","0.389","0.778","0.519","3.95357656478882"
"1011","26","300","20","preferential_attachment","species","species_2","PLN","BIC","0.16","0.626092","0.614428904469156","0.006","0.158","0.75","0.261","2.7306501865387"
"1012","26","300","20","preferential_attachment","species","species_2","ZIPLN","BIC","0.21","0.249143","0.709946634560268","0.029","0.211","0.444","0.286","6.68399262428284"
"1013","27","300","20","preferential_attachment","species","species_2","PLN","BIC","0.15","0.7763085","0.603834952055355","0","0",NA,"0","2.75427722930908"
"1014","27","300","20","preferential_attachment","species","species_2","ZIPLN","BIC","0.16","0.5605725","0.671571087844326","0.018","0.316","0.667","0.429","7.38277506828308"
"1015","28","300","20","preferential_attachment","species","species_2","PLN","BIC","0.11","0.656659","0.608882293658932","0.135","0.789","0.395","0.526","1.75544691085815"
"1016","28","300","20","preferential_attachment","species","species_2","ZIPLN","BIC","0.14","0.6003115","0.661452381283172","0.088","0.737","0.483","0.583","7.29191017150879"
"1017","29","300","20","preferential_attachment","species","species_2","PLN","BIC","0.15","0.6492835","0.572078842467056","0","0",NA,"0","4.01115012168884"
"1018","29","300","20","preferential_attachment","species","species_2","ZIPLN","BIC","0.22","0.454614","0.669550235827343","0","0.105","1","0.19","4.93411707878113"
"1019","30","300","20","preferential_attachment","species","species_2","PLN","BIC","0.13","0.729646","0.643346679718138","0.006","0.333","0.857","0.48","2.81727862358093"
"1020","30","300","20","preferential_attachment","species","species_2","ZIPLN","BIC","0.23","0.515651","0.721479285103952","0.035","0.556","0.625","0.588","3.79443573951721"
"1021","1","300","20","preferential_attachment","species","species_3","PLN","BIC","0.18","0.5941915","0.496111280851087","0","0",NA,"0","2.0090708732605"
"1022","1","300","20","preferential_attachment","species","species_3","ZIPLN","BIC","0.86","0.121539","0.591583362569329","0.012","0.105","0.5","0.174","7.27025151252747"
"1023","2","300","20","preferential_attachment","species","species_3","PLN","BIC","0.17","0.6334135","0.553372072219913","0.006","0.263","0.833","0.4","3.55731892585754"
"1024","2","300","20","preferential_attachment","species","species_3","ZIPLN","BIC","0.84","0.21796","0.591713893115969","0.012","0.316","0.75","0.444","13.9732418060303"
"1025","3","300","20","preferential_attachment","species","species_3","PLN","BIC","0.18","0.6269875","0.565977885256209","0","0",NA,"0","2.72973704338074"
"1026","3","300","20","preferential_attachment","species","species_3","ZIPLN","BIC","0.9","0.186091","0.660498062739956","0","0",NA,"0","12.6467573642731"
"1027","4","300","20","preferential_attachment","species","species_3","PLN","BIC","0.15","0.6826685","0.596007719263847","0","0.053","1","0.1","3.30572581291199"
"1028","4","300","20","preferential_attachment","species","species_3","ZIPLN","BIC","0.13","0.433856","0.639709748485199","0.018","0.316","0.667","0.429","7.82538247108459"
"1029","5","300","20","preferential_attachment","species","species_3","PLN","BIC","0.18","0.66259","0.45955053486432","0","0.105","1","0.19","3.11805415153503"
"1030","5","300","20","preferential_attachment","species","species_3","ZIPLN","BIC","0.27","0.1761535","0.575130746447337","0.012","0.263","0.714","0.385","5.76548767089844"
"1031","6","300","20","preferential_attachment","species","species_3","PLN","BIC","0.15","0.523294","0.541356385909978","0","0",NA,"0","3.01130175590515"
"1032","6","300","20","preferential_attachment","species","species_3","ZIPLN","BIC","0.29","0.1875645","0.618581471566654","0","0.167","1","0.286","12.2968385219574"
"1033","7","300","20","preferential_attachment","species","species_3","PLN","BIC","0.16","0.4254875","0.4932738012664","0","0",NA,"0","1.88738584518433"
"1034","7","300","20","preferential_attachment","species","species_3","ZIPLN","BIC","0.67","0.1253525","0.610689996940623","0.006","0.158","0.75","0.261","6.66999268531799"
"1035","8","300","20","preferential_attachment","species","species_3","PLN","BIC","0.17","0.5487605","0.515913555756238","0","0.053","1","0.1","3.71028828620911"
"1036","8","300","20","preferential_attachment","species","species_3","ZIPLN","BIC","0.53","0.08011","0.558872148060839","0.018","0.105","0.4","0.167","6.39293622970581"
"1037","9","300","20","preferential_attachment","species","species_3","PLN","BIC","0.14","0.719799","0.616960320143953","0","0",NA,"0","2.60056304931641"
"1038","9","300","20","preferential_attachment","species","species_3","ZIPLN","BIC","0.2","0.385933","0.662778171147249","0.006","0.316","0.857","0.462","10.4029037952423"
"1039","10","300","20","preferential_attachment","species","species_3","PLN","BIC","0.15","0.6129475","0.587891301967428","0","0",NA,"0","3.2036440372467"
"1040","10","300","20","preferential_attachment","species","species_3","ZIPLN","BIC","0.47","0.3145095","0.621330839229984","0.017","0.444","0.727","0.552","12.0530316829681"
"1041","11","300","20","preferential_attachment","species","species_3","PLN","BIC","0.17","0.5750525","0.459299660213302","0","0.211","1","0.348","3.82565522193909"
"1042","11","300","20","preferential_attachment","species","species_3","ZIPLN","BIC","0.21","0.155274","0.554715072623521","0.053","0.263","0.357","0.303","8.09512329101562"
"1043","12","300","20","preferential_attachment","species","species_3","PLN","BIC","0.18","0.5030135","0.501277458204774","0","0",NA,"0","3.37813234329224"
"1044","12","300","20","preferential_attachment","species","species_3","ZIPLN","BIC","0.71","0.1429175","0.578711201775155","0","0.167","1","0.286","7.3373818397522"
"1045","13","300","20","preferential_attachment","species","species_3","PLN","BIC","0.18","0.658974","0.472599357255295","0","0",NA,"0","1.94821381568909"
"1046","13","300","20","preferential_attachment","species","species_3","ZIPLN","BIC","0.27","0.1200145","0.583517961926853","0.023","0.211","0.5","0.296","7.11219024658203"
"1047","14","300","20","preferential_attachment","species","species_3","PLN","BIC","0.17","0.5556445","0.444181268810664","0","0",NA,"0","4.04317402839661"
"1048","14","300","20","preferential_attachment","species","species_3","ZIPLN","BIC","0.23","0.280717","0.558223966341845","0","0.056","1","0.105","5.15776014328003"
"1049","15","300","20","preferential_attachment","species","species_3","PLN","BIC","0.17","0.595511","0.459752191248107","0","0",NA,"0","3.17894005775452"
"1050","15","300","20","preferential_attachment","species","species_3","ZIPLN","BIC","0.29","0.308413","0.576196177167468","0","0",NA,"0","5.36736798286438"
"1051","16","300","20","preferential_attachment","species","species_3","PLN","BIC","0.15","0.500826","0.519411981330417","0.006","0.158","0.75","0.261","3.03205704689026"
"1052","16","300","20","preferential_attachment","species","species_3","ZIPLN","BIC","0.42","0.0926965","0.564864993537033","0","0.158","1","0.273","4.59852933883667"
"1053","17","300","20","preferential_attachment","species","species_3","PLN","BIC","0.16","0.566931","0.492019280547791","0.006","0.053","0.5","0.095","3.38410139083862"
"1054","17","300","20","preferential_attachment","species","species_3","ZIPLN","BIC","0.58","0.0873475","0.573958889989775","0","0.053","1","0.1","10.1707403659821"
"1055","18","300","20","preferential_attachment","species","species_3","PLN","BIC","0.17","0.593464","0.543541724134295","0","0",NA,"0","3.57438635826111"
"1056","18","300","20","preferential_attachment","species","species_3","ZIPLN","BIC","0.76","0.267722","0.620310271276966","0.047","0.263","0.385","0.312","6.67622351646423"
"1057","19","300","20","preferential_attachment","species","species_3","PLN","BIC","0.12","0.523709","0.572415216718919","0","0.053","1","0.1","1.93680882453918"
"1058","19","300","20","preferential_attachment","species","species_3","ZIPLN","BIC","0.18","0.2318495","0.636643757112793","0.012","0.211","0.667","0.32","7.94832825660706"
"1059","20","300","20","preferential_attachment","species","species_3","PLN","BIC","0.13","0.608727","0.591683779497823","0","0",NA,"0","3.24180746078491"
"1060","20","300","20","preferential_attachment","species","species_3","ZIPLN","BIC","0.45","0.2736935","0.668581076923582","0","0",NA,"0","6.49386215209961"
"1061","21","300","20","preferential_attachment","species","species_3","PLN","BIC","0.17","0.5724875","0.454431554512979","0","0",NA,"0","2.99062132835388"
"1062","21","300","20","preferential_attachment","species","species_3","ZIPLN","BIC","0.39","0.1043785","0.560801139720746","0","0",NA,"0","5.52633380889893"
"1063","22","300","20","preferential_attachment","species","species_3","PLN","BIC","0.15","0.6302585","0.563252096496638","0","0",NA,"0","2.5420138835907"
"1064","22","300","20","preferential_attachment","species","species_3","ZIPLN","BIC","0.31","0.214244","0.619093094983945","0.029","0.316","0.545","0.4","6.79238343238831"
"1065","23","300","20","preferential_attachment","species","species_3","PLN","BIC","0.16","0.7174815","0.511514904209828","0","0",NA,"0","2.98802709579468"
"1066","23","300","20","preferential_attachment","species","species_3","ZIPLN","BIC","0.39","0.258024","0.630912185694419","0","0",NA,"0","9.98110604286194"
"1067","24","300","20","preferential_attachment","species","species_3","PLN","BIC","0.15","0.541817","0.555429230212085","0.029","0.211","0.444","0.286","2.10897850990295"
"1068","24","300","20","preferential_attachment","species","species_3","ZIPLN","BIC","0.19","0.1252965","0.640231259319635","0.029","0.263","0.5","0.345","3.37566900253296"
"1069","25","300","20","preferential_attachment","species","species_3","PLN","BIC","0.16","0.590973","0.516645972712508","0","0",NA,"0","3.14373922348022"
"1070","25","300","20","preferential_attachment","species","species_3","ZIPLN","BIC","0.67","0.1781865","0.613080908681251","0","0",NA,"0","14.6188297271729"
"1071","26","300","20","preferential_attachment","species","species_3","PLN","BIC","0.17","0.645795","0.538790423878521","0","0.053","1","0.1","3.90301990509033"
"1072","26","300","20","preferential_attachment","species","species_3","ZIPLN","BIC","0.26","0.277498","0.624843358036311","0","0.211","1","0.348","8.07579493522644"
"1073","27","300","20","preferential_attachment","species","species_3","PLN","BIC","0.16","0.624228","0.515515743164392","0.006","0.053","0.5","0.095","3.51025342941284"
"1074","27","300","20","preferential_attachment","species","species_3","ZIPLN","BIC","0.19","0.189988","0.544153701734562","0.018","0.263","0.625","0.37","4.53584051132202"
"1075","28","300","20","preferential_attachment","species","species_3","PLN","BIC","0.17","0.5324805","0.445663033282391","0","0",NA,"0","3.23462080955505"
"1076","28","300","20","preferential_attachment","species","species_3","ZIPLN","BIC","0.37","0.209639","0.589677652591838","0","0",NA,"0","5.09154152870178"
"1077","29","300","20","preferential_attachment","species","species_3","PLN","BIC","0.17","0.5300095","0.46379449343438","0","0",NA,"0","3.20669102668762"
"1078","29","300","20","preferential_attachment","species","species_3","ZIPLN","BIC","0.17","0.308058","0.562729853796871","0","0",NA,"0","4.46316528320312"
"1079","30","300","20","preferential_attachment","species","species_3","PLN","BIC","0.17","0.5351555","0.550311834323035","0","0",NA,"0","1.94600939750671"
"1080","30","300","20","preferential_attachment","species","species_3","ZIPLN","BIC","0.7","0.1605705","0.616492369602954","0","0",NA,"0","8.0648205280304"
