"","simu","n","p","omega_structure","zi_type","zi_config","method","criterion","omega_rmse","AUC","rmse_fit","fallout","recall","precision","f1_score","time"
"1","1","300","20","erdos_renyi","species","species_1","PLN","StARS","0.27","0.0786765","0.6510168171582","0.136","0.206","0.636","0.311","18.4515888690948"
"2","1","300","20","erdos_renyi","species","species_1","PLN","BIC","0.26","0.0786765","0.631110251067426","0.295","0.441","0.634","0.52","18.4515888690948"
"3","1","300","20","erdos_renyi","species","species_1","ZIPLN","StARS","0.25","0.057402","0.645348422233262","0.17","0.265","0.643","0.375","2.01583046118418"
"4","1","300","20","erdos_renyi","species","species_1","ZIPLN","BIC","0.24","0.057402","0.638557213934502","0.273","0.441","0.652","0.526","2.01583046118418"
"5","2","300","20","erdos_renyi","species","species_1","PLN","StARS","0.27","0.065325","0.656211140832153","0.222","0.229","0.581","0.329","18.0059032440186"
"6","2","300","20","erdos_renyi","species","species_1","PLN","BIC","0.26","0.065325","0.64132602279476","0.272","0.367","0.645","0.468","18.0059032440186"
"7","2","300","20","erdos_renyi","species","species_1","ZIPLN","StARS","0.26","0.0588775","0.651788793486115","0.173","0.202","0.611","0.303","1.3990080277125"
"8","2","300","20","erdos_renyi","species","species_1","ZIPLN","BIC","0.25","0.0588775","0.654886670900205","0.309","0.404","0.638","0.494","1.3990080277125"
"9","3","300","20","erdos_renyi","species","species_1","PLN","StARS","0.25","0.077841","0.68400731118237","0.231","0.267","0.489","0.346","22.1756563186646"
"10","3","300","20","erdos_renyi","species","species_1","PLN","BIC","0.24","0.077841","0.692666228855281","0.308","0.372","0.5","0.427","22.1756563186646"
"11","3","300","20","erdos_renyi","species","species_1","ZIPLN","StARS","0.24","0.0584815","0.700414757146695","0.24","0.267","0.479","0.343","1.1855902949969"
"12","3","300","20","erdos_renyi","species","species_1","ZIPLN","BIC","0.23","0.0584815","0.710456144230202","0.279","0.36","0.517","0.425","1.1855902949969"
"13","4","300","20","erdos_renyi","species","species_1","PLN","StARS","0.27","0.08608","0.725997631191144","0.19","0.179","0.543","0.27","34.020308971405"
"14","4","300","20","erdos_renyi","species","species_1","PLN","BIC","0.26","0.08608","0.720192469297944","0.286","0.311","0.579","0.405","34.020308971405"
"15","4","300","20","erdos_renyi","species","species_1","ZIPLN","StARS","0.26","0.0839535","0.737103272565293","0.19","0.17","0.529","0.257","2.33679297367732"
"16","4","300","20","erdos_renyi","species","species_1","ZIPLN","BIC","0.25","0.0839535","0.734784895887699","0.226","0.245","0.578","0.344","2.33679297367732"
"17","5","300","20","erdos_renyi","species","species_1","PLN","StARS","0.25","0.0761","0.668601958236663","0.14","0.122","0.44","0.191","26.5020127296448"
"18","5","300","20","erdos_renyi","species","species_1","PLN","BIC","0.23","0.0761","0.633230565554943","0.37","0.578","0.584","0.581","26.5020127296448"
"19","5","300","20","erdos_renyi","species","species_1","ZIPLN","StARS","0.25","0.072435","0.645128057552523","0.15","0.144","0.464","0.22","2.02454802592595"
"20","5","300","20","erdos_renyi","species","species_1","ZIPLN","BIC","0.23","0.072435","0.635996786797431","0.34","0.511","0.575","0.541","2.02454802592595"
"21","6","300","20","erdos_renyi","species","species_1","PLN","StARS","0.26","0.0673585","0.619432283630448","0.198","0.293","0.617","0.397","28.3156864643097"
"22","6","300","20","erdos_renyi","species","species_1","PLN","BIC","0.25","0.0673585","0.616284222167496","0.319","0.444","0.603","0.512","28.3156864643097"
"23","6","300","20","erdos_renyi","species","species_1","ZIPLN","StARS","0.26","0.0623205","0.619335059849228","0.176","0.222","0.579","0.321","1.90807812213898"
"24","6","300","20","erdos_renyi","species","species_1","ZIPLN","BIC","0.24","0.0623205","0.628582239132457","0.319","0.465","0.613","0.529","1.90807812213898"
"25","7","300","20","erdos_renyi","species","species_1","PLN","StARS","0.24","0.096385","0.679288475276399","0.155","0.183","0.531","0.272","30.9741225242615"
"26","7","300","20","erdos_renyi","species","species_1","PLN","BIC","0.23","0.096385","0.673756261523822","0.268","0.355","0.559","0.434","30.9741225242615"
"27","7","300","20","erdos_renyi","species","species_1","ZIPLN","StARS","0.24","0.0759795","0.674883462255687","0.134","0.194","0.581","0.29","1.84512455066045"
"28","7","300","20","erdos_renyi","species","species_1","ZIPLN","BIC","0.22","0.0759795","0.678188352828731","0.34","0.462","0.566","0.509","1.84512455066045"
"29","8","300","20","erdos_renyi","species","species_1","PLN","StARS","0.26","0.13597","0.652180017322747","0.144","0.16","0.552","0.248","17.4352762699127"
"30","8","300","20","erdos_renyi","species","species_1","PLN","BIC","0.24","0.13597","0.614000484720629","0.444","0.53","0.57","0.549","17.4352762699127"
"31","8","300","20","erdos_renyi","species","species_1","ZIPLN","StARS","0.26","0.103405","0.638543480660327","0.144","0.14","0.519","0.22","1.05892892678579"
"32","8","300","20","erdos_renyi","species","species_1","ZIPLN","BIC","0.24","0.103405","0.616573912749053","0.422","0.5","0.568","0.532","1.05892892678579"
"33","9","300","20","erdos_renyi","species","species_1","PLN","StARS","0.24","0.0552805","0.661386340306435","0.165","0.28","0.619","0.385","17.0030329227448"
"34","9","300","20","erdos_renyi","species","species_1","PLN","BIC","0.24","0.0552805","0.659207952247427","0.196","0.333","0.62","0.434","17.0030329227448"
"35","9","300","20","erdos_renyi","species","species_1","ZIPLN","StARS","0.23","0.0613975","0.665222969578756","0.196","0.28","0.578","0.377","1.21101271708806"
"36","9","300","20","erdos_renyi","species","species_1","ZIPLN","BIC","0.23","0.0613975","0.669987989922784","0.247","0.387","0.6","0.471","1.21101271708806"
"37","10","300","20","erdos_renyi","species","species_1","PLN","StARS","0.25","0.066299","0.69520270638526","0.17","0.229","0.579","0.328","32.2507174015045"
"38","10","300","20","erdos_renyi","species","species_1","PLN","BIC","0.23","0.066299","0.692421724558884","0.277","0.438","0.618","0.512","32.2507174015045"
"39","10","300","20","erdos_renyi","species","species_1","ZIPLN","StARS","0.24","0.0523425","0.691819510229756","0.181","0.344","0.66","0.452","1.63908292452494"
"40","10","300","20","erdos_renyi","species","species_1","ZIPLN","BIC","0.23","0.0523425","0.698065823050797","0.191","0.406","0.684","0.51","1.63908292452494"
"41","11","300","20","erdos_renyi","species","species_1","PLN","StARS","0.26","0.1478435","0.630922130296143","0.084","0.126","0.6","0.209","20.1140184402466"
"42","11","300","20","erdos_renyi","species","species_1","PLN","BIC","0.23","0.1478435","0.594867466624403","0.389","0.611","0.611","0.611","20.1140184402466"
"43","11","300","20","erdos_renyi","species","species_1","ZIPLN","StARS","0.25","0.120249","0.636314004481322","0.063","0.126","0.667","0.212","1.75220557053884"
"44","11","300","20","erdos_renyi","species","species_1","ZIPLN","BIC","0.22","0.120249","0.607567608578955","0.358","0.611","0.63","0.62","1.75220557053884"
"45","12","300","20","erdos_renyi","species","species_1","PLN","StARS","0.23","0.090604","0.639127553510815","0.192","0.372","0.615","0.464","24.0574479103088"
"46","12","300","20","erdos_renyi","species","species_1","PLN","BIC","0.23","0.090604","0.639127553510815","0.192","0.372","0.615","0.464","24.0574479103088"
"47","12","300","20","erdos_renyi","species","species_1","ZIPLN","StARS","0.22","0.09135","0.630354453067339","0.192","0.407","0.636","0.496","1.47974212567012"
"48","12","300","20","erdos_renyi","species","species_1","ZIPLN","BIC","0.21","0.09135","0.647232040545473","0.298","0.605","0.627","0.615","1.47974212567012"
"49","13","300","20","erdos_renyi","species","species_1","PLN","StARS","0.25","0.115971","0.699699919827416","0.107","0.195","0.607","0.296","20.1521074771881"
"50","13","300","20","erdos_renyi","species","species_1","PLN","BIC","0.23","0.115971","0.675346378042101","0.35","0.575","0.581","0.578","20.1521074771881"
"51","13","300","20","erdos_renyi","species","species_1","ZIPLN","StARS","0.24","0.100084","0.685348667183252","0.126","0.241","0.618","0.347","1.21165177027384"
"52","13","300","20","erdos_renyi","species","species_1","ZIPLN","BIC","0.22","0.100084","0.679677218499155","0.282","0.494","0.597","0.541","1.21165177027384"
"53","14","300","20","erdos_renyi","species","species_1","PLN","StARS","0.27","0.097959","0.69602863234242","0.229","0.206","0.537","0.297","18.5417413711548"
"54","14","300","20","erdos_renyi","species","species_1","PLN","BIC","0.25","0.097959","0.6695648646574","0.458","0.477","0.573","0.52","18.5417413711548"
"55","14","300","20","erdos_renyi","species","species_1","ZIPLN","StARS","0.26","0.0797075","0.679145245751667","0.217","0.215","0.561","0.311","1.32445017894109"
"56","14","300","20","erdos_renyi","species","species_1","ZIPLN","BIC","0.25","0.0797075","0.673606699004909","0.325","0.29","0.534","0.376","1.32445017894109"
"57","15","300","20","erdos_renyi","species","species_1","PLN","StARS","0.26","0.086756","0.659001312881114","0.207","0.296","0.604","0.397","19.4497873783112"
"58","15","300","20","erdos_renyi","species","species_1","PLN","BIC","0.25","0.086756","0.655488780320685","0.359","0.429","0.56","0.486","19.4497873783112"
"59","15","300","20","erdos_renyi","species","species_1","ZIPLN","StARS","0.25","0.075933","0.659383657994407","0.163","0.276","0.643","0.386","1.17217613855998"
"60","15","300","20","erdos_renyi","species","species_1","ZIPLN","BIC","0.24","0.075933","0.664332947202473","0.326","0.429","0.583","0.494","1.17217613855998"
"61","1","300","20","erdos_renyi","species","species_2","PLN","StARS","0.29","0.0703925","0.582881623314525","0.129","0.113","0.478","0.183","28.7379982471466"
"62","1","300","20","erdos_renyi","species","species_2","PLN","BIC","0.29","0.0703925","0.583011452362692","0.043","0.021","0.333","0.039","28.7379982471466"
"63","1","300","20","erdos_renyi","species","species_2","ZIPLN","StARS","0.28","0.046494","0.589582227883618","0.14","0.144","0.519","0.226","3.99245306650798"
"64","1","300","20","erdos_renyi","species","species_2","ZIPLN","BIC","0.27","0.046494","0.587816049421548","0.151","0.165","0.533","0.252","3.99245306650798"
"65","2","300","20","erdos_renyi","species","species_2","PLN","StARS","0.27","0.070784","0.612751190519649","0.103","0.133","0.5","0.21","27.0737957954407"
"66","2","300","20","erdos_renyi","species","species_2","PLN","BIC","0.27","0.070784","0.594633534511199","0.196","0.265","0.512","0.349","27.0737957954407"
"67","2","300","20","erdos_renyi","species","species_2","ZIPLN","StARS","0.26","0.0466725","0.616948697667406","0.131","0.193","0.533","0.283","2.67818585236867"
"68","2","300","20","erdos_renyi","species","species_2","ZIPLN","BIC","0.26","0.0466725","0.613537012035128","0.14","0.229","0.559","0.325","2.67818585236867"
"69","3","300","20","erdos_renyi","species","species_2","PLN","StARS","0.28","0.0714775","0.607651458071693","0.146","0.117","0.44","0.185","17.3240129947662"
"70","3","300","20","erdos_renyi","species","species_2","PLN","BIC","0.28","0.0714775","0.599056044104274","0.167","0.149","0.467","0.226","17.3240129947662"
"71","3","300","20","erdos_renyi","species","species_2","ZIPLN","StARS","0.27","0.0679815","0.602574849114292","0.135","0.213","0.606","0.315","1.89897190332413"
"72","3","300","20","erdos_renyi","species","species_2","ZIPLN","BIC","0.26","0.0679815","0.609946693751507","0.302","0.319","0.508","0.392","1.89897190332413"
"73","4","300","20","erdos_renyi","species","species_2","PLN","StARS","0.27","0.064126","0.59049388916697","0.093","0.086","0.471","0.145","16.3646173477173"
"74","4","300","20","erdos_renyi","species","species_2","PLN","BIC","0.28","0.064126","0.590563910715932","0","0",NA,"0","16.3646173477173"
"75","4","300","20","erdos_renyi","species","species_2","ZIPLN","StARS","0.25","0.013072","0.628619752950068","0.144","0.14","0.481","0.217","2.36126794020335"
"76","4","300","20","erdos_renyi","species","species_2","ZIPLN","BIC","0.25","0.013072","0.626071788416685","0.155","0.161","0.5","0.244","2.36126794020335"
"77","5","300","20","erdos_renyi","species","species_2","PLN","StARS","0.28","0.0967485","0.607060943932478","0.069","0.068","0.538","0.121","25.3865020275116"
"78","5","300","20","erdos_renyi","species","species_2","PLN","BIC","0.28","0.0967485","0.595547702812057","0.161","0.194","0.588","0.292","25.3865020275116"
"79","5","300","20","erdos_renyi","species","species_2","ZIPLN","StARS","0.27","0.0606495","0.615700962875664","0.103","0.146","0.625","0.236","2.93918337424596"
"80","5","300","20","erdos_renyi","species","species_2","ZIPLN","BIC","0.26","0.0606495","0.605316191433545","0.241","0.291","0.588","0.39","2.93918337424596"
"81","6","300","20","erdos_renyi","species","species_2","PLN","StARS","0.28","0.1165905","0.570179473243458","0.146","0.12","0.52","0.195","22.0134847164154"
"82","6","300","20","erdos_renyi","species","species_2","PLN","BIC","0.28","0.1165905","0.555219715263542","0.268","0.231","0.532","0.323","22.0134847164154"
"83","6","300","20","erdos_renyi","species","species_2","ZIPLN","StARS","0.27","0.074675","0.581011158060501","0.171","0.167","0.562","0.257","2.43579757213593"
"84","6","300","20","erdos_renyi","species","species_2","ZIPLN","BIC","0.26","0.074675","0.569257179276745","0.378","0.38","0.569","0.456","2.43579757213593"
"85","7","300","20","erdos_renyi","species","species_2","PLN","StARS","0.29","0.0946045","0.577211707540358","0.108","0.124","0.545","0.202","26.9038445949554"
"86","7","300","20","erdos_renyi","species","species_2","PLN","BIC","0.29","0.0946045","0.564116285324423","0.204","0.227","0.537","0.319","26.9038445949554"
"87","7","300","20","erdos_renyi","species","species_2","ZIPLN","StARS","0.27","0.073303","0.607144413023632","0.086","0.113","0.579","0.19","3.209532447656"
"88","7","300","20","erdos_renyi","species","species_2","ZIPLN","BIC","0.26","0.073303","0.577096366179134","0.323","0.423","0.577","0.488","3.209532447656"
"89","8","300","20","erdos_renyi","species","species_2","PLN","StARS","0.29","0.092195","0.555602907203505","0.129","0.112","0.435","0.179","28.0173714160919"
"90","8","300","20","erdos_renyi","species","species_2","PLN","BIC","0.28","0.092195","0.542174242970653","0.436","0.393","0.443","0.417","28.0173714160919"
"91","8","300","20","erdos_renyi","species","species_2","ZIPLN","StARS","0.27","0.0539275","0.591209089852818","0.099","0.135","0.545","0.216","3.16434976657232"
"92","8","300","20","erdos_renyi","species","species_2","ZIPLN","BIC","0.26","0.0539275","0.568770819168559","0.277","0.326","0.509","0.397","3.16434976657232"
"93","9","300","20","erdos_renyi","species","species_2","PLN","StARS","0.27","0.1654945","0.589688677333848","0.053","0.146","0.737","0.243","17.6544334888458"
"94","9","300","20","erdos_renyi","species","species_2","PLN","BIC","0.25","0.1654945","0.562786833764756","0.511","0.646","0.564","0.602","17.6544334888458"
"95","9","300","20","erdos_renyi","species","species_2","ZIPLN","StARS","0.26","0.1083","0.563574420710462","0.17","0.26","0.61","0.365","1.29689010779063"
"96","9","300","20","erdos_renyi","species","species_2","ZIPLN","BIC","0.24","0.1083","0.571377466361947","0.394","0.49","0.56","0.522","1.29689010779063"
"97","10","300","20","erdos_renyi","species","species_2","PLN","StARS","0.28","0.112647","0.602131707907005","0.118","0.072","0.389","0.122","18.7585067749023"
"98","10","300","20","erdos_renyi","species","species_2","PLN","BIC","0.28","0.112647","0.602973643460215","0","0",NA,"0","18.7585067749023"
"99","10","300","20","erdos_renyi","species","species_2","ZIPLN","StARS","0.27","0.0421235","0.629676278208723","0.065","0.093","0.6","0.161","2.11557732820511"
"100","10","300","20","erdos_renyi","species","species_2","ZIPLN","BIC","0.27","0.0421235","0.620803829180342","0.118","0.186","0.621","0.286","2.11557732820511"
"101","11","300","20","erdos_renyi","species","species_2","PLN","StARS","0.29","0.1063455","0.572573247273906","0.149","0.135","0.481","0.211","23.1131160259247"
"102","11","300","20","erdos_renyi","species","species_2","PLN","BIC","0.29","0.1063455","0.572790047087363","0","0",NA,"0","23.1131160259247"
"103","11","300","20","erdos_renyi","species","species_2","ZIPLN","StARS","0.27","0.026429","0.583666075294435","0.149","0.146","0.5","0.226","3.18488341569901"
"104","11","300","20","erdos_renyi","species","species_2","ZIPLN","BIC","0.27","0.026429","0.58229632304005","0.181","0.167","0.485","0.248","3.18488341569901"
"105","12","300","20","erdos_renyi","species","species_2","PLN","StARS","0.27","0.142095","0.647085863100154","0.089","0.08","0.5","0.138","30.9981837272644"
"106","12","300","20","erdos_renyi","species","species_2","PLN","BIC","0.27","0.142095","0.646895930045799","0.033","0","0","0","30.9981837272644"
"107","12","300","20","erdos_renyi","species","species_2","ZIPLN","StARS","0.26","0.11748","0.661416234503485","0.056","0.06","0.545","0.108","2.97213491598765"
"108","12","300","20","erdos_renyi","species","species_2","ZIPLN","BIC","0.25","0.11748","0.623898387416088","0.322","0.43","0.597","0.5","2.97213491598765"
"109","13","300","20","erdos_renyi","species","species_2","PLN","StARS","0.29","0.108179","0.569183286256029","0.115","0.151","0.52","0.234","18.9653789997101"
"110","13","300","20","erdos_renyi","species","species_2","PLN","BIC","0.28","0.108179","0.562599761905069","0.163","0.244","0.553","0.339","18.9653789997101"
"111","13","300","20","erdos_renyi","species","species_2","ZIPLN","StARS","0.27","0.0485325","0.585287009276336","0.125","0.163","0.519","0.248","2.18926491340001"
"112","13","300","20","erdos_renyi","species","species_2","ZIPLN","BIC","0.26","0.0485325","0.586274130432813","0.269","0.36","0.525","0.428","2.18926491340001"
"113","14","300","20","erdos_renyi","species","species_2","PLN","StARS","0.29","0.064253","0.565168645859985","0.197","0.118","0.5","0.19","14.1963586807251"
"114","14","300","20","erdos_renyi","species","species_2","PLN","BIC","0.29","0.064253","0.549676190305279","0.408","0.252","0.508","0.337","14.1963586807251"
"115","14","300","20","erdos_renyi","species","species_2","ZIPLN","StARS","0.28","0.059076","0.574700041897963","0.197","0.109","0.481","0.178","1.93944838841756"
"116","14","300","20","erdos_renyi","species","species_2","ZIPLN","BIC","0.28","0.059076","0.57051410473301","0.211","0.134","0.516","0.213","1.93944838841756"
"117","15","300","20","erdos_renyi","species","species_2","PLN","StARS","0.27","0.1025955","0.563598657114732","0.117","0.092","0.4","0.15","15.9615132808685"
"118","15","300","20","erdos_renyi","species","species_2","PLN","BIC","0.27","0.1025955","0.555224937569878","0.146","0.149","0.464","0.226","15.9615132808685"
"119","15","300","20","erdos_renyi","species","species_2","ZIPLN","StARS","0.26","0.045779","0.582748055671392","0.117","0.126","0.478","0.2","2.07618820667267"
"120","15","300","20","erdos_renyi","species","species_2","ZIPLN","BIC","0.25","0.045779","0.558724237051418","0.262","0.402","0.565","0.47","2.07618820667267"
"121","Error in lm.wfit(X[Y1, , drop = FALSE], log(Y[Y1]) - offsetx[Y1], weights[Y1]) : 
  0 (non-NA) cases
","Error in lm.wfit(X[Y1, , drop = FALSE], log(Y[Y1]) - offsetx[Y1], weights[Y1]) : 
  0 (non-NA) cases
","Error in lm.wfit(X[Y1, , drop = FALSE], log(Y[Y1]) - offsetx[Y1], weights[Y1]) : 
  0 (non-NA) cases
","Error in lm.wfit(X[Y1, , drop = FALSE], log(Y[Y1]) - offsetx[Y1], weights[Y1]) : 
  0 (non-NA) cases
","Error in lm.wfit(X[Y1, , drop = FALSE], log(Y[Y1]) - offsetx[Y1], weights[Y1]) : 
  0 (non-NA) cases
","Error in lm.wfit(X[Y1, , drop = FALSE], log(Y[Y1]) - offsetx[Y1], weights[Y1]) : 
  0 (non-NA) cases
","Error in lm.wfit(X[Y1, , drop = FALSE], log(Y[Y1]) - offsetx[Y1], weights[Y1]) : 
  0 (non-NA) cases
","Error in lm.wfit(X[Y1, , drop = FALSE], log(Y[Y1]) - offsetx[Y1], weights[Y1]) : 
  0 (non-NA) cases
","Error in lm.wfit(X[Y1, , drop = FALSE], log(Y[Y1]) - offsetx[Y1], weights[Y1]) : 
  0 (non-NA) cases
","Error in lm.wfit(X[Y1, , drop = FALSE], log(Y[Y1]) - offsetx[Y1], weights[Y1]) : 
  0 (non-NA) cases
","Error in lm.wfit(X[Y1, , drop = FALSE], log(Y[Y1]) - offsetx[Y1], weights[Y1]) : 
  0 (non-NA) cases
","Error in lm.wfit(X[Y1, , drop = FALSE], log(Y[Y1]) - offsetx[Y1], weights[Y1]) : 
  0 (non-NA) cases
","Error in lm.wfit(X[Y1, , drop = FALSE], log(Y[Y1]) - offsetx[Y1], weights[Y1]) : 
  0 (non-NA) cases
","Error in lm.wfit(X[Y1, , drop = FALSE], log(Y[Y1]) - offsetx[Y1], weights[Y1]) : 
  0 (non-NA) cases
","Error in lm.wfit(X[Y1, , drop = FALSE], log(Y[Y1]) - offsetx[Y1], weights[Y1]) : 
  0 (non-NA) cases
","Error in lm.wfit(X[Y1, , drop = FALSE], log(Y[Y1]) - offsetx[Y1], weights[Y1]) : 
  0 (non-NA) cases
"
"122","2","300","20","erdos_renyi","species","species_3","PLN","StARS","0.3","0.011759","0.447640800088431","0.182","0.165","0.455","0.242","14.1665048599243"
"123","2","300","20","erdos_renyi","species","species_3","PLN","BIC","0.3","0.011759","0.447594036347513","0","0",NA,"0","14.1665048599243"
"124","2","300","20","erdos_renyi","species","species_3","ZIPLN","StARS","0.27","0.0705265","0.541882715232933","0.192","0.198","0.486","0.281","3.56604912678401"
"125","2","300","20","erdos_renyi","species","species_3","ZIPLN","BIC","0.27","0.0705265","0.527643625062278","0.283","0.297","0.491","0.37","3.56604912678401"
"126","3","300","20","erdos_renyi","species","species_3","PLN","StARS","0.28","0.0019815","0.563349619772592","0.067","0.071","0.462","0.122","16.7028098106384"
"127","3","300","20","erdos_renyi","species","species_3","PLN","BIC","0.28","0.0019815","0.563223703091163","0.01","0.012","0.5","0.023","16.7028098106384"
"128","3","300","20","erdos_renyi","species","species_3","ZIPLN","StARS","0.27","0.023053","0.579187365784663","0.095","0.129","0.524","0.208","4.43013894160589"
"129","3","300","20","erdos_renyi","species","species_3","ZIPLN","BIC","0.26","0.023053","0.56613344058329","0.19","0.282","0.545","0.372","4.43013894160589"
"130","Error in lm.wfit(X[Y1, , drop = FALSE], log(Y[Y1]) - offsetx[Y1], weights[Y1]) : 
  0 (non-NA) cases
","Error in lm.wfit(X[Y1, , drop = FALSE], log(Y[Y1]) - offsetx[Y1], weights[Y1]) : 
  0 (non-NA) cases
","Error in lm.wfit(X[Y1, , drop = FALSE], log(Y[Y1]) - offsetx[Y1], weights[Y1]) : 
  0 (non-NA) cases
","Error in lm.wfit(X[Y1, , drop = FALSE], log(Y[Y1]) - offsetx[Y1], weights[Y1]) : 
  0 (non-NA) cases
","Error in lm.wfit(X[Y1, , drop = FALSE], log(Y[Y1]) - offsetx[Y1], weights[Y1]) : 
  0 (non-NA) cases
","Error in lm.wfit(X[Y1, , drop = FALSE], log(Y[Y1]) - offsetx[Y1], weights[Y1]) : 
  0 (non-NA) cases
","Error in lm.wfit(X[Y1, , drop = FALSE], log(Y[Y1]) - offsetx[Y1], weights[Y1]) : 
  0 (non-NA) cases
","Error in lm.wfit(X[Y1, , drop = FALSE], log(Y[Y1]) - offsetx[Y1], weights[Y1]) : 
  0 (non-NA) cases
","Error in lm.wfit(X[Y1, , drop = FALSE], log(Y[Y1]) - offsetx[Y1], weights[Y1]) : 
  0 (non-NA) cases
","Error in lm.wfit(X[Y1, , drop = FALSE], log(Y[Y1]) - offsetx[Y1], weights[Y1]) : 
  0 (non-NA) cases
","Error in lm.wfit(X[Y1, , drop = FALSE], log(Y[Y1]) - offsetx[Y1], weights[Y1]) : 
  0 (non-NA) cases
","Error in lm.wfit(X[Y1, , drop = FALSE], log(Y[Y1]) - offsetx[Y1], weights[Y1]) : 
  0 (non-NA) cases
","Error in lm.wfit(X[Y1, , drop = FALSE], log(Y[Y1]) - offsetx[Y1], weights[Y1]) : 
  0 (non-NA) cases
","Error in lm.wfit(X[Y1, , drop = FALSE], log(Y[Y1]) - offsetx[Y1], weights[Y1]) : 
  0 (non-NA) cases
","Error in lm.wfit(X[Y1, , drop = FALSE], log(Y[Y1]) - offsetx[Y1], weights[Y1]) : 
  0 (non-NA) cases
","Error in lm.wfit(X[Y1, , drop = FALSE], log(Y[Y1]) - offsetx[Y1], weights[Y1]) : 
  0 (non-NA) cases
"
"131","5","300","20","erdos_renyi","species","species_3","PLN","StARS","0.3","0.018378","0.498491120582911","0.207","0.155","0.471","0.234","18.3360712528229"
"132","5","300","20","erdos_renyi","species","species_3","PLN","BIC","0.3","0.018378","0.498569817008006","0","0",NA,"0","18.3360712528229"
"133","5","300","20","erdos_renyi","species","species_3","ZIPLN","StARS","0.29","0.0403595","0.538555936695558","0.218","0.204","0.525","0.294","4.31626375516256"
"134","5","300","20","erdos_renyi","species","species_3","ZIPLN","BIC","0.29","0.0403595","0.520219289062085","0.299","0.282","0.527","0.367","4.31626375516256"
"135","6","300","20","erdos_renyi","species","species_3","PLN","StARS","0.32","0.0078745","0.473825451135379","0.118","0.134","0.542","0.215","18.4624981880188"
"136","6","300","20","erdos_renyi","species","species_3","PLN","BIC","0.32","0.0078745","0.473973361192627","0","0",NA,"0","18.4624981880188"
"137","6","300","20","erdos_renyi","species","species_3","ZIPLN","StARS","0.26","0.202243","0.599124663975944","0","0",NA,"0","5.18964228630066"
"138","6","300","20","erdos_renyi","species","species_3","ZIPLN","BIC","0.3","0.202243","0.487595001518255","0.43","0.526","0.56","0.543","5.18964228630066"
"139","Error in lm.wfit(X[Y1, , drop = FALSE], log(Y[Y1]) - offsetx[Y1], weights[Y1]) : 
  0 (non-NA) cases
","Error in lm.wfit(X[Y1, , drop = FALSE], log(Y[Y1]) - offsetx[Y1], weights[Y1]) : 
  0 (non-NA) cases
","Error in lm.wfit(X[Y1, , drop = FALSE], log(Y[Y1]) - offsetx[Y1], weights[Y1]) : 
  0 (non-NA) cases
","Error in lm.wfit(X[Y1, , drop = FALSE], log(Y[Y1]) - offsetx[Y1], weights[Y1]) : 
  0 (non-NA) cases
","Error in lm.wfit(X[Y1, , drop = FALSE], log(Y[Y1]) - offsetx[Y1], weights[Y1]) : 
  0 (non-NA) cases
","Error in lm.wfit(X[Y1, , drop = FALSE], log(Y[Y1]) - offsetx[Y1], weights[Y1]) : 
  0 (non-NA) cases
","Error in lm.wfit(X[Y1, , drop = FALSE], log(Y[Y1]) - offsetx[Y1], weights[Y1]) : 
  0 (non-NA) cases
","Error in lm.wfit(X[Y1, , drop = FALSE], log(Y[Y1]) - offsetx[Y1], weights[Y1]) : 
  0 (non-NA) cases
","Error in lm.wfit(X[Y1, , drop = FALSE], log(Y[Y1]) - offsetx[Y1], weights[Y1]) : 
  0 (non-NA) cases
","Error in lm.wfit(X[Y1, , drop = FALSE], log(Y[Y1]) - offsetx[Y1], weights[Y1]) : 
  0 (non-NA) cases
","Error in lm.wfit(X[Y1, , drop = FALSE], log(Y[Y1]) - offsetx[Y1], weights[Y1]) : 
  0 (non-NA) cases
","Error in lm.wfit(X[Y1, , drop = FALSE], log(Y[Y1]) - offsetx[Y1], weights[Y1]) : 
  0 (non-NA) cases
","Error in lm.wfit(X[Y1, , drop = FALSE], log(Y[Y1]) - offsetx[Y1], weights[Y1]) : 
  0 (non-NA) cases
","Error in lm.wfit(X[Y1, , drop = FALSE], log(Y[Y1]) - offsetx[Y1], weights[Y1]) : 
  0 (non-NA) cases
","Error in lm.wfit(X[Y1, , drop = FALSE], log(Y[Y1]) - offsetx[Y1], weights[Y1]) : 
  0 (non-NA) cases
","Error in lm.wfit(X[Y1, , drop = FALSE], log(Y[Y1]) - offsetx[Y1], weights[Y1]) : 
  0 (non-NA) cases
"
"140","8","300","20","erdos_renyi","species","species_3","PLN","StARS","0.3","0.0044635","0.555828412832726","0.129","0.057","0.353","0.098","12.1006591320038"
"141","8","300","20","erdos_renyi","species","species_3","PLN","BIC","0.3","0.0044635","0.556211106010612","0","0",NA,"0","12.1006591320038"
"142","8","300","20","erdos_renyi","species","species_3","ZIPLN","StARS","0.29","0.026613","0.581008022387702","0.2","0.086","0.346","0.137","2.67506769895554"
"143","8","300","20","erdos_renyi","species","species_3","ZIPLN","BIC","0.29","0.026613","0.549723043104129","0.247","0.2","0.5","0.286","2.67506769895554"
"144","9","300","20","erdos_renyi","species","species_3","PLN","StARS","0.32","0.028886","0.459888981992699","0.264","0.253","0.51","0.338","18.4403395652771"
"145","9","300","20","erdos_renyi","species","species_3","PLN","BIC","0.32","0.028886","0.46007253967665","0","0",NA,"0","18.4403395652771"
"146","9","300","20","erdos_renyi","species","species_3","ZIPLN","StARS","0.3","0.0529705","0.523710862321227","0.011","0.01","0.5","0.02","4.7627562602361"
"147","9","300","20","erdos_renyi","species","species_3","ZIPLN","BIC","0.3","0.0529705","0.504048610687851","0.253","0.232","0.5","0.317","4.7627562602361"
"148","Error in lm.wfit(X[Y1, , drop = FALSE], log(Y[Y1]) - offsetx[Y1], weights[Y1]) : 
  0 (non-NA) cases
","Error in lm.wfit(X[Y1, , drop = FALSE], log(Y[Y1]) - offsetx[Y1], weights[Y1]) : 
  0 (non-NA) cases
","Error in lm.wfit(X[Y1, , drop = FALSE], log(Y[Y1]) - offsetx[Y1], weights[Y1]) : 
  0 (non-NA) cases
","Error in lm.wfit(X[Y1, , drop = FALSE], log(Y[Y1]) - offsetx[Y1], weights[Y1]) : 
  0 (non-NA) cases
","Error in lm.wfit(X[Y1, , drop = FALSE], log(Y[Y1]) - offsetx[Y1], weights[Y1]) : 
  0 (non-NA) cases
","Error in lm.wfit(X[Y1, , drop = FALSE], log(Y[Y1]) - offsetx[Y1], weights[Y1]) : 
  0 (non-NA) cases
","Error in lm.wfit(X[Y1, , drop = FALSE], log(Y[Y1]) - offsetx[Y1], weights[Y1]) : 
  0 (non-NA) cases
","Error in lm.wfit(X[Y1, , drop = FALSE], log(Y[Y1]) - offsetx[Y1], weights[Y1]) : 
  0 (non-NA) cases
","Error in lm.wfit(X[Y1, , drop = FALSE], log(Y[Y1]) - offsetx[Y1], weights[Y1]) : 
  0 (non-NA) cases
","Error in lm.wfit(X[Y1, , drop = FALSE], log(Y[Y1]) - offsetx[Y1], weights[Y1]) : 
  0 (non-NA) cases
","Error in lm.wfit(X[Y1, , drop = FALSE], log(Y[Y1]) - offsetx[Y1], weights[Y1]) : 
  0 (non-NA) cases
","Error in lm.wfit(X[Y1, , drop = FALSE], log(Y[Y1]) - offsetx[Y1], weights[Y1]) : 
  0 (non-NA) cases
","Error in lm.wfit(X[Y1, , drop = FALSE], log(Y[Y1]) - offsetx[Y1], weights[Y1]) : 
  0 (non-NA) cases
","Error in lm.wfit(X[Y1, , drop = FALSE], log(Y[Y1]) - offsetx[Y1], weights[Y1]) : 
  0 (non-NA) cases
","Error in lm.wfit(X[Y1, , drop = FALSE], log(Y[Y1]) - offsetx[Y1], weights[Y1]) : 
  0 (non-NA) cases
","Error in lm.wfit(X[Y1, , drop = FALSE], log(Y[Y1]) - offsetx[Y1], weights[Y1]) : 
  0 (non-NA) cases
"
"149","11","300","20","erdos_renyi","species","species_3","PLN","StARS","0.32","0.0204285","0.520680852166329","0.18","0.178","0.529","0.267","20.1884827613831"
"150","11","300","20","erdos_renyi","species","species_3","PLN","BIC","0.32","0.0204285","0.520460696363255","0","0",NA,"0","20.1884827613831"
"151","11","300","20","erdos_renyi","species","species_3","ZIPLN","StARS","0.31","0.0616435","0.557230660484212","0.169","0.168","0.531","0.256","3.24745250145594"
"152","11","300","20","erdos_renyi","species","species_3","ZIPLN","BIC","0.31","0.0616435","0.499713902003658","0.258","0.307","0.574","0.4","3.24745250145594"
"153","12","300","20","erdos_renyi","species","species_3","PLN","StARS","0.29","0.0016845","0.571799640670483","0.09","0.059","0.429","0.104","9.96049451828003"
"154","12","300","20","erdos_renyi","species","species_3","PLN","BIC","0.29","0.0016845","0.571793604879799","0","0",NA,"0","9.96049451828003"
"155","12","300","20","erdos_renyi","species","species_3","ZIPLN","StARS","0.27","0.063753","0.623468422825032","0.101","0.069","0.438","0.12","3.80893340508143"
"156","12","300","20","erdos_renyi","species","species_3","ZIPLN","BIC","0.27","0.063753","0.576263500233975","0.36","0.277","0.467","0.348","3.80893340508143"
"157","Error in lm.wfit(X[Y1, , drop = FALSE], log(Y[Y1]) - offsetx[Y1], weights[Y1]) : 
  0 (non-NA) cases
","Error in lm.wfit(X[Y1, , drop = FALSE], log(Y[Y1]) - offsetx[Y1], weights[Y1]) : 
  0 (non-NA) cases
","Error in lm.wfit(X[Y1, , drop = FALSE], log(Y[Y1]) - offsetx[Y1], weights[Y1]) : 
  0 (non-NA) cases
","Error in lm.wfit(X[Y1, , drop = FALSE], log(Y[Y1]) - offsetx[Y1], weights[Y1]) : 
  0 (non-NA) cases
","Error in lm.wfit(X[Y1, , drop = FALSE], log(Y[Y1]) - offsetx[Y1], weights[Y1]) : 
  0 (non-NA) cases
","Error in lm.wfit(X[Y1, , drop = FALSE], log(Y[Y1]) - offsetx[Y1], weights[Y1]) : 
  0 (non-NA) cases
","Error in lm.wfit(X[Y1, , drop = FALSE], log(Y[Y1]) - offsetx[Y1], weights[Y1]) : 
  0 (non-NA) cases
","Error in lm.wfit(X[Y1, , drop = FALSE], log(Y[Y1]) - offsetx[Y1], weights[Y1]) : 
  0 (non-NA) cases
","Error in lm.wfit(X[Y1, , drop = FALSE], log(Y[Y1]) - offsetx[Y1], weights[Y1]) : 
  0 (non-NA) cases
","Error in lm.wfit(X[Y1, , drop = FALSE], log(Y[Y1]) - offsetx[Y1], weights[Y1]) : 
  0 (non-NA) cases
","Error in lm.wfit(X[Y1, , drop = FALSE], log(Y[Y1]) - offsetx[Y1], weights[Y1]) : 
  0 (non-NA) cases
","Error in lm.wfit(X[Y1, , drop = FALSE], log(Y[Y1]) - offsetx[Y1], weights[Y1]) : 
  0 (non-NA) cases
","Error in lm.wfit(X[Y1, , drop = FALSE], log(Y[Y1]) - offsetx[Y1], weights[Y1]) : 
  0 (non-NA) cases
","Error in lm.wfit(X[Y1, , drop = FALSE], log(Y[Y1]) - offsetx[Y1], weights[Y1]) : 
  0 (non-NA) cases
","Error in lm.wfit(X[Y1, , drop = FALSE], log(Y[Y1]) - offsetx[Y1], weights[Y1]) : 
  0 (non-NA) cases
","Error in lm.wfit(X[Y1, , drop = FALSE], log(Y[Y1]) - offsetx[Y1], weights[Y1]) : 
  0 (non-NA) cases
"
"158","14","300","20","erdos_renyi","species","species_3","PLN","StARS","0.3","0.007638","0.527731904898986","0.104","0.106","0.5","0.175","12.2159802913666"
"159","14","300","20","erdos_renyi","species","species_3","PLN","BIC","0.3","0.007638","0.526653891777829","0","0",NA,"0","12.2159802913666"
"160","14","300","20","erdos_renyi","species","species_3","ZIPLN","StARS","0.29","0.1479495","0.54836207522155","0.271","0.255","0.48","0.333","4.62195448080699"
"161","14","300","20","erdos_renyi","species","species_3","ZIPLN","BIC","0.29","0.1479495","0.54941448677495","0.25","0.234","0.478","0.314","4.62195448080699"
"162","15","300","20","erdos_renyi","species","species_3","PLN","StARS","0.3","0.014257","0.467561225614823","0.223","0.126","0.324","0.182","9.38502812385559"
"163","15","300","20","erdos_renyi","species","species_3","PLN","BIC","0.3","0.014257","0.467435790249676","0","0",NA,"0","9.38502812385559"
"164","15","300","20","erdos_renyi","species","species_3","ZIPLN","StARS","1.84","0.017444","0.530608736984149","0.087","0.057","0.357","0.099","2.85419222513835"
"165","15","300","20","erdos_renyi","species","species_3","ZIPLN","BIC","1.74","0.017444","0.518301429262913","0.175","0.161","0.438","0.235","2.85419222513835"
"166","1","300","20","erdos_renyi","sites","sites_1","PLN","StARS","0.25","0.0915615","0.652810404234923","0.196","0.273","0.545","0.364","27.8118715286255"
"167","1","300","20","erdos_renyi","sites","sites_1","PLN","BIC","0.24","0.0915615","0.639047534619582","0.304","0.545","0.608","0.575","27.8118715286255"
"168","1","300","20","erdos_renyi","sites","sites_1","ZIPLN","StARS","0.24","0.06945","0.64324929681439","0.186","0.295","0.578","0.391","2.02222385803858"
"169","1","300","20","erdos_renyi","sites","sites_1","ZIPLN","BIC","0.22","0.06945","0.658193390381218","0.294","0.568","0.625","0.595","2.02222385803858"
"170","2","300","20","erdos_renyi","sites","sites_1","PLN","StARS","0.27","0.088522","0.711849862468351","0.238","0.198","0.512","0.286","31.8649346828461"
"171","2","300","20","erdos_renyi","sites","sites_1","PLN","BIC","0.26","0.088522","0.705383578349153","0.429","0.396","0.538","0.457","31.8649346828461"
"172","2","300","20","erdos_renyi","sites","sites_1","ZIPLN","StARS","0.26","0.083401","0.708335730190428","0.262","0.274","0.569","0.369","2.23173569838206"
"173","2","300","20","erdos_renyi","sites","sites_1","ZIPLN","BIC","0.24","0.083401","0.720933412157478","0.381","0.387","0.562","0.458","2.23173569838206"
"174","3","300","20","erdos_renyi","sites","sites_1","PLN","StARS","0.24","0.1210685","0.680032492427242","0.107","0.207","0.621","0.31","26.5284259319305"
"175","3","300","20","erdos_renyi","sites","sites_1","PLN","BIC","0.22","0.1210685","0.645575513207834","0.34","0.575","0.588","0.581","26.5284259319305"
"176","3","300","20","erdos_renyi","sites","sites_1","ZIPLN","StARS","0.23","0.10298","0.66572757063433","0.078","0.253","0.733","0.376","1.92350337902705"
"177","3","300","20","erdos_renyi","sites","sites_1","ZIPLN","BIC","0.22","0.10298","0.657746343379966","0.214","0.437","0.633","0.517","1.92350337902705"
"178","4","300","20","erdos_renyi","sites","sites_1","PLN","StARS","0.24","0.0753585","0.647716753798278","0.165","0.299","0.605","0.4","26.313152551651"
"179","4","300","20","erdos_renyi","sites","sites_1","PLN","BIC","0.23","0.0753585","0.641221196643042","0.272","0.483","0.6","0.535","26.313152551651"
"180","4","300","20","erdos_renyi","sites","sites_1","ZIPLN","StARS","0.23","0.0706875","0.642099951985372","0.146","0.299","0.634","0.406","1.85948662360509"
"181","4","300","20","erdos_renyi","sites","sites_1","ZIPLN","BIC","0.21","0.0706875","0.650579693309848","0.262","0.529","0.63","0.575","1.85948662360509"
"182","5","300","20","erdos_renyi","sites","sites_1","PLN","StARS","0.27","0.1706685","0.633012618710737","0.154","0.253","0.641","0.362","13.8624110221863"
"183","5","300","20","erdos_renyi","sites","sites_1","PLN","BIC","0.25","0.1706685","0.597810104694406","0.352","0.434","0.573","0.494","13.8624110221863"
"184","5","300","20","erdos_renyi","sites","sites_1","ZIPLN","StARS","0.26","0.114708","0.602943169737435","0.154","0.263","0.65","0.374","1.13622939189275"
"185","5","300","20","erdos_renyi","sites","sites_1","ZIPLN","BIC","0.23","0.114708","0.620587629295186","0.385","0.525","0.598","0.559","1.13622939189275"
"186","6","300","20","erdos_renyi","sites","sites_1","PLN","StARS","0.25","0.130067","0.656016506064539","0.137","0.211","0.606","0.312","12.9377553462982"
"187","6","300","20","erdos_renyi","sites","sites_1","PLN","BIC","0.24","0.130067","0.625540073259345","0.379","0.505","0.571","0.536","12.9377553462982"
"188","6","300","20","erdos_renyi","sites","sites_1","ZIPLN","StARS","0.24","0.113681","0.631441925989867","0.126","0.263","0.676","0.379","1.00179123481115"
"189","6","300","20","erdos_renyi","sites","sites_1","ZIPLN","BIC","0.22","0.113681","0.637095893067377","0.368","0.568","0.607","0.587","1.00179123481115"
"190","7","300","20","erdos_renyi","sites","sites_1","PLN","StARS","0.24","0.0762885","0.670418080521701","0.194","0.317","0.553","0.403","25.6139154434204"
"191","7","300","20","erdos_renyi","sites","sites_1","PLN","BIC","0.22","0.0762885","0.664375790600254","0.315","0.463","0.528","0.494","25.6139154434204"
"192","7","300","20","erdos_renyi","sites","sites_1","ZIPLN","StARS","0.22","0.0623175","0.676699983111331","0.194","0.329","0.562","0.415","1.23249650796254"
"193","7","300","20","erdos_renyi","sites","sites_1","ZIPLN","BIC","0.21","0.0623175","0.686369532024218","0.259","0.439","0.562","0.493","1.23249650796254"
"194","8","300","20","erdos_renyi","sites","sites_1","PLN","StARS","0.28","0.098801","0.663025134817039","0.237","0.246","0.609","0.35","14.3548333644867"
"195","8","300","20","erdos_renyi","sites","sites_1","PLN","BIC","0.27","0.098801","0.648177451229802","0.303","0.325","0.617","0.425","14.3548333644867"
"196","8","300","20","erdos_renyi","sites","sites_1","ZIPLN","StARS","0.27","0.0630075","0.644216786342429","0.289","0.298","0.607","0.4","1.07854834397634"
"197","8","300","20","erdos_renyi","sites","sites_1","ZIPLN","BIC","0.25","0.0630075","0.659820734744952","0.355","0.439","0.649","0.524","1.07854834397634"
"198","9","300","20","erdos_renyi","sites","sites_1","PLN","StARS","0.25","0.0611635","0.633579317342403","0.16","0.198","0.559","0.292","18.3762693405151"
"199","9","300","20","erdos_renyi","sites","sites_1","PLN","BIC","0.24","0.0611635","0.632393318086697","0.202","0.292","0.596","0.392","18.3762693405151"
"200","9","300","20","erdos_renyi","sites","sites_1","ZIPLN","StARS","0.24","0.045737","0.645189902990033","0.17","0.25","0.6","0.353","1.15842390060425"
"201","9","300","20","erdos_renyi","sites","sites_1","ZIPLN","BIC","0.23","0.045737","0.643951490303579","0.255","0.396","0.613","0.481","1.15842390060425"
"202","10","300","20","erdos_renyi","sites","sites_1","PLN","StARS","0.27","0.0867585","0.646892960045161","0.261","0.225","0.5","0.311","30.0150582790375"
"203","10","300","20","erdos_renyi","sites","sites_1","PLN","BIC","0.25","0.0867585","0.636636116435527","0.409","0.529","0.6","0.562","30.0150582790375"
"204","10","300","20","erdos_renyi","sites","sites_1","ZIPLN","StARS","0.26","0.091824","0.639090657317391","0.25","0.235","0.522","0.324","1.24249468247096"
"205","10","300","20","erdos_renyi","sites","sites_1","ZIPLN","BIC","0.24","0.091824","0.647287004080151","0.352","0.539","0.64","0.585","1.24249468247096"
"206","11","300","20","erdos_renyi","sites","sites_1","PLN","StARS","0.26","0.098245","0.685541814561365","0.06","0.111","0.625","0.189","16.4494395256042"
"207","11","300","20","erdos_renyi","sites","sites_1","PLN","BIC","0.23","0.098245","0.652720159602735","0.38","0.533","0.558","0.545","16.4494395256042"
"208","11","300","20","erdos_renyi","sites","sites_1","ZIPLN","StARS","0.25","0.09345","0.675394534975592","0.07","0.144","0.65","0.236","1.11491454044978"
"209","11","300","20","erdos_renyi","sites","sites_1","ZIPLN","BIC","0.22","0.09345","0.667709925629057","0.37","0.544","0.57","0.557","1.11491454044978"
"210","12","300","20","erdos_renyi","sites","sites_1","PLN","StARS","0.27","0.154265","0.623841315627646","0.223","0.271","0.553","0.364","14.1149792671204"
"211","12","300","20","erdos_renyi","sites","sites_1","PLN","BIC","0.24","0.154265","0.586712886794578","0.447","0.5","0.533","0.516","14.1149792671204"
"212","12","300","20","erdos_renyi","sites","sites_1","ZIPLN","StARS","0.25","0.1375905","0.576373378228556","0.223","0.333","0.604","0.43","1.02366768519084"
"213","12","300","20","erdos_renyi","sites","sites_1","ZIPLN","BIC","0.23","0.1375905","0.608368110555553","0.447","0.573","0.567","0.57","1.02366768519084"
"214","13","300","20","erdos_renyi","sites","sites_1","PLN","StARS","0.25","0.095572","0.666755100835211","0.127","0.216","0.594","0.317","15.4578847885132"
"215","13","300","20","erdos_renyi","sites","sites_1","PLN","BIC","0.24","0.095572","0.637062931096592","0.314","0.466","0.562","0.509","15.4578847885132"
"216","13","300","20","erdos_renyi","sites","sites_1","ZIPLN","StARS","0.24","0.0864","0.645558920113026","0.137","0.227","0.588","0.328","1.26055853366852"
"217","13","300","20","erdos_renyi","sites","sites_1","ZIPLN","BIC","0.21","0.0864","0.648730599274518","0.333","0.511","0.57","0.539","1.26055853366852"
"218","14","300","20","erdos_renyi","sites","sites_1","PLN","StARS","0.25","0.0832745","0.7027130286212","0.235","0.315","0.558","0.403","20.0419845581055"
"219","14","300","20","erdos_renyi","sites","sites_1","PLN","BIC","0.23","0.0832745","0.70230614075339","0.327","0.413","0.543","0.469","20.0419845581055"
"220","14","300","20","erdos_renyi","sites","sites_1","ZIPLN","StARS","0.23","0.066115","0.717987595212545","0.255","0.348","0.561","0.43","1.22913485765457"
"221","14","300","20","erdos_renyi","sites","sites_1","ZIPLN","BIC","0.22","0.066115","0.727946517962885","0.296","0.435","0.58","0.497","1.22913485765457"
"222","15","300","20","erdos_renyi","sites","sites_1","PLN","StARS","0.27","0.1318065","0.682124046965544","0.114","0.127","0.565","0.208","16.8944091796875"
"223","15","300","20","erdos_renyi","sites","sites_1","PLN","BIC","0.25","0.1318065","0.647283181846663","0.443","0.48","0.557","0.516","16.8944091796875"
"224","15","300","20","erdos_renyi","sites","sites_1","ZIPLN","StARS","0.25","0.115889","0.666055905652091","0.125","0.206","0.656","0.313","1.27210779190063"
"225","15","300","20","erdos_renyi","sites","sites_1","ZIPLN","BIC","0.24","0.115889","0.655120476022865","0.307","0.412","0.609","0.491","1.27210779190063"
"226","1","300","20","erdos_renyi","sites","sites_2","PLN","StARS","0.28","0.133362","0.619739836937271","0.071","0.011","0.125","0.02","32.4358797073364"
"227","1","300","20","erdos_renyi","sites","sites_2","PLN","BIC","0.28","0.133362","0.619794583781168","0","0",NA,"0","32.4358797073364"
"228","1","300","20","erdos_renyi","sites","sites_2","ZIPLN","StARS","0.24","0.0921425","0.703701626157136","0.031","0.022","0.4","0.041","2.5596749663353"
"229","1","300","20","erdos_renyi","sites","sites_2","ZIPLN","BIC","0.22","0.0921425","0.657109726127838","0.347","0.424","0.534","0.473","2.5596749663353"
"230","2","300","20","erdos_renyi","sites","sites_2","PLN","StARS","0.3","0.0907175","0.582593037401761","0.2","0.045","0.238","0.076","16.0991342067719"
"231","2","300","20","erdos_renyi","sites","sites_2","PLN","BIC","0.3","0.0907175","0.582366489334643","0.062","0.009","0.167","0.017","16.0991342067719"
"232","2","300","20","erdos_renyi","sites","sites_2","ZIPLN","StARS","0.25","0.062338","0.652795402211455","0.188","0.191","0.583","0.288","2.20578587849935"
"233","2","300","20","erdos_renyi","sites","sites_2","ZIPLN","BIC","0.25","0.062338","0.647632948860327","0.238","0.245","0.587","0.346","2.20578587849935"
"234","3","300","20","erdos_renyi","sites","sites_2","PLN","StARS","0.27","0.060495","0.566835052265529","0.13","0.111","0.435","0.177","20.0788576602936"
"235","3","300","20","erdos_renyi","sites","sites_2","PLN","BIC","0.27","0.060495","0.566786769628606","0","0",NA,"0","20.0788576602936"
"236","3","300","20","erdos_renyi","sites","sites_2","ZIPLN","StARS","0.23","0.03282","0.623441976311402","0.15","0.178","0.516","0.264","3.14882922967275"
"237","3","300","20","erdos_renyi","sites","sites_2","ZIPLN","BIC","0.23","0.03282","0.618394626755469","0.22","0.267","0.522","0.353","3.14882922967275"
"238","4","300","20","erdos_renyi","sites","sites_2","PLN","StARS","0.26","0.061531","0.558920225678798","0.154","0.093","0.333","0.145","20.6989300251007"
"239","4","300","20","erdos_renyi","sites","sites_2","PLN","BIC","0.26","0.061531","0.559158354177463","0.01","0.012","0.5","0.023","20.6989300251007"
"240","4","300","20","erdos_renyi","sites","sites_2","ZIPLN","StARS","0.22","0.0210745","0.632074839696194","0.115","0.186","0.571","0.281","2.11107098261515"
"241","4","300","20","erdos_renyi","sites","sites_2","ZIPLN","BIC","0.22","0.0210745","0.623158724664596","0.163","0.291","0.595","0.391","2.11107098261515"
"242","5","300","20","erdos_renyi","sites","sites_2","PLN","StARS","0.29","0.093055","0.600059233222924","0.178","0.13","0.448","0.202","26.2230894565582"
"243","5","300","20","erdos_renyi","sites","sites_2","PLN","BIC","0.28","0.093055","0.588004342859566","0.267","0.25","0.51","0.336","26.2230894565582"
"244","5","300","20","erdos_renyi","sites","sites_2","ZIPLN","StARS","0.24","0.05515","0.652301252033933","0.156","0.25","0.641","0.36","2.78534930547078"
"245","5","300","20","erdos_renyi","sites","sites_2","ZIPLN","BIC","0.23","0.05515","0.656139414472796","0.256","0.34","0.596","0.433","2.78534930547078"
"246","6","300","20","erdos_renyi","sites","sites_2","PLN","StARS","0.28","0.058335","0.583427715467647","0.233","0.13","0.382","0.194","16.5379073619843"
"247","6","300","20","erdos_renyi","sites","sites_2","PLN","BIC","0.28","0.058335","0.57937427041366","0.3","0.22","0.449","0.295","16.5379073619843"
"248","6","300","20","erdos_renyi","sites","sites_2","ZIPLN","StARS","0.23","0.040775","0.649096109921929","0.289","0.25","0.49","0.331","1.55819187959035"
"249","6","300","20","erdos_renyi","sites","sites_2","ZIPLN","BIC","0.23","0.040775","0.649096109921929","0.289","0.25","0.49","0.331","1.55819187959035"
"250","7","300","20","erdos_renyi","sites","sites_2","PLN","StARS","0.29","0.0727035","0.547441434247093","0.159","0.088","0.391","0.144","13.306483745575"
"251","7","300","20","erdos_renyi","sites","sites_2","PLN","BIC","0.29","0.0727035","0.547478258427102","0.136","0.039","0.25","0.068","13.306483745575"
"252","7","300","20","erdos_renyi","sites","sites_2","ZIPLN","StARS","0.25","0.0551815","0.617494182259557","0.136","0.108","0.478","0.176","1.59353044430415"
"253","7","300","20","erdos_renyi","sites","sites_2","ZIPLN","BIC","0.24","0.0551815","0.608294151065335","0.295","0.412","0.618","0.494","1.59353044430415"
"254","8","300","20","erdos_renyi","sites","sites_2","PLN","StARS","0.31","0.096849","0.575209650831322","0.096","0.009","0.111","0.017","33.5331387519836"
"255","8","300","20","erdos_renyi","sites","sites_2","PLN","BIC","0.31","0.096849","0.575032264569738","0","0",NA,"0","33.5331387519836"
"256","8","300","20","erdos_renyi","sites","sites_2","ZIPLN","StARS","0.27","0.1173215","0.678757155152312","0.036","0.019","0.4","0.036","2.75817461013794"
"257","8","300","20","erdos_renyi","sites","sites_2","ZIPLN","BIC","0.27","0.1173215","0.627618844302542","0.193","0.178","0.543","0.268","2.75817461013794"
"258","9","300","20","erdos_renyi","sites","sites_2","PLN","StARS","0.3","0.1078885","0.590017676372059","0.123","0.11","0.545","0.183","23.8574132919312"
"259","9","300","20","erdos_renyi","sites","sites_2","PLN","BIC","0.3","0.1078885","0.59000475720036","0.074","0.055","0.5","0.099","23.8574132919312"
"260","9","300","20","erdos_renyi","sites","sites_2","ZIPLN","StARS","0.25","0.0404945","0.664394624016365","0.16","0.22","0.649","0.329","2.10556384722392"
"261","9","300","20","erdos_renyi","sites","sites_2","ZIPLN","BIC","0.25","0.0404945","0.665208007672051","0.198","0.229","0.61","0.333","2.10556384722392"
"262","10","300","20","erdos_renyi","sites","sites_2","PLN","StARS","0.3","0.095936","0.587944521895326","0.117","0.042","0.267","0.072","30.7743430137634"
"263","10","300","20","erdos_renyi","sites","sites_2","PLN","BIC","0.3","0.095936","0.588460984432577","0","0",NA,"0","30.7743430137634"
"264","10","300","20","erdos_renyi","sites","sites_2","ZIPLN","StARS","0.25","0.061721","0.68759170447362","0.032","0.031","0.5","0.059","1.89224750598272"
"265","10","300","20","erdos_renyi","sites","sites_2","ZIPLN","BIC","0.24","0.061721","0.625755818210261","0.33","0.406","0.557","0.47","1.89224750598272"
"266","11","300","20","erdos_renyi","sites","sites_2","PLN","StARS","0.28","0.087651","0.591044317880401","0.174","0.082","0.333","0.131","16.5763108730316"
"267","11","300","20","erdos_renyi","sites","sites_2","PLN","BIC","0.28","0.087651","0.581510609930902","0.348","0.276","0.458","0.344","16.5763108730316"
"268","11","300","20","erdos_renyi","sites","sites_2","ZIPLN","StARS","0.24","0.0530765","0.705123249382308","0.065","0.02","0.25","0.038","1.72795051733653"
"269","11","300","20","erdos_renyi","sites","sites_2","ZIPLN","BIC","0.22","0.0530765","0.671655610644017","0.315","0.347","0.54","0.422","1.72795051733653"
"270","12","300","20","erdos_renyi","sites","sites_2","PLN","StARS","0.28","0.1109765","0.548345895225838","0.134","0.097","0.409","0.157","11.6156311035156"
"271","12","300","20","erdos_renyi","sites","sites_2","PLN","BIC","0.28","0.1109765","0.548403064656952","0","0",NA,"0","11.6156311035156"
"272","12","300","20","erdos_renyi","sites","sites_2","ZIPLN","StARS","0.23","0.0714385","0.61664073713768","0.103","0.14","0.565","0.224","1.22493603229523"
"273","12","300","20","erdos_renyi","sites","sites_2","ZIPLN","BIC","0.23","0.0714385","0.600800047365606","0.216","0.29","0.562","0.383","1.22493603229523"
"274","13","300","20","erdos_renyi","sites","sites_2","PLN","StARS","0.29","0.1353685","0.558099811350764","0.088","0.03","0.273","0.055","13.7634587287903"
"275","13","300","20","erdos_renyi","sites","sites_2","PLN","BIC","0.29","0.1353685","0.558099811350764","0.088","0.03","0.273","0.055","13.7634587287903"
"276","13","300","20","erdos_renyi","sites","sites_2","ZIPLN","StARS","0.25","0.0743545","0.629526365176164","0.121","0.091","0.45","0.151","1.30779500404994"
"277","13","300","20","erdos_renyi","sites","sites_2","ZIPLN","BIC","0.24","0.0743545","0.597117304709832","0.396","0.404","0.526","0.457","1.30779500404994"
"278","14","300","20","erdos_renyi","sites","sites_2","PLN","StARS","0.28","0.070799","0.574384895722594","0.167","0.064","0.273","0.103","17.0776607990265"
"279","14","300","20","erdos_renyi","sites","sites_2","PLN","BIC","0.27","0.070799","0.571290429346669","0.177","0.106","0.37","0.165","17.0776607990265"
"280","14","300","20","erdos_renyi","sites","sites_2","ZIPLN","StARS","0.23","0.031611","0.649462338287374","0.125","0.191","0.6","0.29","2.03431593179703"
"281","14","300","20","erdos_renyi","sites","sites_2","ZIPLN","BIC","0.23","0.031611","0.646721894255324","0.177","0.277","0.605","0.38","2.03431593179703"
"282","15","300","20","erdos_renyi","sites","sites_2","PLN","StARS","0.27","0.102184","0.587480770586923","0.129","0.079","0.35","0.128","18.421541929245"
"283","15","300","20","erdos_renyi","sites","sites_2","PLN","BIC","0.27","0.102184","0.587684220135937","0","0",NA,"0","18.421541929245"
"284","15","300","20","erdos_renyi","sites","sites_2","ZIPLN","StARS","0.23","0.078198","0.675140412462175","0.03","0.112","0.769","0.196","1.50344661871592"
"285","15","300","20","erdos_renyi","sites","sites_2","ZIPLN","BIC","0.22","0.078198","0.644519392239277","0.218","0.292","0.542","0.38","1.50344661871592"
"286","1","300","20","erdos_renyi","sites","sites_3","PLN","StARS","0.32","0.091099","0.437351209971523","0.065","0.02","0.25","0.038","40.7708370685577"
"287","1","300","20","erdos_renyi","sites","sites_3","PLN","BIC","0.32","0.091099","0.43735870508161","0.011","0","0","0","40.7708370685577"
"288","1","300","20","erdos_renyi","sites","sites_3","ZIPLN","StARS","0.22","0","0.641418964693534","0.011","0","0","0","53.6981058120728"
"289","1","300","20","erdos_renyi","sites","sites_3","ZIPLN","BIC","0.22","0","0.641543406121149","0","0",NA,"0","53.6981058120728"
"290","2","300","20","erdos_renyi","sites","sites_3","PLN","StARS","0.33","0.073919","0.440039896990767","0.182","0.039","0.2","0.066","21.3266806602478"
"291","2","300","20","erdos_renyi","sites","sites_3","PLN","BIC","0.33","0.073919","0.440009095411563","0","0",NA,"0","21.3266806602478"
"292","2","300","20","erdos_renyi","sites","sites_3","ZIPLN","StARS","0.23","0.00011","0.645088538731104","0.045","0.02","0.333","0.037","1.29012877146403"
"293","2","300","20","erdos_renyi","sites","sites_3","ZIPLN","BIC","0.23","0.00011","0.648934881582805","0","0",NA,"0","1.29012877146403"
"294","3","300","20","erdos_renyi","sites","sites_3","PLN","StARS","0.31","0.05688","0.4198288095206","0.09","0.033","0.25","0.059","39.2281594276428"
"295","3","300","20","erdos_renyi","sites","sites_3","PLN","BIC","0.31","0.05688","0.413300630157386","0.63","0.256","0.267","0.261","39.2281594276428"
"296","3","300","20","erdos_renyi","sites","sites_3","ZIPLN","StARS","0.22","0","0.60797932621158","0.03","0","0","0","1.14707518815994"
"297","3","300","20","erdos_renyi","sites","sites_3","ZIPLN","BIC","0.22","0","0.609721537452233","0","0",NA,"0","1.14707518815994"
"298","4","300","20","erdos_renyi","sites","sites_3","PLN","StARS","0.32","0.0763485","0.428828512532271","0.161","0.039","0.222","0.066","28.2624595165253"
"299","4","300","20","erdos_renyi","sites","sites_3","PLN","BIC","0.32","0.0763485","0.428725521736723","0.023","0","0","0","28.2624595165253"
"300","4","300","20","erdos_renyi","sites","sites_3","ZIPLN","StARS","0.23","0.00029","0.612344905242216","0.046","0.01","0.2","0.019","52.1092436313629"
"301","4","300","20","erdos_renyi","sites","sites_3","ZIPLN","BIC","0.23","0.00029","0.613686023347107","0","0",NA,"0","52.1092436313629"
"302","5","300","20","erdos_renyi","sites","sites_3","PLN","StARS","0.33","0.083421","0.430036971078415","0.161","0.021","0.118","0.035","49.9427862167358"
"303","5","300","20","erdos_renyi","sites","sites_3","PLN","BIC","0.33","0.083421","0.429994142169142","0","0",NA,"0","49.9427862167358"
"304","5","300","20","erdos_renyi","sites","sites_3","ZIPLN","StARS","0.23","0","0.628196424643744","0","0",NA,"0","1.01312685410182"
"305","5","300","20","erdos_renyi","sites","sites_3","ZIPLN","BIC","0.23","0","0.628200028092269","0","0",NA,"0","1.01312685410182"
"306","6","300","20","erdos_renyi","sites","sites_3","PLN","StARS","0.31","0.0721135","0.403149492091098","0.153","0","0","0","32.2403547763824"
"307","6","300","20","erdos_renyi","sites","sites_3","PLN","BIC","0.31","0.0721135","0.403187725220181","0","0",NA,"0","32.2403547763824"
"308","6","300","20","erdos_renyi","sites","sites_3","ZIPLN","StARS","0.23","0.000231","0.598379550076488","0.041","0.022","0.333","0.041","1.26074250936508"
"309","6","300","20","erdos_renyi","sites","sites_3","ZIPLN","BIC","0.23","0.000231","0.599842975070244","0","0",NA,"0","1.26074250936508"
"310","7","300","20","erdos_renyi","sites","sites_3","PLN","StARS","0.34","0.0850765","0.418038795277948","0.207","0.058","0.25","0.094","28.9372465610504"
"311","7","300","20","erdos_renyi","sites","sites_3","PLN","BIC","0.34","0.0850765","0.418570832126022","0.575","0.194","0.286","0.231","28.9372465610504"
"312","7","300","20","erdos_renyi","sites","sites_3","ZIPLN","StARS","0.23","0","0.63968006379018","0.023","0","0","0","1.24305050373077"
"313","7","300","20","erdos_renyi","sites","sites_3","ZIPLN","BIC","0.23","0","0.641007000789764","0","0",NA,"0","1.24305050373077"
"314","8","300","20","erdos_renyi","sites","sites_3","PLN","StARS","0.33","0.0782","0.437139342626629","0.156","0","0","0","26.230251789093"
"315","8","300","20","erdos_renyi","sites","sites_3","PLN","BIC","0.33","0.0782","0.437173310965895","0","0",NA,"0","26.230251789093"
"316","8","300","20","erdos_renyi","sites","sites_3","ZIPLN","StARS","0.24","0","0.63105325094777","0.056","0","0","0","1.10305975675583"
"317","8","300","20","erdos_renyi","sites","sites_3","ZIPLN","BIC","0.24","0","0.633623946175163","0","0",NA,"0","1.10305975675583"
"318","9","300","20","erdos_renyi","sites","sites_3","PLN","StARS","0.29","0.0746195","0.405633537065246","0.063","0.013","0.125","0.023","32.2613039016724"
"319","9","300","20","erdos_renyi","sites","sites_3","PLN","BIC","0.29","0.0746195","0.405754501385486","0","0",NA,"0","32.2613039016724"
"320","9","300","20","erdos_renyi","sites","sites_3","ZIPLN","StARS","0.2","0","0.590084711782167","0","0",NA,"0","54.4090256690979"
"321","9","300","20","erdos_renyi","sites","sites_3","ZIPLN","BIC","0.2","0","0.59054394671196","0","0",NA,"0","54.4090256690979"
"322","10","300","20","erdos_renyi","sites","sites_3","PLN","StARS","0.32","0.099322","0.431743074744388","0.196","0.051","0.217","0.083","29.859801530838"
"323","10","300","20","erdos_renyi","sites","sites_3","PLN","BIC","0.32","0.099322","0.432310978158086","0.696","0.367","0.36","0.364","29.859801530838"
"324","10","300","20","erdos_renyi","sites","sites_3","ZIPLN","StARS","0.22","0.000496","0.626953320576058","0.054","0.031","0.375","0.057","43.432070016861"
"325","10","300","20","erdos_renyi","sites","sites_3","ZIPLN","BIC","0.22","0.000496","0.627812277466721","0","0",NA,"0","43.432070016861"
"326","11","300","20","erdos_renyi","sites","sites_3","PLN","StARS","0.33","0.0878315","0.435265379539106","0.196","0.022","0.095","0.035","42.1956770420074"
"327","11","300","20","erdos_renyi","sites","sites_3","PLN","BIC","0.33","0.0878315","0.435265379539106","0.196","0.022","0.095","0.035","42.1956770420074"
"328","11","300","20","erdos_renyi","sites","sites_3","ZIPLN","StARS","0.24","6.05e-05","0.64185964240605","0.021","0.011","0.333","0.021","48.1118109226227"
"329","11","300","20","erdos_renyi","sites","sites_3","ZIPLN","BIC","0.24","6.05e-05","0.64273089804763","0","0",NA,"0","48.1118109226227"
"330","12","300","20","erdos_renyi","sites","sites_3","PLN","StARS","0.3","0.0799645","0.402039252784792","0.146","0.032","0.176","0.054","27.9382832050323"
"331","12","300","20","erdos_renyi","sites","sites_3","PLN","BIC","0.3","0.0799645","0.402078718422895","0","0",NA,"0","27.9382832050323"
"332","12","300","20","erdos_renyi","sites","sites_3","ZIPLN","StARS","0.22","0","0.581451125028403","0.021","0","0","0","45.7259230613708"
"333","12","300","20","erdos_renyi","sites","sites_3","ZIPLN","BIC","0.22","0","0.58196182873471","0","0",NA,"0","45.7259230613708"
"334","13","300","20","erdos_renyi","sites","sites_3","PLN","StARS","0.31","0.054522","0.395964081001445","0.269","0.052","0.167","0.079","19.7543706893921"
"335","13","300","20","erdos_renyi","sites","sites_3","PLN","BIC","0.31","0.054522","0.400787122055248","0.602","0.206","0.263","0.231","19.7543706893921"
"336","13","300","20","erdos_renyi","sites","sites_3","ZIPLN","StARS","0.23","0.0005615","0.601140465724614","0.086","0.021","0.2","0.037","41.7924988269806"
"337","13","300","20","erdos_renyi","sites","sites_3","ZIPLN","BIC","0.23","0.0005615","0.607610264404398","0","0",NA,"0","41.7924988269806"
"338","14","300","20","erdos_renyi","sites","sites_3","PLN","StARS","0.31","0.13314","0.412313599820057","0.132","0.02","0.143","0.035","18.0735664367676"
"339","14","300","20","erdos_renyi","sites","sites_3","PLN","BIC","0.31","0.13314","0.412307272255268","0","0",NA,"0","18.0735664367676"
"340","14","300","20","erdos_renyi","sites","sites_3","ZIPLN","StARS","0.24","0.000385","0.601588371939241","0.033","0.03","0.5","0.057","41.1043660640717"
"341","14","300","20","erdos_renyi","sites","sites_3","ZIPLN","BIC","0.24","0.000385","0.604494155496637","0","0",NA,"0","41.1043660640717"
"342","15","300","20","erdos_renyi","sites","sites_3","PLN","StARS","0.31","0.06001","0.387243026021362","0.23","0.033","0.115","0.052","14.6088018417358"
"343","15","300","20","erdos_renyi","sites","sites_3","PLN","BIC","0.31","0.06001","0.387181737685875","0","0",NA,"0","14.6088018417358"
"344","15","300","20","erdos_renyi","sites","sites_3","ZIPLN","StARS","0.23","5.5e-05","0.564096103971077","0.02","0.011","0.333","0.022","37.9006440639496"
"345","15","300","20","erdos_renyi","sites","sites_3","ZIPLN","BIC","0.23","5.5e-05","0.564850106542952","0","0",NA,"0","37.9006440639496"
"346","1","300","20","erdos_renyi","covar","covar_1","PLN","StARS","0.32","0.076804","0.412258598518672","0.174","0.051","0.238","0.084","32.5358109474182"
"347","1","300","20","erdos_renyi","covar","covar_1","PLN","BIC","0.32","0.076804","0.4071603872526","0","0",NA,"0","32.5358109474182"
"348","1","300","20","erdos_renyi","covar","covar_1","ZIPLN","StARS","0.23","0","0.613878405565437","0.011","0","0","0","3.12568276723226"
"349","1","300","20","erdos_renyi","covar","covar_1","ZIPLN","BIC","0.23","0","0.614286537759268","0","0",NA,"0","3.12568276723226"
"350","1","300","20","erdos_renyi","covar","covar_1","PLN_ZIvar","StARS","0.32","0.0442745","0.425444285542662","0.076","0.051","0.417","0.091","32.5358109474182"
"351","1","300","20","erdos_renyi","covar","covar_1","PLN_ZIvar","BIC","0.32","0.0442745","0.425379573151892","0","0",NA,"0","40.7116062641144"
"352","2","300","20","erdos_renyi","covar","covar_1","PLN","StARS","0.32","0.090729","0.428918557666462","0.138","0.031","0.188","0.054","28.5463590621948"
"353","2","300","20","erdos_renyi","covar","covar_1","PLN","BIC","0.32","0.090729","0.428815475618212","0","0",NA,"0","28.5463590621948"
"354","2","300","20","erdos_renyi","covar","covar_1","ZIPLN","StARS","0.24","0.000496","0.625369886547896","0.032","0.031","0.5","0.059","5.40060705343882"
"355","2","300","20","erdos_renyi","covar","covar_1","ZIPLN","BIC","0.24","0.000496","0.62810147747874","0","0",NA,"0","5.40060705343882"
"356","2","300","20","erdos_renyi","covar","covar_1","PLN_ZIvar","StARS","0.31","0.0810895","0.447866614954634","0.032","0.042","0.571","0.078","28.5463590621948"
"357","2","300","20","erdos_renyi","covar","covar_1","PLN_ZIvar","BIC","0.31","0.0810895","0.447854512154754","0","0",NA,"0","37.1419343948364"
"358","3","300","20","erdos_renyi","covar","covar_1","PLN","StARS","0.32","0.0618965","0.452164372587056","0.155","0.046","0.2","0.075","37.507931470871"
"359","3","300","20","erdos_renyi","covar","covar_1","PLN","BIC","0.32","0.0618965","0.447719635858474","0.01","0","0","0","37.507931470871"
"360","3","300","20","erdos_renyi","covar","covar_1","ZIPLN","StARS","0.22","0.000209","0.65588748658301","0.019","0.011","0.333","0.022","3.12291741371155"
"361","3","300","20","erdos_renyi","covar","covar_1","ZIPLN","BIC","0.22","0.000209","0.656940491595389","0","0",NA,"0","3.12291741371155"
"362","3","300","20","erdos_renyi","covar","covar_1","PLN_ZIvar","StARS","0.32","0.0343165","0.455076529374582","0.068","0.057","0.417","0.101","37.507931470871"
"363","3","300","20","erdos_renyi","covar","covar_1","PLN_ZIvar","BIC","0.32","0.0343165","0.454755385661803","0","0",NA,"0","24.474632024765"
"364","4","300","20","erdos_renyi","covar","covar_1","PLN","StARS","0.31","0.0445775","0.448727867643771","0.218","0.034","0.12","0.053","36.2843062877655"
"365","4","300","20","erdos_renyi","covar","covar_1","PLN","BIC","0.31","0.0445775","0.446091339885976","0.03","0","0","0","36.2843062877655"
"366","4","300","20","erdos_renyi","covar","covar_1","ZIPLN","StARS","0.22","0.00073","0.629332157901825","0.03","0.056","0.625","0.103","5.1070719798406"
"367","4","300","20","erdos_renyi","covar","covar_1","ZIPLN","BIC","0.22","0.00073","0.633304027573442","0.02","0.011","0.333","0.022","5.1070719798406"
"368","4","300","20","erdos_renyi","covar","covar_1","PLN_ZIvar","StARS","0.3","0.0261105","0.457726403666124","0.099","0.079","0.412","0.132","36.2843062877655"
"369","4","300","20","erdos_renyi","covar","covar_1","PLN_ZIvar","BIC","0.3","0.0261105","0.457675384429025","0","0",NA,"0","41.99889087677"
"370","5","300","20","erdos_renyi","covar","covar_1","PLN","StARS","0.3","0.057387","0.395841843121861","0.222","0.022","0.083","0.035","15.0206017494202"
"371","5","300","20","erdos_renyi","covar","covar_1","PLN","BIC","0.3","0.057387","0.395812432187831","0","0",NA,"0","15.0206017494202"
"372","5","300","20","erdos_renyi","covar","covar_1","ZIPLN","StARS","0.23","0.000473","0.565514067781968","0.051","0.044","0.444","0.08","3.94854228893916"
"373","5","300","20","erdos_renyi","covar","covar_1","ZIPLN","BIC","0.23","0.000473","0.568673158177608","0","0",NA,"0","3.94854228893916"
"374","5","300","20","erdos_renyi","covar","covar_1","PLN_ZIvar","StARS","0.3","0.0678165","0.41812372741609","0.051","0.033","0.375","0.061","15.0206017494202"
"375","5","300","20","erdos_renyi","covar","covar_1","PLN_ZIvar","BIC","0.3","0.0678165","0.418124970946663","0","0",NA,"0","23.5388474464417"
"376","6","300","20","erdos_renyi","covar","covar_1","PLN","StARS","0.31","0.07624","0.410294621202007","0.227","0.054","0.185","0.083","14.2629115581512"
"377","6","300","20","erdos_renyi","covar","covar_1","PLN","BIC","0.31","0.07624","0.410355937197864","0","0",NA,"0","14.2629115581512"
"378","6","300","20","erdos_renyi","covar","covar_1","ZIPLN","StARS","0.23","0.001107","0.609895353486098","0.041","0.054","0.556","0.098","2.59446734587352"
"379","6","300","20","erdos_renyi","covar","covar_1","ZIPLN","BIC","0.23","0.001107","0.614631728719955","0","0",NA,"0","2.59446734587352"
"380","6","300","20","erdos_renyi","covar","covar_1","PLN_ZIvar","StARS","0.3","0.099591","0.432187493995739","0.103","0.108","0.5","0.177","14.2629115581512"
"381","6","300","20","erdos_renyi","covar","covar_1","PLN_ZIvar","BIC","0.3","0.099591","0.432069378412286","0","0",NA,"0","20.757625579834"
"382","7","300","20","erdos_renyi","covar","covar_1","PLN","StARS","0.3","0.049361","0.425502827944648","0.129","0.021","0.143","0.036","25.9339559078217"
"383","7","300","20","erdos_renyi","covar","covar_1","PLN","BIC","0.3","0.049361","0.425462469433912","0","0",NA,"0","25.9339559078217"
"384","7","300","20","erdos_renyi","covar","covar_1","ZIPLN","StARS","0.23","0","0.606888015202737","0.043","0","0","0","4.42182514667511"
"385","7","300","20","erdos_renyi","covar","covar_1","ZIPLN","BIC","0.23","0","0.608025652416139","0","0",NA,"0","4.42182514667511"
"386","7","300","20","erdos_renyi","covar","covar_1","PLN_ZIvar","StARS","0.3","0.088608","0.434944925591229","0.022","0.041","0.667","0.078","25.9339559078217"
"387","7","300","20","erdos_renyi","covar","covar_1","PLN_ZIvar","BIC","0.3","0.088608","0.434946887884092","0","0",NA,"0","39.33327293396"
"388","8","300","20","erdos_renyi","covar","covar_1","PLN","StARS","0.33","0.0763195","0.436733579739694","0.146","0.053","0.263","0.088","28.1911237239838"
"389","8","300","20","erdos_renyi","covar","covar_1","PLN","BIC","0.33","0.0763195","0.436564015100058","0","0.011","1","0.021","28.1911237239838"
"390","8","300","20","erdos_renyi","covar","covar_1","ZIPLN","StARS","0.28","0.005693","0.622126576802768","0.104","0.074","0.412","0.126","2.56897493600845"
"391","8","300","20","erdos_renyi","covar","covar_1","ZIPLN","BIC","0.29","0.005693","0.626936628558024","0.021","0.032","0.6","0.061","2.56897493600845"
"392","8","300","20","erdos_renyi","covar","covar_1","PLN_ZIvar","StARS","0.33","0.122669","0.450714082228614","0.01","0.096","0.9","0.173","28.1911237239838"
"393","8","300","20","erdos_renyi","covar","covar_1","PLN_ZIvar","BIC","0.33","0.122669","0.450689550941002","0","0",NA,"0","40.7962200641632"
"394","9","300","20","erdos_renyi","covar","covar_1","PLN","StARS","0.32","0.0929285","0.425187785729465","0.141","0.061","0.316","0.103","14.4022891521454"
"395","9","300","20","erdos_renyi","covar","covar_1","PLN","BIC","0.32","0.0929285","0.425496984695294","0.011","0.01","0.5","0.02","14.4022891521454"
"396","9","300","20","erdos_renyi","covar","covar_1","ZIPLN","StARS","0.24","0.001487","0.626786856730948","0.065","0.031","0.333","0.056","3.48235100110372"
"397","9","300","20","erdos_renyi","covar","covar_1","ZIPLN","BIC","0.24","0.001487","0.630026103777339","0","0",NA,"0","3.48235100110372"
"398","9","300","20","erdos_renyi","covar","covar_1","PLN_ZIvar","StARS","0.32","0.0489625","0.446124252318263","0.087","0.112","0.579","0.188","14.4022891521454"
"399","9","300","20","erdos_renyi","covar","covar_1","PLN_ZIvar","BIC","0.32","0.0489625","0.44618215424382","0","0",NA,"0","22.567991733551"
"400","10","300","20","erdos_renyi","covar","covar_1","PLN","StARS","0.3","0.0763735","0.443514250110355","0.107","0.034","0.214","0.059","37.5175502300262"
"401","10","300","20","erdos_renyi","covar","covar_1","PLN","BIC","0.3","0.0763735","0.443553597738958","0","0",NA,"0","37.5175502300262"
"402","10","300","20","erdos_renyi","covar","covar_1","ZIPLN","StARS","0.23","0.000549","0.617129143430542","0.029","0.057","0.625","0.105","3.88802145719528"
"403","10","300","20","erdos_renyi","covar","covar_1","ZIPLN","BIC","0.23","0.000549","0.621775283898886","0","0",NA,"0","3.88802145719528"
"404","10","300","20","erdos_renyi","covar","covar_1","PLN_ZIvar","StARS","0.3","0.1460135","0.449349999463997","0.039","0.011","0.2","0.022","37.5175502300262"
"405","10","300","20","erdos_renyi","covar","covar_1","PLN_ZIvar","BIC","0.3","0.1460135","0.449338255890696","0","0",NA,"0","45.5861339569092"
"406","11","300","20","erdos_renyi","covar","covar_1","PLN","StARS","0.32","0.0791055","0.402329872916082","0.176","0","0","0","25.3523933887482"
"407","11","300","20","erdos_renyi","covar","covar_1","PLN","BIC","0.32","0.0791055","0.402306751128719","0","0",NA,"0","25.3523933887482"
"408","11","300","20","erdos_renyi","covar","covar_1","ZIPLN","StARS","0.24","0.000715","0.575309230120124","0.077","0.04","0.364","0.073","3.21538751920064"
"409","11","300","20","erdos_renyi","covar","covar_1","ZIPLN","BIC","0.24","0.000715","0.579901008112993","0.022","0","0","0","3.21538751920064"
"410","11","300","20","erdos_renyi","covar","covar_1","PLN_ZIvar","StARS","0.32","0.1060675","0.419162888494525","0.055","0.02","0.286","0.038","25.3523933887482"
"411","11","300","20","erdos_renyi","covar","covar_1","PLN_ZIvar","BIC","0.32","0.1060675","0.419189887030069","0","0",NA,"0","40.4050257205963"
"412","12","300","20","erdos_renyi","covar","covar_1","PLN","StARS","0.33","0.0907915","0.465299219742889","0.137","0.032","0.188","0.054","23.4000980854034"
"413","12","300","20","erdos_renyi","covar","covar_1","PLN","BIC","0.33","0.0907915","0.46503186395296","0","0",NA,"0","23.4000980854034"
"414","12","300","20","erdos_renyi","covar","covar_1","ZIPLN","StARS","0.24","0.0011735","0.649281888254381","0.032","0.032","0.5","0.059","3.75416352748871"
"415","12","300","20","erdos_renyi","covar","covar_1","ZIPLN","BIC","0.24","0.0011735","0.649763880612395","0","0",NA,"0","3.75416352748871"
"416","12","300","20","erdos_renyi","covar","covar_1","PLN_ZIvar","StARS","0.33","0.102329","0.468018313747645","0.021","0.084","0.8","0.152","23.4000980854034"
"417","12","300","20","erdos_renyi","covar","covar_1","PLN_ZIvar","BIC","0.33","0.102329","0.467974889223541","0","0",NA,"0","28.9355657100677"
"418","13","300","20","erdos_renyi","covar","covar_1","PLN","StARS","0.33","0.07374","0.451237074270382","0.141","0.061","0.316","0.103","24.6033186912537"
"419","13","300","20","erdos_renyi","covar","covar_1","PLN","BIC","0.33","0.07374","0.451285320671596","0.022","0.01","0.333","0.02","24.6033186912537"
"420","13","300","20","erdos_renyi","covar","covar_1","ZIPLN","StARS","0.26","0.0011305","0.649665169996228","0.054","0.051","0.5","0.093","3.08887570301692"
"421","13","300","20","erdos_renyi","covar","covar_1","ZIPLN","BIC","0.26","0.0011305","0.654360496512893","0","0",NA,"0","3.08887570301692"
"422","13","300","20","erdos_renyi","covar","covar_1","PLN_ZIvar","StARS","0.32","0.046064","0.461662945768528","0.065","0.071","0.538","0.126","24.6033186912537"
"423","13","300","20","erdos_renyi","covar","covar_1","PLN_ZIvar","BIC","0.32","0.046064","0.461764120580287","0","0",NA,"0","28.0634882450104"
"424","14","300","20","erdos_renyi","covar","covar_1","PLN","StARS","0.32","0.116764","0.406117231574524","0.206","0.032","0.13","0.052","19.1916229724884"
"425","14","300","20","erdos_renyi","covar","covar_1","PLN","BIC","0.32","0.116764","0.404941565522101","0","0",NA,"0","19.1916229724884"
"426","14","300","20","erdos_renyi","covar","covar_1","ZIPLN","StARS","0.23","6.05e-05","0.610698080932624","0.021","0.011","0.333","0.021","2.45127236445745"
"427","14","300","20","erdos_renyi","covar","covar_1","ZIPLN","BIC","0.23","6.05e-05","0.611078933388846","0","0",NA,"0","2.45127236445745"
"428","14","300","20","erdos_renyi","covar","covar_1","PLN_ZIvar","StARS","0.31","0.1094995","0.432204331823651","0.041","0.043","0.5","0.079","19.1916229724884"
"429","14","300","20","erdos_renyi","covar","covar_1","PLN_ZIvar","BIC","0.31","0.1094995","0.432208366237784","0","0",NA,"0","24.7376601696014"
"430","15","300","20","erdos_renyi","covar","covar_1","PLN","StARS","0.32","0.0491425","0.451803901972232","0.172","0.055","0.227","0.088","24.2583243846893"
"431","15","300","20","erdos_renyi","covar","covar_1","PLN","BIC","0.32","0.0491425","0.451799763612047","0.162","0.044","0.2","0.072","24.2583243846893"
"432","15","300","20","erdos_renyi","covar","covar_1","ZIPLN","StARS","0.23","0.000275","0.640853822157677","0.03","0.011","0.25","0.021","2.16658674478531"
"433","15","300","20","erdos_renyi","covar","covar_1","ZIPLN","BIC","0.23","0.000275","0.64173732616728","0","0",NA,"0","2.16658674478531"
"434","15","300","20","erdos_renyi","covar","covar_1","PLN_ZIvar","StARS","0.32","0.0774125","0.454408001802238","0.071","0.044","0.364","0.078","24.2583243846893"
"435","15","300","20","erdos_renyi","covar","covar_1","PLN_ZIvar","BIC","0.32","0.0774125","0.454426620669702","0","0",NA,"0","29.3354225158691"
"436","1","300","20","erdos_renyi","covar","covar_2","PLN","StARS","0.3","0.0586","0.430234846831349","0.289","0.12","0.316","0.174","32.22256731987"
"437","1","300","20","erdos_renyi","covar","covar_2","PLN","BIC","0.3","0.0586","0.425789186907704","0.533","0.24","0.333","0.279","32.22256731987"
"438","1","300","20","erdos_renyi","covar","covar_2","ZIPLN","StARS","0.25","0.05193","0.562974048070867","0.078","0.13","0.65","0.217","3.97161337534587"
"439","1","300","20","erdos_renyi","covar","covar_2","ZIPLN","BIC","0.25","0.05193","0.577037169355173","0","0",NA,"0","3.97161337534587"
"440","1","300","20","erdos_renyi","covar","covar_2","PLN_ZIvar","StARS","0.27","0.06905","0.539076908410832","0.089","0.15","0.652","0.244","32.22256731987"
"441","1","300","20","erdos_renyi","covar","covar_2","PLN_ZIvar","BIC","0.27","0.06905","0.538456022141564","0","0",NA,"0","31.2184948921204"
"442","2","300","20","erdos_renyi","covar","covar_2","PLN","StARS","0.31","0.0441475","0.417750072430179","0.389","0.158","0.288","0.204","1.27036553621292"
"443","2","300","20","erdos_renyi","covar","covar_2","PLN","BIC","0.31","0.0441475","0.409769289359576","0.421","0.168","0.286","0.212","1.27036553621292"
"444","2","300","20","erdos_renyi","covar","covar_2","ZIPLN","StARS","0.25","0.078708","0.537044615215767","0.063","0.137","0.684","0.228","4.45632614294688"
"445","2","300","20","erdos_renyi","covar","covar_2","ZIPLN","BIC","0.26","0.078708","0.550401516876255","0","0",NA,"0","4.45632614294688"
"446","2","300","20","erdos_renyi","covar","covar_2","PLN_ZIvar","StARS","0.28","0.1059455","0.509812459267226","0.063","0.126","0.667","0.212","1.27036553621292"
"447","2","300","20","erdos_renyi","covar","covar_2","PLN_ZIvar","BIC","0.28","0.1059455","0.509650383222646","0","0",NA,"0","39.1010284423828"
"448","3","300","20","erdos_renyi","covar","covar_2","PLN","StARS","0.29","0.0560545","0.534741566775164","0.143","0.118","0.4","0.182","1.05169860521952"
"449","3","300","20","erdos_renyi","covar","covar_2","PLN","BIC","0.29","0.0560545","0.517374493150914","0.39","0.259","0.349","0.297","1.05169860521952"
"450","3","300","20","erdos_renyi","covar","covar_2","ZIPLN","StARS","0.23","0.069353","0.614220095603737","0.143","0.235","0.571","0.333","4.76196039915085"
"451","3","300","20","erdos_renyi","covar","covar_2","ZIPLN","BIC","0.22","0.069353","0.607497655449996","0.19","0.318","0.574","0.409","4.76196039915085"
"452","3","300","20","erdos_renyi","covar","covar_2","PLN_ZIvar","StARS","0.26","0.0644785","0.587544206906237","0.076","0.153","0.619","0.245","1.05169860521952"
"453","3","300","20","erdos_renyi","covar","covar_2","PLN_ZIvar","BIC","0.26","0.0644785","0.588153135684514","0","0",NA,"0","46.8448119163513"
"454","4","300","20","erdos_renyi","covar","covar_2","PLN","StARS","0.32","0.047815","0.453377408674765","0.405","0.151","0.32","0.205","1.17132753928502"
"455","4","300","20","erdos_renyi","covar","covar_2","PLN","BIC","0.32","0.047815","0.440866112032089","0.5","0.208","0.344","0.259","1.17132753928502"
"456","4","300","20","erdos_renyi","covar","covar_2","ZIPLN","StARS","0.37","0.0447","0.557620185913886","0.262","0.34","0.621","0.439","4.14958318471909"
"457","4","300","20","erdos_renyi","covar","covar_2","ZIPLN","BIC","0.37","0.0447","0.557620185913886","0.262","0.34","0.621","0.439","4.14958318471909"
"458","4","300","20","erdos_renyi","covar","covar_2","PLN_ZIvar","StARS","0.29","0.031593","0.516420421112938","0.202","0.292","0.646","0.403","1.17132753928502"
"459","4","300","20","erdos_renyi","covar","covar_2","PLN_ZIvar","BIC","0.28","0.031593","0.506643249551706","0.226","0.349","0.661","0.457","42.0505044460297"
"460","5","300","20","erdos_renyi","covar","covar_2","PLN","StARS","0.32","0.0677365","0.431915001298666","0.261","0.143","0.368","0.206","32.2674994468689"
"461","5","300","20","erdos_renyi","covar","covar_2","PLN","BIC","0.32","0.0677365","0.418121087422943","0.446","0.306","0.423","0.355","32.2674994468689"
"462","5","300","20","erdos_renyi","covar","covar_2","ZIPLN","StARS","0.26","0.081938","0.521743520881989","0.152","0.122","0.462","0.194","1.59013806184133"
"463","5","300","20","erdos_renyi","covar","covar_2","ZIPLN","BIC","0.26","0.081938","0.544381245976561","0","0",NA,"0","1.59013806184133"
"464","5","300","20","erdos_renyi","covar","covar_2","PLN_ZIvar","StARS","0.29","0.11016","0.494637084159265","0.109","0.102","0.5","0.169","32.2674994468689"
"465","5","300","20","erdos_renyi","covar","covar_2","PLN_ZIvar","BIC","0.29","0.11016","0.499402514341568","0","0",NA,"0","21.1232798099518"
"466","6","300","20","erdos_renyi","covar","covar_2","PLN","StARS","0.31","0.02797","0.434250375186513","0.411","0.158","0.278","0.201","37.0778212547302"
"467","6","300","20","erdos_renyi","covar","covar_2","PLN","BIC","0.31","0.02797","0.434250375186513","0.411","0.158","0.278","0.201","37.0778212547302"
"468","6","300","20","erdos_renyi","covar","covar_2","ZIPLN","StARS","0.24","0.0181965","0.572281471708315","0.168","0.242","0.59","0.343","2.56727446715037"
"469","6","300","20","erdos_renyi","covar","covar_2","ZIPLN","BIC","0.25","0.0181965","0.573525258753583","0.063","0.095","0.6","0.164","2.56727446715037"
"470","6","300","20","erdos_renyi","covar","covar_2","PLN_ZIvar","StARS","0.28","0.034228","0.540448782502631","0.126","0.211","0.625","0.315","37.0778212547302"
"471","6","300","20","erdos_renyi","covar","covar_2","PLN_ZIvar","BIC","0.28","0.034228","0.541381503369908","0.011","0","0","0","23.2543320655823"
"472","7","300","20","erdos_renyi","covar","covar_2","PLN","StARS","0.31","0.0552315","0.488791557441766","0.174","0.029","0.167","0.049","1.27136016289393"
"473","7","300","20","erdos_renyi","covar","covar_2","PLN","BIC","0.32","0.0552315","0.444041650572884","0.395","0.231","0.414","0.296","1.27136016289393"
"474","7","300","20","erdos_renyi","covar","covar_2","ZIPLN","StARS","0.26","0.0140195","0.552422992553869","0.186","0.183","0.543","0.273","2.39985533555349"
"475","7","300","20","erdos_renyi","covar","covar_2","ZIPLN","BIC","0.26","0.0140195","0.552057100942755","0.186","0.212","0.579","0.31","2.39985533555349"
"476","7","300","20","erdos_renyi","covar","covar_2","PLN_ZIvar","StARS","0.29","0.0183495","0.51164153268511","0.209","0.202","0.538","0.294","1.27136016289393"
"477","7","300","20","erdos_renyi","covar","covar_2","PLN_ZIvar","BIC","0.29","0.0183495","0.511629646256816","0.209","0.212","0.55","0.306","29.3263771533966"
"478","8","300","20","erdos_renyi","covar","covar_2","PLN","StARS","0.31","0.02948","0.46652337596876","0.24","0.222","0.455","0.299","1.18821549018224"
"479","8","300","20","erdos_renyi","covar","covar_2","PLN","BIC","0.31","0.02948","0.46652337596876","0.24","0.222","0.455","0.299","1.18821549018224"
"480","8","300","20","erdos_renyi","covar","covar_2","ZIPLN","StARS","0.23","0.016765","0.574349565059475","0.16","0.222","0.556","0.317","2.26801688671112"
"481","8","300","20","erdos_renyi","covar","covar_2","ZIPLN","BIC","0.23","0.016765","0.575142388699926","0.15","0.178","0.516","0.264","2.26801688671112"
"482","8","300","20","erdos_renyi","covar","covar_2","PLN_ZIvar","StARS","0.28","0.01221","0.533230314271439","0.11","0.167","0.577","0.259","1.18821549018224"
"483","8","300","20","erdos_renyi","covar","covar_2","PLN_ZIvar","BIC","0.28","0.01221","0.539445725385723","0","0.011","1","0.022","22.4067718982697"
"484","9","300","20","erdos_renyi","covar","covar_2","PLN","StARS","0.28","0.0338535","0.387922169039312","0.411","0.12","0.185","0.146","40.1166269779205"
"485","9","300","20","erdos_renyi","covar","covar_2","PLN","BIC","0.28","0.0338535","0.388666448696748","0.458","0.169","0.222","0.192","40.1166269779205"
"486","9","300","20","erdos_renyi","covar","covar_2","ZIPLN","StARS","0.23","0.040975","0.499356294909371","0.187","0.253","0.512","0.339","2.23485256433487"
"487","9","300","20","erdos_renyi","covar","covar_2","ZIPLN","BIC","0.23","0.040975","0.503132877521348","0.121","0.169","0.519","0.255","2.23485256433487"
"488","9","300","20","erdos_renyi","covar","covar_2","PLN_ZIvar","StARS","0.26","0.0635805","0.469153224332049","0.112","0.157","0.52","0.241","40.1166269779205"
"489","9","300","20","erdos_renyi","covar","covar_2","PLN_ZIvar","BIC","0.26","0.0635805","0.468900891830523","0","0",NA,"0","23.5825629234314"
"490","10","300","20","erdos_renyi","covar","covar_2","PLN","StARS","0.3","0.046977","0.40483978272546","0.406","0.157","0.255","0.194","18.8941946029663"
"491","10","300","20","erdos_renyi","covar","covar_2","PLN","BIC","0.3","0.046977","0.405425987263857","0.495","0.236","0.296","0.262","18.8941946029663"
"492","10","300","20","erdos_renyi","covar","covar_2","ZIPLN","StARS","0.24","0.067176","0.561285231796921","0.109","0.169","0.577","0.261","1.56308078368505"
"493","10","300","20","erdos_renyi","covar","covar_2","ZIPLN","BIC","0.24","0.067176","0.565370603078637","0.079","0.112","0.556","0.187","1.56308078368505"
"494","10","300","20","erdos_renyi","covar","covar_2","PLN_ZIvar","StARS","0.27","0.0977735","0.51328616279735","0.099","0.169","0.6","0.263","18.8941946029663"
"495","10","300","20","erdos_renyi","covar","covar_2","PLN_ZIvar","BIC","0.27","0.0977735","0.513381295539992","0","0",NA,"0","17.6065104007721"
"496","11","300","20","erdos_renyi","covar","covar_2","PLN","StARS","0.34","0.048164","0.438795193087278","0.351","0.135","0.283","0.183","39.3827135562897"
"497","11","300","20","erdos_renyi","covar","covar_2","PLN","BIC","0.33","0.048164","0.42963198943594","0.5","0.219","0.309","0.256","39.3827135562897"
"498","11","300","20","erdos_renyi","covar","covar_2","ZIPLN","StARS","0.25","0.048287","0.564121770464227","0.202","0.198","0.5","0.284","2.27133869330088"
"499","11","300","20","erdos_renyi","covar","covar_2","ZIPLN","BIC","0.24","0.048287","0.559958659562154","0.202","0.25","0.558","0.345","2.27133869330088"
"500","11","300","20","erdos_renyi","covar","covar_2","PLN_ZIvar","StARS","0.29","0.055901","0.526363516427401","0.149","0.198","0.576","0.295","39.3827135562897"
"501","11","300","20","erdos_renyi","covar","covar_2","PLN_ZIvar","BIC","0.3","0.055901","0.53984194629598","0.011","0","0","0","23.3089458942413"
"502","12","300","20","erdos_renyi","covar","covar_2","PLN","StARS","0.3","0.0606695","0.397554330071861","0.238","0.157","0.368","0.22","1.06217575867971"
"503","12","300","20","erdos_renyi","covar","covar_2","PLN","BIC","0.29","0.0606695","0.382499780078069","0.406","0.292","0.388","0.333","1.06217575867971"
"504","12","300","20","erdos_renyi","covar","covar_2","ZIPLN","StARS","0.24","0.081011","0.511179181451678","0.099","0.124","0.524","0.2","2.37163682778676"
"505","12","300","20","erdos_renyi","covar","covar_2","ZIPLN","BIC","0.24","0.081011","0.520689543481167","0.04","0.056","0.556","0.102","2.37163682778676"
"506","12","300","20","erdos_renyi","covar","covar_2","PLN_ZIvar","StARS","0.26","0.084211","0.491618410800621","0.079","0.112","0.556","0.187","1.06217575867971"
"507","12","300","20","erdos_renyi","covar","covar_2","PLN_ZIvar","BIC","0.26","0.084211","0.491573141478589","0","0",NA,"0","25.0876822471619"
"508","13","300","20","erdos_renyi","covar","covar_2","PLN","StARS","0.32","0.064222","0.461237832386218","0.35","0.173","0.404","0.242","25.0473303794861"
"509","13","300","20","erdos_renyi","covar","covar_2","PLN","BIC","0.31","0.064222","0.459212245493759","0.512","0.264","0.414","0.322","25.0473303794861"
"510","13","300","20","erdos_renyi","covar","covar_2","ZIPLN","StARS","0.27","0.1246295","0.583262113394239","0.138","0.073","0.421","0.124","1.56419067780177"
"511","13","300","20","erdos_renyi","covar","covar_2","ZIPLN","BIC","0.25","0.1246295","0.548556406806751","0.512","0.4","0.518","0.451","1.56419067780177"
"512","13","300","20","erdos_renyi","covar","covar_2","PLN_ZIvar","StARS","0.29","0.1376725","0.555669389883137","0.1","0.045","0.385","0.081","25.0473303794861"
"513","13","300","20","erdos_renyi","covar","covar_2","PLN_ZIvar","BIC","0.29","0.1376725","0.556473545918637","0","0",NA,"0","23.3093776702881"
"514","14","300","20","erdos_renyi","covar","covar_2","PLN","StARS","0.31","0.0542755","0.436445949098163","0.293","0.112","0.289","0.162","45.8027086257935"
"515","14","300","20","erdos_renyi","covar","covar_2","PLN","BIC","0.31","0.0542755","0.428291483126097","0.5","0.316","0.403","0.354","45.8027086257935"
"516","14","300","20","erdos_renyi","covar","covar_2","ZIPLN","StARS","0.24","0.0353325","0.561654957389383","0.13","0.235","0.657","0.346","2.21301259994507"
"517","14","300","20","erdos_renyi","covar","covar_2","ZIPLN","BIC","0.24","0.0353325","0.585984600018813","0.043","0","0","0","2.21301259994507"
"518","14","300","20","erdos_renyi","covar","covar_2","PLN_ZIvar","StARS","0.27","0.0652645","0.537075866992712","0.087","0.082","0.5","0.14","45.8027086257935"
"519","14","300","20","erdos_renyi","covar","covar_2","PLN_ZIvar","BIC","0.28","0.0652645","0.537162960933007","0","0",NA,"0","23.3096327781677"
"520","15","300","20","erdos_renyi","covar","covar_2","PLN","StARS","0.3","0.0683275","0.498713603079512","0.193","0.075","0.333","0.122","36.5850446224213"
"521","15","300","20","erdos_renyi","covar","covar_2","PLN","BIC","0.31","0.0683275","0.474969432515484","0.53","0.299","0.421","0.35","36.5850446224213"
"522","15","300","20","erdos_renyi","covar","covar_2","ZIPLN","StARS","0.25","0.033514","0.576003877219116","0.157","0.131","0.519","0.209","2.33128389914831"
"523","15","300","20","erdos_renyi","covar","covar_2","ZIPLN","BIC","0.25","0.033514","0.59101137217669","0.036","0.028","0.5","0.053","2.33128389914831"
"524","15","300","20","erdos_renyi","covar","covar_2","PLN_ZIvar","StARS","0.28","0.066642","0.541784053587742","0.108","0.112","0.571","0.187","36.5850446224213"
"525","15","300","20","erdos_renyi","covar","covar_2","PLN_ZIvar","BIC","0.28","0.066642","0.541884017101155","0","0",NA,"0","23.3315641880035"
"526","1","300","20","erdos_renyi","covar","covar_3","PLN","StARS","0.3","0.04198","0.431763252322023","0.33","0.156","0.298","0.204","1.05148043632507"
"527","1","300","20","erdos_renyi","covar","covar_3","PLN","BIC","0.3","0.04198","0.419285240672472","0.46","0.256","0.333","0.289","1.05148043632507"
"528","1","300","20","erdos_renyi","covar","covar_3","ZIPLN","StARS","0.23","0.10299","0.562251365503962","0.06","0.178","0.727","0.286","2.39902311960856"
"529","1","300","20","erdos_renyi","covar","covar_3","ZIPLN","BIC","0.24","0.10299","0.577546021929904","0","0",NA,"0","2.39902311960856"
"530","1","300","20","erdos_renyi","covar","covar_3","PLN_ZIvar","StARS","0.25","0.117455","0.559220944755163","0.05","0.144","0.722","0.241","1.05148043632507"
"531","1","300","20","erdos_renyi","covar","covar_3","PLN_ZIvar","BIC","0.25","0.117455","0.55909589519245","0","0",NA,"0","19.9003281593323"
"532","2","300","20","erdos_renyi","covar","covar_3","PLN","StARS","0.3","0.0176825","0.436740778246055","0.424","0.121","0.208","0.153","49.3307902812958"
"533","2","300","20","erdos_renyi","covar","covar_3","PLN","BIC","0.3","0.0176825","0.436740778246055","0.424","0.121","0.208","0.153","49.3307902812958"
"534","2","300","20","erdos_renyi","covar","covar_3","ZIPLN","StARS","0.24","0.0403315","0.532747411167189","0.192","0.33","0.612","0.429","4.04632149537404"
"535","2","300","20","erdos_renyi","covar","covar_3","ZIPLN","BIC","0.24","0.0403315","0.533162416932923","0.212","0.33","0.588","0.423","4.04632149537404"
"536","2","300","20","erdos_renyi","covar","covar_3","PLN_ZIvar","StARS","0.26","0.041074","0.524261765066693","0.182","0.264","0.571","0.361","49.3307902812958"
"537","2","300","20","erdos_renyi","covar","covar_3","PLN_ZIvar","BIC","0.26","0.041074","0.51000473394403","0.192","0.308","0.596","0.406","32.7090547084808"
"538","3","300","20","erdos_renyi","covar","covar_3","PLN","StARS","0.31","0.049145","0.487652043017015","0.167","0.03","0.167","0.051","57.2976410388947"
"539","3","300","20","erdos_renyi","covar","covar_3","PLN","BIC","0.31","0.049145","0.449575458415172","0.478","0.29","0.403","0.337","57.2976410388947"
"540","3","300","20","erdos_renyi","covar","covar_3","ZIPLN","StARS","0.25","0.043315","0.561878707159381","0.167","0.16","0.516","0.244","2.12296508948008"
"541","3","300","20","erdos_renyi","covar","covar_3","ZIPLN","BIC","0.25","0.043315","0.561878707159381","0.167","0.16","0.516","0.244","2.12296508948008"
"542","3","300","20","erdos_renyi","covar","covar_3","PLN_ZIvar","StARS","0.27","0.055775","0.573327466875084","0.122","0.1","0.476","0.165","57.2976410388947"
"543","3","300","20","erdos_renyi","covar","covar_3","PLN_ZIvar","BIC","0.27","0.055775","0.573710515362179","0","0",NA,"0","23.3842806816101"
"544","4","300","20","erdos_renyi","covar","covar_3","PLN","StARS","0.31","0.034122","0.49400670706176","0.121","0.141","0.56","0.226","44.5971848964691"
"545","4","300","20","erdos_renyi","covar","covar_3","PLN","BIC","0.31","0.034122","0.482384603239024","0.231","0.273","0.562","0.367","44.5971848964691"
"546","4","300","20","erdos_renyi","covar","covar_3","ZIPLN","StARS","0.26","0.0164505","0.564586980301927","0.154","0.222","0.611","0.326","3.40777632792791"
"547","4","300","20","erdos_renyi","covar","covar_3","ZIPLN","BIC","0.27","0.0164505","0.595592936863512","0","0",NA,"0","3.40777632792791"
"548","4","300","20","erdos_renyi","covar","covar_3","PLN_ZIvar","StARS","0.27","0.03322","0.554676978116741","0.121","0.152","0.577","0.24","44.5971848964691"
"549","4","300","20","erdos_renyi","covar","covar_3","PLN_ZIvar","BIC","0.28","0.03322","0.555135325503257","0","0",NA,"0","31.9114997386932"
"550","5","300","20","erdos_renyi","covar","covar_3","PLN","StARS","0.3","0.0494615","0.468245977647539","0.202","0.077","0.259","0.119","1.15152949889501"
"551","5","300","20","erdos_renyi","covar","covar_3","PLN","BIC","0.29","0.0494615","0.461641096730437","0.394","0.209","0.328","0.255","1.15152949889501"
"552","5","300","20","erdos_renyi","covar","covar_3","ZIPLN","StARS","0.23","0.031603","0.549849177068601","0.141","0.297","0.659","0.409","3.20692333380381"
"553","5","300","20","erdos_renyi","covar","covar_3","ZIPLN","BIC","0.24","0.031603","0.548839711148603","0.101","0.242","0.688","0.358","3.20692333380381"
"554","5","300","20","erdos_renyi","covar","covar_3","PLN_ZIvar","StARS","0.25","0.035596","0.545446201250935","0.121","0.275","0.676","0.391","1.15152949889501"
"555","5","300","20","erdos_renyi","covar","covar_3","PLN_ZIvar","BIC","0.25","0.035596","0.535140277962458","0.141","0.308","0.667","0.421","37.7382438182831"
"556","6","300","20","erdos_renyi","covar","covar_3","PLN","StARS","0.29","0.0281265","0.43281897239289","0.333","0.196","0.38","0.259","1.22299220959345"
"557","6","300","20","erdos_renyi","covar","covar_3","PLN","BIC","0.29","0.0281265","0.43281897239289","0.333","0.196","0.38","0.259","1.22299220959345"
"558","6","300","20","erdos_renyi","covar","covar_3","ZIPLN","StARS","0.24","0.0642425","0.547653667779096","0.161","0.186","0.545","0.277","2.66938068072001"
"559","6","300","20","erdos_renyi","covar","covar_3","ZIPLN","BIC","0.24","0.0642425","0.547653667779096","0.161","0.186","0.545","0.277","2.66938068072001"
"560","6","300","20","erdos_renyi","covar","covar_3","PLN_ZIvar","StARS","0.26","0.0896185","0.554598031095644","0.129","0.165","0.571","0.256","1.22299220959345"
"561","6","300","20","erdos_renyi","covar","covar_3","PLN_ZIvar","BIC","0.26","0.0896185","0.554999697217744","0","0",NA,"0","33.0435388088226"
"562","7","300","20","erdos_renyi","covar","covar_3","PLN","StARS","0.31","0.071208","0.521380786869778","0.165","0.063","0.35","0.107","38.3097968101501"
"563","7","300","20","erdos_renyi","covar","covar_3","PLN","BIC","0.31","0.071208","0.493874710749293","0.367","0.288","0.525","0.372","38.3097968101501"
"564","7","300","20","erdos_renyi","covar","covar_3","ZIPLN","StARS","0.25","0.037593","0.587338591351146","0.241","0.207","0.548","0.301","2.00309825340907"
"565","7","300","20","erdos_renyi","covar","covar_3","ZIPLN","BIC","0.25","0.037593","0.590790626500336","0.165","0.144","0.552","0.229","2.00309825340907"
"566","7","300","20","erdos_renyi","covar","covar_3","PLN_ZIvar","StARS","0.27","0.0395865","0.583419673752633","0.19","0.171","0.559","0.262","38.3097968101501"
"567","7","300","20","erdos_renyi","covar","covar_3","PLN_ZIvar","BIC","0.27","0.0395865","0.576490673132131","0.228","0.216","0.571","0.314","23.8158259391785"
"568","8","300","20","erdos_renyi","covar","covar_3","PLN","StARS","0.31","0.0685285","0.381796441139349","0.463","0.295","0.389","0.335","1.65251451730728"
"569","8","300","20","erdos_renyi","covar","covar_3","PLN","BIC","0.31","0.0685285","0.381796441139349","0.463","0.295","0.389","0.335","1.65251451730728"
"570","8","300","20","erdos_renyi","covar","covar_3","ZIPLN","StARS","0.24","0.045796","0.528995884817306","0.211","0.263","0.556","0.357","3.16523044506709"
"571","8","300","20","erdos_renyi","covar","covar_3","ZIPLN","BIC","0.25","0.045796","0.554007065481087","0","0",NA,"0","3.16523044506709"
"572","8","300","20","erdos_renyi","covar","covar_3","PLN_ZIvar","StARS","0.26","0.0716815","0.526354046505974","0.137","0.168","0.552","0.258","1.65251451730728"
"573","8","300","20","erdos_renyi","covar","covar_3","PLN_ZIvar","BIC","0.27","0.0716815","0.527158307286906","0","0",NA,"0","35.5288851261139"
"574","9","300","20","erdos_renyi","covar","covar_3","PLN","StARS","0.31","0.024784","0.445223965918691","0.329","0.248","0.481","0.327","53.9304761886597"
"575","9","300","20","erdos_renyi","covar","covar_3","PLN","BIC","0.31","0.024784","0.445223965918691","0.329","0.248","0.481","0.327","53.9304761886597"
"576","9","300","20","erdos_renyi","covar","covar_3","ZIPLN","StARS","0.25","0.081567","0.566387553483851","0.176","0.267","0.651","0.378","1.44780348539352"
"577","9","300","20","erdos_renyi","covar","covar_3","ZIPLN","BIC","0.25","0.081567","0.565740607645811","0.212","0.267","0.609","0.371","1.44780348539352"
"578","9","300","20","erdos_renyi","covar","covar_3","PLN_ZIvar","StARS","0.27","0.0720525","0.573315239177498","0.188","0.229","0.6","0.331","53.9304761886597"
"579","9","300","20","erdos_renyi","covar","covar_3","PLN_ZIvar","BIC","0.26","0.0720525","0.547211842037146","0.235","0.362","0.655","0.466","23.6100015640259"
"580","10","300","20","erdos_renyi","covar","covar_3","PLN","StARS","0.32","0.032967","0.389385445917693","0.469","0.138","0.224","0.171","49.2672431468964"
"581","10","300","20","erdos_renyi","covar","covar_3","PLN","BIC","0.32","0.032967","0.389385445917693","0.469","0.138","0.224","0.171","49.2672431468964"
"582","10","300","20","erdos_renyi","covar","covar_3","ZIPLN","StARS","0.25","0.0781265","0.501805804297185","0.26","0.383","0.59","0.465","4.11070223649343"
"583","10","300","20","erdos_renyi","covar","covar_3","ZIPLN","BIC","0.24","0.0781265","0.499818300128899","0.323","0.415","0.557","0.476","4.11070223649343"
"584","10","300","20","erdos_renyi","covar","covar_3","PLN_ZIvar","StARS","0.28","0.101561","0.516321340858999","0.115","0.128","0.522","0.205","49.2672431468964"
"585","10","300","20","erdos_renyi","covar","covar_3","PLN_ZIvar","BIC","0.28","0.101561","0.516620134484632","0","0",NA,"0","34.3540472984314"
"586","11","300","20","erdos_renyi","covar","covar_3","PLN","StARS","0.34","0.026885","0.485323561868561","0.444","0.15","0.273","0.194","2.03433454434077"
"587","11","300","20","erdos_renyi","covar","covar_3","PLN","BIC","0.34","0.026885","0.475775438963657","0.456","0.17","0.293","0.215","2.03433454434077"
"588","11","300","20","erdos_renyi","covar","covar_3","ZIPLN","StARS","0.27","0.112135","0.60255550345061","0.167","0.14","0.483","0.217","3.05039505958557"
"589","11","300","20","erdos_renyi","covar","covar_3","ZIPLN","BIC","0.26","0.112135","0.57605623570147","0.389","0.36","0.507","0.421","3.05039505958557"
"590","11","300","20","erdos_renyi","covar","covar_3","PLN_ZIvar","StARS","0.3","0.111785","0.603749485187746","0.089","0.06","0.429","0.105","2.03433454434077"
"591","11","300","20","erdos_renyi","covar","covar_3","PLN_ZIvar","BIC","0.3","0.111785","0.603881537657541","0","0",NA,"0","51.6355531215668"
"592","12","300","20","erdos_renyi","covar","covar_3","PLN","StARS","0.31","0.0441945","0.458683022787456","0.479","0.213","0.303","0.25","1.70906504789988"
"593","12","300","20","erdos_renyi","covar","covar_3","PLN","BIC","0.31","0.0441945","0.458683022787456","0.479","0.213","0.303","0.25","1.70906504789988"
"594","12","300","20","erdos_renyi","covar","covar_3","ZIPLN","StARS","0.23","0.068251","0.591816235695375","0.188","0.266","0.581","0.365","2.89320435126623"
"595","12","300","20","erdos_renyi","covar","covar_3","ZIPLN","BIC","0.23","0.068251","0.590362606723933","0.198","0.266","0.568","0.362","2.89320435126623"
"596","12","300","20","erdos_renyi","covar","covar_3","PLN_ZIvar","StARS","0.26","0.0656065","0.581934273467417","0.135","0.149","0.519","0.231","1.70906504789988"
"597","12","300","20","erdos_renyi","covar","covar_3","PLN_ZIvar","BIC","0.26","0.0656065","0.593061585793796","0.01","0","0","0","40.5644652843475"
"598","13","300","20","erdos_renyi","covar","covar_3","PLN","StARS","0.3","0.034917","0.466941531108044","0.353","0.182","0.308","0.229","49.0412437915802"
"599","13","300","20","erdos_renyi","covar","covar_3","PLN","BIC","0.3","0.034917","0.466927426170878","0.284","0.136","0.293","0.186","49.0412437915802"
"600","13","300","20","erdos_renyi","covar","covar_3","ZIPLN","StARS","0.24","0.0652125","0.581075810745345","0.078","0.114","0.556","0.189","1.94629234870275"
"601","13","300","20","erdos_renyi","covar","covar_3","ZIPLN","BIC","0.24","0.0652125","0.583282166664884","0.049","0.102","0.643","0.176","1.94629234870275"
"602","13","300","20","erdos_renyi","covar","covar_3","PLN_ZIvar","StARS","0.25","0.0456225","0.571610780611087","0.118","0.136","0.5","0.214","49.0412437915802"
"603","13","300","20","erdos_renyi","covar","covar_3","PLN_ZIvar","BIC","0.26","0.0456225","0.571722572272172","0","0",NA,"0","21.847639799118"
"604","14","300","20","erdos_renyi","covar","covar_3","PLN","StARS","0.31","0.0645235","0.417097629186969","0.379","0.263","0.41","0.321","26.1440660953522"
"605","14","300","20","erdos_renyi","covar","covar_3","PLN","BIC","0.3","0.0645235","0.416695701339962","0.474","0.305","0.392","0.343","26.1440660953522"
"606","14","300","20","erdos_renyi","covar","covar_3","ZIPLN","StARS","0.25","0.045941","0.526226588548836","0.2","0.242","0.548","0.336","1.98619451125463"
"607","14","300","20","erdos_renyi","covar","covar_3","ZIPLN","BIC","0.24","0.045941","0.527790084120587","0.295","0.337","0.533","0.413","1.98619451125463"
"608","14","300","20","erdos_renyi","covar","covar_3","PLN_ZIvar","StARS","0.27","0.05869","0.543433335118168","0.126","0.137","0.52","0.217","26.1440660953522"
"609","14","300","20","erdos_renyi","covar","covar_3","PLN_ZIvar","BIC","0.26","0.05869","0.516027673310003","0.347","0.295","0.459","0.359","20.196995973587"
"610","15","300","20","erdos_renyi","covar","covar_3","PLN","StARS","0.32","0.02402","0.418018466825727","0.261","0.204","0.455","0.282","44.1039838790894"
"611","15","300","20","erdos_renyi","covar","covar_3","PLN","BIC","0.32","0.02402","0.418018466825727","0.261","0.204","0.455","0.282","44.1039838790894"
"612","15","300","20","erdos_renyi","covar","covar_3","ZIPLN","StARS","0.25","0.0346035","0.524292398704146","0.13","0.184","0.6","0.281","2.81489903132121"
"613","15","300","20","erdos_renyi","covar","covar_3","ZIPLN","BIC","0.25","0.0346035","0.535755904313665","0.043","0.071","0.636","0.128","2.81489903132121"
"614","15","300","20","erdos_renyi","covar","covar_3","PLN_ZIvar","StARS","0.27","0.0610605","0.519472156958184","0.065","0.143","0.7","0.237","44.1039838790894"
"615","15","300","20","erdos_renyi","covar","covar_3","PLN_ZIvar","BIC","0.27","0.0610605","0.528610918787582","0","0",NA,"0","24.233909368515"
