"","simu","n","p","omega_structure","zi_type","zi_config","method","criterion","omega_rmse","AUC","rmse_fit","fallout","recall","precision","f1_score","time"
"1","1","300","20","erdos_renyi","sites","sites_1","PLN","BIC","0.04","0.7711875","0.628083315734221","0.005","0.625","0.833","0.714","2.87833762168884"
"2","2","300","20","erdos_renyi","sites","sites_1","PLN","BIC","0.04","0.8057055","0.636063360467343","0.016","0.833","0.625","0.714","2.973881483078"
"3","3","300","20","erdos_renyi","sites","sites_1","PLN","BIC","0.06","0.6477","0.662320621561596","0.106","1","0.345","0.513","2.59078454971313"
"4","Error in if ((convergence[iter] < config$ftol_out) | (iter >= config$maxit_out)) cond <- TRUE : 
  valeur manquante là où TRUE / FALSE est requis
","Error in if ((convergence[iter] < config$ftol_out) | (iter >= config$maxit_out)) cond <- TRUE : 
  valeur manquante là où TRUE / FALSE est requis
","Error in if ((convergence[iter] < config$ftol_out) | (iter >= config$maxit_out)) cond <- TRUE : 
  valeur manquante là où TRUE / FALSE est requis
","Error in if ((convergence[iter] < config$ftol_out) | (iter >= config$maxit_out)) cond <- TRUE : 
  valeur manquante là où TRUE / FALSE est requis
","Error in if ((convergence[iter] < config$ftol_out) | (iter >= config$maxit_out)) cond <- TRUE : 
  valeur manquante là où TRUE / FALSE est requis
","Error in if ((convergence[iter] < config$ftol_out) | (iter >= config$maxit_out)) cond <- TRUE : 
  valeur manquante là où TRUE / FALSE est requis
","Error in if ((convergence[iter] < config$ftol_out) | (iter >= config$maxit_out)) cond <- TRUE : 
  valeur manquante là où TRUE / FALSE est requis
","Error in if ((convergence[iter] < config$ftol_out) | (iter >= config$maxit_out)) cond <- TRUE : 
  valeur manquante là où TRUE / FALSE est requis
","Error in if ((convergence[iter] < config$ftol_out) | (iter >= config$maxit_out)) cond <- TRUE : 
  valeur manquante là où TRUE / FALSE est requis
","Error in if ((convergence[iter] < config$ftol_out) | (iter >= config$maxit_out)) cond <- TRUE : 
  valeur manquante là où TRUE / FALSE est requis
","Error in if ((convergence[iter] < config$ftol_out) | (iter >= config$maxit_out)) cond <- TRUE : 
  valeur manquante là où TRUE / FALSE est requis
","Error in if ((convergence[iter] < config$ftol_out) | (iter >= config$maxit_out)) cond <- TRUE : 
  valeur manquante là où TRUE / FALSE est requis
","Error in if ((convergence[iter] < config$ftol_out) | (iter >= config$maxit_out)) cond <- TRUE : 
  valeur manquante là où TRUE / FALSE est requis
","Error in if ((convergence[iter] < config$ftol_out) | (iter >= config$maxit_out)) cond <- TRUE : 
  valeur manquante là où TRUE / FALSE est requis
","Error in if ((convergence[iter] < config$ftol_out) | (iter >= config$maxit_out)) cond <- TRUE : 
  valeur manquante là où TRUE / FALSE est requis
","Error in if ((convergence[iter] < config$ftol_out) | (iter >= config$maxit_out)) cond <- TRUE : 
  valeur manquante là où TRUE / FALSE est requis
"
"5","5","300","20","erdos_renyi","sites","sites_1","PLN","BIC","0.04","0.795","0.610266356058203","0.011","1","0.714","0.833","2.60880994796753"
"6","6","300","20","erdos_renyi","sites","sites_1","PLN","BIC","0.11","0.348421","160.20472146656","0.489","0.786","0.113","0.198","8.6319477558136"
"7","7","300","20","erdos_renyi","sites","sites_1","PLN","BIC","0.13","0.412097","5478969948.93633","0.546","1","0.065","0.123","18.2548174858093"
"8","8","300","20","erdos_renyi","sites","sites_1","PLN","BIC","0.08","0.5986185","1442.57783204325","0.377","1","0.092","0.169","3.45233678817749"
"9","9","300","20","erdos_renyi","sites","sites_1","PLN","BIC","0.05","0.5245","0.614299068459219","0","0.6","1","0.75","3.12006592750549"
"10","Error in if ((convergence[iter] < config$ftol_out) | (iter >= config$maxit_out)) cond <- TRUE : 
  valeur manquante là où TRUE / FALSE est requis
","Error in if ((convergence[iter] < config$ftol_out) | (iter >= config$maxit_out)) cond <- TRUE : 
  valeur manquante là où TRUE / FALSE est requis
","Error in if ((convergence[iter] < config$ftol_out) | (iter >= config$maxit_out)) cond <- TRUE : 
  valeur manquante là où TRUE / FALSE est requis
","Error in if ((convergence[iter] < config$ftol_out) | (iter >= config$maxit_out)) cond <- TRUE : 
  valeur manquante là où TRUE / FALSE est requis
","Error in if ((convergence[iter] < config$ftol_out) | (iter >= config$maxit_out)) cond <- TRUE : 
  valeur manquante là où TRUE / FALSE est requis
","Error in if ((convergence[iter] < config$ftol_out) | (iter >= config$maxit_out)) cond <- TRUE : 
  valeur manquante là où TRUE / FALSE est requis
","Error in if ((convergence[iter] < config$ftol_out) | (iter >= config$maxit_out)) cond <- TRUE : 
  valeur manquante là où TRUE / FALSE est requis
","Error in if ((convergence[iter] < config$ftol_out) | (iter >= config$maxit_out)) cond <- TRUE : 
  valeur manquante là où TRUE / FALSE est requis
","Error in if ((convergence[iter] < config$ftol_out) | (iter >= config$maxit_out)) cond <- TRUE : 
  valeur manquante là où TRUE / FALSE est requis
","Error in if ((convergence[iter] < config$ftol_out) | (iter >= config$maxit_out)) cond <- TRUE : 
  valeur manquante là où TRUE / FALSE est requis
","Error in if ((convergence[iter] < config$ftol_out) | (iter >= config$maxit_out)) cond <- TRUE : 
  valeur manquante là où TRUE / FALSE est requis
","Error in if ((convergence[iter] < config$ftol_out) | (iter >= config$maxit_out)) cond <- TRUE : 
  valeur manquante là où TRUE / FALSE est requis
","Error in if ((convergence[iter] < config$ftol_out) | (iter >= config$maxit_out)) cond <- TRUE : 
  valeur manquante là où TRUE / FALSE est requis
","Error in if ((convergence[iter] < config$ftol_out) | (iter >= config$maxit_out)) cond <- TRUE : 
  valeur manquante là où TRUE / FALSE est requis
","Error in if ((convergence[iter] < config$ftol_out) | (iter >= config$maxit_out)) cond <- TRUE : 
  valeur manquante là où TRUE / FALSE est requis
","Error in if ((convergence[iter] < config$ftol_out) | (iter >= config$maxit_out)) cond <- TRUE : 
  valeur manquante là où TRUE / FALSE est requis
"
"11","11","300","20","erdos_renyi","sites","sites_1","PLN","BIC","0.05","0.535125","0.627769580271207","0.016","0.75","0.5","0.6","2.74596524238586"
"12","12","300","20","erdos_renyi","sites","sites_1","PLN","BIC","0.07","0.5138125","0.638917835553601","0.011","0.625","0.714","0.667","1.67346811294556"
"13","13","300","20","erdos_renyi","sites","sites_1","PLN","BIC","0.03","0.779875","0.59876652842364","0.011","0.75","0.6","0.667","1.94224429130554"
"14","14","300","20","erdos_renyi","sites","sites_1","PLN","BIC","0.06","0.78","25.1291742943138","0.473","1","0.043","0.083","5.33691835403442"
"15","15","300","20","erdos_renyi","sites","sites_1","PLN","BIC","0.05","0.683751","0.657935552064498","0.027","1","0.545","0.706","2.46541285514832"
"16","Error in if ((convergence[iter] < config$ftol_out) | (iter >= config$maxit_out)) cond <- TRUE : 
  valeur manquante là où TRUE / FALSE est requis
","Error in if ((convergence[iter] < config$ftol_out) | (iter >= config$maxit_out)) cond <- TRUE : 
  valeur manquante là où TRUE / FALSE est requis
","Error in if ((convergence[iter] < config$ftol_out) | (iter >= config$maxit_out)) cond <- TRUE : 
  valeur manquante là où TRUE / FALSE est requis
","Error in if ((convergence[iter] < config$ftol_out) | (iter >= config$maxit_out)) cond <- TRUE : 
  valeur manquante là où TRUE / FALSE est requis
","Error in if ((convergence[iter] < config$ftol_out) | (iter >= config$maxit_out)) cond <- TRUE : 
  valeur manquante là où TRUE / FALSE est requis
","Error in if ((convergence[iter] < config$ftol_out) | (iter >= config$maxit_out)) cond <- TRUE : 
  valeur manquante là où TRUE / FALSE est requis
","Error in if ((convergence[iter] < config$ftol_out) | (iter >= config$maxit_out)) cond <- TRUE : 
  valeur manquante là où TRUE / FALSE est requis
","Error in if ((convergence[iter] < config$ftol_out) | (iter >= config$maxit_out)) cond <- TRUE : 
  valeur manquante là où TRUE / FALSE est requis
","Error in if ((convergence[iter] < config$ftol_out) | (iter >= config$maxit_out)) cond <- TRUE : 
  valeur manquante là où TRUE / FALSE est requis
","Error in if ((convergence[iter] < config$ftol_out) | (iter >= config$maxit_out)) cond <- TRUE : 
  valeur manquante là où TRUE / FALSE est requis
","Error in if ((convergence[iter] < config$ftol_out) | (iter >= config$maxit_out)) cond <- TRUE : 
  valeur manquante là où TRUE / FALSE est requis
","Error in if ((convergence[iter] < config$ftol_out) | (iter >= config$maxit_out)) cond <- TRUE : 
  valeur manquante là où TRUE / FALSE est requis
","Error in if ((convergence[iter] < config$ftol_out) | (iter >= config$maxit_out)) cond <- TRUE : 
  valeur manquante là où TRUE / FALSE est requis
","Error in if ((convergence[iter] < config$ftol_out) | (iter >= config$maxit_out)) cond <- TRUE : 
  valeur manquante là où TRUE / FALSE est requis
","Error in if ((convergence[iter] < config$ftol_out) | (iter >= config$maxit_out)) cond <- TRUE : 
  valeur manquante là où TRUE / FALSE est requis
","Error in if ((convergence[iter] < config$ftol_out) | (iter >= config$maxit_out)) cond <- TRUE : 
  valeur manquante là où TRUE / FALSE est requis
"
"17","17","300","20","erdos_renyi","sites","sites_1","PLN","BIC","0.04","0.677742","0.574650672872585","0","0.667","1","0.8","2.92194247245789"
"18","18","300","20","erdos_renyi","sites","sites_1","PLN","BIC","0.02","0.862","0.544367827734602","0","1","1","1","2.05204319953918"
"19","19","300","20","erdos_renyi","sites","sites_1","PLN","BIC","0.03","0.804","0.610406574732391","0.076","1","0.3","0.462","1.7722601890564"
"20","20","300","20","erdos_renyi","sites","sites_1","PLN","BIC","0.05","0.5607755","0.709547565774869","0.033","0.857","0.5","0.632","1.81849431991577"
"21","21","300","20","erdos_renyi","sites","sites_1","PLN","BIC","0.06","0.5352825","0.872127253138116","0.044","1","0.467","0.636","1.97649765014648"
"22","Error in if ((convergence[iter] < config$ftol_out) | (iter >= config$maxit_out)) cond <- TRUE : 
  valeur manquante là où TRUE / FALSE est requis
","Error in if ((convergence[iter] < config$ftol_out) | (iter >= config$maxit_out)) cond <- TRUE : 
  valeur manquante là où TRUE / FALSE est requis
","Error in if ((convergence[iter] < config$ftol_out) | (iter >= config$maxit_out)) cond <- TRUE : 
  valeur manquante là où TRUE / FALSE est requis
","Error in if ((convergence[iter] < config$ftol_out) | (iter >= config$maxit_out)) cond <- TRUE : 
  valeur manquante là où TRUE / FALSE est requis
","Error in if ((convergence[iter] < config$ftol_out) | (iter >= config$maxit_out)) cond <- TRUE : 
  valeur manquante là où TRUE / FALSE est requis
","Error in if ((convergence[iter] < config$ftol_out) | (iter >= config$maxit_out)) cond <- TRUE : 
  valeur manquante là où TRUE / FALSE est requis
","Error in if ((convergence[iter] < config$ftol_out) | (iter >= config$maxit_out)) cond <- TRUE : 
  valeur manquante là où TRUE / FALSE est requis
","Error in if ((convergence[iter] < config$ftol_out) | (iter >= config$maxit_out)) cond <- TRUE : 
  valeur manquante là où TRUE / FALSE est requis
","Error in if ((convergence[iter] < config$ftol_out) | (iter >= config$maxit_out)) cond <- TRUE : 
  valeur manquante là où TRUE / FALSE est requis
","Error in if ((convergence[iter] < config$ftol_out) | (iter >= config$maxit_out)) cond <- TRUE : 
  valeur manquante là où TRUE / FALSE est requis
","Error in if ((convergence[iter] < config$ftol_out) | (iter >= config$maxit_out)) cond <- TRUE : 
  valeur manquante là où TRUE / FALSE est requis
","Error in if ((convergence[iter] < config$ftol_out) | (iter >= config$maxit_out)) cond <- TRUE : 
  valeur manquante là où TRUE / FALSE est requis
","Error in if ((convergence[iter] < config$ftol_out) | (iter >= config$maxit_out)) cond <- TRUE : 
  valeur manquante là où TRUE / FALSE est requis
","Error in if ((convergence[iter] < config$ftol_out) | (iter >= config$maxit_out)) cond <- TRUE : 
  valeur manquante là où TRUE / FALSE est requis
","Error in if ((convergence[iter] < config$ftol_out) | (iter >= config$maxit_out)) cond <- TRUE : 
  valeur manquante là où TRUE / FALSE est requis
","Error in if ((convergence[iter] < config$ftol_out) | (iter >= config$maxit_out)) cond <- TRUE : 
  valeur manquante là où TRUE / FALSE est requis
"
"23","23","300","20","erdos_renyi","sites","sites_1","PLN","BIC","0.05","0.4510925","0.683598506887806","0.061","0.667","0.353","0.462","3.35302448272705"
"24","24","300","20","erdos_renyi","sites","sites_1","PLN","BIC","0.06","0.77095","0.601496920701512","0.039","0.9","0.562","0.692","2.1100001335144"
"25","25","300","20","erdos_renyi","sites","sites_1","PLN","BIC","0.06","0.634831","0.60549747716698","0.005","0.714","0.833","0.769","1.93779754638672"
"26","26","300","20","erdos_renyi","sites","sites_1","PLN","BIC","0.04","0.7477455","0.567445925996993","0.022","1","0.6","0.75","2.16231679916382"
"27","27","300","20","erdos_renyi","sites","sites_1","PLN","BIC","0.07","0.743875","0.628862113165455","0.033","0.875","0.538","0.667","3.29262518882751"
"28","Error in if ((convergence[iter] < config$ftol_out) | (iter >= config$maxit_out)) cond <- TRUE : 
  valeur manquante là où TRUE / FALSE est requis
","Error in if ((convergence[iter] < config$ftol_out) | (iter >= config$maxit_out)) cond <- TRUE : 
  valeur manquante là où TRUE / FALSE est requis
","Error in if ((convergence[iter] < config$ftol_out) | (iter >= config$maxit_out)) cond <- TRUE : 
  valeur manquante là où TRUE / FALSE est requis
","Error in if ((convergence[iter] < config$ftol_out) | (iter >= config$maxit_out)) cond <- TRUE : 
  valeur manquante là où TRUE / FALSE est requis
","Error in if ((convergence[iter] < config$ftol_out) | (iter >= config$maxit_out)) cond <- TRUE : 
  valeur manquante là où TRUE / FALSE est requis
","Error in if ((convergence[iter] < config$ftol_out) | (iter >= config$maxit_out)) cond <- TRUE : 
  valeur manquante là où TRUE / FALSE est requis
","Error in if ((convergence[iter] < config$ftol_out) | (iter >= config$maxit_out)) cond <- TRUE : 
  valeur manquante là où TRUE / FALSE est requis
","Error in if ((convergence[iter] < config$ftol_out) | (iter >= config$maxit_out)) cond <- TRUE : 
  valeur manquante là où TRUE / FALSE est requis
","Error in if ((convergence[iter] < config$ftol_out) | (iter >= config$maxit_out)) cond <- TRUE : 
  valeur manquante là où TRUE / FALSE est requis
","Error in if ((convergence[iter] < config$ftol_out) | (iter >= config$maxit_out)) cond <- TRUE : 
  valeur manquante là où TRUE / FALSE est requis
","Error in if ((convergence[iter] < config$ftol_out) | (iter >= config$maxit_out)) cond <- TRUE : 
  valeur manquante là où TRUE / FALSE est requis
","Error in if ((convergence[iter] < config$ftol_out) | (iter >= config$maxit_out)) cond <- TRUE : 
  valeur manquante là où TRUE / FALSE est requis
","Error in if ((convergence[iter] < config$ftol_out) | (iter >= config$maxit_out)) cond <- TRUE : 
  valeur manquante là où TRUE / FALSE est requis
","Error in if ((convergence[iter] < config$ftol_out) | (iter >= config$maxit_out)) cond <- TRUE : 
  valeur manquante là où TRUE / FALSE est requis
","Error in if ((convergence[iter] < config$ftol_out) | (iter >= config$maxit_out)) cond <- TRUE : 
  valeur manquante là où TRUE / FALSE est requis
","Error in if ((convergence[iter] < config$ftol_out) | (iter >= config$maxit_out)) cond <- TRUE : 
  valeur manquante là où TRUE / FALSE est requis
"
"29","29","300","20","erdos_renyi","sites","sites_1","PLN","BIC","0.06","0.58995","0.610251921235558","0.183","0.9","0.214","0.346","2.75146102905273"
"30","30","300","20","erdos_renyi","sites","sites_1","PLN","BIC","0.07","0.658466","0.59491489896818","0.033","0.889","0.571","0.696","2.05817341804504"
"31","31","300","20","erdos_renyi","sites","sites_1","PLN","BIC","0.08","0.633741","0.645654494941646","0.078","0.909","0.417","0.571","1.9340398311615"
"32","32","300","20","erdos_renyi","sites","sites_1","PLN","BIC","0.08","0.589338","0.611898958737254","0.051","0.692","0.5","0.581","1.98085737228394"
"33","33","300","20","erdos_renyi","sites","sites_1","PLN","BIC","0.05","0.65255","0.650458240014346","0.078","0.9","0.391","0.545","2.38732004165649"
"34","Error in if ((convergence[iter] < config$ftol_out) | (iter >= config$maxit_out)) cond <- TRUE : 
  valeur manquante là où TRUE / FALSE est requis
","Error in if ((convergence[iter] < config$ftol_out) | (iter >= config$maxit_out)) cond <- TRUE : 
  valeur manquante là où TRUE / FALSE est requis
","Error in if ((convergence[iter] < config$ftol_out) | (iter >= config$maxit_out)) cond <- TRUE : 
  valeur manquante là où TRUE / FALSE est requis
","Error in if ((convergence[iter] < config$ftol_out) | (iter >= config$maxit_out)) cond <- TRUE : 
  valeur manquante là où TRUE / FALSE est requis
","Error in if ((convergence[iter] < config$ftol_out) | (iter >= config$maxit_out)) cond <- TRUE : 
  valeur manquante là où TRUE / FALSE est requis
","Error in if ((convergence[iter] < config$ftol_out) | (iter >= config$maxit_out)) cond <- TRUE : 
  valeur manquante là où TRUE / FALSE est requis
","Error in if ((convergence[iter] < config$ftol_out) | (iter >= config$maxit_out)) cond <- TRUE : 
  valeur manquante là où TRUE / FALSE est requis
","Error in if ((convergence[iter] < config$ftol_out) | (iter >= config$maxit_out)) cond <- TRUE : 
  valeur manquante là où TRUE / FALSE est requis
","Error in if ((convergence[iter] < config$ftol_out) | (iter >= config$maxit_out)) cond <- TRUE : 
  valeur manquante là où TRUE / FALSE est requis
","Error in if ((convergence[iter] < config$ftol_out) | (iter >= config$maxit_out)) cond <- TRUE : 
  valeur manquante là où TRUE / FALSE est requis
","Error in if ((convergence[iter] < config$ftol_out) | (iter >= config$maxit_out)) cond <- TRUE : 
  valeur manquante là où TRUE / FALSE est requis
","Error in if ((convergence[iter] < config$ftol_out) | (iter >= config$maxit_out)) cond <- TRUE : 
  valeur manquante là où TRUE / FALSE est requis
","Error in if ((convergence[iter] < config$ftol_out) | (iter >= config$maxit_out)) cond <- TRUE : 
  valeur manquante là où TRUE / FALSE est requis
","Error in if ((convergence[iter] < config$ftol_out) | (iter >= config$maxit_out)) cond <- TRUE : 
  valeur manquante là où TRUE / FALSE est requis
","Error in if ((convergence[iter] < config$ftol_out) | (iter >= config$maxit_out)) cond <- TRUE : 
  valeur manquante là où TRUE / FALSE est requis
","Error in if ((convergence[iter] < config$ftol_out) | (iter >= config$maxit_out)) cond <- TRUE : 
  valeur manquante là où TRUE / FALSE est requis
"
"35","35","300","20","erdos_renyi","sites","sites_1","PLN","BIC","0.07","0.6947175","0.669083678340962","0.023","0.692","0.692","0.692","2.15433216094971"
"36","36","300","20","erdos_renyi","sites","sites_1","PLN","BIC","0.16","0.4763895","60066282966.8419","0.701","0.923","0.088","0.161","2.26728010177612"
"37","37","300","20","erdos_renyi","sites","sites_1","PLN","BIC","0.06","0.55075","0.825761735426374","0.027","0.75","0.545","0.632","1.24437618255615"
"38","38","300","20","erdos_renyi","sites","sites_1","PLN","BIC","0.03","0.673625","0.690343078565735","0.032","0.75","0.333","0.462","1.21012377738953"
"39","39","300","20","erdos_renyi","sites","sites_1","PLN","BIC","0.05","0.8622825","0.638345710117571","0.061","1","0.45","0.621","2.36881279945374"
"40","Error in if ((convergence[iter] < config$ftol_out) | (iter >= config$maxit_out)) cond <- TRUE : 
  valeur manquante là où TRUE / FALSE est requis
","Error in if ((convergence[iter] < config$ftol_out) | (iter >= config$maxit_out)) cond <- TRUE : 
  valeur manquante là où TRUE / FALSE est requis
","Error in if ((convergence[iter] < config$ftol_out) | (iter >= config$maxit_out)) cond <- TRUE : 
  valeur manquante là où TRUE / FALSE est requis
","Error in if ((convergence[iter] < config$ftol_out) | (iter >= config$maxit_out)) cond <- TRUE : 
  valeur manquante là où TRUE / FALSE est requis
","Error in if ((convergence[iter] < config$ftol_out) | (iter >= config$maxit_out)) cond <- TRUE : 
  valeur manquante là où TRUE / FALSE est requis
","Error in if ((convergence[iter] < config$ftol_out) | (iter >= config$maxit_out)) cond <- TRUE : 
  valeur manquante là où TRUE / FALSE est requis
","Error in if ((convergence[iter] < config$ftol_out) | (iter >= config$maxit_out)) cond <- TRUE : 
  valeur manquante là où TRUE / FALSE est requis
","Error in if ((convergence[iter] < config$ftol_out) | (iter >= config$maxit_out)) cond <- TRUE : 
  valeur manquante là où TRUE / FALSE est requis
","Error in if ((convergence[iter] < config$ftol_out) | (iter >= config$maxit_out)) cond <- TRUE : 
  valeur manquante là où TRUE / FALSE est requis
","Error in if ((convergence[iter] < config$ftol_out) | (iter >= config$maxit_out)) cond <- TRUE : 
  valeur manquante là où TRUE / FALSE est requis
","Error in if ((convergence[iter] < config$ftol_out) | (iter >= config$maxit_out)) cond <- TRUE : 
  valeur manquante là où TRUE / FALSE est requis
","Error in if ((convergence[iter] < config$ftol_out) | (iter >= config$maxit_out)) cond <- TRUE : 
  valeur manquante là où TRUE / FALSE est requis
","Error in if ((convergence[iter] < config$ftol_out) | (iter >= config$maxit_out)) cond <- TRUE : 
  valeur manquante là où TRUE / FALSE est requis
","Error in if ((convergence[iter] < config$ftol_out) | (iter >= config$maxit_out)) cond <- TRUE : 
  valeur manquante là où TRUE / FALSE est requis
","Error in if ((convergence[iter] < config$ftol_out) | (iter >= config$maxit_out)) cond <- TRUE : 
  valeur manquante là où TRUE / FALSE est requis
","Error in if ((convergence[iter] < config$ftol_out) | (iter >= config$maxit_out)) cond <- TRUE : 
  valeur manquante là où TRUE / FALSE est requis
"
"41","41","300","20","erdos_renyi","sites","sites_1","PLN","BIC","0.11","0.511184","16.2451847916041","0.659","0.929","0.101","0.182","2.811856508255"
"42","42","300","20","erdos_renyi","sites","sites_1","PLN","BIC","0.08","0.47575","0.74742503110748","0.094","0.9","0.346","0.5","1.18608593940735"
"43","43","300","20","erdos_renyi","sites","sites_1","PLN","BIC","0.09","0.70155","0.904001041700726","0.078","1","0.417","0.588","1.23600244522095"
"44","44","300","20","erdos_renyi","sites","sites_1","PLN","BIC","0.08","0.51445","0.676002524118641","0.039","0.9","0.562","0.692","2.06899547576904"
"45","45","300","20","erdos_renyi","sites","sites_1","PLN","BIC","0.05","0.5481685","0.673960975709724","0.071","1","0.316","0.48","3.16398739814758"
"46","Error in if ((convergence[iter] < config$ftol_out) | (iter >= config$maxit_out)) cond <- TRUE : 
  valeur manquante là où TRUE / FALSE est requis
","Error in if ((convergence[iter] < config$ftol_out) | (iter >= config$maxit_out)) cond <- TRUE : 
  valeur manquante là où TRUE / FALSE est requis
","Error in if ((convergence[iter] < config$ftol_out) | (iter >= config$maxit_out)) cond <- TRUE : 
  valeur manquante là où TRUE / FALSE est requis
","Error in if ((convergence[iter] < config$ftol_out) | (iter >= config$maxit_out)) cond <- TRUE : 
  valeur manquante là où TRUE / FALSE est requis
","Error in if ((convergence[iter] < config$ftol_out) | (iter >= config$maxit_out)) cond <- TRUE : 
  valeur manquante là où TRUE / FALSE est requis
","Error in if ((convergence[iter] < config$ftol_out) | (iter >= config$maxit_out)) cond <- TRUE : 
  valeur manquante là où TRUE / FALSE est requis
","Error in if ((convergence[iter] < config$ftol_out) | (iter >= config$maxit_out)) cond <- TRUE : 
  valeur manquante là où TRUE / FALSE est requis
","Error in if ((convergence[iter] < config$ftol_out) | (iter >= config$maxit_out)) cond <- TRUE : 
  valeur manquante là où TRUE / FALSE est requis
","Error in if ((convergence[iter] < config$ftol_out) | (iter >= config$maxit_out)) cond <- TRUE : 
  valeur manquante là où TRUE / FALSE est requis
","Error in if ((convergence[iter] < config$ftol_out) | (iter >= config$maxit_out)) cond <- TRUE : 
  valeur manquante là où TRUE / FALSE est requis
","Error in if ((convergence[iter] < config$ftol_out) | (iter >= config$maxit_out)) cond <- TRUE : 
  valeur manquante là où TRUE / FALSE est requis
","Error in if ((convergence[iter] < config$ftol_out) | (iter >= config$maxit_out)) cond <- TRUE : 
  valeur manquante là où TRUE / FALSE est requis
","Error in if ((convergence[iter] < config$ftol_out) | (iter >= config$maxit_out)) cond <- TRUE : 
  valeur manquante là où TRUE / FALSE est requis
","Error in if ((convergence[iter] < config$ftol_out) | (iter >= config$maxit_out)) cond <- TRUE : 
  valeur manquante là où TRUE / FALSE est requis
","Error in if ((convergence[iter] < config$ftol_out) | (iter >= config$maxit_out)) cond <- TRUE : 
  valeur manquante là où TRUE / FALSE est requis
","Error in if ((convergence[iter] < config$ftol_out) | (iter >= config$maxit_out)) cond <- TRUE : 
  valeur manquante là où TRUE / FALSE est requis
"
"47","47","300","20","erdos_renyi","sites","sites_1","PLN","BIC","0.07","0.660351","0.686157160753278","0.067","0.909","0.455","0.606","1.35396599769592"
"48","48","300","20","erdos_renyi","sites","sites_1","PLN","BIC","0.07","0.5869255","0.818252960428036","0.038","1","0.5","0.667","1.51574540138245"
"49","49","300","20","erdos_renyi","sites","sites_1","PLN","BIC","0.08","0.615456","0.590166046316988","0.316","0.846","0.164","0.275","2.13077759742737"
"50","50","300","20","erdos_renyi","sites","sites_1","PLN","BIC","0.06","0.75","0.643710214956213","0.067","0.8","0.4","0.533","2.19624447822571"
"51","1","300","20","erdos_renyi","sites","sites_2","PLN","BIC","0.08","0.810654","0.488335745221299","0.005","0.5","0.75","0.6","3.01659297943115"
"52","2","300","20","erdos_renyi","sites","sites_2","PLN","BIC","0.11","0.694125","0.592072802698417","0.055","0.625","0.333","0.435","2.73830580711365"
"53","3","300","20","erdos_renyi","sites","sites_2","PLN","BIC","0.13","0.5644","7870.6872220985","0.717","0.9","0.065","0.122","9.05580425262451"
"54","4","300","20","erdos_renyi","sites","sites_2","PLN","BIC","0.07","0.8366","0.50330899798031","0","0.2","1","0.333","3.18602585792542"
"55","5","300","20","erdos_renyi","sites","sites_2","PLN","BIC","0.07","0.6994","0.533867491899119","0.005","0.6","0.75","0.667","3.99783277511597"
"56","6","300","20","erdos_renyi","sites","sites_2","PLN","BIC","0.15","0.590711","825812.641698075","0.763","1","0.088","0.161","13.6676049232483"
"57","7","300","20","erdos_renyi","sites","sites_2","PLN","BIC","0.1","0.716461","0.496326821092779","0.034","0.727","0.571","0.64","2.57299304008484"
"58","8","300","20","erdos_renyi","sites","sites_2","PLN","BIC","0.1","0.6055465","0.559517293047318","0.006","0.167","0.667","0.267","3.46451377868652"
"59","9","300","20","erdos_renyi","sites","sites_2","PLN","BIC","0.14","0.699351","0.545769044480985","0.006","0.214","0.75","0.333","2.26479172706604"
"60","10","300","20","erdos_renyi","sites","sites_2","PLN","BIC","0.15","0.5196775","0.579389770445056","0.095","0.545","0.261","0.353","1.89524459838867"
"61","11","300","20","erdos_renyi","sites","sites_2","PLN","BIC","0.08","0.89755","0.563039308887705","0.039","0.9","0.562","0.692","2.73447895050049"
"62","12","300","20","erdos_renyi","sites","sites_2","PLN","BIC","0.11","0.6309","0.691903836214139","0.106","0.6","0.24","0.343","1.98194861412048"
"63","13","300","20","erdos_renyi","sites","sites_2","PLN","BIC","0.11","0.678029","0.533014503880144","0.017","0.417","0.625","0.5","2.0665647983551"
"64","14","300","20","erdos_renyi","sites","sites_2","PLN","BIC","0.09","0.47145","0.522376348510446","0","0.2","1","0.333","3.63227534294128"
"65","15","300","20","erdos_renyi","sites","sites_2","PLN","BIC","0.09","0.5421835","0.522868166446676","0.006","0.25","0.75","0.375","2.11483120918274"
"66","16","300","20","erdos_renyi","sites","sites_2","PLN","BIC","0.09","0.6806095","0.53732768178774","0","0.222","1","0.364","2.92868089675903"
"67","17","300","20","erdos_renyi","sites","sites_2","PLN","BIC","0.09","0.699848","0.499092413772203","0.006","0.667","0.857","0.75","3.87002420425415"
"68","18","300","20","erdos_renyi","sites","sites_2","PLN","BIC","0.06","0.8588","0.518919107038408","0.022","0.6","0.429","0.5","3.10659980773926"
"69","19","300","20","erdos_renyi","sites","sites_2","PLN","BIC","0.12","0.5252735","6.51354373193637","0.094","0.667","0.261","0.375","1.37819862365723"
"70","20","300","20","erdos_renyi","sites","sites_2","PLN","BIC","0.08","0.70875","0.493574544366331","0","0.75","1","0.857","3.55647158622742"
"71","21","300","20","erdos_renyi","sites","sites_2","PLN","BIC","0.09","0.81285","0.574251432749785","0","0",NA,"0","2.18904423713684"
"72","22","300","20","erdos_renyi","sites","sites_2","PLN","BIC","0.06","0.6827945","0.53232628590433","0","0.143","1","0.25","3.1471381187439"
"73","23","300","20","erdos_renyi","sites","sites_2","PLN","BIC","0.09","0.732729","0.52366433224674","0.142","0.714","0.161","0.263","1.94018054008484"
"74","24","300","20","erdos_renyi","sites","sites_2","PLN","BIC","0.11","0.6096875","0.816046500931091","0.049","0.75","0.4","0.522","2.23101091384888"
"75","25","300","20","erdos_renyi","sites","sites_2","PLN","BIC","0.19","0.4676115","3.6487503713421e+34","0.809","0.882","0.097","0.174","15.1748557090759"
"76","26","300","20","erdos_renyi","sites","sites_2","PLN","BIC","0.07","0.759","0.513718193690638","0.011","0.6","0.6","0.6","3.04152989387512"
"77","27","300","20","erdos_renyi","sites","sites_2","PLN","BIC","0.08","0.76845","0.530932007411751","0","0.4","1","0.571","2.18481516838074"
"78","28","300","20","erdos_renyi","sites","sites_2","PLN","BIC","0.12","0.563125","765.14996157196","0.698","1","0.059","0.112","13.2185626029968"
"79","29","300","20","erdos_renyi","sites","sites_2","PLN","BIC","0.07","0.833","0.543574288231411","0","0.375","1","0.545","2.64945340156555"
"80","30","300","20","erdos_renyi","sites","sites_2","PLN","BIC","0.16","0.504455","5.50444745314265","0.069","0.267","0.25","0.258","2.0324273109436"
"81","31","300","20","erdos_renyi","sites","sites_2","PLN","BIC","0.1","0.6623805","0.494044227657164","0.022","0.333","0.429","0.375","3.0006206035614"
"82","32","300","20","erdos_renyi","sites","sites_2","PLN","BIC","0.12","0.378601","282936551012871648","0.716","0.857","0.044","0.083","19.1937303543091"
"83","33","300","20","erdos_renyi","sites","sites_2","PLN","BIC","0.15","0.4442","340186893380.768","0.789","0.9","0.06","0.112","14.0062215328217"
"84","34","300","20","erdos_renyi","sites","sites_2","PLN","BIC","0.11","0.6755005","0.974072385192887","0.227","0.667","0.128","0.214","1.86855268478394"
"85","35","300","20","erdos_renyi","sites","sites_2","PLN","BIC","0.07","0.73711","0.556153116132702","0","0",NA,"0","1.88993048667908"
"86","36","300","20","erdos_renyi","sites","sites_2","PLN","BIC","0.13","0.53885","0.529782671844107","0.106","0.5","0.208","0.294","1.79453539848328"
"87","37","300","20","erdos_renyi","sites","sites_2","PLN","BIC","0.12","0.676375","0.544169426102906","0.044","0.5","0.333","0.4","1.20871996879578"
"88","38","300","20","erdos_renyi","sites","sites_2","PLN","BIC","0.07","0.6553","0.701105455602774","0.005","0.4","0.667","0.5","2.35834383964539"
"89","39","300","20","erdos_renyi","sites","sites_2","PLN","BIC","0.14","0.399966","13006454.0563233","0.793","0.909","0.066","0.123","11.0635213851929"
"90","40","300","20","erdos_renyi","sites","sites_2","PLN","BIC","0.09","0.6681275","0.512957672014286","0","0.333","1","0.5","3.79893922805786"
"91","41","300","20","erdos_renyi","sites","sites_2","PLN","BIC","0.12","0.6800525","0.549863237062088","0.011","0.583","0.778","0.667","2.16584897041321"
"92","42","300","20","erdos_renyi","sites","sites_2","PLN","BIC","0.08","0.654675","0.924423359701711","0.016","0.429","0.5","0.462","1.8930082321167"
"93","43","300","20","erdos_renyi","sites","sites_2","PLN","BIC","0.12","0.769952","0.563548697036167","0.095","0.818","0.346","0.486","1.52292776107788"
"94","44","300","20","erdos_renyi","sites","sites_2","PLN","BIC","0.08","0.6264","0.512978995297536","0","0.222","1","0.364","1.94153165817261"
"95","45","300","20","erdos_renyi","sites","sites_2","PLN","BIC","0.08","0.815457","0.489036780694785","0.022","0.571","0.5","0.533","2.51580142974854"
"96","46","300","20","erdos_renyi","sites","sites_2","PLN","BIC","0.12","0.6012965","0.504244242637731","0.022","0.273","0.429","0.333","1.54767775535583"
"97","47","300","20","erdos_renyi","sites","sites_2","PLN","BIC","0.1","0.61177","0.531046543285676","0.028","0.667","0.545","0.6","2.53614687919617"
"98","48","300","20","erdos_renyi","sites","sites_2","PLN","BIC","0.05","0.8443","0.506725231057229","0","0.6","1","0.75","2.88297319412231"
"99","49","300","20","erdos_renyi","sites","sites_2","PLN","BIC","0.07","0.8057255","0.546237142763084","0.033","0.714","0.455","0.556","2.15826916694641"
"100","50","300","20","erdos_renyi","sites","sites_2","PLN","BIC","0.1","0.6741","138929.730648711","0.859","1","0.03","0.059","9.10566878318787"
"101","Error in if ((convergence[iter] < config$ftol_out) | (iter >= config$maxit_out)) cond <- TRUE : 
  valeur manquante là où TRUE / FALSE est requis
","Error in if ((convergence[iter] < config$ftol_out) | (iter >= config$maxit_out)) cond <- TRUE : 
  valeur manquante là où TRUE / FALSE est requis
","Error in if ((convergence[iter] < config$ftol_out) | (iter >= config$maxit_out)) cond <- TRUE : 
  valeur manquante là où TRUE / FALSE est requis
","Error in if ((convergence[iter] < config$ftol_out) | (iter >= config$maxit_out)) cond <- TRUE : 
  valeur manquante là où TRUE / FALSE est requis
","Error in if ((convergence[iter] < config$ftol_out) | (iter >= config$maxit_out)) cond <- TRUE : 
  valeur manquante là où TRUE / FALSE est requis
","Error in if ((convergence[iter] < config$ftol_out) | (iter >= config$maxit_out)) cond <- TRUE : 
  valeur manquante là où TRUE / FALSE est requis
","Error in if ((convergence[iter] < config$ftol_out) | (iter >= config$maxit_out)) cond <- TRUE : 
  valeur manquante là où TRUE / FALSE est requis
","Error in if ((convergence[iter] < config$ftol_out) | (iter >= config$maxit_out)) cond <- TRUE : 
  valeur manquante là où TRUE / FALSE est requis
","Error in if ((convergence[iter] < config$ftol_out) | (iter >= config$maxit_out)) cond <- TRUE : 
  valeur manquante là où TRUE / FALSE est requis
","Error in if ((convergence[iter] < config$ftol_out) | (iter >= config$maxit_out)) cond <- TRUE : 
  valeur manquante là où TRUE / FALSE est requis
","Error in if ((convergence[iter] < config$ftol_out) | (iter >= config$maxit_out)) cond <- TRUE : 
  valeur manquante là où TRUE / FALSE est requis
","Error in if ((convergence[iter] < config$ftol_out) | (iter >= config$maxit_out)) cond <- TRUE : 
  valeur manquante là où TRUE / FALSE est requis
","Error in if ((convergence[iter] < config$ftol_out) | (iter >= config$maxit_out)) cond <- TRUE : 
  valeur manquante là où TRUE / FALSE est requis
","Error in if ((convergence[iter] < config$ftol_out) | (iter >= config$maxit_out)) cond <- TRUE : 
  valeur manquante là où TRUE / FALSE est requis
","Error in if ((convergence[iter] < config$ftol_out) | (iter >= config$maxit_out)) cond <- TRUE : 
  valeur manquante là où TRUE / FALSE est requis
","Error in if ((convergence[iter] < config$ftol_out) | (iter >= config$maxit_out)) cond <- TRUE : 
  valeur manquante là où TRUE / FALSE est requis
"
"102","2","300","20","erdos_renyi","sites","sites_3","PLN","BIC","0.15","0.506908","0.41726037041747","0.646","0.75","0.073","0.132","2.09158420562744"
"103","3","300","20","erdos_renyi","sites","sites_3","PLN","BIC","0.12","0.39184","0.415297847471787","0.707","0.778","0.052","0.097","1.34726190567017"
"104","4","300","20","erdos_renyi","sites","sites_3","PLN","BIC","0.14","0.343649","0.42426719951378","0","0",NA,"0","6.23835897445679"
"105","5","300","20","erdos_renyi","sites","sites_3","PLN","BIC","0.11","0.560016","0.426492352938221","0","0",NA,"0","5.22492504119873"
"106","6","300","20","erdos_renyi","sites","sites_3","PLN","BIC","0.13","0.576762","0.390316702016746","0.608","0.889","0.068","0.126","1.308109998703"
"107","Error in if ((convergence[iter] < config$ftol_out) | (iter >= config$maxit_out)) cond <- TRUE : 
  valeur manquante là où TRUE / FALSE est requis
","Error in if ((convergence[iter] < config$ftol_out) | (iter >= config$maxit_out)) cond <- TRUE : 
  valeur manquante là où TRUE / FALSE est requis
","Error in if ((convergence[iter] < config$ftol_out) | (iter >= config$maxit_out)) cond <- TRUE : 
  valeur manquante là où TRUE / FALSE est requis
","Error in if ((convergence[iter] < config$ftol_out) | (iter >= config$maxit_out)) cond <- TRUE : 
  valeur manquante là où TRUE / FALSE est requis
","Error in if ((convergence[iter] < config$ftol_out) | (iter >= config$maxit_out)) cond <- TRUE : 
  valeur manquante là où TRUE / FALSE est requis
","Error in if ((convergence[iter] < config$ftol_out) | (iter >= config$maxit_out)) cond <- TRUE : 
  valeur manquante là où TRUE / FALSE est requis
","Error in if ((convergence[iter] < config$ftol_out) | (iter >= config$maxit_out)) cond <- TRUE : 
  valeur manquante là où TRUE / FALSE est requis
","Error in if ((convergence[iter] < config$ftol_out) | (iter >= config$maxit_out)) cond <- TRUE : 
  valeur manquante là où TRUE / FALSE est requis
","Error in if ((convergence[iter] < config$ftol_out) | (iter >= config$maxit_out)) cond <- TRUE : 
  valeur manquante là où TRUE / FALSE est requis
","Error in if ((convergence[iter] < config$ftol_out) | (iter >= config$maxit_out)) cond <- TRUE : 
  valeur manquante là où TRUE / FALSE est requis
","Error in if ((convergence[iter] < config$ftol_out) | (iter >= config$maxit_out)) cond <- TRUE : 
  valeur manquante là où TRUE / FALSE est requis
","Error in if ((convergence[iter] < config$ftol_out) | (iter >= config$maxit_out)) cond <- TRUE : 
  valeur manquante là où TRUE / FALSE est requis
","Error in if ((convergence[iter] < config$ftol_out) | (iter >= config$maxit_out)) cond <- TRUE : 
  valeur manquante là où TRUE / FALSE est requis
","Error in if ((convergence[iter] < config$ftol_out) | (iter >= config$maxit_out)) cond <- TRUE : 
  valeur manquante là où TRUE / FALSE est requis
","Error in if ((convergence[iter] < config$ftol_out) | (iter >= config$maxit_out)) cond <- TRUE : 
  valeur manquante là où TRUE / FALSE est requis
","Error in if ((convergence[iter] < config$ftol_out) | (iter >= config$maxit_out)) cond <- TRUE : 
  valeur manquante là où TRUE / FALSE est requis
"
"108","8","300","20","erdos_renyi","sites","sites_3","PLN","BIC","0.14","0.630799","114887.64743521","0.873","1","0.054","0.102","15.8267850875854"
"109","9","300","20","erdos_renyi","sites","sites_3","PLN","BIC","0.07","0.6666","0.412580779976692","0","0",NA,"0","3.48423719406128"
"110","10","300","20","erdos_renyi","sites","sites_3","PLN","BIC","0.12","0.56075","0.401892855965916","0.538","0.75","0.058","0.107","6.20044708251953"
"111","11","300","20","erdos_renyi","sites","sites_3","PLN","BIC","0.09","0.646529","0.386989096117424","0","0",NA,"0","5.08069086074829"
"112","12","300","20","erdos_renyi","sites","sites_3","PLN","BIC","0.17","0.5368815","40242.7971706363","0.983","1","0.064","0.121","9.2426221370697"
"113","Error in if ((convergence[iter] < config$ftol_out) | (iter >= config$maxit_out)) cond <- TRUE : 
  valeur manquante là où TRUE / FALSE est requis
","Error in if ((convergence[iter] < config$ftol_out) | (iter >= config$maxit_out)) cond <- TRUE : 
  valeur manquante là où TRUE / FALSE est requis
","Error in if ((convergence[iter] < config$ftol_out) | (iter >= config$maxit_out)) cond <- TRUE : 
  valeur manquante là où TRUE / FALSE est requis
","Error in if ((convergence[iter] < config$ftol_out) | (iter >= config$maxit_out)) cond <- TRUE : 
  valeur manquante là où TRUE / FALSE est requis
","Error in if ((convergence[iter] < config$ftol_out) | (iter >= config$maxit_out)) cond <- TRUE : 
  valeur manquante là où TRUE / FALSE est requis
","Error in if ((convergence[iter] < config$ftol_out) | (iter >= config$maxit_out)) cond <- TRUE : 
  valeur manquante là où TRUE / FALSE est requis
","Error in if ((convergence[iter] < config$ftol_out) | (iter >= config$maxit_out)) cond <- TRUE : 
  valeur manquante là où TRUE / FALSE est requis
","Error in if ((convergence[iter] < config$ftol_out) | (iter >= config$maxit_out)) cond <- TRUE : 
  valeur manquante là où TRUE / FALSE est requis
","Error in if ((convergence[iter] < config$ftol_out) | (iter >= config$maxit_out)) cond <- TRUE : 
  valeur manquante là où TRUE / FALSE est requis
","Error in if ((convergence[iter] < config$ftol_out) | (iter >= config$maxit_out)) cond <- TRUE : 
  valeur manquante là où TRUE / FALSE est requis
","Error in if ((convergence[iter] < config$ftol_out) | (iter >= config$maxit_out)) cond <- TRUE : 
  valeur manquante là où TRUE / FALSE est requis
","Error in if ((convergence[iter] < config$ftol_out) | (iter >= config$maxit_out)) cond <- TRUE : 
  valeur manquante là où TRUE / FALSE est requis
","Error in if ((convergence[iter] < config$ftol_out) | (iter >= config$maxit_out)) cond <- TRUE : 
  valeur manquante là où TRUE / FALSE est requis
","Error in if ((convergence[iter] < config$ftol_out) | (iter >= config$maxit_out)) cond <- TRUE : 
  valeur manquante là où TRUE / FALSE est requis
","Error in if ((convergence[iter] < config$ftol_out) | (iter >= config$maxit_out)) cond <- TRUE : 
  valeur manquante là où TRUE / FALSE est requis
","Error in if ((convergence[iter] < config$ftol_out) | (iter >= config$maxit_out)) cond <- TRUE : 
  valeur manquante là où TRUE / FALSE est requis
"
"114","14","300","20","erdos_renyi","sites","sites_3","PLN","BIC","0.09","0.556","0.381783324432081","0","0",NA,"0","5.91938495635986"
"115","15","300","20","erdos_renyi","sites","sites_3","PLN","BIC","0.16","0.4966375","0.400263370914662","0.011","0.25","0.6","0.353","4.2570698261261"
"116","16","300","20","erdos_renyi","sites","sites_3","PLN","BIC","0.1","0.510589","0.392146066418928","0.011","0.167","0.333","0.222","5.90522527694702"
"117","17","300","20","erdos_renyi","sites","sites_3","PLN","BIC","0.13","0.4672955","0.374922238550261","0","0",NA,"0","5.17340183258057"
"118","18","300","20","erdos_renyi","sites","sites_3","PLN","BIC","0.17","0.4386","236503982.142655","0.761","0.9","0.062","0.115","11.360897064209"
"119","Error in if ((convergence[iter] < config$ftol_out) | (iter >= config$maxit_out)) cond <- TRUE : 
  valeur manquante là où TRUE / FALSE est requis
","Error in if ((convergence[iter] < config$ftol_out) | (iter >= config$maxit_out)) cond <- TRUE : 
  valeur manquante là où TRUE / FALSE est requis
","Error in if ((convergence[iter] < config$ftol_out) | (iter >= config$maxit_out)) cond <- TRUE : 
  valeur manquante là où TRUE / FALSE est requis
","Error in if ((convergence[iter] < config$ftol_out) | (iter >= config$maxit_out)) cond <- TRUE : 
  valeur manquante là où TRUE / FALSE est requis
","Error in if ((convergence[iter] < config$ftol_out) | (iter >= config$maxit_out)) cond <- TRUE : 
  valeur manquante là où TRUE / FALSE est requis
","Error in if ((convergence[iter] < config$ftol_out) | (iter >= config$maxit_out)) cond <- TRUE : 
  valeur manquante là où TRUE / FALSE est requis
","Error in if ((convergence[iter] < config$ftol_out) | (iter >= config$maxit_out)) cond <- TRUE : 
  valeur manquante là où TRUE / FALSE est requis
","Error in if ((convergence[iter] < config$ftol_out) | (iter >= config$maxit_out)) cond <- TRUE : 
  valeur manquante là où TRUE / FALSE est requis
","Error in if ((convergence[iter] < config$ftol_out) | (iter >= config$maxit_out)) cond <- TRUE : 
  valeur manquante là où TRUE / FALSE est requis
","Error in if ((convergence[iter] < config$ftol_out) | (iter >= config$maxit_out)) cond <- TRUE : 
  valeur manquante là où TRUE / FALSE est requis
","Error in if ((convergence[iter] < config$ftol_out) | (iter >= config$maxit_out)) cond <- TRUE : 
  valeur manquante là où TRUE / FALSE est requis
","Error in if ((convergence[iter] < config$ftol_out) | (iter >= config$maxit_out)) cond <- TRUE : 
  valeur manquante là où TRUE / FALSE est requis
","Error in if ((convergence[iter] < config$ftol_out) | (iter >= config$maxit_out)) cond <- TRUE : 
  valeur manquante là où TRUE / FALSE est requis
","Error in if ((convergence[iter] < config$ftol_out) | (iter >= config$maxit_out)) cond <- TRUE : 
  valeur manquante là où TRUE / FALSE est requis
","Error in if ((convergence[iter] < config$ftol_out) | (iter >= config$maxit_out)) cond <- TRUE : 
  valeur manquante là où TRUE / FALSE est requis
","Error in if ((convergence[iter] < config$ftol_out) | (iter >= config$maxit_out)) cond <- TRUE : 
  valeur manquante là où TRUE / FALSE est requis
"
"120","20","300","20","erdos_renyi","sites","sites_3","PLN","BIC","0.12","0.4044965","0.448453785534861","0","0",NA,"0","4.79978179931641"
"121","21","300","20","erdos_renyi","sites","sites_3","PLN","BIC","0.14","0.6318865","0.406717101626263","0.667","0.923","0.092","0.168","3.7684018611908"
"122","22","300","20","erdos_renyi","sites","sites_3","PLN","BIC","0.14","0.5525095","0.38209037988973","0.642","0.786","0.089","0.159","7.15468144416809"
"123","23","300","20","erdos_renyi","sites","sites_3","PLN","BIC","0.11","0.556953","14.1612639293065","0.005","0","0","0","2.1085889339447"
"124","24","300","20","erdos_renyi","sites","sites_3","PLN","BIC","0.12","0.544703","0.378840807886621","0","0",NA,"0","3.32525038719177"
"125","Error in if ((convergence[iter] < config$ftol_out) | (iter >= config$maxit_out)) cond <- TRUE : 
  valeur manquante là où TRUE / FALSE est requis
","Error in if ((convergence[iter] < config$ftol_out) | (iter >= config$maxit_out)) cond <- TRUE : 
  valeur manquante là où TRUE / FALSE est requis
","Error in if ((convergence[iter] < config$ftol_out) | (iter >= config$maxit_out)) cond <- TRUE : 
  valeur manquante là où TRUE / FALSE est requis
","Error in if ((convergence[iter] < config$ftol_out) | (iter >= config$maxit_out)) cond <- TRUE : 
  valeur manquante là où TRUE / FALSE est requis
","Error in if ((convergence[iter] < config$ftol_out) | (iter >= config$maxit_out)) cond <- TRUE : 
  valeur manquante là où TRUE / FALSE est requis
","Error in if ((convergence[iter] < config$ftol_out) | (iter >= config$maxit_out)) cond <- TRUE : 
  valeur manquante là où TRUE / FALSE est requis
","Error in if ((convergence[iter] < config$ftol_out) | (iter >= config$maxit_out)) cond <- TRUE : 
  valeur manquante là où TRUE / FALSE est requis
","Error in if ((convergence[iter] < config$ftol_out) | (iter >= config$maxit_out)) cond <- TRUE : 
  valeur manquante là où TRUE / FALSE est requis
","Error in if ((convergence[iter] < config$ftol_out) | (iter >= config$maxit_out)) cond <- TRUE : 
  valeur manquante là où TRUE / FALSE est requis
","Error in if ((convergence[iter] < config$ftol_out) | (iter >= config$maxit_out)) cond <- TRUE : 
  valeur manquante là où TRUE / FALSE est requis
","Error in if ((convergence[iter] < config$ftol_out) | (iter >= config$maxit_out)) cond <- TRUE : 
  valeur manquante là où TRUE / FALSE est requis
","Error in if ((convergence[iter] < config$ftol_out) | (iter >= config$maxit_out)) cond <- TRUE : 
  valeur manquante là où TRUE / FALSE est requis
","Error in if ((convergence[iter] < config$ftol_out) | (iter >= config$maxit_out)) cond <- TRUE : 
  valeur manquante là où TRUE / FALSE est requis
","Error in if ((convergence[iter] < config$ftol_out) | (iter >= config$maxit_out)) cond <- TRUE : 
  valeur manquante là où TRUE / FALSE est requis
","Error in if ((convergence[iter] < config$ftol_out) | (iter >= config$maxit_out)) cond <- TRUE : 
  valeur manquante là où TRUE / FALSE est requis
","Error in if ((convergence[iter] < config$ftol_out) | (iter >= config$maxit_out)) cond <- TRUE : 
  valeur manquante là où TRUE / FALSE est requis
"
"126","26","300","20","erdos_renyi","sites","sites_3","PLN","BIC","0.13","0.5102175","2.85637217340193","0.006","0.083","0.5","0.143","1.87977886199951"
"127","27","300","20","erdos_renyi","sites","sites_3","PLN","BIC","0.15","0.4320255","102.561092688967","0.785","0.923","0.079","0.146","6.75976419448853"
"128","28","300","20","erdos_renyi","sites","sites_3","PLN","BIC","0.13","0.5835525","0.399214490976167","0.626","0.727","0.067","0.122","3.3914475440979"
"129","29","300","20","erdos_renyi","sites","sites_3","PLN","BIC","0.14","0.348217","610.27544156645","0","0.111","1","0.2","2.05390000343323"
"130","30","300","20","erdos_renyi","sites","sites_3","PLN","BIC","0.08","0.3614","0.375603598335376","0","0",NA,"0","3.64329195022583"
"131","Error in if ((convergence[iter] < config$ftol_out) | (iter >= config$maxit_out)) cond <- TRUE : 
  valeur manquante là où TRUE / FALSE est requis
","Error in if ((convergence[iter] < config$ftol_out) | (iter >= config$maxit_out)) cond <- TRUE : 
  valeur manquante là où TRUE / FALSE est requis
","Error in if ((convergence[iter] < config$ftol_out) | (iter >= config$maxit_out)) cond <- TRUE : 
  valeur manquante là où TRUE / FALSE est requis
","Error in if ((convergence[iter] < config$ftol_out) | (iter >= config$maxit_out)) cond <- TRUE : 
  valeur manquante là où TRUE / FALSE est requis
","Error in if ((convergence[iter] < config$ftol_out) | (iter >= config$maxit_out)) cond <- TRUE : 
  valeur manquante là où TRUE / FALSE est requis
","Error in if ((convergence[iter] < config$ftol_out) | (iter >= config$maxit_out)) cond <- TRUE : 
  valeur manquante là où TRUE / FALSE est requis
","Error in if ((convergence[iter] < config$ftol_out) | (iter >= config$maxit_out)) cond <- TRUE : 
  valeur manquante là où TRUE / FALSE est requis
","Error in if ((convergence[iter] < config$ftol_out) | (iter >= config$maxit_out)) cond <- TRUE : 
  valeur manquante là où TRUE / FALSE est requis
","Error in if ((convergence[iter] < config$ftol_out) | (iter >= config$maxit_out)) cond <- TRUE : 
  valeur manquante là où TRUE / FALSE est requis
","Error in if ((convergence[iter] < config$ftol_out) | (iter >= config$maxit_out)) cond <- TRUE : 
  valeur manquante là où TRUE / FALSE est requis
","Error in if ((convergence[iter] < config$ftol_out) | (iter >= config$maxit_out)) cond <- TRUE : 
  valeur manquante là où TRUE / FALSE est requis
","Error in if ((convergence[iter] < config$ftol_out) | (iter >= config$maxit_out)) cond <- TRUE : 
  valeur manquante là où TRUE / FALSE est requis
","Error in if ((convergence[iter] < config$ftol_out) | (iter >= config$maxit_out)) cond <- TRUE : 
  valeur manquante là où TRUE / FALSE est requis
","Error in if ((convergence[iter] < config$ftol_out) | (iter >= config$maxit_out)) cond <- TRUE : 
  valeur manquante là où TRUE / FALSE est requis
","Error in if ((convergence[iter] < config$ftol_out) | (iter >= config$maxit_out)) cond <- TRUE : 
  valeur manquante là où TRUE / FALSE est requis
","Error in if ((convergence[iter] < config$ftol_out) | (iter >= config$maxit_out)) cond <- TRUE : 
  valeur manquante là où TRUE / FALSE est requis
"
"132","32","300","20","erdos_renyi","sites","sites_3","PLN","BIC","0.12","0.26455","0.374854028747148","0.65","0.7","0.056","0.104","2.03743243217468"
"133","33","300","20","erdos_renyi","sites","sites_3","PLN","BIC","0.13","0.330068","0.426303018834292","0","0",NA,"0","3.40695333480835"
"134","34","300","20","erdos_renyi","sites","sites_3","PLN","BIC","0.11","0.3729375","0.380240146746109","0.714","0.75","0.044","0.083","3.94659566879272"
"135","35","300","20","erdos_renyi","sites","sites_3","PLN","BIC","0.17","0.5696315","0.40033101849129","0.575","0.909","0.088","0.161","2.29457569122314"
"136","36","300","20","erdos_renyi","sites","sites_3","PLN","BIC","0.13","0.6257","0.391654560562743","0.644","0.9","0.072","0.133","2.8936882019043"
"137","Error in if ((convergence[iter] < config$ftol_out) | (iter >= config$maxit_out)) cond <- TRUE : 
  valeur manquante là où TRUE / FALSE est requis
","Error in if ((convergence[iter] < config$ftol_out) | (iter >= config$maxit_out)) cond <- TRUE : 
  valeur manquante là où TRUE / FALSE est requis
","Error in if ((convergence[iter] < config$ftol_out) | (iter >= config$maxit_out)) cond <- TRUE : 
  valeur manquante là où TRUE / FALSE est requis
","Error in if ((convergence[iter] < config$ftol_out) | (iter >= config$maxit_out)) cond <- TRUE : 
  valeur manquante là où TRUE / FALSE est requis
","Error in if ((convergence[iter] < config$ftol_out) | (iter >= config$maxit_out)) cond <- TRUE : 
  valeur manquante là où TRUE / FALSE est requis
","Error in if ((convergence[iter] < config$ftol_out) | (iter >= config$maxit_out)) cond <- TRUE : 
  valeur manquante là où TRUE / FALSE est requis
","Error in if ((convergence[iter] < config$ftol_out) | (iter >= config$maxit_out)) cond <- TRUE : 
  valeur manquante là où TRUE / FALSE est requis
","Error in if ((convergence[iter] < config$ftol_out) | (iter >= config$maxit_out)) cond <- TRUE : 
  valeur manquante là où TRUE / FALSE est requis
","Error in if ((convergence[iter] < config$ftol_out) | (iter >= config$maxit_out)) cond <- TRUE : 
  valeur manquante là où TRUE / FALSE est requis
","Error in if ((convergence[iter] < config$ftol_out) | (iter >= config$maxit_out)) cond <- TRUE : 
  valeur manquante là où TRUE / FALSE est requis
","Error in if ((convergence[iter] < config$ftol_out) | (iter >= config$maxit_out)) cond <- TRUE : 
  valeur manquante là où TRUE / FALSE est requis
","Error in if ((convergence[iter] < config$ftol_out) | (iter >= config$maxit_out)) cond <- TRUE : 
  valeur manquante là où TRUE / FALSE est requis
","Error in if ((convergence[iter] < config$ftol_out) | (iter >= config$maxit_out)) cond <- TRUE : 
  valeur manquante là où TRUE / FALSE est requis
","Error in if ((convergence[iter] < config$ftol_out) | (iter >= config$maxit_out)) cond <- TRUE : 
  valeur manquante là où TRUE / FALSE est requis
","Error in if ((convergence[iter] < config$ftol_out) | (iter >= config$maxit_out)) cond <- TRUE : 
  valeur manquante là où TRUE / FALSE est requis
","Error in if ((convergence[iter] < config$ftol_out) | (iter >= config$maxit_out)) cond <- TRUE : 
  valeur manquante là où TRUE / FALSE est requis
"
"138","38","300","20","erdos_renyi","sites","sites_3","PLN","BIC","0.17","0.4973955","50545.7218463835","0.787","0.917","0.073","0.135","12.1320018768311"
"139","39","300","20","erdos_renyi","sites","sites_3","PLN","BIC","0.15","0.414508","0.493097133736997","0.657","0.667","0.064","0.117","1.40376615524292"
"140","40","300","20","erdos_renyi","sites","sites_3","PLN","BIC","0.12","0.4243","0.395117798320525","0.667","0.7","0.055","0.102","2.03614807128906"
"141","41","300","20","erdos_renyi","sites","sites_3","PLN","BIC","0.14","0.3992785","0.424768961980806","0.609","0.455","0.044","0.08","2.04792833328247"
"142","42","300","20","erdos_renyi","sites","sites_3","PLN","BIC","0.09","0.608428","0.394226521561247","0.437","0.571","0.048","0.088","3.9808943271637"
"143","Error in if ((convergence[iter] < config$ftol_out) | (iter >= config$maxit_out)) cond <- TRUE : 
  valeur manquante là où TRUE / FALSE est requis
","Error in if ((convergence[iter] < config$ftol_out) | (iter >= config$maxit_out)) cond <- TRUE : 
  valeur manquante là où TRUE / FALSE est requis
","Error in if ((convergence[iter] < config$ftol_out) | (iter >= config$maxit_out)) cond <- TRUE : 
  valeur manquante là où TRUE / FALSE est requis
","Error in if ((convergence[iter] < config$ftol_out) | (iter >= config$maxit_out)) cond <- TRUE : 
  valeur manquante là où TRUE / FALSE est requis
","Error in if ((convergence[iter] < config$ftol_out) | (iter >= config$maxit_out)) cond <- TRUE : 
  valeur manquante là où TRUE / FALSE est requis
","Error in if ((convergence[iter] < config$ftol_out) | (iter >= config$maxit_out)) cond <- TRUE : 
  valeur manquante là où TRUE / FALSE est requis
","Error in if ((convergence[iter] < config$ftol_out) | (iter >= config$maxit_out)) cond <- TRUE : 
  valeur manquante là où TRUE / FALSE est requis
","Error in if ((convergence[iter] < config$ftol_out) | (iter >= config$maxit_out)) cond <- TRUE : 
  valeur manquante là où TRUE / FALSE est requis
","Error in if ((convergence[iter] < config$ftol_out) | (iter >= config$maxit_out)) cond <- TRUE : 
  valeur manquante là où TRUE / FALSE est requis
","Error in if ((convergence[iter] < config$ftol_out) | (iter >= config$maxit_out)) cond <- TRUE : 
  valeur manquante là où TRUE / FALSE est requis
","Error in if ((convergence[iter] < config$ftol_out) | (iter >= config$maxit_out)) cond <- TRUE : 
  valeur manquante là où TRUE / FALSE est requis
","Error in if ((convergence[iter] < config$ftol_out) | (iter >= config$maxit_out)) cond <- TRUE : 
  valeur manquante là où TRUE / FALSE est requis
","Error in if ((convergence[iter] < config$ftol_out) | (iter >= config$maxit_out)) cond <- TRUE : 
  valeur manquante là où TRUE / FALSE est requis
","Error in if ((convergence[iter] < config$ftol_out) | (iter >= config$maxit_out)) cond <- TRUE : 
  valeur manquante là où TRUE / FALSE est requis
","Error in if ((convergence[iter] < config$ftol_out) | (iter >= config$maxit_out)) cond <- TRUE : 
  valeur manquante là où TRUE / FALSE est requis
","Error in if ((convergence[iter] < config$ftol_out) | (iter >= config$maxit_out)) cond <- TRUE : 
  valeur manquante là où TRUE / FALSE est requis
"
"144","44","300","20","erdos_renyi","sites","sites_3","PLN","BIC","0.13","0.4441705","0.435086454202406","0","0.154","1","0.267","3.29973554611206"
"145","45","300","20","erdos_renyi","sites","sites_3","PLN","BIC","0.12","0.495596","1.1383207658942e+26","0.804","1","0.039","0.075","21.2860929965973"
"146","46","300","20","erdos_renyi","sites","sites_3","PLN","BIC","0.1","0.667539","0.394636724423507","0.598","0.667","0.035","0.067","4.92580771446228"
"147","47","300","20","erdos_renyi","sites","sites_3","PLN","BIC","0.1","0.319509","0.447099299732932","0.608","0.667","0.052","0.096","2.11201047897339"
"148","48","300","20","erdos_renyi","sites","sites_3","PLN","BIC","0.11","0.5044375","0.371867239455689","0","0",NA,"0","3.52428388595581"
"149","Error in if ((convergence[iter] < config$ftol_out) | (iter >= config$maxit_out)) cond <- TRUE : 
  valeur manquante là où TRUE / FALSE est requis
","Error in if ((convergence[iter] < config$ftol_out) | (iter >= config$maxit_out)) cond <- TRUE : 
  valeur manquante là où TRUE / FALSE est requis
","Error in if ((convergence[iter] < config$ftol_out) | (iter >= config$maxit_out)) cond <- TRUE : 
  valeur manquante là où TRUE / FALSE est requis
","Error in if ((convergence[iter] < config$ftol_out) | (iter >= config$maxit_out)) cond <- TRUE : 
  valeur manquante là où TRUE / FALSE est requis
","Error in if ((convergence[iter] < config$ftol_out) | (iter >= config$maxit_out)) cond <- TRUE : 
  valeur manquante là où TRUE / FALSE est requis
","Error in if ((convergence[iter] < config$ftol_out) | (iter >= config$maxit_out)) cond <- TRUE : 
  valeur manquante là où TRUE / FALSE est requis
","Error in if ((convergence[iter] < config$ftol_out) | (iter >= config$maxit_out)) cond <- TRUE : 
  valeur manquante là où TRUE / FALSE est requis
","Error in if ((convergence[iter] < config$ftol_out) | (iter >= config$maxit_out)) cond <- TRUE : 
  valeur manquante là où TRUE / FALSE est requis
","Error in if ((convergence[iter] < config$ftol_out) | (iter >= config$maxit_out)) cond <- TRUE : 
  valeur manquante là où TRUE / FALSE est requis
","Error in if ((convergence[iter] < config$ftol_out) | (iter >= config$maxit_out)) cond <- TRUE : 
  valeur manquante là où TRUE / FALSE est requis
","Error in if ((convergence[iter] < config$ftol_out) | (iter >= config$maxit_out)) cond <- TRUE : 
  valeur manquante là où TRUE / FALSE est requis
","Error in if ((convergence[iter] < config$ftol_out) | (iter >= config$maxit_out)) cond <- TRUE : 
  valeur manquante là où TRUE / FALSE est requis
","Error in if ((convergence[iter] < config$ftol_out) | (iter >= config$maxit_out)) cond <- TRUE : 
  valeur manquante là où TRUE / FALSE est requis
","Error in if ((convergence[iter] < config$ftol_out) | (iter >= config$maxit_out)) cond <- TRUE : 
  valeur manquante là où TRUE / FALSE est requis
","Error in if ((convergence[iter] < config$ftol_out) | (iter >= config$maxit_out)) cond <- TRUE : 
  valeur manquante là où TRUE / FALSE est requis
","Error in if ((convergence[iter] < config$ftol_out) | (iter >= config$maxit_out)) cond <- TRUE : 
  valeur manquante là où TRUE / FALSE est requis
"
"150","50","300","20","erdos_renyi","sites","sites_3","PLN","BIC","0.16","0.5033965","0.393630143252536","0.635","0.917","0.089","0.162","3.22027182579041"
"151","1","300","20","community","sites","sites_1","PLN","BIC","0.08","0.4751675","0.680002905165528","0.107","0.923","0.387","0.545","3.09528160095215"
"152","2","300","20","community","sites","sites_1","PLN","BIC","0.1","0.4239615","0.971896112798028","0.062","0.667","0.421","0.516","1.22003984451294"
"153","3","300","20","community","sites","sites_1","PLN","BIC","0.08","0.588149","0.699848084567925","0.136","0.929","0.351","0.51","1.33241248130798"
"154","4","300","20","community","sites","sites_1","PLN","BIC","0.06","0.748111","0.584213890692038","0.022","1","0.692","0.818","3.51495122909546"
"155","Error in if ((convergence[iter] < config$ftol_out) | (iter >= config$maxit_out)) cond <- TRUE : 
  valeur manquante là où TRUE / FALSE est requis
","Error in if ((convergence[iter] < config$ftol_out) | (iter >= config$maxit_out)) cond <- TRUE : 
  valeur manquante là où TRUE / FALSE est requis
","Error in if ((convergence[iter] < config$ftol_out) | (iter >= config$maxit_out)) cond <- TRUE : 
  valeur manquante là où TRUE / FALSE est requis
","Error in if ((convergence[iter] < config$ftol_out) | (iter >= config$maxit_out)) cond <- TRUE : 
  valeur manquante là où TRUE / FALSE est requis
","Error in if ((convergence[iter] < config$ftol_out) | (iter >= config$maxit_out)) cond <- TRUE : 
  valeur manquante là où TRUE / FALSE est requis
","Error in if ((convergence[iter] < config$ftol_out) | (iter >= config$maxit_out)) cond <- TRUE : 
  valeur manquante là où TRUE / FALSE est requis
","Error in if ((convergence[iter] < config$ftol_out) | (iter >= config$maxit_out)) cond <- TRUE : 
  valeur manquante là où TRUE / FALSE est requis
","Error in if ((convergence[iter] < config$ftol_out) | (iter >= config$maxit_out)) cond <- TRUE : 
  valeur manquante là où TRUE / FALSE est requis
","Error in if ((convergence[iter] < config$ftol_out) | (iter >= config$maxit_out)) cond <- TRUE : 
  valeur manquante là où TRUE / FALSE est requis
","Error in if ((convergence[iter] < config$ftol_out) | (iter >= config$maxit_out)) cond <- TRUE : 
  valeur manquante là où TRUE / FALSE est requis
","Error in if ((convergence[iter] < config$ftol_out) | (iter >= config$maxit_out)) cond <- TRUE : 
  valeur manquante là où TRUE / FALSE est requis
","Error in if ((convergence[iter] < config$ftol_out) | (iter >= config$maxit_out)) cond <- TRUE : 
  valeur manquante là où TRUE / FALSE est requis
","Error in if ((convergence[iter] < config$ftol_out) | (iter >= config$maxit_out)) cond <- TRUE : 
  valeur manquante là où TRUE / FALSE est requis
","Error in if ((convergence[iter] < config$ftol_out) | (iter >= config$maxit_out)) cond <- TRUE : 
  valeur manquante là où TRUE / FALSE est requis
","Error in if ((convergence[iter] < config$ftol_out) | (iter >= config$maxit_out)) cond <- TRUE : 
  valeur manquante là où TRUE / FALSE est requis
","Error in if ((convergence[iter] < config$ftol_out) | (iter >= config$maxit_out)) cond <- TRUE : 
  valeur manquante là où TRUE / FALSE est requis
"
"156","6","300","20","community","sites","sites_1","PLN","BIC","0.07","0.455125","82.0928493021829","0.61","0.75","0.051","0.096","12.4646410942078"
"157","7","300","20","community","sites","sites_1","PLN","BIC","0.06","0.739147","0.67984502455687","0.078","0.818","0.391","0.529","2.70516300201416"
"158","8","300","20","community","sites","sites_1","PLN","BIC","0.07","0.6077755","0.820323264393918","0.089","0.818","0.36","0.5","1.3713047504425"
"159","9","300","20","community","sites","sites_1","PLN","BIC","0.08","0.5647","27.6979484886514","0.703","1","0.037","0.071","3.06824994087219"
"160","10","300","20","community","sites","sites_1","PLN","BIC","0.03","0.80325","0.601158101059873","0.038","1","0.364","0.533","2.87041974067688"
"161","Error in if ((convergence[iter] < config$ftol_out) | (iter >= config$maxit_out)) cond <- TRUE : 
  valeur manquante là où TRUE / FALSE est requis
","Error in if ((convergence[iter] < config$ftol_out) | (iter >= config$maxit_out)) cond <- TRUE : 
  valeur manquante là où TRUE / FALSE est requis
","Error in if ((convergence[iter] < config$ftol_out) | (iter >= config$maxit_out)) cond <- TRUE : 
  valeur manquante là où TRUE / FALSE est requis
","Error in if ((convergence[iter] < config$ftol_out) | (iter >= config$maxit_out)) cond <- TRUE : 
  valeur manquante là où TRUE / FALSE est requis
","Error in if ((convergence[iter] < config$ftol_out) | (iter >= config$maxit_out)) cond <- TRUE : 
  valeur manquante là où TRUE / FALSE est requis
","Error in if ((convergence[iter] < config$ftol_out) | (iter >= config$maxit_out)) cond <- TRUE : 
  valeur manquante là où TRUE / FALSE est requis
","Error in if ((convergence[iter] < config$ftol_out) | (iter >= config$maxit_out)) cond <- TRUE : 
  valeur manquante là où TRUE / FALSE est requis
","Error in if ((convergence[iter] < config$ftol_out) | (iter >= config$maxit_out)) cond <- TRUE : 
  valeur manquante là où TRUE / FALSE est requis
","Error in if ((convergence[iter] < config$ftol_out) | (iter >= config$maxit_out)) cond <- TRUE : 
  valeur manquante là où TRUE / FALSE est requis
","Error in if ((convergence[iter] < config$ftol_out) | (iter >= config$maxit_out)) cond <- TRUE : 
  valeur manquante là où TRUE / FALSE est requis
","Error in if ((convergence[iter] < config$ftol_out) | (iter >= config$maxit_out)) cond <- TRUE : 
  valeur manquante là où TRUE / FALSE est requis
","Error in if ((convergence[iter] < config$ftol_out) | (iter >= config$maxit_out)) cond <- TRUE : 
  valeur manquante là où TRUE / FALSE est requis
","Error in if ((convergence[iter] < config$ftol_out) | (iter >= config$maxit_out)) cond <- TRUE : 
  valeur manquante là où TRUE / FALSE est requis
","Error in if ((convergence[iter] < config$ftol_out) | (iter >= config$maxit_out)) cond <- TRUE : 
  valeur manquante là où TRUE / FALSE est requis
","Error in if ((convergence[iter] < config$ftol_out) | (iter >= config$maxit_out)) cond <- TRUE : 
  valeur manquante là où TRUE / FALSE est requis
","Error in if ((convergence[iter] < config$ftol_out) | (iter >= config$maxit_out)) cond <- TRUE : 
  valeur manquante là où TRUE / FALSE est requis
"
"162","12","300","20","community","sites","sites_1","PLN","BIC","0.07","0.566204","0.696956673359251","0.145","1","0.297","0.458","2.04753708839417"
"163","13","300","20","community","sites","sites_1","PLN","BIC","0.11","0.3650125","0.816490860305834","0.102","0.615","0.308","0.41","1.90558671951294"
"164","14","300","20","community","sites","sites_1","PLN","BIC","0.09","0.5457475","0.643172871740853","0.102","0.923","0.4","0.558","2.22446465492249"
"165","15","300","20","community","sites","sites_1","PLN","BIC","0.06","0.540804","0.963680263898283","0.128","0.909","0.303","0.455","1.7130765914917"
"166","16","300","20","community","sites","sites_1","PLN","BIC","0.08","0.486502","0.590724627561639","0.044","0.889","0.5","0.64","3.43277621269226"
"167","Error in if ((convergence[iter] < config$ftol_out) | (iter >= config$maxit_out)) cond <- TRUE : 
  valeur manquante là où TRUE / FALSE est requis
","Error in if ((convergence[iter] < config$ftol_out) | (iter >= config$maxit_out)) cond <- TRUE : 
  valeur manquante là où TRUE / FALSE est requis
","Error in if ((convergence[iter] < config$ftol_out) | (iter >= config$maxit_out)) cond <- TRUE : 
  valeur manquante là où TRUE / FALSE est requis
","Error in if ((convergence[iter] < config$ftol_out) | (iter >= config$maxit_out)) cond <- TRUE : 
  valeur manquante là où TRUE / FALSE est requis
","Error in if ((convergence[iter] < config$ftol_out) | (iter >= config$maxit_out)) cond <- TRUE : 
  valeur manquante là où TRUE / FALSE est requis
","Error in if ((convergence[iter] < config$ftol_out) | (iter >= config$maxit_out)) cond <- TRUE : 
  valeur manquante là où TRUE / FALSE est requis
","Error in if ((convergence[iter] < config$ftol_out) | (iter >= config$maxit_out)) cond <- TRUE : 
  valeur manquante là où TRUE / FALSE est requis
","Error in if ((convergence[iter] < config$ftol_out) | (iter >= config$maxit_out)) cond <- TRUE : 
  valeur manquante là où TRUE / FALSE est requis
","Error in if ((convergence[iter] < config$ftol_out) | (iter >= config$maxit_out)) cond <- TRUE : 
  valeur manquante là où TRUE / FALSE est requis
","Error in if ((convergence[iter] < config$ftol_out) | (iter >= config$maxit_out)) cond <- TRUE : 
  valeur manquante là où TRUE / FALSE est requis
","Error in if ((convergence[iter] < config$ftol_out) | (iter >= config$maxit_out)) cond <- TRUE : 
  valeur manquante là où TRUE / FALSE est requis
","Error in if ((convergence[iter] < config$ftol_out) | (iter >= config$maxit_out)) cond <- TRUE : 
  valeur manquante là où TRUE / FALSE est requis
","Error in if ((convergence[iter] < config$ftol_out) | (iter >= config$maxit_out)) cond <- TRUE : 
  valeur manquante là où TRUE / FALSE est requis
","Error in if ((convergence[iter] < config$ftol_out) | (iter >= config$maxit_out)) cond <- TRUE : 
  valeur manquante là où TRUE / FALSE est requis
","Error in if ((convergence[iter] < config$ftol_out) | (iter >= config$maxit_out)) cond <- TRUE : 
  valeur manquante là où TRUE / FALSE est requis
","Error in if ((convergence[iter] < config$ftol_out) | (iter >= config$maxit_out)) cond <- TRUE : 
  valeur manquante là où TRUE / FALSE est requis
"
"168","18","300","20","community","sites","sites_1","PLN","BIC","0.12","0.4478895","0.627908727061844","0.063","0.867","0.542","0.667","2.60708570480347"
"169","19","300","20","community","sites","sites_1","PLN","BIC","0.06","0.82215","0.638746412556135","0.072","0.9","0.409","0.563","3.01395130157471"
"170","20","300","20","community","sites","sites_1","PLN","BIC","0.07","0.6137955","0.610707714591571","0.011","0.583","0.778","0.667","1.9461305141449"
"171","21","300","20","community","sites","sites_1","PLN","BIC","0.05","0.6065","0.690434447555037","0.038","0.875","0.5","0.636","1.43817114830017"
"172","22","300","20","community","sites","sites_1","PLN","BIC","0.09","0.5196155","0.795284572523313","0.068","0.643","0.429","0.514","2.01181602478027"
"173","Error in if ((convergence[iter] < config$ftol_out) | (iter >= config$maxit_out)) cond <- TRUE : 
  valeur manquante là où TRUE / FALSE est requis
","Error in if ((convergence[iter] < config$ftol_out) | (iter >= config$maxit_out)) cond <- TRUE : 
  valeur manquante là où TRUE / FALSE est requis
","Error in if ((convergence[iter] < config$ftol_out) | (iter >= config$maxit_out)) cond <- TRUE : 
  valeur manquante là où TRUE / FALSE est requis
","Error in if ((convergence[iter] < config$ftol_out) | (iter >= config$maxit_out)) cond <- TRUE : 
  valeur manquante là où TRUE / FALSE est requis
","Error in if ((convergence[iter] < config$ftol_out) | (iter >= config$maxit_out)) cond <- TRUE : 
  valeur manquante là où TRUE / FALSE est requis
","Error in if ((convergence[iter] < config$ftol_out) | (iter >= config$maxit_out)) cond <- TRUE : 
  valeur manquante là où TRUE / FALSE est requis
","Error in if ((convergence[iter] < config$ftol_out) | (iter >= config$maxit_out)) cond <- TRUE : 
  valeur manquante là où TRUE / FALSE est requis
","Error in if ((convergence[iter] < config$ftol_out) | (iter >= config$maxit_out)) cond <- TRUE : 
  valeur manquante là où TRUE / FALSE est requis
","Error in if ((convergence[iter] < config$ftol_out) | (iter >= config$maxit_out)) cond <- TRUE : 
  valeur manquante là où TRUE / FALSE est requis
","Error in if ((convergence[iter] < config$ftol_out) | (iter >= config$maxit_out)) cond <- TRUE : 
  valeur manquante là où TRUE / FALSE est requis
","Error in if ((convergence[iter] < config$ftol_out) | (iter >= config$maxit_out)) cond <- TRUE : 
  valeur manquante là où TRUE / FALSE est requis
","Error in if ((convergence[iter] < config$ftol_out) | (iter >= config$maxit_out)) cond <- TRUE : 
  valeur manquante là où TRUE / FALSE est requis
","Error in if ((convergence[iter] < config$ftol_out) | (iter >= config$maxit_out)) cond <- TRUE : 
  valeur manquante là où TRUE / FALSE est requis
","Error in if ((convergence[iter] < config$ftol_out) | (iter >= config$maxit_out)) cond <- TRUE : 
  valeur manquante là où TRUE / FALSE est requis
","Error in if ((convergence[iter] < config$ftol_out) | (iter >= config$maxit_out)) cond <- TRUE : 
  valeur manquante là où TRUE / FALSE est requis
","Error in if ((convergence[iter] < config$ftol_out) | (iter >= config$maxit_out)) cond <- TRUE : 
  valeur manquante là où TRUE / FALSE est requis
"
"174","24","300","20","community","sites","sites_1","PLN","BIC","0.06","0.7697355","0.655181580562059","0.006","0.667","0.889","0.762","2.22700190544128"
"175","25","300","20","community","sites","sites_1","PLN","BIC","0.09","0.625294","0.795278748953484","0.106","0.909","0.345","0.5","2.19305300712585"
"176","26","300","20","community","sites","sites_1","PLN","BIC","0.1","0.6105975","0.640952680341329","0.029","0.556","0.667","0.606","1.96623969078064"
"177","27","300","20","community","sites","sites_1","PLN","BIC","0.06","0.795813","0.675208302105954","0.051","0.75","0.5","0.6","2.38560056686401"
"178","28","300","20","community","sites","sites_1","PLN","BIC","0.08","0.581539","0.634455797163193","0.36","1","0.192","0.323","3.48799443244934"
"179","Error in if ((convergence[iter] < config$ftol_out) | (iter >= config$maxit_out)) cond <- TRUE : 
  valeur manquante là où TRUE / FALSE est requis
","Error in if ((convergence[iter] < config$ftol_out) | (iter >= config$maxit_out)) cond <- TRUE : 
  valeur manquante là où TRUE / FALSE est requis
","Error in if ((convergence[iter] < config$ftol_out) | (iter >= config$maxit_out)) cond <- TRUE : 
  valeur manquante là où TRUE / FALSE est requis
","Error in if ((convergence[iter] < config$ftol_out) | (iter >= config$maxit_out)) cond <- TRUE : 
  valeur manquante là où TRUE / FALSE est requis
","Error in if ((convergence[iter] < config$ftol_out) | (iter >= config$maxit_out)) cond <- TRUE : 
  valeur manquante là où TRUE / FALSE est requis
","Error in if ((convergence[iter] < config$ftol_out) | (iter >= config$maxit_out)) cond <- TRUE : 
  valeur manquante là où TRUE / FALSE est requis
","Error in if ((convergence[iter] < config$ftol_out) | (iter >= config$maxit_out)) cond <- TRUE : 
  valeur manquante là où TRUE / FALSE est requis
","Error in if ((convergence[iter] < config$ftol_out) | (iter >= config$maxit_out)) cond <- TRUE : 
  valeur manquante là où TRUE / FALSE est requis
","Error in if ((convergence[iter] < config$ftol_out) | (iter >= config$maxit_out)) cond <- TRUE : 
  valeur manquante là où TRUE / FALSE est requis
","Error in if ((convergence[iter] < config$ftol_out) | (iter >= config$maxit_out)) cond <- TRUE : 
  valeur manquante là où TRUE / FALSE est requis
","Error in if ((convergence[iter] < config$ftol_out) | (iter >= config$maxit_out)) cond <- TRUE : 
  valeur manquante là où TRUE / FALSE est requis
","Error in if ((convergence[iter] < config$ftol_out) | (iter >= config$maxit_out)) cond <- TRUE : 
  valeur manquante là où TRUE / FALSE est requis
","Error in if ((convergence[iter] < config$ftol_out) | (iter >= config$maxit_out)) cond <- TRUE : 
  valeur manquante là où TRUE / FALSE est requis
","Error in if ((convergence[iter] < config$ftol_out) | (iter >= config$maxit_out)) cond <- TRUE : 
  valeur manquante là où TRUE / FALSE est requis
","Error in if ((convergence[iter] < config$ftol_out) | (iter >= config$maxit_out)) cond <- TRUE : 
  valeur manquante là où TRUE / FALSE est requis
","Error in if ((convergence[iter] < config$ftol_out) | (iter >= config$maxit_out)) cond <- TRUE : 
  valeur manquante là où TRUE / FALSE est requis
"
"180","30","300","20","community","sites","sites_1","PLN","BIC","0.11","0.567953","5.24515764783061","0.236","0.75","0.226","0.348","1.37981176376343"
"181","31","300","20","community","sites","sites_1","PLN","BIC","0.1","0.425083","4517.47098659467","0.506","0.917","0.109","0.195","10.284218788147"
"182","32","300","20","community","sites","sites_1","PLN","BIC","0.09","0.5037525","0.629424135150649","0.045","0.692","0.529","0.6","2.2239556312561"
"183","33","300","20","community","sites","sites_1","PLN","BIC","0.09","0.5230665","0.650028568647641","0.096","0.846","0.393","0.537","1.52222847938538"
"184","34","300","20","community","sites","sites_1","PLN","BIC","0.08","0.3438055","672.717463210444","0.202","0.857","0.14","0.24","7.02575039863586"
"185","Error in if ((convergence[iter] < config$ftol_out) | (iter >= config$maxit_out)) cond <- TRUE : 
  valeur manquante là où TRUE / FALSE est requis
","Error in if ((convergence[iter] < config$ftol_out) | (iter >= config$maxit_out)) cond <- TRUE : 
  valeur manquante là où TRUE / FALSE est requis
","Error in if ((convergence[iter] < config$ftol_out) | (iter >= config$maxit_out)) cond <- TRUE : 
  valeur manquante là où TRUE / FALSE est requis
","Error in if ((convergence[iter] < config$ftol_out) | (iter >= config$maxit_out)) cond <- TRUE : 
  valeur manquante là où TRUE / FALSE est requis
","Error in if ((convergence[iter] < config$ftol_out) | (iter >= config$maxit_out)) cond <- TRUE : 
  valeur manquante là où TRUE / FALSE est requis
","Error in if ((convergence[iter] < config$ftol_out) | (iter >= config$maxit_out)) cond <- TRUE : 
  valeur manquante là où TRUE / FALSE est requis
","Error in if ((convergence[iter] < config$ftol_out) | (iter >= config$maxit_out)) cond <- TRUE : 
  valeur manquante là où TRUE / FALSE est requis
","Error in if ((convergence[iter] < config$ftol_out) | (iter >= config$maxit_out)) cond <- TRUE : 
  valeur manquante là où TRUE / FALSE est requis
","Error in if ((convergence[iter] < config$ftol_out) | (iter >= config$maxit_out)) cond <- TRUE : 
  valeur manquante là où TRUE / FALSE est requis
","Error in if ((convergence[iter] < config$ftol_out) | (iter >= config$maxit_out)) cond <- TRUE : 
  valeur manquante là où TRUE / FALSE est requis
","Error in if ((convergence[iter] < config$ftol_out) | (iter >= config$maxit_out)) cond <- TRUE : 
  valeur manquante là où TRUE / FALSE est requis
","Error in if ((convergence[iter] < config$ftol_out) | (iter >= config$maxit_out)) cond <- TRUE : 
  valeur manquante là où TRUE / FALSE est requis
","Error in if ((convergence[iter] < config$ftol_out) | (iter >= config$maxit_out)) cond <- TRUE : 
  valeur manquante là où TRUE / FALSE est requis
","Error in if ((convergence[iter] < config$ftol_out) | (iter >= config$maxit_out)) cond <- TRUE : 
  valeur manquante là où TRUE / FALSE est requis
","Error in if ((convergence[iter] < config$ftol_out) | (iter >= config$maxit_out)) cond <- TRUE : 
  valeur manquante là où TRUE / FALSE est requis
","Error in if ((convergence[iter] < config$ftol_out) | (iter >= config$maxit_out)) cond <- TRUE : 
  valeur manquante là où TRUE / FALSE est requis
"
"186","36","300","20","community","sites","sites_1","PLN","BIC","0.04","0.634679","0.67411565430335","0.066","0.857","0.333","0.48","1.7256064414978"
"187","37","300","20","community","sites","sites_1","PLN","BIC","0.12","0.591333","0.767808335800233","0.26","0.941","0.262","0.41","1.26160001754761"
"188","38","300","20","community","sites","sites_1","PLN","BIC","0.06","0.63265","0.625553961727813","0.022","0.7","0.636","0.667","1.97874999046326"
"189","39","300","20","community","sites","sites_1","PLN","BIC","0.07","0.4911535","0.671952738673729","0","0.167","1","0.286","2.18848085403442"
"190","40","300","20","community","sites","sites_1","PLN","BIC","0.08","0.6436","0.581751932199622","0.05","0.9","0.5","0.643","1.77768111228943"
"191","Error in if ((convergence[iter] < config$ftol_out) | (iter >= config$maxit_out)) cond <- TRUE : 
  valeur manquante là où TRUE / FALSE est requis
","Error in if ((convergence[iter] < config$ftol_out) | (iter >= config$maxit_out)) cond <- TRUE : 
  valeur manquante là où TRUE / FALSE est requis
","Error in if ((convergence[iter] < config$ftol_out) | (iter >= config$maxit_out)) cond <- TRUE : 
  valeur manquante là où TRUE / FALSE est requis
","Error in if ((convergence[iter] < config$ftol_out) | (iter >= config$maxit_out)) cond <- TRUE : 
  valeur manquante là où TRUE / FALSE est requis
","Error in if ((convergence[iter] < config$ftol_out) | (iter >= config$maxit_out)) cond <- TRUE : 
  valeur manquante là où TRUE / FALSE est requis
","Error in if ((convergence[iter] < config$ftol_out) | (iter >= config$maxit_out)) cond <- TRUE : 
  valeur manquante là où TRUE / FALSE est requis
","Error in if ((convergence[iter] < config$ftol_out) | (iter >= config$maxit_out)) cond <- TRUE : 
  valeur manquante là où TRUE / FALSE est requis
","Error in if ((convergence[iter] < config$ftol_out) | (iter >= config$maxit_out)) cond <- TRUE : 
  valeur manquante là où TRUE / FALSE est requis
","Error in if ((convergence[iter] < config$ftol_out) | (iter >= config$maxit_out)) cond <- TRUE : 
  valeur manquante là où TRUE / FALSE est requis
","Error in if ((convergence[iter] < config$ftol_out) | (iter >= config$maxit_out)) cond <- TRUE : 
  valeur manquante là où TRUE / FALSE est requis
","Error in if ((convergence[iter] < config$ftol_out) | (iter >= config$maxit_out)) cond <- TRUE : 
  valeur manquante là où TRUE / FALSE est requis
","Error in if ((convergence[iter] < config$ftol_out) | (iter >= config$maxit_out)) cond <- TRUE : 
  valeur manquante là où TRUE / FALSE est requis
","Error in if ((convergence[iter] < config$ftol_out) | (iter >= config$maxit_out)) cond <- TRUE : 
  valeur manquante là où TRUE / FALSE est requis
","Error in if ((convergence[iter] < config$ftol_out) | (iter >= config$maxit_out)) cond <- TRUE : 
  valeur manquante là où TRUE / FALSE est requis
","Error in if ((convergence[iter] < config$ftol_out) | (iter >= config$maxit_out)) cond <- TRUE : 
  valeur manquante là où TRUE / FALSE est requis
","Error in if ((convergence[iter] < config$ftol_out) | (iter >= config$maxit_out)) cond <- TRUE : 
  valeur manquante là où TRUE / FALSE est requis
"
"192","42","300","20","community","sites","sites_1","PLN","BIC","0.06","0.82795","0.654671151318918","0.006","0.6","0.857","0.706","1.85294198989868"
"193","43","300","20","community","sites","sites_1","PLN","BIC","0.08","0.5290255","0.638992466306626","0.103","0.733","0.379","0.5","2.24323749542236"
"194","44","300","20","community","sites","sites_1","PLN","BIC","0.08","0.537941","0.711784502451161","0.057","0.714","0.5","0.588","1.31194758415222"
"195","45","300","20","community","sites","sites_1","PLN","BIC","0.08","0.504857","0.768703230384169","0.084","0.909","0.4","0.556","1.57512974739075"
"196","46","300","20","community","sites","sites_1","PLN","BIC","0.12","0.710348","0.717466625393276","0.216","0.957","0.379","0.543","1.70473051071167"
"197","Error in if ((convergence[iter] < config$ftol_out) | (iter >= config$maxit_out)) cond <- TRUE : 
  valeur manquante là où TRUE / FALSE est requis
","Error in if ((convergence[iter] < config$ftol_out) | (iter >= config$maxit_out)) cond <- TRUE : 
  valeur manquante là où TRUE / FALSE est requis
","Error in if ((convergence[iter] < config$ftol_out) | (iter >= config$maxit_out)) cond <- TRUE : 
  valeur manquante là où TRUE / FALSE est requis
","Error in if ((convergence[iter] < config$ftol_out) | (iter >= config$maxit_out)) cond <- TRUE : 
  valeur manquante là où TRUE / FALSE est requis
","Error in if ((convergence[iter] < config$ftol_out) | (iter >= config$maxit_out)) cond <- TRUE : 
  valeur manquante là où TRUE / FALSE est requis
","Error in if ((convergence[iter] < config$ftol_out) | (iter >= config$maxit_out)) cond <- TRUE : 
  valeur manquante là où TRUE / FALSE est requis
","Error in if ((convergence[iter] < config$ftol_out) | (iter >= config$maxit_out)) cond <- TRUE : 
  valeur manquante là où TRUE / FALSE est requis
","Error in if ((convergence[iter] < config$ftol_out) | (iter >= config$maxit_out)) cond <- TRUE : 
  valeur manquante là où TRUE / FALSE est requis
","Error in if ((convergence[iter] < config$ftol_out) | (iter >= config$maxit_out)) cond <- TRUE : 
  valeur manquante là où TRUE / FALSE est requis
","Error in if ((convergence[iter] < config$ftol_out) | (iter >= config$maxit_out)) cond <- TRUE : 
  valeur manquante là où TRUE / FALSE est requis
","Error in if ((convergence[iter] < config$ftol_out) | (iter >= config$maxit_out)) cond <- TRUE : 
  valeur manquante là où TRUE / FALSE est requis
","Error in if ((convergence[iter] < config$ftol_out) | (iter >= config$maxit_out)) cond <- TRUE : 
  valeur manquante là où TRUE / FALSE est requis
","Error in if ((convergence[iter] < config$ftol_out) | (iter >= config$maxit_out)) cond <- TRUE : 
  valeur manquante là où TRUE / FALSE est requis
","Error in if ((convergence[iter] < config$ftol_out) | (iter >= config$maxit_out)) cond <- TRUE : 
  valeur manquante là où TRUE / FALSE est requis
","Error in if ((convergence[iter] < config$ftol_out) | (iter >= config$maxit_out)) cond <- TRUE : 
  valeur manquante là où TRUE / FALSE est requis
","Error in if ((convergence[iter] < config$ftol_out) | (iter >= config$maxit_out)) cond <- TRUE : 
  valeur manquante là où TRUE / FALSE est requis
"
"198","48","300","20","community","sites","sites_1","PLN","BIC","0.07","0.6680485","0.625244361798752","0.084","0.917","0.423","0.579","1.99870848655701"
"199","49","300","20","community","sites","sites_1","PLN","BIC","0.09","0.698117","0.628581626295533","0.308","0.952","0.278","0.43","1.72283959388733"
"200","50","300","20","community","sites","sites_1","PLN","BIC","0.08","0.426317","0.648069356938729","0.085","0.846","0.423","0.564","1.97448945045471"
"201","1","300","20","community","sites","sites_2","PLN","BIC","0.15","0.5616815","57406.4406048583","0.761","0.929","0.088","0.161","13.9701263904572"
"202","Error in if ((convergence[iter] < config$ftol_out) | (iter >= config$maxit_out)) cond <- TRUE : 
  valeur manquante là où TRUE / FALSE est requis
","Error in if ((convergence[iter] < config$ftol_out) | (iter >= config$maxit_out)) cond <- TRUE : 
  valeur manquante là où TRUE / FALSE est requis
","Error in if ((convergence[iter] < config$ftol_out) | (iter >= config$maxit_out)) cond <- TRUE : 
  valeur manquante là où TRUE / FALSE est requis
","Error in if ((convergence[iter] < config$ftol_out) | (iter >= config$maxit_out)) cond <- TRUE : 
  valeur manquante là où TRUE / FALSE est requis
","Error in if ((convergence[iter] < config$ftol_out) | (iter >= config$maxit_out)) cond <- TRUE : 
  valeur manquante là où TRUE / FALSE est requis
","Error in if ((convergence[iter] < config$ftol_out) | (iter >= config$maxit_out)) cond <- TRUE : 
  valeur manquante là où TRUE / FALSE est requis
","Error in if ((convergence[iter] < config$ftol_out) | (iter >= config$maxit_out)) cond <- TRUE : 
  valeur manquante là où TRUE / FALSE est requis
","Error in if ((convergence[iter] < config$ftol_out) | (iter >= config$maxit_out)) cond <- TRUE : 
  valeur manquante là où TRUE / FALSE est requis
","Error in if ((convergence[iter] < config$ftol_out) | (iter >= config$maxit_out)) cond <- TRUE : 
  valeur manquante là où TRUE / FALSE est requis
","Error in if ((convergence[iter] < config$ftol_out) | (iter >= config$maxit_out)) cond <- TRUE : 
  valeur manquante là où TRUE / FALSE est requis
","Error in if ((convergence[iter] < config$ftol_out) | (iter >= config$maxit_out)) cond <- TRUE : 
  valeur manquante là où TRUE / FALSE est requis
","Error in if ((convergence[iter] < config$ftol_out) | (iter >= config$maxit_out)) cond <- TRUE : 
  valeur manquante là où TRUE / FALSE est requis
","Error in if ((convergence[iter] < config$ftol_out) | (iter >= config$maxit_out)) cond <- TRUE : 
  valeur manquante là où TRUE / FALSE est requis
","Error in if ((convergence[iter] < config$ftol_out) | (iter >= config$maxit_out)) cond <- TRUE : 
  valeur manquante là où TRUE / FALSE est requis
","Error in if ((convergence[iter] < config$ftol_out) | (iter >= config$maxit_out)) cond <- TRUE : 
  valeur manquante là où TRUE / FALSE est requis
","Error in if ((convergence[iter] < config$ftol_out) | (iter >= config$maxit_out)) cond <- TRUE : 
  valeur manquante là où TRUE / FALSE est requis
"
"203","3","300","20","community","sites","sites_2","PLN","BIC","0.17","0.6778325","0.526594873146193","0.131","0.6","0.281","0.383","2.40720367431641"
"204","4","300","20","community","sites","sites_2","PLN","BIC","0.14","0.704193","0.512426522011624","0.176","0.857","0.279","0.421","2.13480162620544"
"205","5","300","20","community","sites","sites_2","PLN","BIC","0.08","0.749315","0.538175716012345","0.028","0.667","0.545","0.6","2.28258419036865"
"206","6","300","20","community","sites","sites_2","PLN","BIC","0.1","0.7087975","0.512610448077524","0.232","0.778","0.143","0.241","1.50413727760315"
"207","7","300","20","community","sites","sites_2","PLN","BIC","0.12","0.806262","0.494080221640206","0.034","0.769","0.625","0.69","3.49677729606628"
"208","Error in if ((convergence[iter] < config$ftol_out) | (iter >= config$maxit_out)) cond <- TRUE : 
  valeur manquante là où TRUE / FALSE est requis
","Error in if ((convergence[iter] < config$ftol_out) | (iter >= config$maxit_out)) cond <- TRUE : 
  valeur manquante là où TRUE / FALSE est requis
","Error in if ((convergence[iter] < config$ftol_out) | (iter >= config$maxit_out)) cond <- TRUE : 
  valeur manquante là où TRUE / FALSE est requis
","Error in if ((convergence[iter] < config$ftol_out) | (iter >= config$maxit_out)) cond <- TRUE : 
  valeur manquante là où TRUE / FALSE est requis
","Error in if ((convergence[iter] < config$ftol_out) | (iter >= config$maxit_out)) cond <- TRUE : 
  valeur manquante là où TRUE / FALSE est requis
","Error in if ((convergence[iter] < config$ftol_out) | (iter >= config$maxit_out)) cond <- TRUE : 
  valeur manquante là où TRUE / FALSE est requis
","Error in if ((convergence[iter] < config$ftol_out) | (iter >= config$maxit_out)) cond <- TRUE : 
  valeur manquante là où TRUE / FALSE est requis
","Error in if ((convergence[iter] < config$ftol_out) | (iter >= config$maxit_out)) cond <- TRUE : 
  valeur manquante là où TRUE / FALSE est requis
","Error in if ((convergence[iter] < config$ftol_out) | (iter >= config$maxit_out)) cond <- TRUE : 
  valeur manquante là où TRUE / FALSE est requis
","Error in if ((convergence[iter] < config$ftol_out) | (iter >= config$maxit_out)) cond <- TRUE : 
  valeur manquante là où TRUE / FALSE est requis
","Error in if ((convergence[iter] < config$ftol_out) | (iter >= config$maxit_out)) cond <- TRUE : 
  valeur manquante là où TRUE / FALSE est requis
","Error in if ((convergence[iter] < config$ftol_out) | (iter >= config$maxit_out)) cond <- TRUE : 
  valeur manquante là où TRUE / FALSE est requis
","Error in if ((convergence[iter] < config$ftol_out) | (iter >= config$maxit_out)) cond <- TRUE : 
  valeur manquante là où TRUE / FALSE est requis
","Error in if ((convergence[iter] < config$ftol_out) | (iter >= config$maxit_out)) cond <- TRUE : 
  valeur manquante là où TRUE / FALSE est requis
","Error in if ((convergence[iter] < config$ftol_out) | (iter >= config$maxit_out)) cond <- TRUE : 
  valeur manquante là où TRUE / FALSE est requis
","Error in if ((convergence[iter] < config$ftol_out) | (iter >= config$maxit_out)) cond <- TRUE : 
  valeur manquante là où TRUE / FALSE est requis
"
"209","9","300","20","community","sites","sites_2","PLN","BIC","0.09","0.7801875","0.535316158911731","0.016","0.625","0.625","0.625","2.78377342224121"
"210","10","300","20","community","sites","sites_2","PLN","BIC","0.11","0.7309","0.561915068153436","0.039","0.6","0.462","0.522","1.66015672683716"
"211","11","300","20","community","sites","sites_2","PLN","BIC","0.13","0.663562","0.51764067562476","0.023","0.357","0.556","0.435","2.33608865737915"
"212","12","300","20","community","sites","sites_2","PLN","BIC","0.15","0.688712","0.957655412434379","0.011","0.267","0.667","0.381","1.19674229621887"
"213","13","300","20","community","sites","sites_2","PLN","BIC","0.06","0.7020625","0.535693353297303","0.005","0.5","0.8","0.615","2.5125994682312"
"214","Error in if ((convergence[iter] < config$ftol_out) | (iter >= config$maxit_out)) cond <- TRUE : 
  valeur manquante là où TRUE / FALSE est requis
","Error in if ((convergence[iter] < config$ftol_out) | (iter >= config$maxit_out)) cond <- TRUE : 
  valeur manquante là où TRUE / FALSE est requis
","Error in if ((convergence[iter] < config$ftol_out) | (iter >= config$maxit_out)) cond <- TRUE : 
  valeur manquante là où TRUE / FALSE est requis
","Error in if ((convergence[iter] < config$ftol_out) | (iter >= config$maxit_out)) cond <- TRUE : 
  valeur manquante là où TRUE / FALSE est requis
","Error in if ((convergence[iter] < config$ftol_out) | (iter >= config$maxit_out)) cond <- TRUE : 
  valeur manquante là où TRUE / FALSE est requis
","Error in if ((convergence[iter] < config$ftol_out) | (iter >= config$maxit_out)) cond <- TRUE : 
  valeur manquante là où TRUE / FALSE est requis
","Error in if ((convergence[iter] < config$ftol_out) | (iter >= config$maxit_out)) cond <- TRUE : 
  valeur manquante là où TRUE / FALSE est requis
","Error in if ((convergence[iter] < config$ftol_out) | (iter >= config$maxit_out)) cond <- TRUE : 
  valeur manquante là où TRUE / FALSE est requis
","Error in if ((convergence[iter] < config$ftol_out) | (iter >= config$maxit_out)) cond <- TRUE : 
  valeur manquante là où TRUE / FALSE est requis
","Error in if ((convergence[iter] < config$ftol_out) | (iter >= config$maxit_out)) cond <- TRUE : 
  valeur manquante là où TRUE / FALSE est requis
","Error in if ((convergence[iter] < config$ftol_out) | (iter >= config$maxit_out)) cond <- TRUE : 
  valeur manquante là où TRUE / FALSE est requis
","Error in if ((convergence[iter] < config$ftol_out) | (iter >= config$maxit_out)) cond <- TRUE : 
  valeur manquante là où TRUE / FALSE est requis
","Error in if ((convergence[iter] < config$ftol_out) | (iter >= config$maxit_out)) cond <- TRUE : 
  valeur manquante là où TRUE / FALSE est requis
","Error in if ((convergence[iter] < config$ftol_out) | (iter >= config$maxit_out)) cond <- TRUE : 
  valeur manquante là où TRUE / FALSE est requis
","Error in if ((convergence[iter] < config$ftol_out) | (iter >= config$maxit_out)) cond <- TRUE : 
  valeur manquante là où TRUE / FALSE est requis
","Error in if ((convergence[iter] < config$ftol_out) | (iter >= config$maxit_out)) cond <- TRUE : 
  valeur manquante là où TRUE / FALSE est requis
"
"215","15","300","20","community","sites","sites_2","PLN","BIC","0.14","0.5525695","0.935284045792867","0.057","0.5","0.444","0.471","1.95151114463806"
"216","16","300","20","community","sites","sites_2","PLN","BIC","0.07","0.742151","30.8497657486984","0.141","0.667","0.133","0.222","2.88680791854858"
"217","17","300","20","community","sites","sites_2","PLN","BIC","0.1","0.7443395","0.554508603856894","0","0",NA,"0","2.0316641330719"
"218","18","300","20","community","sites","sites_2","PLN","BIC","0.15","0.4331415","6.18523368801334e+66","0.79","0.889","0.053","0.1","44.1015565395355"
"219","19","300","20","community","sites","sites_2","PLN","BIC","0.14","0.7760085","0.51840672281003","0","0",NA,"0","2.44717574119568"
"220","Error in if ((convergence[iter] < config$ftol_out) | (iter >= config$maxit_out)) cond <- TRUE : 
  valeur manquante là où TRUE / FALSE est requis
","Error in if ((convergence[iter] < config$ftol_out) | (iter >= config$maxit_out)) cond <- TRUE : 
  valeur manquante là où TRUE / FALSE est requis
","Error in if ((convergence[iter] < config$ftol_out) | (iter >= config$maxit_out)) cond <- TRUE : 
  valeur manquante là où TRUE / FALSE est requis
","Error in if ((convergence[iter] < config$ftol_out) | (iter >= config$maxit_out)) cond <- TRUE : 
  valeur manquante là où TRUE / FALSE est requis
","Error in if ((convergence[iter] < config$ftol_out) | (iter >= config$maxit_out)) cond <- TRUE : 
  valeur manquante là où TRUE / FALSE est requis
","Error in if ((convergence[iter] < config$ftol_out) | (iter >= config$maxit_out)) cond <- TRUE : 
  valeur manquante là où TRUE / FALSE est requis
","Error in if ((convergence[iter] < config$ftol_out) | (iter >= config$maxit_out)) cond <- TRUE : 
  valeur manquante là où TRUE / FALSE est requis
","Error in if ((convergence[iter] < config$ftol_out) | (iter >= config$maxit_out)) cond <- TRUE : 
  valeur manquante là où TRUE / FALSE est requis
","Error in if ((convergence[iter] < config$ftol_out) | (iter >= config$maxit_out)) cond <- TRUE : 
  valeur manquante là où TRUE / FALSE est requis
","Error in if ((convergence[iter] < config$ftol_out) | (iter >= config$maxit_out)) cond <- TRUE : 
  valeur manquante là où TRUE / FALSE est requis
","Error in if ((convergence[iter] < config$ftol_out) | (iter >= config$maxit_out)) cond <- TRUE : 
  valeur manquante là où TRUE / FALSE est requis
","Error in if ((convergence[iter] < config$ftol_out) | (iter >= config$maxit_out)) cond <- TRUE : 
  valeur manquante là où TRUE / FALSE est requis
","Error in if ((convergence[iter] < config$ftol_out) | (iter >= config$maxit_out)) cond <- TRUE : 
  valeur manquante là où TRUE / FALSE est requis
","Error in if ((convergence[iter] < config$ftol_out) | (iter >= config$maxit_out)) cond <- TRUE : 
  valeur manquante là où TRUE / FALSE est requis
","Error in if ((convergence[iter] < config$ftol_out) | (iter >= config$maxit_out)) cond <- TRUE : 
  valeur manquante là où TRUE / FALSE est requis
","Error in if ((convergence[iter] < config$ftol_out) | (iter >= config$maxit_out)) cond <- TRUE : 
  valeur manquante là où TRUE / FALSE est requis
"
"221","21","300","20","community","sites","sites_2","PLN","BIC","0.11","0.672428","0.535276252234189","0.202","0.667","0.182","0.286","2.00858545303345"
"222","22","300","20","community","sites","sites_2","PLN","BIC","0.12","0.790579","0.571272247914841","0","0",NA,"0","2.11973595619202"
"223","23","300","20","community","sites","sites_2","PLN","BIC","0.15","0.4378575","480.511092215785","0.724","0.938","0.106","0.191","7.86065649986267"
"224","24","300","20","community","sites","sites_2","PLN","BIC","0.08","0.85425","0.498436230734656","0","0.125","1","0.222","2.16056823730469"
"225","25","300","20","community","sites","sites_2","PLN","BIC","0.1","0.678869","0.540985697498277","0","0.273","1","0.429","2.22556447982788"
"226","Error in if ((convergence[iter] < config$ftol_out) | (iter >= config$maxit_out)) cond <- TRUE : 
  valeur manquante là où TRUE / FALSE est requis
","Error in if ((convergence[iter] < config$ftol_out) | (iter >= config$maxit_out)) cond <- TRUE : 
  valeur manquante là où TRUE / FALSE est requis
","Error in if ((convergence[iter] < config$ftol_out) | (iter >= config$maxit_out)) cond <- TRUE : 
  valeur manquante là où TRUE / FALSE est requis
","Error in if ((convergence[iter] < config$ftol_out) | (iter >= config$maxit_out)) cond <- TRUE : 
  valeur manquante là où TRUE / FALSE est requis
","Error in if ((convergence[iter] < config$ftol_out) | (iter >= config$maxit_out)) cond <- TRUE : 
  valeur manquante là où TRUE / FALSE est requis
","Error in if ((convergence[iter] < config$ftol_out) | (iter >= config$maxit_out)) cond <- TRUE : 
  valeur manquante là où TRUE / FALSE est requis
","Error in if ((convergence[iter] < config$ftol_out) | (iter >= config$maxit_out)) cond <- TRUE : 
  valeur manquante là où TRUE / FALSE est requis
","Error in if ((convergence[iter] < config$ftol_out) | (iter >= config$maxit_out)) cond <- TRUE : 
  valeur manquante là où TRUE / FALSE est requis
","Error in if ((convergence[iter] < config$ftol_out) | (iter >= config$maxit_out)) cond <- TRUE : 
  valeur manquante là où TRUE / FALSE est requis
","Error in if ((convergence[iter] < config$ftol_out) | (iter >= config$maxit_out)) cond <- TRUE : 
  valeur manquante là où TRUE / FALSE est requis
","Error in if ((convergence[iter] < config$ftol_out) | (iter >= config$maxit_out)) cond <- TRUE : 
  valeur manquante là où TRUE / FALSE est requis
","Error in if ((convergence[iter] < config$ftol_out) | (iter >= config$maxit_out)) cond <- TRUE : 
  valeur manquante là où TRUE / FALSE est requis
","Error in if ((convergence[iter] < config$ftol_out) | (iter >= config$maxit_out)) cond <- TRUE : 
  valeur manquante là où TRUE / FALSE est requis
","Error in if ((convergence[iter] < config$ftol_out) | (iter >= config$maxit_out)) cond <- TRUE : 
  valeur manquante là où TRUE / FALSE est requis
","Error in if ((convergence[iter] < config$ftol_out) | (iter >= config$maxit_out)) cond <- TRUE : 
  valeur manquante là où TRUE / FALSE est requis
","Error in if ((convergence[iter] < config$ftol_out) | (iter >= config$maxit_out)) cond <- TRUE : 
  valeur manquante là où TRUE / FALSE est requis
"
"227","27","300","20","community","sites","sites_2","PLN","BIC","0.16","0.6903135","0.57215929869208","0.169","0.846","0.268","0.407","2.10209703445435"
"228","28","300","20","community","sites","sites_2","PLN","BIC","0.09","0.6802295","0.524520609631169","0.011","0.444","0.667","0.533","2.2762885093689"
"229","29","300","20","community","sites","sites_2","PLN","BIC","0.13","0.5832445","0.535391040042234","0.006","0.118","0.667","0.2","2.30095458030701"
"230","30","300","20","community","sites","sites_2","PLN","BIC","0.13","0.6800695","0.563211460721621","0","0.077","1","0.143","2.28096699714661"
"231","31","300","20","community","sites","sites_2","PLN","BIC","0.18","0.499811","1312.37660473756","0.843","0.889","0.099","0.179","7.5664496421814"
"232","Error in if ((convergence[iter] < config$ftol_out) | (iter >= config$maxit_out)) cond <- TRUE : 
  valeur manquante là où TRUE / FALSE est requis
","Error in if ((convergence[iter] < config$ftol_out) | (iter >= config$maxit_out)) cond <- TRUE : 
  valeur manquante là où TRUE / FALSE est requis
","Error in if ((convergence[iter] < config$ftol_out) | (iter >= config$maxit_out)) cond <- TRUE : 
  valeur manquante là où TRUE / FALSE est requis
","Error in if ((convergence[iter] < config$ftol_out) | (iter >= config$maxit_out)) cond <- TRUE : 
  valeur manquante là où TRUE / FALSE est requis
","Error in if ((convergence[iter] < config$ftol_out) | (iter >= config$maxit_out)) cond <- TRUE : 
  valeur manquante là où TRUE / FALSE est requis
","Error in if ((convergence[iter] < config$ftol_out) | (iter >= config$maxit_out)) cond <- TRUE : 
  valeur manquante là où TRUE / FALSE est requis
","Error in if ((convergence[iter] < config$ftol_out) | (iter >= config$maxit_out)) cond <- TRUE : 
  valeur manquante là où TRUE / FALSE est requis
","Error in if ((convergence[iter] < config$ftol_out) | (iter >= config$maxit_out)) cond <- TRUE : 
  valeur manquante là où TRUE / FALSE est requis
","Error in if ((convergence[iter] < config$ftol_out) | (iter >= config$maxit_out)) cond <- TRUE : 
  valeur manquante là où TRUE / FALSE est requis
","Error in if ((convergence[iter] < config$ftol_out) | (iter >= config$maxit_out)) cond <- TRUE : 
  valeur manquante là où TRUE / FALSE est requis
","Error in if ((convergence[iter] < config$ftol_out) | (iter >= config$maxit_out)) cond <- TRUE : 
  valeur manquante là où TRUE / FALSE est requis
","Error in if ((convergence[iter] < config$ftol_out) | (iter >= config$maxit_out)) cond <- TRUE : 
  valeur manquante là où TRUE / FALSE est requis
","Error in if ((convergence[iter] < config$ftol_out) | (iter >= config$maxit_out)) cond <- TRUE : 
  valeur manquante là où TRUE / FALSE est requis
","Error in if ((convergence[iter] < config$ftol_out) | (iter >= config$maxit_out)) cond <- TRUE : 
  valeur manquante là où TRUE / FALSE est requis
","Error in if ((convergence[iter] < config$ftol_out) | (iter >= config$maxit_out)) cond <- TRUE : 
  valeur manquante là où TRUE / FALSE est requis
","Error in if ((convergence[iter] < config$ftol_out) | (iter >= config$maxit_out)) cond <- TRUE : 
  valeur manquante là où TRUE / FALSE est requis
"
"233","33","300","20","community","sites","sites_2","PLN","BIC","0.09","0.795602","0.503969252745891","0","0.273","1","0.429","3.30253314971924"
"234","34","300","20","community","sites","sites_2","PLN","BIC","0.1","0.595888","2.85594169277889","0.119","0.615","0.276","0.381","2.32963109016418"
"235","35","300","20","community","sites","sites_2","PLN","BIC","0.1","0.57608","12.7526349322444","0.016","0.5","0.5","0.5","1.22938013076782"
"236","36","300","20","community","sites","sites_2","PLN","BIC","0.16","0.424543","566.267944197027","0.647","0.941","0.125","0.221","8.47510671615601"
"237","37","300","20","community","sites","sites_2","PLN","BIC","0.11","0.540065","3214.49849437257","0.657","1","0.07","0.131","7.16063928604126"
"238","Error in if ((convergence[iter] < config$ftol_out) | (iter >= config$maxit_out)) cond <- TRUE : 
  valeur manquante là où TRUE / FALSE est requis
","Error in if ((convergence[iter] < config$ftol_out) | (iter >= config$maxit_out)) cond <- TRUE : 
  valeur manquante là où TRUE / FALSE est requis
","Error in if ((convergence[iter] < config$ftol_out) | (iter >= config$maxit_out)) cond <- TRUE : 
  valeur manquante là où TRUE / FALSE est requis
","Error in if ((convergence[iter] < config$ftol_out) | (iter >= config$maxit_out)) cond <- TRUE : 
  valeur manquante là où TRUE / FALSE est requis
","Error in if ((convergence[iter] < config$ftol_out) | (iter >= config$maxit_out)) cond <- TRUE : 
  valeur manquante là où TRUE / FALSE est requis
","Error in if ((convergence[iter] < config$ftol_out) | (iter >= config$maxit_out)) cond <- TRUE : 
  valeur manquante là où TRUE / FALSE est requis
","Error in if ((convergence[iter] < config$ftol_out) | (iter >= config$maxit_out)) cond <- TRUE : 
  valeur manquante là où TRUE / FALSE est requis
","Error in if ((convergence[iter] < config$ftol_out) | (iter >= config$maxit_out)) cond <- TRUE : 
  valeur manquante là où TRUE / FALSE est requis
","Error in if ((convergence[iter] < config$ftol_out) | (iter >= config$maxit_out)) cond <- TRUE : 
  valeur manquante là où TRUE / FALSE est requis
","Error in if ((convergence[iter] < config$ftol_out) | (iter >= config$maxit_out)) cond <- TRUE : 
  valeur manquante là où TRUE / FALSE est requis
","Error in if ((convergence[iter] < config$ftol_out) | (iter >= config$maxit_out)) cond <- TRUE : 
  valeur manquante là où TRUE / FALSE est requis
","Error in if ((convergence[iter] < config$ftol_out) | (iter >= config$maxit_out)) cond <- TRUE : 
  valeur manquante là où TRUE / FALSE est requis
","Error in if ((convergence[iter] < config$ftol_out) | (iter >= config$maxit_out)) cond <- TRUE : 
  valeur manquante là où TRUE / FALSE est requis
","Error in if ((convergence[iter] < config$ftol_out) | (iter >= config$maxit_out)) cond <- TRUE : 
  valeur manquante là où TRUE / FALSE est requis
","Error in if ((convergence[iter] < config$ftol_out) | (iter >= config$maxit_out)) cond <- TRUE : 
  valeur manquante là où TRUE / FALSE est requis
","Error in if ((convergence[iter] < config$ftol_out) | (iter >= config$maxit_out)) cond <- TRUE : 
  valeur manquante là où TRUE / FALSE est requis
"
"239","39","300","20","community","sites","sites_2","PLN","BIC","0.09","0.7428635","0.511693789751003","0","0.111","1","0.2","3.34035181999207"
"240","40","300","20","community","sites","sites_2","PLN","BIC","0.14","0.7807485","0.520190233512555","0.012","0.294","0.714","0.417","2.28897070884705"
"241","41","300","20","community","sites","sites_2","PLN","BIC","0.11","0.6520095","0.569258243545289","0.029","0.562","0.643","0.6","2.11985874176025"
"242","42","300","20","community","sites","sites_2","PLN","BIC","0.11","0.75164","0.569013986794011","0.04","0.571","0.533","0.552","2.17132115364075"
"243","43","300","20","community","sites","sites_2","PLN","BIC","0.12","0.6677075","0.539168388398074","0.291","0.636","0.119","0.2","1.37642240524292"
"244","Error in if ((convergence[iter] < config$ftol_out) | (iter >= config$maxit_out)) cond <- TRUE : 
  valeur manquante là où TRUE / FALSE est requis
","Error in if ((convergence[iter] < config$ftol_out) | (iter >= config$maxit_out)) cond <- TRUE : 
  valeur manquante là où TRUE / FALSE est requis
","Error in if ((convergence[iter] < config$ftol_out) | (iter >= config$maxit_out)) cond <- TRUE : 
  valeur manquante là où TRUE / FALSE est requis
","Error in if ((convergence[iter] < config$ftol_out) | (iter >= config$maxit_out)) cond <- TRUE : 
  valeur manquante là où TRUE / FALSE est requis
","Error in if ((convergence[iter] < config$ftol_out) | (iter >= config$maxit_out)) cond <- TRUE : 
  valeur manquante là où TRUE / FALSE est requis
","Error in if ((convergence[iter] < config$ftol_out) | (iter >= config$maxit_out)) cond <- TRUE : 
  valeur manquante là où TRUE / FALSE est requis
","Error in if ((convergence[iter] < config$ftol_out) | (iter >= config$maxit_out)) cond <- TRUE : 
  valeur manquante là où TRUE / FALSE est requis
","Error in if ((convergence[iter] < config$ftol_out) | (iter >= config$maxit_out)) cond <- TRUE : 
  valeur manquante là où TRUE / FALSE est requis
","Error in if ((convergence[iter] < config$ftol_out) | (iter >= config$maxit_out)) cond <- TRUE : 
  valeur manquante là où TRUE / FALSE est requis
","Error in if ((convergence[iter] < config$ftol_out) | (iter >= config$maxit_out)) cond <- TRUE : 
  valeur manquante là où TRUE / FALSE est requis
","Error in if ((convergence[iter] < config$ftol_out) | (iter >= config$maxit_out)) cond <- TRUE : 
  valeur manquante là où TRUE / FALSE est requis
","Error in if ((convergence[iter] < config$ftol_out) | (iter >= config$maxit_out)) cond <- TRUE : 
  valeur manquante là où TRUE / FALSE est requis
","Error in if ((convergence[iter] < config$ftol_out) | (iter >= config$maxit_out)) cond <- TRUE : 
  valeur manquante là où TRUE / FALSE est requis
","Error in if ((convergence[iter] < config$ftol_out) | (iter >= config$maxit_out)) cond <- TRUE : 
  valeur manquante là où TRUE / FALSE est requis
","Error in if ((convergence[iter] < config$ftol_out) | (iter >= config$maxit_out)) cond <- TRUE : 
  valeur manquante là où TRUE / FALSE est requis
","Error in if ((convergence[iter] < config$ftol_out) | (iter >= config$maxit_out)) cond <- TRUE : 
  valeur manquante là où TRUE / FALSE est requis
"
"245","45","300","20","community","sites","sites_2","PLN","BIC","0.21","0.33765","4.05990782343226e+57","0.753","0.9","0.123","0.217","38.3186304569244"
"246","46","300","20","community","sites","sites_2","PLN","BIC","0.13","0.714785","0.564643638508058","0.17","0.857","0.286","0.429","2.39618539810181"
"247","47","300","20","community","sites","sites_2","PLN","BIC","0.13","0.705616","0.557732855836544","0.096","0.769","0.37","0.5","2.23138117790222"
"248","48","300","20","community","sites","sites_2","PLN","BIC","0.13","0.56298","0.591166462017442","0","0.059","1","0.111","2.26464939117432"
"249","49","300","20","community","sites","sites_2","PLN","BIC","0.12","0.4543345","0.527681580870663","0","0.071","1","0.133","2.60015177726746"
"250","Error in if ((convergence[iter] < config$ftol_out) | (iter >= config$maxit_out)) cond <- TRUE : 
  valeur manquante là où TRUE / FALSE est requis
","Error in if ((convergence[iter] < config$ftol_out) | (iter >= config$maxit_out)) cond <- TRUE : 
  valeur manquante là où TRUE / FALSE est requis
","Error in if ((convergence[iter] < config$ftol_out) | (iter >= config$maxit_out)) cond <- TRUE : 
  valeur manquante là où TRUE / FALSE est requis
","Error in if ((convergence[iter] < config$ftol_out) | (iter >= config$maxit_out)) cond <- TRUE : 
  valeur manquante là où TRUE / FALSE est requis
","Error in if ((convergence[iter] < config$ftol_out) | (iter >= config$maxit_out)) cond <- TRUE : 
  valeur manquante là où TRUE / FALSE est requis
","Error in if ((convergence[iter] < config$ftol_out) | (iter >= config$maxit_out)) cond <- TRUE : 
  valeur manquante là où TRUE / FALSE est requis
","Error in if ((convergence[iter] < config$ftol_out) | (iter >= config$maxit_out)) cond <- TRUE : 
  valeur manquante là où TRUE / FALSE est requis
","Error in if ((convergence[iter] < config$ftol_out) | (iter >= config$maxit_out)) cond <- TRUE : 
  valeur manquante là où TRUE / FALSE est requis
","Error in if ((convergence[iter] < config$ftol_out) | (iter >= config$maxit_out)) cond <- TRUE : 
  valeur manquante là où TRUE / FALSE est requis
","Error in if ((convergence[iter] < config$ftol_out) | (iter >= config$maxit_out)) cond <- TRUE : 
  valeur manquante là où TRUE / FALSE est requis
","Error in if ((convergence[iter] < config$ftol_out) | (iter >= config$maxit_out)) cond <- TRUE : 
  valeur manquante là où TRUE / FALSE est requis
","Error in if ((convergence[iter] < config$ftol_out) | (iter >= config$maxit_out)) cond <- TRUE : 
  valeur manquante là où TRUE / FALSE est requis
","Error in if ((convergence[iter] < config$ftol_out) | (iter >= config$maxit_out)) cond <- TRUE : 
  valeur manquante là où TRUE / FALSE est requis
","Error in if ((convergence[iter] < config$ftol_out) | (iter >= config$maxit_out)) cond <- TRUE : 
  valeur manquante là où TRUE / FALSE est requis
","Error in if ((convergence[iter] < config$ftol_out) | (iter >= config$maxit_out)) cond <- TRUE : 
  valeur manquante là où TRUE / FALSE est requis
","Error in if ((convergence[iter] < config$ftol_out) | (iter >= config$maxit_out)) cond <- TRUE : 
  valeur manquante là où TRUE / FALSE est requis
"
"251","1","300","20","community","sites","sites_3","PLN","BIC","0.13","0.550896","2.22178067062988","0.033","0.222","0.25","0.235","2.01408076286316"
"252","2","300","20","community","sites","sites_3","PLN","BIC","0.11","0.455775","6.72090905319949","0.149","0.333","0.1","0.154","3.56604790687561"
"253","3","300","20","community","sites","sites_3","PLN","BIC","0.11","0.3359","0.392133880780014","0","0",NA,"0","5.09121155738831"
"254","4","300","20","community","sites","sites_3","PLN","BIC","0.16","0.5454705","0.401806115199376","0.552","0.667","0.112","0.192","5.8626880645752"
"255","5","300","20","community","sites","sites_3","PLN","BIC","0.13","0.4010285","0.440549592892349","0.581","0.727","0.071","0.13","1.43325042724609"
"256","6","300","20","community","sites","sites_3","PLN","BIC","0.13","0.38725","0.373407527322835","0.088","0.25","0.111","0.154","3.61055946350098"
"257","7","300","20","community","sites","sites_3","PLN","BIC","0.12","0.442757","0.394680033722835","0.665","0.545","0.048","0.088","6.28557276725769"
"258","8","300","20","community","sites","sites_3","PLN","BIC","0.16","0.625974","0.385587854841776","0.59","1","0.103","0.186","2.73407554626465"
"259","9","300","20","community","sites","sites_3","PLN","BIC","0.13","0.404264","0.407661926297182","0","0",NA,"0","5.23045182228088"
"260","10","300","20","community","sites","sites_3","PLN","BIC","0.14","0.3678625","0.410339024576595","0.69","0.688","0.084","0.15","2.82641792297363"
"261","11","300","20","community","sites","sites_3","PLN","BIC","0.15","0.578813","0.391756847513006","0","0",NA,"0","3.22932624816895"
"262","12","300","20","community","sites","sites_3","PLN","BIC","0.18","0.4254045","104567261841583","0.85","0.824","0.087","0.157","16.4243245124817"
"263","13","300","20","community","sites","sites_3","PLN","BIC","0.14","0.56315","0.387347849268072","0.622","0.8","0.067","0.123","1.27572965621948"
"264","14","300","20","community","sites","sites_3","PLN","BIC","0.13","0.4076","0.385184666407374","0","0.1","1","0.182","5.82506823539734"
"265","15","300","20","community","sites","sites_3","PLN","BIC","0.12","0.38195","0.375473240074798","0","0.1","1","0.182","5.27969098091125"
"266","16","300","20","community","sites","sites_3","PLN","BIC","0.21","0.3540465","0.380338346965029","0","0.045","1","0.087","5.69288063049316"
"267","17","300","20","community","sites","sites_3","PLN","BIC","0.12","0.5118005","0.438073601994967","0","0",NA,"0","3.94039249420166"
"268","18","300","20","community","sites","sites_3","PLN","BIC","0.12","0.493501","0.413189700912933","0.685","1","0.068","0.127","4.00113487243652"
"269","19","300","20","community","sites","sites_3","PLN","BIC","0.17","0.4081995","0.383875185440241","0","0.188","1","0.316","4.02255868911743"
"270","20","300","20","community","sites","sites_3","PLN","BIC","0.18","0.3393695","3.11366402920907e+58","0.823","0.867","0.083","0.151","43.2123050689697"
"271","21","300","20","community","sites","sites_3","PLN","BIC","0.22","0.48315","5114.01489183063","0.594","0.8","0.137","0.234","3.5869414806366"
"272","22","300","20","community","sites","sites_3","PLN","BIC","0.15","0.398269","1457803227537.07","0.765","0.909","0.068","0.127","21.2028164863586"
"273","23","300","20","community","sites","sites_3","PLN","BIC","0.1","0.5125875","0.420081679738706","0","0",NA,"0","3.11983871459961"
"274","24","300","20","community","sites","sites_3","PLN","BIC","0.12","0.399105","0.397757454863412","0.011","0","0","0","3.41194248199463"
"275","25","300","20","community","sites","sites_3","PLN","BIC","0.14","0.431493","0.417727640380926","0","0",NA,"0","3.36690855026245"
"276","26","300","20","community","sites","sites_3","PLN","BIC","0.1","0.3966875","0.458566855844543","0","0",NA,"0","3.47727560997009"
"277","27","300","20","community","sites","sites_3","PLN","BIC","0.17","0.4107025","0.338602842535358","0.67","0.571","0.063","0.114","2.27343273162842"
"278","28","300","20","community","sites","sites_3","PLN","BIC","0.09","0.300987","0.394008224048005","0.678","0.571","0.031","0.059","2.02346062660217"
"279","29","300","20","community","sites","sites_3","PLN","BIC","0.14","0.2835595","0.41394669919182","0.674","0.667","0.062","0.114","1.4547483921051"
"280","30","300","20","community","sites","sites_3","PLN","BIC","0.16","0.5073595","0.37663478475969","0.657","0.75","0.071","0.13","1.18026328086853"
"281","31","300","20","community","sites","sites_3","PLN","BIC","0.18","0.5278515","702246358862.033","0.949","1","0.083","0.153","13.7429914474487"
"282","32","300","20","community","sites","sites_3","PLN","BIC","0.11","0.438997","0.404845627460719","0.549","0.5","0.029","0.055","2.735032081604"
"283","33","300","20","community","sites","sites_3","PLN","BIC","0.16","0.3131275","0.40136074454018","0.605","0.538","0.061","0.11","2.04614400863647"
"284","34","300","20","community","sites","sites_3","PLN","BIC","0.16","0.5116985","0.3592173184276","0.052","0.375","0.4","0.387","4.17532658576965"
"285","35","300","20","community","sites","sites_3","PLN","BIC","0.11","0.48425","0.379287501713349","0.017","0.3","0.5","0.375","3.98021221160889"
"286","36","300","20","community","sites","sites_3","PLN","BIC","0.19","0.607598","139676449168.674","0.851","0.933","0.086","0.157","13.4370982646942"
"287","37","300","20","community","sites","sites_3","PLN","BIC","0.14","0.57759","0.421713752248219","0.627","0.769","0.083","0.149","2.30025935173035"
"288","38","300","20","community","sites","sites_3","PLN","BIC","0.15","0.5613775","1029.26597903512","0.895","1","0.053","0.1","8.66963505744934"
"289","39","300","20","community","sites","sites_3","PLN","BIC","0.16","0.5568","352042.998537554","0.811","1","0.064","0.12","13.9877743721008"
"290","40","300","20","community","sites","sites_3","PLN","BIC","0.16","0.344439","0.42435182609056","0","0.067","1","0.125","3.18351364135742"
"291","41","300","20","community","sites","sites_3","PLN","BIC","0.18","0.51565","3.25254263920701","0.012","0.1","0.5","0.167","1.27212166786194"
"292","42","300","20","community","sites","sites_3","PLN","BIC","0.15","0.616076","0.956304804792731","0.079","0.417","0.263","0.323","1.21931219100952"
"293","43","300","20","community","sites","sites_3","PLN","BIC","0.19","0.4848","0.42949097311305","0.594","0.75","0.129","0.221","2.23387432098389"
"294","44","300","20","community","sites","sites_3","PLN","BIC","0.17","0.3592125","104305951999241","0.831","0.889","0.101","0.181","10.0699937343597"
"295","45","300","20","community","sites","sites_3","PLN","BIC","0.16","0.3928435","1528827695298006","0.812","0.857","0.077","0.142","13.396112203598"
"296","46","300","20","community","sites","sites_3","PLN","BIC","0.15","0.4646795","0.389229065446037","0","0",NA,"0","3.18060564994812"
"297","47","300","20","community","sites","sites_3","PLN","BIC","0.12","0.374136","0.393854543216231","0","0",NA,"0","2.76593255996704"
"298","48","300","20","community","sites","sites_3","PLN","BIC","0.1","0.5659345","1.14293761274225","0.005","0.143","0.5","0.222","1.24271059036255"
"299","49","300","20","community","sites","sites_3","PLN","BIC","0.15","0.38758","0.389662443836785","0.652","0.778","0.056","0.104","1.24595069885254"
"300","50","300","20","community","sites","sites_3","PLN","BIC","0.16","0.3897505","0.407850338609161","0.64","0.667","0.066","0.119","1.18216109275818"
"301","Error in if ((convergence[iter] < config$ftol_out) | (iter >= config$maxit_out)) cond <- TRUE : 
  valeur manquante là où TRUE / FALSE est requis
","Error in if ((convergence[iter] < config$ftol_out) | (iter >= config$maxit_out)) cond <- TRUE : 
  valeur manquante là où TRUE / FALSE est requis
","Error in if ((convergence[iter] < config$ftol_out) | (iter >= config$maxit_out)) cond <- TRUE : 
  valeur manquante là où TRUE / FALSE est requis
","Error in if ((convergence[iter] < config$ftol_out) | (iter >= config$maxit_out)) cond <- TRUE : 
  valeur manquante là où TRUE / FALSE est requis
","Error in if ((convergence[iter] < config$ftol_out) | (iter >= config$maxit_out)) cond <- TRUE : 
  valeur manquante là où TRUE / FALSE est requis
","Error in if ((convergence[iter] < config$ftol_out) | (iter >= config$maxit_out)) cond <- TRUE : 
  valeur manquante là où TRUE / FALSE est requis
","Error in if ((convergence[iter] < config$ftol_out) | (iter >= config$maxit_out)) cond <- TRUE : 
  valeur manquante là où TRUE / FALSE est requis
","Error in if ((convergence[iter] < config$ftol_out) | (iter >= config$maxit_out)) cond <- TRUE : 
  valeur manquante là où TRUE / FALSE est requis
","Error in if ((convergence[iter] < config$ftol_out) | (iter >= config$maxit_out)) cond <- TRUE : 
  valeur manquante là où TRUE / FALSE est requis
","Error in if ((convergence[iter] < config$ftol_out) | (iter >= config$maxit_out)) cond <- TRUE : 
  valeur manquante là où TRUE / FALSE est requis
","Error in if ((convergence[iter] < config$ftol_out) | (iter >= config$maxit_out)) cond <- TRUE : 
  valeur manquante là où TRUE / FALSE est requis
","Error in if ((convergence[iter] < config$ftol_out) | (iter >= config$maxit_out)) cond <- TRUE : 
  valeur manquante là où TRUE / FALSE est requis
","Error in if ((convergence[iter] < config$ftol_out) | (iter >= config$maxit_out)) cond <- TRUE : 
  valeur manquante là où TRUE / FALSE est requis
","Error in if ((convergence[iter] < config$ftol_out) | (iter >= config$maxit_out)) cond <- TRUE : 
  valeur manquante là où TRUE / FALSE est requis
","Error in if ((convergence[iter] < config$ftol_out) | (iter >= config$maxit_out)) cond <- TRUE : 
  valeur manquante là où TRUE / FALSE est requis
","Error in if ((convergence[iter] < config$ftol_out) | (iter >= config$maxit_out)) cond <- TRUE : 
  valeur manquante là où TRUE / FALSE est requis
"
"302","2","300","20","preferential_attachment","sites","sites_1","PLN","BIC","0.1","0.439422","0.642801177702561","0.222","0.895","0.309","0.459","2.00545382499695"
"303","3","300","20","preferential_attachment","sites","sites_1","PLN","BIC","0.09","0.5745775","0.662185273010898","0.041","0.474","0.562","0.514","3.2908182144165"
"304","4","300","20","preferential_attachment","sites","sites_1","PLN","BIC","0.14","0.3073655","46420.237673546","0.515","0.789","0.146","0.246","10.6677687168121"
"305","5","300","20","preferential_attachment","sites","sites_1","PLN","BIC","0.1","0.621103","0.638413913688897","0.094","0.684","0.448","0.542","3.39428877830505"
"306","Error in if ((convergence[iter] < config$ftol_out) | (iter >= config$maxit_out)) cond <- TRUE : 
  valeur manquante là où TRUE / FALSE est requis
","Error in if ((convergence[iter] < config$ftol_out) | (iter >= config$maxit_out)) cond <- TRUE : 
  valeur manquante là où TRUE / FALSE est requis
","Error in if ((convergence[iter] < config$ftol_out) | (iter >= config$maxit_out)) cond <- TRUE : 
  valeur manquante là où TRUE / FALSE est requis
","Error in if ((convergence[iter] < config$ftol_out) | (iter >= config$maxit_out)) cond <- TRUE : 
  valeur manquante là où TRUE / FALSE est requis
","Error in if ((convergence[iter] < config$ftol_out) | (iter >= config$maxit_out)) cond <- TRUE : 
  valeur manquante là où TRUE / FALSE est requis
","Error in if ((convergence[iter] < config$ftol_out) | (iter >= config$maxit_out)) cond <- TRUE : 
  valeur manquante là où TRUE / FALSE est requis
","Error in if ((convergence[iter] < config$ftol_out) | (iter >= config$maxit_out)) cond <- TRUE : 
  valeur manquante là où TRUE / FALSE est requis
","Error in if ((convergence[iter] < config$ftol_out) | (iter >= config$maxit_out)) cond <- TRUE : 
  valeur manquante là où TRUE / FALSE est requis
","Error in if ((convergence[iter] < config$ftol_out) | (iter >= config$maxit_out)) cond <- TRUE : 
  valeur manquante là où TRUE / FALSE est requis
","Error in if ((convergence[iter] < config$ftol_out) | (iter >= config$maxit_out)) cond <- TRUE : 
  valeur manquante là où TRUE / FALSE est requis
","Error in if ((convergence[iter] < config$ftol_out) | (iter >= config$maxit_out)) cond <- TRUE : 
  valeur manquante là où TRUE / FALSE est requis
","Error in if ((convergence[iter] < config$ftol_out) | (iter >= config$maxit_out)) cond <- TRUE : 
  valeur manquante là où TRUE / FALSE est requis
","Error in if ((convergence[iter] < config$ftol_out) | (iter >= config$maxit_out)) cond <- TRUE : 
  valeur manquante là où TRUE / FALSE est requis
","Error in if ((convergence[iter] < config$ftol_out) | (iter >= config$maxit_out)) cond <- TRUE : 
  valeur manquante là où TRUE / FALSE est requis
","Error in if ((convergence[iter] < config$ftol_out) | (iter >= config$maxit_out)) cond <- TRUE : 
  valeur manquante là où TRUE / FALSE est requis
","Error in if ((convergence[iter] < config$ftol_out) | (iter >= config$maxit_out)) cond <- TRUE : 
  valeur manquante là où TRUE / FALSE est requis
"
"307","Error in if ((convergence[iter] < config$ftol_out) | (iter >= config$maxit_out)) cond <- TRUE : 
  valeur manquante là où TRUE / FALSE est requis
","Error in if ((convergence[iter] < config$ftol_out) | (iter >= config$maxit_out)) cond <- TRUE : 
  valeur manquante là où TRUE / FALSE est requis
","Error in if ((convergence[iter] < config$ftol_out) | (iter >= config$maxit_out)) cond <- TRUE : 
  valeur manquante là où TRUE / FALSE est requis
","Error in if ((convergence[iter] < config$ftol_out) | (iter >= config$maxit_out)) cond <- TRUE : 
  valeur manquante là où TRUE / FALSE est requis
","Error in if ((convergence[iter] < config$ftol_out) | (iter >= config$maxit_out)) cond <- TRUE : 
  valeur manquante là où TRUE / FALSE est requis
","Error in if ((convergence[iter] < config$ftol_out) | (iter >= config$maxit_out)) cond <- TRUE : 
  valeur manquante là où TRUE / FALSE est requis
","Error in if ((convergence[iter] < config$ftol_out) | (iter >= config$maxit_out)) cond <- TRUE : 
  valeur manquante là où TRUE / FALSE est requis
","Error in if ((convergence[iter] < config$ftol_out) | (iter >= config$maxit_out)) cond <- TRUE : 
  valeur manquante là où TRUE / FALSE est requis
","Error in if ((convergence[iter] < config$ftol_out) | (iter >= config$maxit_out)) cond <- TRUE : 
  valeur manquante là où TRUE / FALSE est requis
","Error in if ((convergence[iter] < config$ftol_out) | (iter >= config$maxit_out)) cond <- TRUE : 
  valeur manquante là où TRUE / FALSE est requis
","Error in if ((convergence[iter] < config$ftol_out) | (iter >= config$maxit_out)) cond <- TRUE : 
  valeur manquante là où TRUE / FALSE est requis
","Error in if ((convergence[iter] < config$ftol_out) | (iter >= config$maxit_out)) cond <- TRUE : 
  valeur manquante là où TRUE / FALSE est requis
","Error in if ((convergence[iter] < config$ftol_out) | (iter >= config$maxit_out)) cond <- TRUE : 
  valeur manquante là où TRUE / FALSE est requis
","Error in if ((convergence[iter] < config$ftol_out) | (iter >= config$maxit_out)) cond <- TRUE : 
  valeur manquante là où TRUE / FALSE est requis
","Error in if ((convergence[iter] < config$ftol_out) | (iter >= config$maxit_out)) cond <- TRUE : 
  valeur manquante là où TRUE / FALSE est requis
","Error in if ((convergence[iter] < config$ftol_out) | (iter >= config$maxit_out)) cond <- TRUE : 
  valeur manquante là où TRUE / FALSE est requis
"
"308","8","300","20","preferential_attachment","sites","sites_1","PLN","BIC","0.1","0.60054","0.858371978868991","0.304","1","0.268","0.422","1.2899911403656"
"309","9","300","20","preferential_attachment","sites","sites_1","PLN","BIC","0.1","0.626849","0.675363214517701","0.035","0.789","0.714","0.75","3.43544960021973"
"310","10","300","20","preferential_attachment","sites","sites_1","PLN","BIC","0.13","0.3565235","0.84323344788672","0.275","0.947","0.277","0.429","1.25874376296997"
"311","11","300","20","preferential_attachment","sites","sites_1","PLN","BIC","0.14","0.382998","1.19613437400973","0.152","0.632","0.316","0.421","1.23575472831726"
"312","Error in if ((convergence[iter] < config$ftol_out) | (iter >= config$maxit_out)) cond <- TRUE : 
  valeur manquante là où TRUE / FALSE est requis
","Error in if ((convergence[iter] < config$ftol_out) | (iter >= config$maxit_out)) cond <- TRUE : 
  valeur manquante là où TRUE / FALSE est requis
","Error in if ((convergence[iter] < config$ftol_out) | (iter >= config$maxit_out)) cond <- TRUE : 
  valeur manquante là où TRUE / FALSE est requis
","Error in if ((convergence[iter] < config$ftol_out) | (iter >= config$maxit_out)) cond <- TRUE : 
  valeur manquante là où TRUE / FALSE est requis
","Error in if ((convergence[iter] < config$ftol_out) | (iter >= config$maxit_out)) cond <- TRUE : 
  valeur manquante là où TRUE / FALSE est requis
","Error in if ((convergence[iter] < config$ftol_out) | (iter >= config$maxit_out)) cond <- TRUE : 
  valeur manquante là où TRUE / FALSE est requis
","Error in if ((convergence[iter] < config$ftol_out) | (iter >= config$maxit_out)) cond <- TRUE : 
  valeur manquante là où TRUE / FALSE est requis
","Error in if ((convergence[iter] < config$ftol_out) | (iter >= config$maxit_out)) cond <- TRUE : 
  valeur manquante là où TRUE / FALSE est requis
","Error in if ((convergence[iter] < config$ftol_out) | (iter >= config$maxit_out)) cond <- TRUE : 
  valeur manquante là où TRUE / FALSE est requis
","Error in if ((convergence[iter] < config$ftol_out) | (iter >= config$maxit_out)) cond <- TRUE : 
  valeur manquante là où TRUE / FALSE est requis
","Error in if ((convergence[iter] < config$ftol_out) | (iter >= config$maxit_out)) cond <- TRUE : 
  valeur manquante là où TRUE / FALSE est requis
","Error in if ((convergence[iter] < config$ftol_out) | (iter >= config$maxit_out)) cond <- TRUE : 
  valeur manquante là où TRUE / FALSE est requis
","Error in if ((convergence[iter] < config$ftol_out) | (iter >= config$maxit_out)) cond <- TRUE : 
  valeur manquante là où TRUE / FALSE est requis
","Error in if ((convergence[iter] < config$ftol_out) | (iter >= config$maxit_out)) cond <- TRUE : 
  valeur manquante là où TRUE / FALSE est requis
","Error in if ((convergence[iter] < config$ftol_out) | (iter >= config$maxit_out)) cond <- TRUE : 
  valeur manquante là où TRUE / FALSE est requis
","Error in if ((convergence[iter] < config$ftol_out) | (iter >= config$maxit_out)) cond <- TRUE : 
  valeur manquante là où TRUE / FALSE est requis
"
"313","Error in if ((convergence[iter] < config$ftol_out) | (iter >= config$maxit_out)) cond <- TRUE : 
  valeur manquante là où TRUE / FALSE est requis
","Error in if ((convergence[iter] < config$ftol_out) | (iter >= config$maxit_out)) cond <- TRUE : 
  valeur manquante là où TRUE / FALSE est requis
","Error in if ((convergence[iter] < config$ftol_out) | (iter >= config$maxit_out)) cond <- TRUE : 
  valeur manquante là où TRUE / FALSE est requis
","Error in if ((convergence[iter] < config$ftol_out) | (iter >= config$maxit_out)) cond <- TRUE : 
  valeur manquante là où TRUE / FALSE est requis
","Error in if ((convergence[iter] < config$ftol_out) | (iter >= config$maxit_out)) cond <- TRUE : 
  valeur manquante là où TRUE / FALSE est requis
","Error in if ((convergence[iter] < config$ftol_out) | (iter >= config$maxit_out)) cond <- TRUE : 
  valeur manquante là où TRUE / FALSE est requis
","Error in if ((convergence[iter] < config$ftol_out) | (iter >= config$maxit_out)) cond <- TRUE : 
  valeur manquante là où TRUE / FALSE est requis
","Error in if ((convergence[iter] < config$ftol_out) | (iter >= config$maxit_out)) cond <- TRUE : 
  valeur manquante là où TRUE / FALSE est requis
","Error in if ((convergence[iter] < config$ftol_out) | (iter >= config$maxit_out)) cond <- TRUE : 
  valeur manquante là où TRUE / FALSE est requis
","Error in if ((convergence[iter] < config$ftol_out) | (iter >= config$maxit_out)) cond <- TRUE : 
  valeur manquante là où TRUE / FALSE est requis
","Error in if ((convergence[iter] < config$ftol_out) | (iter >= config$maxit_out)) cond <- TRUE : 
  valeur manquante là où TRUE / FALSE est requis
","Error in if ((convergence[iter] < config$ftol_out) | (iter >= config$maxit_out)) cond <- TRUE : 
  valeur manquante là où TRUE / FALSE est requis
","Error in if ((convergence[iter] < config$ftol_out) | (iter >= config$maxit_out)) cond <- TRUE : 
  valeur manquante là où TRUE / FALSE est requis
","Error in if ((convergence[iter] < config$ftol_out) | (iter >= config$maxit_out)) cond <- TRUE : 
  valeur manquante là où TRUE / FALSE est requis
","Error in if ((convergence[iter] < config$ftol_out) | (iter >= config$maxit_out)) cond <- TRUE : 
  valeur manquante là où TRUE / FALSE est requis
","Error in if ((convergence[iter] < config$ftol_out) | (iter >= config$maxit_out)) cond <- TRUE : 
  valeur manquante là où TRUE / FALSE est requis
"
"314","14","300","20","preferential_attachment","sites","sites_1","PLN","BIC","0.12","0.433553","0.67963365343718","0.07","0.579","0.478","0.524","1.87732672691345"
"315","15","300","20","preferential_attachment","sites","sites_1","PLN","BIC","0.11","0.4023585","0.666275294728073","0.251","0.842","0.271","0.41","3.34733009338379"
"316","16","300","20","preferential_attachment","sites","sites_1","PLN","BIC","0.1","0.5233655","0.661972323242054","0.129","0.632","0.353","0.453","2.10817193984985"
"317","17","300","20","preferential_attachment","sites","sites_1","PLN","BIC","0.1","0.5342705","0.657822721184819","0.111","0.737","0.424","0.538","1.83652806282043"
"318","Error in if ((convergence[iter] < config$ftol_out) | (iter >= config$maxit_out)) cond <- TRUE : 
  valeur manquante là où TRUE / FALSE est requis
","Error in if ((convergence[iter] < config$ftol_out) | (iter >= config$maxit_out)) cond <- TRUE : 
  valeur manquante là où TRUE / FALSE est requis
","Error in if ((convergence[iter] < config$ftol_out) | (iter >= config$maxit_out)) cond <- TRUE : 
  valeur manquante là où TRUE / FALSE est requis
","Error in if ((convergence[iter] < config$ftol_out) | (iter >= config$maxit_out)) cond <- TRUE : 
  valeur manquante là où TRUE / FALSE est requis
","Error in if ((convergence[iter] < config$ftol_out) | (iter >= config$maxit_out)) cond <- TRUE : 
  valeur manquante là où TRUE / FALSE est requis
","Error in if ((convergence[iter] < config$ftol_out) | (iter >= config$maxit_out)) cond <- TRUE : 
  valeur manquante là où TRUE / FALSE est requis
","Error in if ((convergence[iter] < config$ftol_out) | (iter >= config$maxit_out)) cond <- TRUE : 
  valeur manquante là où TRUE / FALSE est requis
","Error in if ((convergence[iter] < config$ftol_out) | (iter >= config$maxit_out)) cond <- TRUE : 
  valeur manquante là où TRUE / FALSE est requis
","Error in if ((convergence[iter] < config$ftol_out) | (iter >= config$maxit_out)) cond <- TRUE : 
  valeur manquante là où TRUE / FALSE est requis
","Error in if ((convergence[iter] < config$ftol_out) | (iter >= config$maxit_out)) cond <- TRUE : 
  valeur manquante là où TRUE / FALSE est requis
","Error in if ((convergence[iter] < config$ftol_out) | (iter >= config$maxit_out)) cond <- TRUE : 
  valeur manquante là où TRUE / FALSE est requis
","Error in if ((convergence[iter] < config$ftol_out) | (iter >= config$maxit_out)) cond <- TRUE : 
  valeur manquante là où TRUE / FALSE est requis
","Error in if ((convergence[iter] < config$ftol_out) | (iter >= config$maxit_out)) cond <- TRUE : 
  valeur manquante là où TRUE / FALSE est requis
","Error in if ((convergence[iter] < config$ftol_out) | (iter >= config$maxit_out)) cond <- TRUE : 
  valeur manquante là où TRUE / FALSE est requis
","Error in if ((convergence[iter] < config$ftol_out) | (iter >= config$maxit_out)) cond <- TRUE : 
  valeur manquante là où TRUE / FALSE est requis
","Error in if ((convergence[iter] < config$ftol_out) | (iter >= config$maxit_out)) cond <- TRUE : 
  valeur manquante là où TRUE / FALSE est requis
"
"319","Error in if ((convergence[iter] < config$ftol_out) | (iter >= config$maxit_out)) cond <- TRUE : 
  valeur manquante là où TRUE / FALSE est requis
","Error in if ((convergence[iter] < config$ftol_out) | (iter >= config$maxit_out)) cond <- TRUE : 
  valeur manquante là où TRUE / FALSE est requis
","Error in if ((convergence[iter] < config$ftol_out) | (iter >= config$maxit_out)) cond <- TRUE : 
  valeur manquante là où TRUE / FALSE est requis
","Error in if ((convergence[iter] < config$ftol_out) | (iter >= config$maxit_out)) cond <- TRUE : 
  valeur manquante là où TRUE / FALSE est requis
","Error in if ((convergence[iter] < config$ftol_out) | (iter >= config$maxit_out)) cond <- TRUE : 
  valeur manquante là où TRUE / FALSE est requis
","Error in if ((convergence[iter] < config$ftol_out) | (iter >= config$maxit_out)) cond <- TRUE : 
  valeur manquante là où TRUE / FALSE est requis
","Error in if ((convergence[iter] < config$ftol_out) | (iter >= config$maxit_out)) cond <- TRUE : 
  valeur manquante là où TRUE / FALSE est requis
","Error in if ((convergence[iter] < config$ftol_out) | (iter >= config$maxit_out)) cond <- TRUE : 
  valeur manquante là où TRUE / FALSE est requis
","Error in if ((convergence[iter] < config$ftol_out) | (iter >= config$maxit_out)) cond <- TRUE : 
  valeur manquante là où TRUE / FALSE est requis
","Error in if ((convergence[iter] < config$ftol_out) | (iter >= config$maxit_out)) cond <- TRUE : 
  valeur manquante là où TRUE / FALSE est requis
","Error in if ((convergence[iter] < config$ftol_out) | (iter >= config$maxit_out)) cond <- TRUE : 
  valeur manquante là où TRUE / FALSE est requis
","Error in if ((convergence[iter] < config$ftol_out) | (iter >= config$maxit_out)) cond <- TRUE : 
  valeur manquante là où TRUE / FALSE est requis
","Error in if ((convergence[iter] < config$ftol_out) | (iter >= config$maxit_out)) cond <- TRUE : 
  valeur manquante là où TRUE / FALSE est requis
","Error in if ((convergence[iter] < config$ftol_out) | (iter >= config$maxit_out)) cond <- TRUE : 
  valeur manquante là où TRUE / FALSE est requis
","Error in if ((convergence[iter] < config$ftol_out) | (iter >= config$maxit_out)) cond <- TRUE : 
  valeur manquante là où TRUE / FALSE est requis
","Error in if ((convergence[iter] < config$ftol_out) | (iter >= config$maxit_out)) cond <- TRUE : 
  valeur manquante là où TRUE / FALSE est requis
"
"320","20","300","20","preferential_attachment","sites","sites_1","PLN","BIC","0.12","0.344503","0.733775490262454","0.047","0.526","0.556","0.541","1.84985780715942"
"321","21","300","20","preferential_attachment","sites","sites_1","PLN","BIC","0.09","0.574022","0.743430355698602","0.257","0.947","0.29","0.444","2.07396697998047"
"322","22","300","20","preferential_attachment","sites","sites_1","PLN","BIC","0.09","0.5879505","0.843612592161722","0.222","0.842","0.296","0.438","1.62774538993835"
"323","23","300","20","preferential_attachment","sites","sites_1","PLN","BIC","0.1","0.4804905","0.763864959321692","0.211","0.789","0.294","0.429","1.30711984634399"
"324","Error in if ((convergence[iter] < config$ftol_out) | (iter >= config$maxit_out)) cond <- TRUE : 
  valeur manquante là où TRUE / FALSE est requis
","Error in if ((convergence[iter] < config$ftol_out) | (iter >= config$maxit_out)) cond <- TRUE : 
  valeur manquante là où TRUE / FALSE est requis
","Error in if ((convergence[iter] < config$ftol_out) | (iter >= config$maxit_out)) cond <- TRUE : 
  valeur manquante là où TRUE / FALSE est requis
","Error in if ((convergence[iter] < config$ftol_out) | (iter >= config$maxit_out)) cond <- TRUE : 
  valeur manquante là où TRUE / FALSE est requis
","Error in if ((convergence[iter] < config$ftol_out) | (iter >= config$maxit_out)) cond <- TRUE : 
  valeur manquante là où TRUE / FALSE est requis
","Error in if ((convergence[iter] < config$ftol_out) | (iter >= config$maxit_out)) cond <- TRUE : 
  valeur manquante là où TRUE / FALSE est requis
","Error in if ((convergence[iter] < config$ftol_out) | (iter >= config$maxit_out)) cond <- TRUE : 
  valeur manquante là où TRUE / FALSE est requis
","Error in if ((convergence[iter] < config$ftol_out) | (iter >= config$maxit_out)) cond <- TRUE : 
  valeur manquante là où TRUE / FALSE est requis
","Error in if ((convergence[iter] < config$ftol_out) | (iter >= config$maxit_out)) cond <- TRUE : 
  valeur manquante là où TRUE / FALSE est requis
","Error in if ((convergence[iter] < config$ftol_out) | (iter >= config$maxit_out)) cond <- TRUE : 
  valeur manquante là où TRUE / FALSE est requis
","Error in if ((convergence[iter] < config$ftol_out) | (iter >= config$maxit_out)) cond <- TRUE : 
  valeur manquante là où TRUE / FALSE est requis
","Error in if ((convergence[iter] < config$ftol_out) | (iter >= config$maxit_out)) cond <- TRUE : 
  valeur manquante là où TRUE / FALSE est requis
","Error in if ((convergence[iter] < config$ftol_out) | (iter >= config$maxit_out)) cond <- TRUE : 
  valeur manquante là où TRUE / FALSE est requis
","Error in if ((convergence[iter] < config$ftol_out) | (iter >= config$maxit_out)) cond <- TRUE : 
  valeur manquante là où TRUE / FALSE est requis
","Error in if ((convergence[iter] < config$ftol_out) | (iter >= config$maxit_out)) cond <- TRUE : 
  valeur manquante là où TRUE / FALSE est requis
","Error in if ((convergence[iter] < config$ftol_out) | (iter >= config$maxit_out)) cond <- TRUE : 
  valeur manquante là où TRUE / FALSE est requis
"
"325","Error in if ((convergence[iter] < config$ftol_out) | (iter >= config$maxit_out)) cond <- TRUE : 
  valeur manquante là où TRUE / FALSE est requis
","Error in if ((convergence[iter] < config$ftol_out) | (iter >= config$maxit_out)) cond <- TRUE : 
  valeur manquante là où TRUE / FALSE est requis
","Error in if ((convergence[iter] < config$ftol_out) | (iter >= config$maxit_out)) cond <- TRUE : 
  valeur manquante là où TRUE / FALSE est requis
","Error in if ((convergence[iter] < config$ftol_out) | (iter >= config$maxit_out)) cond <- TRUE : 
  valeur manquante là où TRUE / FALSE est requis
","Error in if ((convergence[iter] < config$ftol_out) | (iter >= config$maxit_out)) cond <- TRUE : 
  valeur manquante là où TRUE / FALSE est requis
","Error in if ((convergence[iter] < config$ftol_out) | (iter >= config$maxit_out)) cond <- TRUE : 
  valeur manquante là où TRUE / FALSE est requis
","Error in if ((convergence[iter] < config$ftol_out) | (iter >= config$maxit_out)) cond <- TRUE : 
  valeur manquante là où TRUE / FALSE est requis
","Error in if ((convergence[iter] < config$ftol_out) | (iter >= config$maxit_out)) cond <- TRUE : 
  valeur manquante là où TRUE / FALSE est requis
","Error in if ((convergence[iter] < config$ftol_out) | (iter >= config$maxit_out)) cond <- TRUE : 
  valeur manquante là où TRUE / FALSE est requis
","Error in if ((convergence[iter] < config$ftol_out) | (iter >= config$maxit_out)) cond <- TRUE : 
  valeur manquante là où TRUE / FALSE est requis
","Error in if ((convergence[iter] < config$ftol_out) | (iter >= config$maxit_out)) cond <- TRUE : 
  valeur manquante là où TRUE / FALSE est requis
","Error in if ((convergence[iter] < config$ftol_out) | (iter >= config$maxit_out)) cond <- TRUE : 
  valeur manquante là où TRUE / FALSE est requis
","Error in if ((convergence[iter] < config$ftol_out) | (iter >= config$maxit_out)) cond <- TRUE : 
  valeur manquante là où TRUE / FALSE est requis
","Error in if ((convergence[iter] < config$ftol_out) | (iter >= config$maxit_out)) cond <- TRUE : 
  valeur manquante là où TRUE / FALSE est requis
","Error in if ((convergence[iter] < config$ftol_out) | (iter >= config$maxit_out)) cond <- TRUE : 
  valeur manquante là où TRUE / FALSE est requis
","Error in if ((convergence[iter] < config$ftol_out) | (iter >= config$maxit_out)) cond <- TRUE : 
  valeur manquante là où TRUE / FALSE est requis
"
"326","26","300","20","preferential_attachment","sites","sites_1","PLN","BIC","0.21","0.444154","14301680740.0006","0.727","0.944","0.12","0.212","13.5612094402313"
"327","27","300","20","preferential_attachment","sites","sites_1","PLN","BIC","0.1","0.6467645","0.657909696080442","0.14","1","0.429","0.6","1.99467754364014"
"328","28","300","20","preferential_attachment","sites","sites_1","PLN","BIC","0.1","0.543496","0.675426180380323","0.129","0.842","0.421","0.561","2.41068363189697"
"329","29","300","20","preferential_attachment","sites","sites_1","PLN","BIC","0.09","0.61751","0.714261664552271","0.023","0.632","0.75","0.686","2.31849980354309"
"330","Error in if ((convergence[iter] < config$ftol_out) | (iter >= config$maxit_out)) cond <- TRUE : 
  valeur manquante là où TRUE / FALSE est requis
","Error in if ((convergence[iter] < config$ftol_out) | (iter >= config$maxit_out)) cond <- TRUE : 
  valeur manquante là où TRUE / FALSE est requis
","Error in if ((convergence[iter] < config$ftol_out) | (iter >= config$maxit_out)) cond <- TRUE : 
  valeur manquante là où TRUE / FALSE est requis
","Error in if ((convergence[iter] < config$ftol_out) | (iter >= config$maxit_out)) cond <- TRUE : 
  valeur manquante là où TRUE / FALSE est requis
","Error in if ((convergence[iter] < config$ftol_out) | (iter >= config$maxit_out)) cond <- TRUE : 
  valeur manquante là où TRUE / FALSE est requis
","Error in if ((convergence[iter] < config$ftol_out) | (iter >= config$maxit_out)) cond <- TRUE : 
  valeur manquante là où TRUE / FALSE est requis
","Error in if ((convergence[iter] < config$ftol_out) | (iter >= config$maxit_out)) cond <- TRUE : 
  valeur manquante là où TRUE / FALSE est requis
","Error in if ((convergence[iter] < config$ftol_out) | (iter >= config$maxit_out)) cond <- TRUE : 
  valeur manquante là où TRUE / FALSE est requis
","Error in if ((convergence[iter] < config$ftol_out) | (iter >= config$maxit_out)) cond <- TRUE : 
  valeur manquante là où TRUE / FALSE est requis
","Error in if ((convergence[iter] < config$ftol_out) | (iter >= config$maxit_out)) cond <- TRUE : 
  valeur manquante là où TRUE / FALSE est requis
","Error in if ((convergence[iter] < config$ftol_out) | (iter >= config$maxit_out)) cond <- TRUE : 
  valeur manquante là où TRUE / FALSE est requis
","Error in if ((convergence[iter] < config$ftol_out) | (iter >= config$maxit_out)) cond <- TRUE : 
  valeur manquante là où TRUE / FALSE est requis
","Error in if ((convergence[iter] < config$ftol_out) | (iter >= config$maxit_out)) cond <- TRUE : 
  valeur manquante là où TRUE / FALSE est requis
","Error in if ((convergence[iter] < config$ftol_out) | (iter >= config$maxit_out)) cond <- TRUE : 
  valeur manquante là où TRUE / FALSE est requis
","Error in if ((convergence[iter] < config$ftol_out) | (iter >= config$maxit_out)) cond <- TRUE : 
  valeur manquante là où TRUE / FALSE est requis
","Error in if ((convergence[iter] < config$ftol_out) | (iter >= config$maxit_out)) cond <- TRUE : 
  valeur manquante là où TRUE / FALSE est requis
"
"331","Error in if ((convergence[iter] < config$ftol_out) | (iter >= config$maxit_out)) cond <- TRUE : 
  valeur manquante là où TRUE / FALSE est requis
","Error in if ((convergence[iter] < config$ftol_out) | (iter >= config$maxit_out)) cond <- TRUE : 
  valeur manquante là où TRUE / FALSE est requis
","Error in if ((convergence[iter] < config$ftol_out) | (iter >= config$maxit_out)) cond <- TRUE : 
  valeur manquante là où TRUE / FALSE est requis
","Error in if ((convergence[iter] < config$ftol_out) | (iter >= config$maxit_out)) cond <- TRUE : 
  valeur manquante là où TRUE / FALSE est requis
","Error in if ((convergence[iter] < config$ftol_out) | (iter >= config$maxit_out)) cond <- TRUE : 
  valeur manquante là où TRUE / FALSE est requis
","Error in if ((convergence[iter] < config$ftol_out) | (iter >= config$maxit_out)) cond <- TRUE : 
  valeur manquante là où TRUE / FALSE est requis
","Error in if ((convergence[iter] < config$ftol_out) | (iter >= config$maxit_out)) cond <- TRUE : 
  valeur manquante là où TRUE / FALSE est requis
","Error in if ((convergence[iter] < config$ftol_out) | (iter >= config$maxit_out)) cond <- TRUE : 
  valeur manquante là où TRUE / FALSE est requis
","Error in if ((convergence[iter] < config$ftol_out) | (iter >= config$maxit_out)) cond <- TRUE : 
  valeur manquante là où TRUE / FALSE est requis
","Error in if ((convergence[iter] < config$ftol_out) | (iter >= config$maxit_out)) cond <- TRUE : 
  valeur manquante là où TRUE / FALSE est requis
","Error in if ((convergence[iter] < config$ftol_out) | (iter >= config$maxit_out)) cond <- TRUE : 
  valeur manquante là où TRUE / FALSE est requis
","Error in if ((convergence[iter] < config$ftol_out) | (iter >= config$maxit_out)) cond <- TRUE : 
  valeur manquante là où TRUE / FALSE est requis
","Error in if ((convergence[iter] < config$ftol_out) | (iter >= config$maxit_out)) cond <- TRUE : 
  valeur manquante là où TRUE / FALSE est requis
","Error in if ((convergence[iter] < config$ftol_out) | (iter >= config$maxit_out)) cond <- TRUE : 
  valeur manquante là où TRUE / FALSE est requis
","Error in if ((convergence[iter] < config$ftol_out) | (iter >= config$maxit_out)) cond <- TRUE : 
  valeur manquante là où TRUE / FALSE est requis
","Error in if ((convergence[iter] < config$ftol_out) | (iter >= config$maxit_out)) cond <- TRUE : 
  valeur manquante là où TRUE / FALSE est requis
"
"332","32","300","20","preferential_attachment","sites","sites_1","PLN","BIC","0.1","0.4311735","0.785902856647904","0.404","0.947","0.207","0.34","1.29415488243103"
"333","33","300","20","preferential_attachment","sites","sites_1","PLN","BIC","0.11","0.4650565","0.717235670690094","0.123","0.632","0.364","0.462","1.64209461212158"
"334","34","300","20","preferential_attachment","sites","sites_1","PLN","BIC","0.1","0.41093","0.838938218445468","0.193","0.895","0.34","0.493","1.13286447525024"
"335","35","300","20","preferential_attachment","sites","sites_1","PLN","BIC","0.2","0.3733535","6148218042592017","0.708","0.789","0.11","0.194","16.1645355224609"
"336","Error in if ((convergence[iter] < config$ftol_out) | (iter >= config$maxit_out)) cond <- TRUE : 
  valeur manquante là où TRUE / FALSE est requis
","Error in if ((convergence[iter] < config$ftol_out) | (iter >= config$maxit_out)) cond <- TRUE : 
  valeur manquante là où TRUE / FALSE est requis
","Error in if ((convergence[iter] < config$ftol_out) | (iter >= config$maxit_out)) cond <- TRUE : 
  valeur manquante là où TRUE / FALSE est requis
","Error in if ((convergence[iter] < config$ftol_out) | (iter >= config$maxit_out)) cond <- TRUE : 
  valeur manquante là où TRUE / FALSE est requis
","Error in if ((convergence[iter] < config$ftol_out) | (iter >= config$maxit_out)) cond <- TRUE : 
  valeur manquante là où TRUE / FALSE est requis
","Error in if ((convergence[iter] < config$ftol_out) | (iter >= config$maxit_out)) cond <- TRUE : 
  valeur manquante là où TRUE / FALSE est requis
","Error in if ((convergence[iter] < config$ftol_out) | (iter >= config$maxit_out)) cond <- TRUE : 
  valeur manquante là où TRUE / FALSE est requis
","Error in if ((convergence[iter] < config$ftol_out) | (iter >= config$maxit_out)) cond <- TRUE : 
  valeur manquante là où TRUE / FALSE est requis
","Error in if ((convergence[iter] < config$ftol_out) | (iter >= config$maxit_out)) cond <- TRUE : 
  valeur manquante là où TRUE / FALSE est requis
","Error in if ((convergence[iter] < config$ftol_out) | (iter >= config$maxit_out)) cond <- TRUE : 
  valeur manquante là où TRUE / FALSE est requis
","Error in if ((convergence[iter] < config$ftol_out) | (iter >= config$maxit_out)) cond <- TRUE : 
  valeur manquante là où TRUE / FALSE est requis
","Error in if ((convergence[iter] < config$ftol_out) | (iter >= config$maxit_out)) cond <- TRUE : 
  valeur manquante là où TRUE / FALSE est requis
","Error in if ((convergence[iter] < config$ftol_out) | (iter >= config$maxit_out)) cond <- TRUE : 
  valeur manquante là où TRUE / FALSE est requis
","Error in if ((convergence[iter] < config$ftol_out) | (iter >= config$maxit_out)) cond <- TRUE : 
  valeur manquante là où TRUE / FALSE est requis
","Error in if ((convergence[iter] < config$ftol_out) | (iter >= config$maxit_out)) cond <- TRUE : 
  valeur manquante là où TRUE / FALSE est requis
","Error in if ((convergence[iter] < config$ftol_out) | (iter >= config$maxit_out)) cond <- TRUE : 
  valeur manquante là où TRUE / FALSE est requis
"
"337","Error in if ((convergence[iter] < config$ftol_out) | (iter >= config$maxit_out)) cond <- TRUE : 
  valeur manquante là où TRUE / FALSE est requis
","Error in if ((convergence[iter] < config$ftol_out) | (iter >= config$maxit_out)) cond <- TRUE : 
  valeur manquante là où TRUE / FALSE est requis
","Error in if ((convergence[iter] < config$ftol_out) | (iter >= config$maxit_out)) cond <- TRUE : 
  valeur manquante là où TRUE / FALSE est requis
","Error in if ((convergence[iter] < config$ftol_out) | (iter >= config$maxit_out)) cond <- TRUE : 
  valeur manquante là où TRUE / FALSE est requis
","Error in if ((convergence[iter] < config$ftol_out) | (iter >= config$maxit_out)) cond <- TRUE : 
  valeur manquante là où TRUE / FALSE est requis
","Error in if ((convergence[iter] < config$ftol_out) | (iter >= config$maxit_out)) cond <- TRUE : 
  valeur manquante là où TRUE / FALSE est requis
","Error in if ((convergence[iter] < config$ftol_out) | (iter >= config$maxit_out)) cond <- TRUE : 
  valeur manquante là où TRUE / FALSE est requis
","Error in if ((convergence[iter] < config$ftol_out) | (iter >= config$maxit_out)) cond <- TRUE : 
  valeur manquante là où TRUE / FALSE est requis
","Error in if ((convergence[iter] < config$ftol_out) | (iter >= config$maxit_out)) cond <- TRUE : 
  valeur manquante là où TRUE / FALSE est requis
","Error in if ((convergence[iter] < config$ftol_out) | (iter >= config$maxit_out)) cond <- TRUE : 
  valeur manquante là où TRUE / FALSE est requis
","Error in if ((convergence[iter] < config$ftol_out) | (iter >= config$maxit_out)) cond <- TRUE : 
  valeur manquante là où TRUE / FALSE est requis
","Error in if ((convergence[iter] < config$ftol_out) | (iter >= config$maxit_out)) cond <- TRUE : 
  valeur manquante là où TRUE / FALSE est requis
","Error in if ((convergence[iter] < config$ftol_out) | (iter >= config$maxit_out)) cond <- TRUE : 
  valeur manquante là où TRUE / FALSE est requis
","Error in if ((convergence[iter] < config$ftol_out) | (iter >= config$maxit_out)) cond <- TRUE : 
  valeur manquante là où TRUE / FALSE est requis
","Error in if ((convergence[iter] < config$ftol_out) | (iter >= config$maxit_out)) cond <- TRUE : 
  valeur manquante là où TRUE / FALSE est requis
","Error in if ((convergence[iter] < config$ftol_out) | (iter >= config$maxit_out)) cond <- TRUE : 
  valeur manquante là où TRUE / FALSE est requis
"
"338","38","300","20","preferential_attachment","sites","sites_1","PLN","BIC","0.09","0.417158","0.694912170725377","0.111","0.632","0.387","0.48","2.43017339706421"
"339","39","300","20","preferential_attachment","sites","sites_1","PLN","BIC","0.1","0.6637935","0.693429232161625","0.012","0.526","0.833","0.645","2.02374076843262"
"340","40","300","20","preferential_attachment","sites","sites_1","PLN","BIC","0.08","0.6868705","0.746718834901436","0.181","0.895","0.354","0.507","1.44838976860046"
"341","41","300","20","preferential_attachment","sites","sites_1","PLN","BIC","0.12","0.612147","0.944695012933949","0.211","0.895","0.321","0.472","1.20117259025574"
"342","Error in if ((convergence[iter] < config$ftol_out) | (iter >= config$maxit_out)) cond <- TRUE : 
  valeur manquante là où TRUE / FALSE est requis
","Error in if ((convergence[iter] < config$ftol_out) | (iter >= config$maxit_out)) cond <- TRUE : 
  valeur manquante là où TRUE / FALSE est requis
","Error in if ((convergence[iter] < config$ftol_out) | (iter >= config$maxit_out)) cond <- TRUE : 
  valeur manquante là où TRUE / FALSE est requis
","Error in if ((convergence[iter] < config$ftol_out) | (iter >= config$maxit_out)) cond <- TRUE : 
  valeur manquante là où TRUE / FALSE est requis
","Error in if ((convergence[iter] < config$ftol_out) | (iter >= config$maxit_out)) cond <- TRUE : 
  valeur manquante là où TRUE / FALSE est requis
","Error in if ((convergence[iter] < config$ftol_out) | (iter >= config$maxit_out)) cond <- TRUE : 
  valeur manquante là où TRUE / FALSE est requis
","Error in if ((convergence[iter] < config$ftol_out) | (iter >= config$maxit_out)) cond <- TRUE : 
  valeur manquante là où TRUE / FALSE est requis
","Error in if ((convergence[iter] < config$ftol_out) | (iter >= config$maxit_out)) cond <- TRUE : 
  valeur manquante là où TRUE / FALSE est requis
","Error in if ((convergence[iter] < config$ftol_out) | (iter >= config$maxit_out)) cond <- TRUE : 
  valeur manquante là où TRUE / FALSE est requis
","Error in if ((convergence[iter] < config$ftol_out) | (iter >= config$maxit_out)) cond <- TRUE : 
  valeur manquante là où TRUE / FALSE est requis
","Error in if ((convergence[iter] < config$ftol_out) | (iter >= config$maxit_out)) cond <- TRUE : 
  valeur manquante là où TRUE / FALSE est requis
","Error in if ((convergence[iter] < config$ftol_out) | (iter >= config$maxit_out)) cond <- TRUE : 
  valeur manquante là où TRUE / FALSE est requis
","Error in if ((convergence[iter] < config$ftol_out) | (iter >= config$maxit_out)) cond <- TRUE : 
  valeur manquante là où TRUE / FALSE est requis
","Error in if ((convergence[iter] < config$ftol_out) | (iter >= config$maxit_out)) cond <- TRUE : 
  valeur manquante là où TRUE / FALSE est requis
","Error in if ((convergence[iter] < config$ftol_out) | (iter >= config$maxit_out)) cond <- TRUE : 
  valeur manquante là où TRUE / FALSE est requis
","Error in if ((convergence[iter] < config$ftol_out) | (iter >= config$maxit_out)) cond <- TRUE : 
  valeur manquante là où TRUE / FALSE est requis
"
"343","Error in if ((convergence[iter] < config$ftol_out) | (iter >= config$maxit_out)) cond <- TRUE : 
  valeur manquante là où TRUE / FALSE est requis
","Error in if ((convergence[iter] < config$ftol_out) | (iter >= config$maxit_out)) cond <- TRUE : 
  valeur manquante là où TRUE / FALSE est requis
","Error in if ((convergence[iter] < config$ftol_out) | (iter >= config$maxit_out)) cond <- TRUE : 
  valeur manquante là où TRUE / FALSE est requis
","Error in if ((convergence[iter] < config$ftol_out) | (iter >= config$maxit_out)) cond <- TRUE : 
  valeur manquante là où TRUE / FALSE est requis
","Error in if ((convergence[iter] < config$ftol_out) | (iter >= config$maxit_out)) cond <- TRUE : 
  valeur manquante là où TRUE / FALSE est requis
","Error in if ((convergence[iter] < config$ftol_out) | (iter >= config$maxit_out)) cond <- TRUE : 
  valeur manquante là où TRUE / FALSE est requis
","Error in if ((convergence[iter] < config$ftol_out) | (iter >= config$maxit_out)) cond <- TRUE : 
  valeur manquante là où TRUE / FALSE est requis
","Error in if ((convergence[iter] < config$ftol_out) | (iter >= config$maxit_out)) cond <- TRUE : 
  valeur manquante là où TRUE / FALSE est requis
","Error in if ((convergence[iter] < config$ftol_out) | (iter >= config$maxit_out)) cond <- TRUE : 
  valeur manquante là où TRUE / FALSE est requis
","Error in if ((convergence[iter] < config$ftol_out) | (iter >= config$maxit_out)) cond <- TRUE : 
  valeur manquante là où TRUE / FALSE est requis
","Error in if ((convergence[iter] < config$ftol_out) | (iter >= config$maxit_out)) cond <- TRUE : 
  valeur manquante là où TRUE / FALSE est requis
","Error in if ((convergence[iter] < config$ftol_out) | (iter >= config$maxit_out)) cond <- TRUE : 
  valeur manquante là où TRUE / FALSE est requis
","Error in if ((convergence[iter] < config$ftol_out) | (iter >= config$maxit_out)) cond <- TRUE : 
  valeur manquante là où TRUE / FALSE est requis
","Error in if ((convergence[iter] < config$ftol_out) | (iter >= config$maxit_out)) cond <- TRUE : 
  valeur manquante là où TRUE / FALSE est requis
","Error in if ((convergence[iter] < config$ftol_out) | (iter >= config$maxit_out)) cond <- TRUE : 
  valeur manquante là où TRUE / FALSE est requis
","Error in if ((convergence[iter] < config$ftol_out) | (iter >= config$maxit_out)) cond <- TRUE : 
  valeur manquante là où TRUE / FALSE est requis
"
"344","44","300","20","preferential_attachment","sites","sites_1","PLN","BIC","0.14","0.446729","5199.3098091427","0.602","0.895","0.142","0.245","6.77866554260254"
"345","45","300","20","preferential_attachment","sites","sites_1","PLN","BIC","0.08","0.49052","0.667640822216521","0.047","0.579","0.579","0.579","1.86733508110046"
"346","46","300","20","preferential_attachment","sites","sites_1","PLN","BIC","0.09","0.5482195","0.691514846867649","0.123","0.684","0.382","0.491","1.80860877037048"
"347","47","300","20","preferential_attachment","sites","sites_1","PLN","BIC","0.11","0.4794395","0.817982968308216","0.187","0.895","0.347","0.5","1.16613173484802"
"348","Error in if ((convergence[iter] < config$ftol_out) | (iter >= config$maxit_out)) cond <- TRUE : 
  valeur manquante là où TRUE / FALSE est requis
","Error in if ((convergence[iter] < config$ftol_out) | (iter >= config$maxit_out)) cond <- TRUE : 
  valeur manquante là où TRUE / FALSE est requis
","Error in if ((convergence[iter] < config$ftol_out) | (iter >= config$maxit_out)) cond <- TRUE : 
  valeur manquante là où TRUE / FALSE est requis
","Error in if ((convergence[iter] < config$ftol_out) | (iter >= config$maxit_out)) cond <- TRUE : 
  valeur manquante là où TRUE / FALSE est requis
","Error in if ((convergence[iter] < config$ftol_out) | (iter >= config$maxit_out)) cond <- TRUE : 
  valeur manquante là où TRUE / FALSE est requis
","Error in if ((convergence[iter] < config$ftol_out) | (iter >= config$maxit_out)) cond <- TRUE : 
  valeur manquante là où TRUE / FALSE est requis
","Error in if ((convergence[iter] < config$ftol_out) | (iter >= config$maxit_out)) cond <- TRUE : 
  valeur manquante là où TRUE / FALSE est requis
","Error in if ((convergence[iter] < config$ftol_out) | (iter >= config$maxit_out)) cond <- TRUE : 
  valeur manquante là où TRUE / FALSE est requis
","Error in if ((convergence[iter] < config$ftol_out) | (iter >= config$maxit_out)) cond <- TRUE : 
  valeur manquante là où TRUE / FALSE est requis
","Error in if ((convergence[iter] < config$ftol_out) | (iter >= config$maxit_out)) cond <- TRUE : 
  valeur manquante là où TRUE / FALSE est requis
","Error in if ((convergence[iter] < config$ftol_out) | (iter >= config$maxit_out)) cond <- TRUE : 
  valeur manquante là où TRUE / FALSE est requis
","Error in if ((convergence[iter] < config$ftol_out) | (iter >= config$maxit_out)) cond <- TRUE : 
  valeur manquante là où TRUE / FALSE est requis
","Error in if ((convergence[iter] < config$ftol_out) | (iter >= config$maxit_out)) cond <- TRUE : 
  valeur manquante là où TRUE / FALSE est requis
","Error in if ((convergence[iter] < config$ftol_out) | (iter >= config$maxit_out)) cond <- TRUE : 
  valeur manquante là où TRUE / FALSE est requis
","Error in if ((convergence[iter] < config$ftol_out) | (iter >= config$maxit_out)) cond <- TRUE : 
  valeur manquante là où TRUE / FALSE est requis
","Error in if ((convergence[iter] < config$ftol_out) | (iter >= config$maxit_out)) cond <- TRUE : 
  valeur manquante là où TRUE / FALSE est requis
"
"349","Error in if ((convergence[iter] < config$ftol_out) | (iter >= config$maxit_out)) cond <- TRUE : 
  valeur manquante là où TRUE / FALSE est requis
","Error in if ((convergence[iter] < config$ftol_out) | (iter >= config$maxit_out)) cond <- TRUE : 
  valeur manquante là où TRUE / FALSE est requis
","Error in if ((convergence[iter] < config$ftol_out) | (iter >= config$maxit_out)) cond <- TRUE : 
  valeur manquante là où TRUE / FALSE est requis
","Error in if ((convergence[iter] < config$ftol_out) | (iter >= config$maxit_out)) cond <- TRUE : 
  valeur manquante là où TRUE / FALSE est requis
","Error in if ((convergence[iter] < config$ftol_out) | (iter >= config$maxit_out)) cond <- TRUE : 
  valeur manquante là où TRUE / FALSE est requis
","Error in if ((convergence[iter] < config$ftol_out) | (iter >= config$maxit_out)) cond <- TRUE : 
  valeur manquante là où TRUE / FALSE est requis
","Error in if ((convergence[iter] < config$ftol_out) | (iter >= config$maxit_out)) cond <- TRUE : 
  valeur manquante là où TRUE / FALSE est requis
","Error in if ((convergence[iter] < config$ftol_out) | (iter >= config$maxit_out)) cond <- TRUE : 
  valeur manquante là où TRUE / FALSE est requis
","Error in if ((convergence[iter] < config$ftol_out) | (iter >= config$maxit_out)) cond <- TRUE : 
  valeur manquante là où TRUE / FALSE est requis
","Error in if ((convergence[iter] < config$ftol_out) | (iter >= config$maxit_out)) cond <- TRUE : 
  valeur manquante là où TRUE / FALSE est requis
","Error in if ((convergence[iter] < config$ftol_out) | (iter >= config$maxit_out)) cond <- TRUE : 
  valeur manquante là où TRUE / FALSE est requis
","Error in if ((convergence[iter] < config$ftol_out) | (iter >= config$maxit_out)) cond <- TRUE : 
  valeur manquante là où TRUE / FALSE est requis
","Error in if ((convergence[iter] < config$ftol_out) | (iter >= config$maxit_out)) cond <- TRUE : 
  valeur manquante là où TRUE / FALSE est requis
","Error in if ((convergence[iter] < config$ftol_out) | (iter >= config$maxit_out)) cond <- TRUE : 
  valeur manquante là où TRUE / FALSE est requis
","Error in if ((convergence[iter] < config$ftol_out) | (iter >= config$maxit_out)) cond <- TRUE : 
  valeur manquante là où TRUE / FALSE est requis
","Error in if ((convergence[iter] < config$ftol_out) | (iter >= config$maxit_out)) cond <- TRUE : 
  valeur manquante là où TRUE / FALSE est requis
"
"350","50","300","20","preferential_attachment","sites","sites_1","PLN","BIC","0.12","0.544687","0.689721031897311","0.14","0.842","0.4","0.542","2.17397284507751"
"351","1","300","20","preferential_attachment","sites","sites_2","PLN","BIC","0.17","0.627085","0.569622446643019","0.152","0.579","0.297","0.393","3.00561571121216"
"352","2","300","20","preferential_attachment","sites","sites_2","PLN","BIC","0.18","0.75577","0.524423545405629","0.31","0.842","0.232","0.364","1.91500306129456"
"353","Error in if ((convergence[iter] < config$ftol_out) | (iter >= config$maxit_out)) cond <- TRUE : 
  valeur manquante là où TRUE / FALSE est requis
","Error in if ((convergence[iter] < config$ftol_out) | (iter >= config$maxit_out)) cond <- TRUE : 
  valeur manquante là où TRUE / FALSE est requis
","Error in if ((convergence[iter] < config$ftol_out) | (iter >= config$maxit_out)) cond <- TRUE : 
  valeur manquante là où TRUE / FALSE est requis
","Error in if ((convergence[iter] < config$ftol_out) | (iter >= config$maxit_out)) cond <- TRUE : 
  valeur manquante là où TRUE / FALSE est requis
","Error in if ((convergence[iter] < config$ftol_out) | (iter >= config$maxit_out)) cond <- TRUE : 
  valeur manquante là où TRUE / FALSE est requis
","Error in if ((convergence[iter] < config$ftol_out) | (iter >= config$maxit_out)) cond <- TRUE : 
  valeur manquante là où TRUE / FALSE est requis
","Error in if ((convergence[iter] < config$ftol_out) | (iter >= config$maxit_out)) cond <- TRUE : 
  valeur manquante là où TRUE / FALSE est requis
","Error in if ((convergence[iter] < config$ftol_out) | (iter >= config$maxit_out)) cond <- TRUE : 
  valeur manquante là où TRUE / FALSE est requis
","Error in if ((convergence[iter] < config$ftol_out) | (iter >= config$maxit_out)) cond <- TRUE : 
  valeur manquante là où TRUE / FALSE est requis
","Error in if ((convergence[iter] < config$ftol_out) | (iter >= config$maxit_out)) cond <- TRUE : 
  valeur manquante là où TRUE / FALSE est requis
","Error in if ((convergence[iter] < config$ftol_out) | (iter >= config$maxit_out)) cond <- TRUE : 
  valeur manquante là où TRUE / FALSE est requis
","Error in if ((convergence[iter] < config$ftol_out) | (iter >= config$maxit_out)) cond <- TRUE : 
  valeur manquante là où TRUE / FALSE est requis
","Error in if ((convergence[iter] < config$ftol_out) | (iter >= config$maxit_out)) cond <- TRUE : 
  valeur manquante là où TRUE / FALSE est requis
","Error in if ((convergence[iter] < config$ftol_out) | (iter >= config$maxit_out)) cond <- TRUE : 
  valeur manquante là où TRUE / FALSE est requis
","Error in if ((convergence[iter] < config$ftol_out) | (iter >= config$maxit_out)) cond <- TRUE : 
  valeur manquante là où TRUE / FALSE est requis
","Error in if ((convergence[iter] < config$ftol_out) | (iter >= config$maxit_out)) cond <- TRUE : 
  valeur manquante là où TRUE / FALSE est requis
"
"354","4","300","20","preferential_attachment","sites","sites_2","PLN","BIC","0.19","0.551358","0.577450696388879","0.006","0.263","0.833","0.4","3.84147572517395"
"355","5","300","20","preferential_attachment","sites","sites_2","PLN","BIC","0.2","0.5328155","122.046603860801","0.215","0.444","0.178","0.254","1.40287780761719"
"356","Error in if ((convergence[iter] < config$ftol_out) | (iter >= config$maxit_out)) cond <- TRUE : 
  valeur manquante là où TRUE / FALSE est requis
","Error in if ((convergence[iter] < config$ftol_out) | (iter >= config$maxit_out)) cond <- TRUE : 
  valeur manquante là où TRUE / FALSE est requis
","Error in if ((convergence[iter] < config$ftol_out) | (iter >= config$maxit_out)) cond <- TRUE : 
  valeur manquante là où TRUE / FALSE est requis
","Error in if ((convergence[iter] < config$ftol_out) | (iter >= config$maxit_out)) cond <- TRUE : 
  valeur manquante là où TRUE / FALSE est requis
","Error in if ((convergence[iter] < config$ftol_out) | (iter >= config$maxit_out)) cond <- TRUE : 
  valeur manquante là où TRUE / FALSE est requis
","Error in if ((convergence[iter] < config$ftol_out) | (iter >= config$maxit_out)) cond <- TRUE : 
  valeur manquante là où TRUE / FALSE est requis
","Error in if ((convergence[iter] < config$ftol_out) | (iter >= config$maxit_out)) cond <- TRUE : 
  valeur manquante là où TRUE / FALSE est requis
","Error in if ((convergence[iter] < config$ftol_out) | (iter >= config$maxit_out)) cond <- TRUE : 
  valeur manquante là où TRUE / FALSE est requis
","Error in if ((convergence[iter] < config$ftol_out) | (iter >= config$maxit_out)) cond <- TRUE : 
  valeur manquante là où TRUE / FALSE est requis
","Error in if ((convergence[iter] < config$ftol_out) | (iter >= config$maxit_out)) cond <- TRUE : 
  valeur manquante là où TRUE / FALSE est requis
","Error in if ((convergence[iter] < config$ftol_out) | (iter >= config$maxit_out)) cond <- TRUE : 
  valeur manquante là où TRUE / FALSE est requis
","Error in if ((convergence[iter] < config$ftol_out) | (iter >= config$maxit_out)) cond <- TRUE : 
  valeur manquante là où TRUE / FALSE est requis
","Error in if ((convergence[iter] < config$ftol_out) | (iter >= config$maxit_out)) cond <- TRUE : 
  valeur manquante là où TRUE / FALSE est requis
","Error in if ((convergence[iter] < config$ftol_out) | (iter >= config$maxit_out)) cond <- TRUE : 
  valeur manquante là où TRUE / FALSE est requis
","Error in if ((convergence[iter] < config$ftol_out) | (iter >= config$maxit_out)) cond <- TRUE : 
  valeur manquante là où TRUE / FALSE est requis
","Error in if ((convergence[iter] < config$ftol_out) | (iter >= config$maxit_out)) cond <- TRUE : 
  valeur manquante là où TRUE / FALSE est requis
"
"357","7","300","20","preferential_attachment","sites","sites_2","PLN","BIC","0.16","0.749884","0.558107814245952","0.046","0.529","0.529","0.529","2.78027486801147"
"358","8","300","20","preferential_attachment","sites","sites_2","PLN","BIC","0.17","0.6244655","0.510055399022004","0.152","0.684","0.333","0.448","2.66601920127869"
"359","Error in if ((convergence[iter] < config$ftol_out) | (iter >= config$maxit_out)) cond <- TRUE : 
  valeur manquante là où TRUE / FALSE est requis
","Error in if ((convergence[iter] < config$ftol_out) | (iter >= config$maxit_out)) cond <- TRUE : 
  valeur manquante là où TRUE / FALSE est requis
","Error in if ((convergence[iter] < config$ftol_out) | (iter >= config$maxit_out)) cond <- TRUE : 
  valeur manquante là où TRUE / FALSE est requis
","Error in if ((convergence[iter] < config$ftol_out) | (iter >= config$maxit_out)) cond <- TRUE : 
  valeur manquante là où TRUE / FALSE est requis
","Error in if ((convergence[iter] < config$ftol_out) | (iter >= config$maxit_out)) cond <- TRUE : 
  valeur manquante là où TRUE / FALSE est requis
","Error in if ((convergence[iter] < config$ftol_out) | (iter >= config$maxit_out)) cond <- TRUE : 
  valeur manquante là où TRUE / FALSE est requis
","Error in if ((convergence[iter] < config$ftol_out) | (iter >= config$maxit_out)) cond <- TRUE : 
  valeur manquante là où TRUE / FALSE est requis
","Error in if ((convergence[iter] < config$ftol_out) | (iter >= config$maxit_out)) cond <- TRUE : 
  valeur manquante là où TRUE / FALSE est requis
","Error in if ((convergence[iter] < config$ftol_out) | (iter >= config$maxit_out)) cond <- TRUE : 
  valeur manquante là où TRUE / FALSE est requis
","Error in if ((convergence[iter] < config$ftol_out) | (iter >= config$maxit_out)) cond <- TRUE : 
  valeur manquante là où TRUE / FALSE est requis
","Error in if ((convergence[iter] < config$ftol_out) | (iter >= config$maxit_out)) cond <- TRUE : 
  valeur manquante là où TRUE / FALSE est requis
","Error in if ((convergence[iter] < config$ftol_out) | (iter >= config$maxit_out)) cond <- TRUE : 
  valeur manquante là où TRUE / FALSE est requis
","Error in if ((convergence[iter] < config$ftol_out) | (iter >= config$maxit_out)) cond <- TRUE : 
  valeur manquante là où TRUE / FALSE est requis
","Error in if ((convergence[iter] < config$ftol_out) | (iter >= config$maxit_out)) cond <- TRUE : 
  valeur manquante là où TRUE / FALSE est requis
","Error in if ((convergence[iter] < config$ftol_out) | (iter >= config$maxit_out)) cond <- TRUE : 
  valeur manquante là où TRUE / FALSE est requis
","Error in if ((convergence[iter] < config$ftol_out) | (iter >= config$maxit_out)) cond <- TRUE : 
  valeur manquante là où TRUE / FALSE est requis
"
"360","10","300","20","preferential_attachment","sites","sites_2","PLN","BIC","0.21","0.680527","593150990.275751","0.865","1","0.114","0.204","15.2514822483063"
"361","11","300","20","preferential_attachment","sites","sites_2","PLN","BIC","0.17","0.6522475","0.606809109596355","0.444","0.895","0.183","0.304","1.24379229545593"
"362","Error in if ((convergence[iter] < config$ftol_out) | (iter >= config$maxit_out)) cond <- TRUE : 
  valeur manquante là où TRUE / FALSE est requis
","Error in if ((convergence[iter] < config$ftol_out) | (iter >= config$maxit_out)) cond <- TRUE : 
  valeur manquante là où TRUE / FALSE est requis
","Error in if ((convergence[iter] < config$ftol_out) | (iter >= config$maxit_out)) cond <- TRUE : 
  valeur manquante là où TRUE / FALSE est requis
","Error in if ((convergence[iter] < config$ftol_out) | (iter >= config$maxit_out)) cond <- TRUE : 
  valeur manquante là où TRUE / FALSE est requis
","Error in if ((convergence[iter] < config$ftol_out) | (iter >= config$maxit_out)) cond <- TRUE : 
  valeur manquante là où TRUE / FALSE est requis
","Error in if ((convergence[iter] < config$ftol_out) | (iter >= config$maxit_out)) cond <- TRUE : 
  valeur manquante là où TRUE / FALSE est requis
","Error in if ((convergence[iter] < config$ftol_out) | (iter >= config$maxit_out)) cond <- TRUE : 
  valeur manquante là où TRUE / FALSE est requis
","Error in if ((convergence[iter] < config$ftol_out) | (iter >= config$maxit_out)) cond <- TRUE : 
  valeur manquante là où TRUE / FALSE est requis
","Error in if ((convergence[iter] < config$ftol_out) | (iter >= config$maxit_out)) cond <- TRUE : 
  valeur manquante là où TRUE / FALSE est requis
","Error in if ((convergence[iter] < config$ftol_out) | (iter >= config$maxit_out)) cond <- TRUE : 
  valeur manquante là où TRUE / FALSE est requis
","Error in if ((convergence[iter] < config$ftol_out) | (iter >= config$maxit_out)) cond <- TRUE : 
  valeur manquante là où TRUE / FALSE est requis
","Error in if ((convergence[iter] < config$ftol_out) | (iter >= config$maxit_out)) cond <- TRUE : 
  valeur manquante là où TRUE / FALSE est requis
","Error in if ((convergence[iter] < config$ftol_out) | (iter >= config$maxit_out)) cond <- TRUE : 
  valeur manquante là où TRUE / FALSE est requis
","Error in if ((convergence[iter] < config$ftol_out) | (iter >= config$maxit_out)) cond <- TRUE : 
  valeur manquante là où TRUE / FALSE est requis
","Error in if ((convergence[iter] < config$ftol_out) | (iter >= config$maxit_out)) cond <- TRUE : 
  valeur manquante là où TRUE / FALSE est requis
","Error in if ((convergence[iter] < config$ftol_out) | (iter >= config$maxit_out)) cond <- TRUE : 
  valeur manquante là où TRUE / FALSE est requis
"
"363","13","300","20","preferential_attachment","sites","sites_2","PLN","BIC","0.14","0.6202005","0.594920042149394","0.07","0.579","0.478","0.524","2.70053553581238"
"364","14","300","20","preferential_attachment","sites","sites_2","PLN","BIC","0.18","0.7483335","0.536678522053432","0","0.158","1","0.273","2.13480925559998"
"365","Error in if ((convergence[iter] < config$ftol_out) | (iter >= config$maxit_out)) cond <- TRUE : 
  valeur manquante là où TRUE / FALSE est requis
","Error in if ((convergence[iter] < config$ftol_out) | (iter >= config$maxit_out)) cond <- TRUE : 
  valeur manquante là où TRUE / FALSE est requis
","Error in if ((convergence[iter] < config$ftol_out) | (iter >= config$maxit_out)) cond <- TRUE : 
  valeur manquante là où TRUE / FALSE est requis
","Error in if ((convergence[iter] < config$ftol_out) | (iter >= config$maxit_out)) cond <- TRUE : 
  valeur manquante là où TRUE / FALSE est requis
","Error in if ((convergence[iter] < config$ftol_out) | (iter >= config$maxit_out)) cond <- TRUE : 
  valeur manquante là où TRUE / FALSE est requis
","Error in if ((convergence[iter] < config$ftol_out) | (iter >= config$maxit_out)) cond <- TRUE : 
  valeur manquante là où TRUE / FALSE est requis
","Error in if ((convergence[iter] < config$ftol_out) | (iter >= config$maxit_out)) cond <- TRUE : 
  valeur manquante là où TRUE / FALSE est requis
","Error in if ((convergence[iter] < config$ftol_out) | (iter >= config$maxit_out)) cond <- TRUE : 
  valeur manquante là où TRUE / FALSE est requis
","Error in if ((convergence[iter] < config$ftol_out) | (iter >= config$maxit_out)) cond <- TRUE : 
  valeur manquante là où TRUE / FALSE est requis
","Error in if ((convergence[iter] < config$ftol_out) | (iter >= config$maxit_out)) cond <- TRUE : 
  valeur manquante là où TRUE / FALSE est requis
","Error in if ((convergence[iter] < config$ftol_out) | (iter >= config$maxit_out)) cond <- TRUE : 
  valeur manquante là où TRUE / FALSE est requis
","Error in if ((convergence[iter] < config$ftol_out) | (iter >= config$maxit_out)) cond <- TRUE : 
  valeur manquante là où TRUE / FALSE est requis
","Error in if ((convergence[iter] < config$ftol_out) | (iter >= config$maxit_out)) cond <- TRUE : 
  valeur manquante là où TRUE / FALSE est requis
","Error in if ((convergence[iter] < config$ftol_out) | (iter >= config$maxit_out)) cond <- TRUE : 
  valeur manquante là où TRUE / FALSE est requis
","Error in if ((convergence[iter] < config$ftol_out) | (iter >= config$maxit_out)) cond <- TRUE : 
  valeur manquante là où TRUE / FALSE est requis
","Error in if ((convergence[iter] < config$ftol_out) | (iter >= config$maxit_out)) cond <- TRUE : 
  valeur manquante là où TRUE / FALSE est requis
"
"366","16","300","20","preferential_attachment","sites","sites_2","PLN","BIC","0.2","0.4838815","6.57203094209825e+30","0.789","0.895","0.112","0.199","16.1840026378632"
"367","17","300","20","preferential_attachment","sites","sites_2","PLN","BIC","0.15","0.7628185","0.527716283891704","0","0.158","1","0.273","2.0814163684845"
"368","Error in if ((convergence[iter] < config$ftol_out) | (iter >= config$maxit_out)) cond <- TRUE : 
  valeur manquante là où TRUE / FALSE est requis
","Error in if ((convergence[iter] < config$ftol_out) | (iter >= config$maxit_out)) cond <- TRUE : 
  valeur manquante là où TRUE / FALSE est requis
","Error in if ((convergence[iter] < config$ftol_out) | (iter >= config$maxit_out)) cond <- TRUE : 
  valeur manquante là où TRUE / FALSE est requis
","Error in if ((convergence[iter] < config$ftol_out) | (iter >= config$maxit_out)) cond <- TRUE : 
  valeur manquante là où TRUE / FALSE est requis
","Error in if ((convergence[iter] < config$ftol_out) | (iter >= config$maxit_out)) cond <- TRUE : 
  valeur manquante là où TRUE / FALSE est requis
","Error in if ((convergence[iter] < config$ftol_out) | (iter >= config$maxit_out)) cond <- TRUE : 
  valeur manquante là où TRUE / FALSE est requis
","Error in if ((convergence[iter] < config$ftol_out) | (iter >= config$maxit_out)) cond <- TRUE : 
  valeur manquante là où TRUE / FALSE est requis
","Error in if ((convergence[iter] < config$ftol_out) | (iter >= config$maxit_out)) cond <- TRUE : 
  valeur manquante là où TRUE / FALSE est requis
","Error in if ((convergence[iter] < config$ftol_out) | (iter >= config$maxit_out)) cond <- TRUE : 
  valeur manquante là où TRUE / FALSE est requis
","Error in if ((convergence[iter] < config$ftol_out) | (iter >= config$maxit_out)) cond <- TRUE : 
  valeur manquante là où TRUE / FALSE est requis
","Error in if ((convergence[iter] < config$ftol_out) | (iter >= config$maxit_out)) cond <- TRUE : 
  valeur manquante là où TRUE / FALSE est requis
","Error in if ((convergence[iter] < config$ftol_out) | (iter >= config$maxit_out)) cond <- TRUE : 
  valeur manquante là où TRUE / FALSE est requis
","Error in if ((convergence[iter] < config$ftol_out) | (iter >= config$maxit_out)) cond <- TRUE : 
  valeur manquante là où TRUE / FALSE est requis
","Error in if ((convergence[iter] < config$ftol_out) | (iter >= config$maxit_out)) cond <- TRUE : 
  valeur manquante là où TRUE / FALSE est requis
","Error in if ((convergence[iter] < config$ftol_out) | (iter >= config$maxit_out)) cond <- TRUE : 
  valeur manquante là où TRUE / FALSE est requis
","Error in if ((convergence[iter] < config$ftol_out) | (iter >= config$maxit_out)) cond <- TRUE : 
  valeur manquante là où TRUE / FALSE est requis
"
"369","19","300","20","preferential_attachment","sites","sites_2","PLN","BIC","0.14","0.7536435","0.565223268225152","0","0.211","1","0.348","2.10911178588867"
"370","20","300","20","preferential_attachment","sites","sites_2","PLN","BIC","0.13","0.645805","0.579708820011914","0","0.158","1","0.273","2.31475520133972"
"371","Error in if ((convergence[iter] < config$ftol_out) | (iter >= config$maxit_out)) cond <- TRUE : 
  valeur manquante là où TRUE / FALSE est requis
","Error in if ((convergence[iter] < config$ftol_out) | (iter >= config$maxit_out)) cond <- TRUE : 
  valeur manquante là où TRUE / FALSE est requis
","Error in if ((convergence[iter] < config$ftol_out) | (iter >= config$maxit_out)) cond <- TRUE : 
  valeur manquante là où TRUE / FALSE est requis
","Error in if ((convergence[iter] < config$ftol_out) | (iter >= config$maxit_out)) cond <- TRUE : 
  valeur manquante là où TRUE / FALSE est requis
","Error in if ((convergence[iter] < config$ftol_out) | (iter >= config$maxit_out)) cond <- TRUE : 
  valeur manquante là où TRUE / FALSE est requis
","Error in if ((convergence[iter] < config$ftol_out) | (iter >= config$maxit_out)) cond <- TRUE : 
  valeur manquante là où TRUE / FALSE est requis
","Error in if ((convergence[iter] < config$ftol_out) | (iter >= config$maxit_out)) cond <- TRUE : 
  valeur manquante là où TRUE / FALSE est requis
","Error in if ((convergence[iter] < config$ftol_out) | (iter >= config$maxit_out)) cond <- TRUE : 
  valeur manquante là où TRUE / FALSE est requis
","Error in if ((convergence[iter] < config$ftol_out) | (iter >= config$maxit_out)) cond <- TRUE : 
  valeur manquante là où TRUE / FALSE est requis
","Error in if ((convergence[iter] < config$ftol_out) | (iter >= config$maxit_out)) cond <- TRUE : 
  valeur manquante là où TRUE / FALSE est requis
","Error in if ((convergence[iter] < config$ftol_out) | (iter >= config$maxit_out)) cond <- TRUE : 
  valeur manquante là où TRUE / FALSE est requis
","Error in if ((convergence[iter] < config$ftol_out) | (iter >= config$maxit_out)) cond <- TRUE : 
  valeur manquante là où TRUE / FALSE est requis
","Error in if ((convergence[iter] < config$ftol_out) | (iter >= config$maxit_out)) cond <- TRUE : 
  valeur manquante là où TRUE / FALSE est requis
","Error in if ((convergence[iter] < config$ftol_out) | (iter >= config$maxit_out)) cond <- TRUE : 
  valeur manquante là où TRUE / FALSE est requis
","Error in if ((convergence[iter] < config$ftol_out) | (iter >= config$maxit_out)) cond <- TRUE : 
  valeur manquante là où TRUE / FALSE est requis
","Error in if ((convergence[iter] < config$ftol_out) | (iter >= config$maxit_out)) cond <- TRUE : 
  valeur manquante là où TRUE / FALSE est requis
"
"372","22","300","20","preferential_attachment","sites","sites_2","PLN","BIC","0.14","0.575288","0.52963871742402","0.018","0.263","0.625","0.37","2.43439602851868"
"373","23","300","20","preferential_attachment","sites","sites_2","PLN","BIC","0.18","0.500706","0.551009086045552","0.439","0.842","0.176","0.291","2.43714761734009"
"374","Error in if ((convergence[iter] < config$ftol_out) | (iter >= config$maxit_out)) cond <- TRUE : 
  valeur manquante là où TRUE / FALSE est requis
","Error in if ((convergence[iter] < config$ftol_out) | (iter >= config$maxit_out)) cond <- TRUE : 
  valeur manquante là où TRUE / FALSE est requis
","Error in if ((convergence[iter] < config$ftol_out) | (iter >= config$maxit_out)) cond <- TRUE : 
  valeur manquante là où TRUE / FALSE est requis
","Error in if ((convergence[iter] < config$ftol_out) | (iter >= config$maxit_out)) cond <- TRUE : 
  valeur manquante là où TRUE / FALSE est requis
","Error in if ((convergence[iter] < config$ftol_out) | (iter >= config$maxit_out)) cond <- TRUE : 
  valeur manquante là où TRUE / FALSE est requis
","Error in if ((convergence[iter] < config$ftol_out) | (iter >= config$maxit_out)) cond <- TRUE : 
  valeur manquante là où TRUE / FALSE est requis
","Error in if ((convergence[iter] < config$ftol_out) | (iter >= config$maxit_out)) cond <- TRUE : 
  valeur manquante là où TRUE / FALSE est requis
","Error in if ((convergence[iter] < config$ftol_out) | (iter >= config$maxit_out)) cond <- TRUE : 
  valeur manquante là où TRUE / FALSE est requis
","Error in if ((convergence[iter] < config$ftol_out) | (iter >= config$maxit_out)) cond <- TRUE : 
  valeur manquante là où TRUE / FALSE est requis
","Error in if ((convergence[iter] < config$ftol_out) | (iter >= config$maxit_out)) cond <- TRUE : 
  valeur manquante là où TRUE / FALSE est requis
","Error in if ((convergence[iter] < config$ftol_out) | (iter >= config$maxit_out)) cond <- TRUE : 
  valeur manquante là où TRUE / FALSE est requis
","Error in if ((convergence[iter] < config$ftol_out) | (iter >= config$maxit_out)) cond <- TRUE : 
  valeur manquante là où TRUE / FALSE est requis
","Error in if ((convergence[iter] < config$ftol_out) | (iter >= config$maxit_out)) cond <- TRUE : 
  valeur manquante là où TRUE / FALSE est requis
","Error in if ((convergence[iter] < config$ftol_out) | (iter >= config$maxit_out)) cond <- TRUE : 
  valeur manquante là où TRUE / FALSE est requis
","Error in if ((convergence[iter] < config$ftol_out) | (iter >= config$maxit_out)) cond <- TRUE : 
  valeur manquante là où TRUE / FALSE est requis
","Error in if ((convergence[iter] < config$ftol_out) | (iter >= config$maxit_out)) cond <- TRUE : 
  valeur manquante là où TRUE / FALSE est requis
"
"375","25","300","20","preferential_attachment","sites","sites_2","PLN","BIC","0.14","0.6871705","0.579341474875792","0.094","0.632","0.429","0.511","2.29739832878113"
"376","26","300","20","preferential_attachment","sites","sites_2","PLN","BIC","0.17","0.4494835","6.7552876349849","0.117","0.368","0.259","0.304","1.50180959701538"
"377","Error in if ((convergence[iter] < config$ftol_out) | (iter >= config$maxit_out)) cond <- TRUE : 
  valeur manquante là où TRUE / FALSE est requis
","Error in if ((convergence[iter] < config$ftol_out) | (iter >= config$maxit_out)) cond <- TRUE : 
  valeur manquante là où TRUE / FALSE est requis
","Error in if ((convergence[iter] < config$ftol_out) | (iter >= config$maxit_out)) cond <- TRUE : 
  valeur manquante là où TRUE / FALSE est requis
","Error in if ((convergence[iter] < config$ftol_out) | (iter >= config$maxit_out)) cond <- TRUE : 
  valeur manquante là où TRUE / FALSE est requis
","Error in if ((convergence[iter] < config$ftol_out) | (iter >= config$maxit_out)) cond <- TRUE : 
  valeur manquante là où TRUE / FALSE est requis
","Error in if ((convergence[iter] < config$ftol_out) | (iter >= config$maxit_out)) cond <- TRUE : 
  valeur manquante là où TRUE / FALSE est requis
","Error in if ((convergence[iter] < config$ftol_out) | (iter >= config$maxit_out)) cond <- TRUE : 
  valeur manquante là où TRUE / FALSE est requis
","Error in if ((convergence[iter] < config$ftol_out) | (iter >= config$maxit_out)) cond <- TRUE : 
  valeur manquante là où TRUE / FALSE est requis
","Error in if ((convergence[iter] < config$ftol_out) | (iter >= config$maxit_out)) cond <- TRUE : 
  valeur manquante là où TRUE / FALSE est requis
","Error in if ((convergence[iter] < config$ftol_out) | (iter >= config$maxit_out)) cond <- TRUE : 
  valeur manquante là où TRUE / FALSE est requis
","Error in if ((convergence[iter] < config$ftol_out) | (iter >= config$maxit_out)) cond <- TRUE : 
  valeur manquante là où TRUE / FALSE est requis
","Error in if ((convergence[iter] < config$ftol_out) | (iter >= config$maxit_out)) cond <- TRUE : 
  valeur manquante là où TRUE / FALSE est requis
","Error in if ((convergence[iter] < config$ftol_out) | (iter >= config$maxit_out)) cond <- TRUE : 
  valeur manquante là où TRUE / FALSE est requis
","Error in if ((convergence[iter] < config$ftol_out) | (iter >= config$maxit_out)) cond <- TRUE : 
  valeur manquante là où TRUE / FALSE est requis
","Error in if ((convergence[iter] < config$ftol_out) | (iter >= config$maxit_out)) cond <- TRUE : 
  valeur manquante là où TRUE / FALSE est requis
","Error in if ((convergence[iter] < config$ftol_out) | (iter >= config$maxit_out)) cond <- TRUE : 
  valeur manquante là où TRUE / FALSE est requis
"
"378","28","300","20","preferential_attachment","sites","sites_2","PLN","BIC","0.14","0.527638","0.594745027290841","0.012","0.421","0.8","0.552","2.30783987045288"
"379","29","300","20","preferential_attachment","sites","sites_2","PLN","BIC","0.18","0.5804495","0.548693465041813","0.023","0.368","0.636","0.467","2.88372325897217"
"380","Error in if ((convergence[iter] < config$ftol_out) | (iter >= config$maxit_out)) cond <- TRUE : 
  valeur manquante là où TRUE / FALSE est requis
","Error in if ((convergence[iter] < config$ftol_out) | (iter >= config$maxit_out)) cond <- TRUE : 
  valeur manquante là où TRUE / FALSE est requis
","Error in if ((convergence[iter] < config$ftol_out) | (iter >= config$maxit_out)) cond <- TRUE : 
  valeur manquante là où TRUE / FALSE est requis
","Error in if ((convergence[iter] < config$ftol_out) | (iter >= config$maxit_out)) cond <- TRUE : 
  valeur manquante là où TRUE / FALSE est requis
","Error in if ((convergence[iter] < config$ftol_out) | (iter >= config$maxit_out)) cond <- TRUE : 
  valeur manquante là où TRUE / FALSE est requis
","Error in if ((convergence[iter] < config$ftol_out) | (iter >= config$maxit_out)) cond <- TRUE : 
  valeur manquante là où TRUE / FALSE est requis
","Error in if ((convergence[iter] < config$ftol_out) | (iter >= config$maxit_out)) cond <- TRUE : 
  valeur manquante là où TRUE / FALSE est requis
","Error in if ((convergence[iter] < config$ftol_out) | (iter >= config$maxit_out)) cond <- TRUE : 
  valeur manquante là où TRUE / FALSE est requis
","Error in if ((convergence[iter] < config$ftol_out) | (iter >= config$maxit_out)) cond <- TRUE : 
  valeur manquante là où TRUE / FALSE est requis
","Error in if ((convergence[iter] < config$ftol_out) | (iter >= config$maxit_out)) cond <- TRUE : 
  valeur manquante là où TRUE / FALSE est requis
","Error in if ((convergence[iter] < config$ftol_out) | (iter >= config$maxit_out)) cond <- TRUE : 
  valeur manquante là où TRUE / FALSE est requis
","Error in if ((convergence[iter] < config$ftol_out) | (iter >= config$maxit_out)) cond <- TRUE : 
  valeur manquante là où TRUE / FALSE est requis
","Error in if ((convergence[iter] < config$ftol_out) | (iter >= config$maxit_out)) cond <- TRUE : 
  valeur manquante là où TRUE / FALSE est requis
","Error in if ((convergence[iter] < config$ftol_out) | (iter >= config$maxit_out)) cond <- TRUE : 
  valeur manquante là où TRUE / FALSE est requis
","Error in if ((convergence[iter] < config$ftol_out) | (iter >= config$maxit_out)) cond <- TRUE : 
  valeur manquante là où TRUE / FALSE est requis
","Error in if ((convergence[iter] < config$ftol_out) | (iter >= config$maxit_out)) cond <- TRUE : 
  valeur manquante là où TRUE / FALSE est requis
"
"381","31","300","20","preferential_attachment","sites","sites_2","PLN","BIC","0.23","0.4876875","5.46365139164476e+46","0.912","0.842","0.093","0.168","17.3189854621887"
"382","32","300","20","preferential_attachment","sites","sites_2","PLN","BIC","0.15","0.4815275","0.58013794947601","0.012","0.211","0.667","0.32","2.72477197647095"
"383","Error in if ((convergence[iter] < config$ftol_out) | (iter >= config$maxit_out)) cond <- TRUE : 
  valeur manquante là où TRUE / FALSE est requis
","Error in if ((convergence[iter] < config$ftol_out) | (iter >= config$maxit_out)) cond <- TRUE : 
  valeur manquante là où TRUE / FALSE est requis
","Error in if ((convergence[iter] < config$ftol_out) | (iter >= config$maxit_out)) cond <- TRUE : 
  valeur manquante là où TRUE / FALSE est requis
","Error in if ((convergence[iter] < config$ftol_out) | (iter >= config$maxit_out)) cond <- TRUE : 
  valeur manquante là où TRUE / FALSE est requis
","Error in if ((convergence[iter] < config$ftol_out) | (iter >= config$maxit_out)) cond <- TRUE : 
  valeur manquante là où TRUE / FALSE est requis
","Error in if ((convergence[iter] < config$ftol_out) | (iter >= config$maxit_out)) cond <- TRUE : 
  valeur manquante là où TRUE / FALSE est requis
","Error in if ((convergence[iter] < config$ftol_out) | (iter >= config$maxit_out)) cond <- TRUE : 
  valeur manquante là où TRUE / FALSE est requis
","Error in if ((convergence[iter] < config$ftol_out) | (iter >= config$maxit_out)) cond <- TRUE : 
  valeur manquante là où TRUE / FALSE est requis
","Error in if ((convergence[iter] < config$ftol_out) | (iter >= config$maxit_out)) cond <- TRUE : 
  valeur manquante là où TRUE / FALSE est requis
","Error in if ((convergence[iter] < config$ftol_out) | (iter >= config$maxit_out)) cond <- TRUE : 
  valeur manquante là où TRUE / FALSE est requis
","Error in if ((convergence[iter] < config$ftol_out) | (iter >= config$maxit_out)) cond <- TRUE : 
  valeur manquante là où TRUE / FALSE est requis
","Error in if ((convergence[iter] < config$ftol_out) | (iter >= config$maxit_out)) cond <- TRUE : 
  valeur manquante là où TRUE / FALSE est requis
","Error in if ((convergence[iter] < config$ftol_out) | (iter >= config$maxit_out)) cond <- TRUE : 
  valeur manquante là où TRUE / FALSE est requis
","Error in if ((convergence[iter] < config$ftol_out) | (iter >= config$maxit_out)) cond <- TRUE : 
  valeur manquante là où TRUE / FALSE est requis
","Error in if ((convergence[iter] < config$ftol_out) | (iter >= config$maxit_out)) cond <- TRUE : 
  valeur manquante là où TRUE / FALSE est requis
","Error in if ((convergence[iter] < config$ftol_out) | (iter >= config$maxit_out)) cond <- TRUE : 
  valeur manquante là où TRUE / FALSE est requis
"
"384","34","300","20","preferential_attachment","sites","sites_2","PLN","BIC","0.18","0.490626","8.77468923164024","0.228","0.421","0.17","0.242","1.23079538345337"
"385","35","300","20","preferential_attachment","sites","sites_2","PLN","BIC","0.18","0.602475","0.543348286835768","0.327","0.684","0.188","0.295","1.22006011009216"
"386","Error in if ((convergence[iter] < config$ftol_out) | (iter >= config$maxit_out)) cond <- TRUE : 
  valeur manquante là où TRUE / FALSE est requis
","Error in if ((convergence[iter] < config$ftol_out) | (iter >= config$maxit_out)) cond <- TRUE : 
  valeur manquante là où TRUE / FALSE est requis
","Error in if ((convergence[iter] < config$ftol_out) | (iter >= config$maxit_out)) cond <- TRUE : 
  valeur manquante là où TRUE / FALSE est requis
","Error in if ((convergence[iter] < config$ftol_out) | (iter >= config$maxit_out)) cond <- TRUE : 
  valeur manquante là où TRUE / FALSE est requis
","Error in if ((convergence[iter] < config$ftol_out) | (iter >= config$maxit_out)) cond <- TRUE : 
  valeur manquante là où TRUE / FALSE est requis
","Error in if ((convergence[iter] < config$ftol_out) | (iter >= config$maxit_out)) cond <- TRUE : 
  valeur manquante là où TRUE / FALSE est requis
","Error in if ((convergence[iter] < config$ftol_out) | (iter >= config$maxit_out)) cond <- TRUE : 
  valeur manquante là où TRUE / FALSE est requis
","Error in if ((convergence[iter] < config$ftol_out) | (iter >= config$maxit_out)) cond <- TRUE : 
  valeur manquante là où TRUE / FALSE est requis
","Error in if ((convergence[iter] < config$ftol_out) | (iter >= config$maxit_out)) cond <- TRUE : 
  valeur manquante là où TRUE / FALSE est requis
","Error in if ((convergence[iter] < config$ftol_out) | (iter >= config$maxit_out)) cond <- TRUE : 
  valeur manquante là où TRUE / FALSE est requis
","Error in if ((convergence[iter] < config$ftol_out) | (iter >= config$maxit_out)) cond <- TRUE : 
  valeur manquante là où TRUE / FALSE est requis
","Error in if ((convergence[iter] < config$ftol_out) | (iter >= config$maxit_out)) cond <- TRUE : 
  valeur manquante là où TRUE / FALSE est requis
","Error in if ((convergence[iter] < config$ftol_out) | (iter >= config$maxit_out)) cond <- TRUE : 
  valeur manquante là où TRUE / FALSE est requis
","Error in if ((convergence[iter] < config$ftol_out) | (iter >= config$maxit_out)) cond <- TRUE : 
  valeur manquante là où TRUE / FALSE est requis
","Error in if ((convergence[iter] < config$ftol_out) | (iter >= config$maxit_out)) cond <- TRUE : 
  valeur manquante là où TRUE / FALSE est requis
","Error in if ((convergence[iter] < config$ftol_out) | (iter >= config$maxit_out)) cond <- TRUE : 
  valeur manquante là où TRUE / FALSE est requis
"
"387","37","300","20","preferential_attachment","sites","sites_2","PLN","BIC","0.2","0.545913","1.84251000631308","0.17","0.526","0.256","0.345","1.35504269599915"
"388","38","300","20","preferential_attachment","sites","sites_2","PLN","BIC","0.17","0.5994575","0.550528912313478","0.17","0.579","0.275","0.373","2.26625537872314"
"389","Error in if ((convergence[iter] < config$ftol_out) | (iter >= config$maxit_out)) cond <- TRUE : 
  valeur manquante là où TRUE / FALSE est requis
","Error in if ((convergence[iter] < config$ftol_out) | (iter >= config$maxit_out)) cond <- TRUE : 
  valeur manquante là où TRUE / FALSE est requis
","Error in if ((convergence[iter] < config$ftol_out) | (iter >= config$maxit_out)) cond <- TRUE : 
  valeur manquante là où TRUE / FALSE est requis
","Error in if ((convergence[iter] < config$ftol_out) | (iter >= config$maxit_out)) cond <- TRUE : 
  valeur manquante là où TRUE / FALSE est requis
","Error in if ((convergence[iter] < config$ftol_out) | (iter >= config$maxit_out)) cond <- TRUE : 
  valeur manquante là où TRUE / FALSE est requis
","Error in if ((convergence[iter] < config$ftol_out) | (iter >= config$maxit_out)) cond <- TRUE : 
  valeur manquante là où TRUE / FALSE est requis
","Error in if ((convergence[iter] < config$ftol_out) | (iter >= config$maxit_out)) cond <- TRUE : 
  valeur manquante là où TRUE / FALSE est requis
","Error in if ((convergence[iter] < config$ftol_out) | (iter >= config$maxit_out)) cond <- TRUE : 
  valeur manquante là où TRUE / FALSE est requis
","Error in if ((convergence[iter] < config$ftol_out) | (iter >= config$maxit_out)) cond <- TRUE : 
  valeur manquante là où TRUE / FALSE est requis
","Error in if ((convergence[iter] < config$ftol_out) | (iter >= config$maxit_out)) cond <- TRUE : 
  valeur manquante là où TRUE / FALSE est requis
","Error in if ((convergence[iter] < config$ftol_out) | (iter >= config$maxit_out)) cond <- TRUE : 
  valeur manquante là où TRUE / FALSE est requis
","Error in if ((convergence[iter] < config$ftol_out) | (iter >= config$maxit_out)) cond <- TRUE : 
  valeur manquante là où TRUE / FALSE est requis
","Error in if ((convergence[iter] < config$ftol_out) | (iter >= config$maxit_out)) cond <- TRUE : 
  valeur manquante là où TRUE / FALSE est requis
","Error in if ((convergence[iter] < config$ftol_out) | (iter >= config$maxit_out)) cond <- TRUE : 
  valeur manquante là où TRUE / FALSE est requis
","Error in if ((convergence[iter] < config$ftol_out) | (iter >= config$maxit_out)) cond <- TRUE : 
  valeur manquante là où TRUE / FALSE est requis
","Error in if ((convergence[iter] < config$ftol_out) | (iter >= config$maxit_out)) cond <- TRUE : 
  valeur manquante là où TRUE / FALSE est requis
"
"390","40","300","20","preferential_attachment","sites","sites_2","PLN","BIC","0.24","0.3933925","1.27754921185287e+43","0.947","0.842","0.09","0.162","29.7210922241211"
"391","41","300","20","preferential_attachment","sites","sites_2","PLN","BIC","0.18","0.684195","0.846778672322386","0.17","0.737","0.326","0.452","1.40569257736206"
"392","Error in if ((convergence[iter] < config$ftol_out) | (iter >= config$maxit_out)) cond <- TRUE : 
  valeur manquante là où TRUE / FALSE est requis
","Error in if ((convergence[iter] < config$ftol_out) | (iter >= config$maxit_out)) cond <- TRUE : 
  valeur manquante là où TRUE / FALSE est requis
","Error in if ((convergence[iter] < config$ftol_out) | (iter >= config$maxit_out)) cond <- TRUE : 
  valeur manquante là où TRUE / FALSE est requis
","Error in if ((convergence[iter] < config$ftol_out) | (iter >= config$maxit_out)) cond <- TRUE : 
  valeur manquante là où TRUE / FALSE est requis
","Error in if ((convergence[iter] < config$ftol_out) | (iter >= config$maxit_out)) cond <- TRUE : 
  valeur manquante là où TRUE / FALSE est requis
","Error in if ((convergence[iter] < config$ftol_out) | (iter >= config$maxit_out)) cond <- TRUE : 
  valeur manquante là où TRUE / FALSE est requis
","Error in if ((convergence[iter] < config$ftol_out) | (iter >= config$maxit_out)) cond <- TRUE : 
  valeur manquante là où TRUE / FALSE est requis
","Error in if ((convergence[iter] < config$ftol_out) | (iter >= config$maxit_out)) cond <- TRUE : 
  valeur manquante là où TRUE / FALSE est requis
","Error in if ((convergence[iter] < config$ftol_out) | (iter >= config$maxit_out)) cond <- TRUE : 
  valeur manquante là où TRUE / FALSE est requis
","Error in if ((convergence[iter] < config$ftol_out) | (iter >= config$maxit_out)) cond <- TRUE : 
  valeur manquante là où TRUE / FALSE est requis
","Error in if ((convergence[iter] < config$ftol_out) | (iter >= config$maxit_out)) cond <- TRUE : 
  valeur manquante là où TRUE / FALSE est requis
","Error in if ((convergence[iter] < config$ftol_out) | (iter >= config$maxit_out)) cond <- TRUE : 
  valeur manquante là où TRUE / FALSE est requis
","Error in if ((convergence[iter] < config$ftol_out) | (iter >= config$maxit_out)) cond <- TRUE : 
  valeur manquante là où TRUE / FALSE est requis
","Error in if ((convergence[iter] < config$ftol_out) | (iter >= config$maxit_out)) cond <- TRUE : 
  valeur manquante là où TRUE / FALSE est requis
","Error in if ((convergence[iter] < config$ftol_out) | (iter >= config$maxit_out)) cond <- TRUE : 
  valeur manquante là où TRUE / FALSE est requis
","Error in if ((convergence[iter] < config$ftol_out) | (iter >= config$maxit_out)) cond <- TRUE : 
  valeur manquante là où TRUE / FALSE est requis
"
"393","43","300","20","preferential_attachment","sites","sites_2","PLN","BIC","0.14","0.5816825","0.568333044097685","0.222","0.632","0.24","0.348","1.43753552436829"
"394","44","300","20","preferential_attachment","sites","sites_2","PLN","BIC","0.14","0.793325","0.553482736913983","0","0.368","1","0.538","2.01335883140564"
"395","Error in if ((convergence[iter] < config$ftol_out) | (iter >= config$maxit_out)) cond <- TRUE : 
  valeur manquante là où TRUE / FALSE est requis
","Error in if ((convergence[iter] < config$ftol_out) | (iter >= config$maxit_out)) cond <- TRUE : 
  valeur manquante là où TRUE / FALSE est requis
","Error in if ((convergence[iter] < config$ftol_out) | (iter >= config$maxit_out)) cond <- TRUE : 
  valeur manquante là où TRUE / FALSE est requis
","Error in if ((convergence[iter] < config$ftol_out) | (iter >= config$maxit_out)) cond <- TRUE : 
  valeur manquante là où TRUE / FALSE est requis
","Error in if ((convergence[iter] < config$ftol_out) | (iter >= config$maxit_out)) cond <- TRUE : 
  valeur manquante là où TRUE / FALSE est requis
","Error in if ((convergence[iter] < config$ftol_out) | (iter >= config$maxit_out)) cond <- TRUE : 
  valeur manquante là où TRUE / FALSE est requis
","Error in if ((convergence[iter] < config$ftol_out) | (iter >= config$maxit_out)) cond <- TRUE : 
  valeur manquante là où TRUE / FALSE est requis
","Error in if ((convergence[iter] < config$ftol_out) | (iter >= config$maxit_out)) cond <- TRUE : 
  valeur manquante là où TRUE / FALSE est requis
","Error in if ((convergence[iter] < config$ftol_out) | (iter >= config$maxit_out)) cond <- TRUE : 
  valeur manquante là où TRUE / FALSE est requis
","Error in if ((convergence[iter] < config$ftol_out) | (iter >= config$maxit_out)) cond <- TRUE : 
  valeur manquante là où TRUE / FALSE est requis
","Error in if ((convergence[iter] < config$ftol_out) | (iter >= config$maxit_out)) cond <- TRUE : 
  valeur manquante là où TRUE / FALSE est requis
","Error in if ((convergence[iter] < config$ftol_out) | (iter >= config$maxit_out)) cond <- TRUE : 
  valeur manquante là où TRUE / FALSE est requis
","Error in if ((convergence[iter] < config$ftol_out) | (iter >= config$maxit_out)) cond <- TRUE : 
  valeur manquante là où TRUE / FALSE est requis
","Error in if ((convergence[iter] < config$ftol_out) | (iter >= config$maxit_out)) cond <- TRUE : 
  valeur manquante là où TRUE / FALSE est requis
","Error in if ((convergence[iter] < config$ftol_out) | (iter >= config$maxit_out)) cond <- TRUE : 
  valeur manquante là où TRUE / FALSE est requis
","Error in if ((convergence[iter] < config$ftol_out) | (iter >= config$maxit_out)) cond <- TRUE : 
  valeur manquante là où TRUE / FALSE est requis
"
"396","46","300","20","preferential_attachment","sites","sites_2","PLN","BIC","0.14","0.653498","0.592166811408933","0","0",NA,"0","2.46528935432434"
"397","47","300","20","preferential_attachment","sites","sites_2","PLN","BIC","0.12","0.603292","0.584021974376713","0","0.053","1","0.1","1.89486241340637"
"398","Error in if ((convergence[iter] < config$ftol_out) | (iter >= config$maxit_out)) cond <- TRUE : 
  valeur manquante là où TRUE / FALSE est requis
","Error in if ((convergence[iter] < config$ftol_out) | (iter >= config$maxit_out)) cond <- TRUE : 
  valeur manquante là où TRUE / FALSE est requis
","Error in if ((convergence[iter] < config$ftol_out) | (iter >= config$maxit_out)) cond <- TRUE : 
  valeur manquante là où TRUE / FALSE est requis
","Error in if ((convergence[iter] < config$ftol_out) | (iter >= config$maxit_out)) cond <- TRUE : 
  valeur manquante là où TRUE / FALSE est requis
","Error in if ((convergence[iter] < config$ftol_out) | (iter >= config$maxit_out)) cond <- TRUE : 
  valeur manquante là où TRUE / FALSE est requis
","Error in if ((convergence[iter] < config$ftol_out) | (iter >= config$maxit_out)) cond <- TRUE : 
  valeur manquante là où TRUE / FALSE est requis
","Error in if ((convergence[iter] < config$ftol_out) | (iter >= config$maxit_out)) cond <- TRUE : 
  valeur manquante là où TRUE / FALSE est requis
","Error in if ((convergence[iter] < config$ftol_out) | (iter >= config$maxit_out)) cond <- TRUE : 
  valeur manquante là où TRUE / FALSE est requis
","Error in if ((convergence[iter] < config$ftol_out) | (iter >= config$maxit_out)) cond <- TRUE : 
  valeur manquante là où TRUE / FALSE est requis
","Error in if ((convergence[iter] < config$ftol_out) | (iter >= config$maxit_out)) cond <- TRUE : 
  valeur manquante là où TRUE / FALSE est requis
","Error in if ((convergence[iter] < config$ftol_out) | (iter >= config$maxit_out)) cond <- TRUE : 
  valeur manquante là où TRUE / FALSE est requis
","Error in if ((convergence[iter] < config$ftol_out) | (iter >= config$maxit_out)) cond <- TRUE : 
  valeur manquante là où TRUE / FALSE est requis
","Error in if ((convergence[iter] < config$ftol_out) | (iter >= config$maxit_out)) cond <- TRUE : 
  valeur manquante là où TRUE / FALSE est requis
","Error in if ((convergence[iter] < config$ftol_out) | (iter >= config$maxit_out)) cond <- TRUE : 
  valeur manquante là où TRUE / FALSE est requis
","Error in if ((convergence[iter] < config$ftol_out) | (iter >= config$maxit_out)) cond <- TRUE : 
  valeur manquante là où TRUE / FALSE est requis
","Error in if ((convergence[iter] < config$ftol_out) | (iter >= config$maxit_out)) cond <- TRUE : 
  valeur manquante là où TRUE / FALSE est requis
"
"399","49","300","20","preferential_attachment","sites","sites_2","PLN","BIC","0.14","0.6048195","0.559469813238434","0.029","0.316","0.545","0.4","2.42408156394958"
"400","50","300","20","preferential_attachment","sites","sites_2","PLN","BIC","0.18","0.48022","0.871377218397323","0.111","0.526","0.345","0.417","1.23389744758606"
"401","1","300","20","preferential_attachment","sites","sites_3","PLN","BIC","0.2","0.422384","0.365269525286848","0.158","0.316","0.182","0.231","8.06174921989441"
"402","2","300","20","preferential_attachment","sites","sites_3","PLN","BIC","0.17","0.5187895","67.7831768302008","0.836","0.947","0.112","0.2","13.3378715515137"
"403","3","300","20","preferential_attachment","sites","sites_3","PLN","BIC","0.16","0.328975","0.421853663059666","0.006","0","0","0","5.49024748802185"
"404","4","300","20","preferential_attachment","sites","sites_3","PLN","BIC","0.19","0.332093","0.648492473143667","0.743","0.632","0.086","0.152","1.99964475631714"
"405","5","300","20","preferential_attachment","sites","sites_3","PLN","BIC","0.2","0.47837","193982.881415572","0.848","0.789","0.094","0.168","9.64312887191772"
"406","6","300","20","preferential_attachment","sites","sites_3","PLN","BIC","0.2","0.560783","6038864.69487679","0.883","0.947","0.107","0.191","10.720716714859"
"407","7","300","20","preferential_attachment","sites","sites_3","PLN","BIC","0.22","0.552572","0.365684935915249","0.585","0.842","0.138","0.237","2.11091494560242"
"408","8","300","20","preferential_attachment","sites","sites_3","PLN","BIC","0.19","0.530498","1.58479644800616","0.105","0.158","0.143","0.15","2.34045696258545"
"409","9","300","20","preferential_attachment","sites","sites_3","PLN","BIC","0.17","0.428696","0.475799143765896","0","0",NA,"0","6.21212244033813"
"410","10","300","20","preferential_attachment","sites","sites_3","PLN","BIC","0.18","0.4081335","0.447583641412147","0.029","0.158","0.375","0.222","6.88181853294373"
"411","11","300","20","preferential_attachment","sites","sites_3","PLN","BIC","0.21","0.3494835","0.430839528584977","0.632","0.684","0.107","0.186","1.51177835464478"
"412","12","300","20","preferential_attachment","sites","sites_3","PLN","BIC","0.16","0.524032","0.400965385012981","0","0.053","1","0.1","3.38501811027527"
"413","13","300","20","preferential_attachment","sites","sites_3","PLN","BIC","0.22","0.3584535","5.61749770726713e+22","0.901","0.947","0.105","0.188","29.8898079395294"
"414","14","300","20","preferential_attachment","sites","sites_3","PLN","BIC","0.18","0.480553","0.399821029116806","0","0",NA,"0","6.00809717178345"
"415","15","300","20","preferential_attachment","sites","sites_3","PLN","BIC","0.17","0.4414635","0.420153254332534","0.626","0.737","0.116","0.2","3.82135891914368"
"416","16","300","20","preferential_attachment","sites","sites_3","PLN","BIC","0.21","0.5791255","0.390909688889192","0","0",NA,"0","6.20774364471436"
"417","17","300","20","preferential_attachment","sites","sites_3","PLN","BIC","0.18","0.40082","19.8699393206537","0.696","0.842","0.119","0.208","7.73352956771851"
"418","18","300","20","preferential_attachment","sites","sites_3","PLN","BIC","0.17","0.453099","0.375289061056012","0","0",NA,"0","3.47784733772278"
"419","19","300","20","preferential_attachment","sites","sites_3","PLN","BIC","0.22","0.4922365","0.385717208587803","0","0.105","1","0.19","3.39244866371155"
"420","20","300","20","preferential_attachment","sites","sites_3","PLN","BIC","0.18","0.530293","0.498302143657945","0.012","0.158","0.6","0.25","11.3061718940735"
"421","21","300","20","preferential_attachment","sites","sites_3","PLN","BIC","0.18","0.5456245","1.01323248223526","0.035","0.222","0.4","0.286","2.19061493873596"
"422","22","300","20","preferential_attachment","sites","sites_3","PLN","BIC","0.17","0.4148685","0.449882900324573","0","0",NA,"0","6.35061526298523"
"423","23","300","20","preferential_attachment","sites","sites_3","PLN","BIC","0.21","0.470617","0.405273157354472","0.427","0.579","0.131","0.214","3.99611282348633"
"424","24","300","20","preferential_attachment","sites","sites_3","PLN","BIC","0.21","0.3501835","0.395739232520763","0.692","0.556","0.078","0.136","1.47284579277039"
"425","25","300","20","preferential_attachment","sites","sites_3","PLN","BIC","0.2","0.480632","0.381788248068569","0.006","0.118","0.667","0.2","3.84933304786682"
"426","26","300","20","preferential_attachment","sites","sites_3","PLN","BIC","0.17","0.4579375","0.383051284458664","0","0",NA,"0","3.51533818244934"
"427","27","300","20","preferential_attachment","sites","sites_3","PLN","BIC","0.17","0.4629585","0.418182775683703","0.456","0.474","0.103","0.17","5.48849415779114"
"428","28","300","20","preferential_attachment","sites","sites_3","PLN","BIC","0.18","0.614585","450.00343171399","0.871","1","0.113","0.203","12.7817718982697"
"429","29","300","20","preferential_attachment","sites","sites_3","PLN","BIC","0.18","0.604509","0.494284328823078","0.006","0.211","0.8","0.333","4.71380496025085"
"430","30","300","20","preferential_attachment","sites","sites_3","PLN","BIC","0.17","0.458342","0.400500830423942","0","0",NA,"0","3.25930333137512"
"431","31","300","20","preferential_attachment","sites","sites_3","PLN","BIC","0.16","0.4366615","0.515533140873211","0","0",NA,"0","4.07442212104797"
"432","32","300","20","preferential_attachment","sites","sites_3","PLN","BIC","0.2","0.2209065","0.47090717477719","0.62","0.368","0.062","0.106","1.21001410484314"
"433","33","300","20","preferential_attachment","sites","sites_3","PLN","BIC","0.21","0.508636","0.384520905677835","0","0.263","1","0.417","6.1902551651001"
"434","34","300","20","preferential_attachment","sites","sites_3","PLN","BIC","0.2","0.507088","92670.9912294394","0.889","0.947","0.106","0.19","9.37877178192139"
"435","35","300","20","preferential_attachment","sites","sites_3","PLN","BIC","0.17","0.4803635","0.995002474809707","0.023","0","0","0","1.26444554328918"
"436","36","300","20","preferential_attachment","sites","sites_3","PLN","BIC","0.18","0.529052","0.400519017405903","0","0",NA,"0","3.13875651359558"
"437","37","300","20","preferential_attachment","sites","sites_3","PLN","BIC","0.16","0.3412635","0.4371315066143","0","0",NA,"0","3.6653790473938"
"438","38","300","20","preferential_attachment","sites","sites_3","PLN","BIC","0.23","0.296735","1889860819089.04","0.86","0.947","0.109","0.196","14.1428565979004"
"439","39","300","20","preferential_attachment","sites","sites_3","PLN","BIC","0.19","0.4497965","0.388473367379124","0.645","0.778","0.112","0.196","2.04500484466553"
"440","40","300","20","preferential_attachment","sites","sites_3","PLN","BIC","0.17","0.4690945","0.39693198868693","0","0.056","1","0.105","3.15909385681152"
"441","41","300","20","preferential_attachment","sites","sites_3","PLN","BIC","0.21","0.281952","5.53286931824571e+61","0.756","0.778","0.097","0.173","39.4262747764587"
"442","42","300","20","preferential_attachment","sites","sites_3","PLN","BIC","0.16","0.544364","0.459382144427833","0","0",NA,"0","3.74969124794006"
"443","43","300","20","preferential_attachment","sites","sites_3","PLN","BIC","0.17","0.2567375","0.407853674106449","0.012","0.105","0.5","0.174","3.06217575073242"
"444","44","300","20","preferential_attachment","sites","sites_3","PLN","BIC","0.18","0.420227","0.392274289550182","0","0.053","1","0.1","3.74550127983093"
"445","45","300","20","preferential_attachment","sites","sites_3","PLN","BIC","0.16","0.511106","0.427644256759656","0.105","0.368","0.28","0.318","5.29472541809082"
"446","46","300","20","preferential_attachment","sites","sites_3","PLN","BIC","0.17","0.482955","0.435693595775976","0","0",NA,"0","3.39923167228699"
"447","47","300","20","preferential_attachment","sites","sites_3","PLN","BIC","0.19","0.377293","0.387529822273851","0.041","0","0","0","4.88267111778259"
"448","48","300","20","preferential_attachment","sites","sites_3","PLN","BIC","0.18","0.4559685","0.379675919997194","0.029","0.056","0.167","0.083","4.01050448417664"
"449","49","300","20","preferential_attachment","sites","sites_3","PLN","BIC","0.18","0.473189","0.381680061970988","0","0.167","1","0.286","3.91738843917847"
"450","50","300","20","preferential_attachment","sites","sites_3","PLN","BIC","0.2","0.505219","0.383653976767459","0.579","0.579","0.1","0.171","1.22819876670837"
"451","1","300","20","erdos_renyi","species","species_1","PLN","BIC","0.05","0.6132915","0.675504659991155","0.055","0.889","0.444","0.593","2.97569561004639"
"452","2","300","20","erdos_renyi","species","species_1","PLN","BIC","0.05","0.5415625","0.695666981071123","0.027","0.5","0.444","0.471","2.26063656806946"
"453","3","300","20","erdos_renyi","species","species_1","PLN","BIC","0.07","0.581163","0.624208893759857","0.162","0.909","0.256","0.4","2.13919401168823"
"454","4","300","20","erdos_renyi","species","species_1","PLN","BIC","0.05","0.604","0.797688822265774","0.016","1","0.571","0.727","2.1348340511322"
"455","5","300","20","erdos_renyi","species","species_1","PLN","BIC","0.05","0.754111","0.680276869139866","0.055","0.889","0.444","0.593","1.75943064689636"
"456","6","300","20","erdos_renyi","species","species_1","PLN","BIC","0.1","0.432467","269.233993627046","0.177","0.778","0.179","0.292","2.31514024734497"
"457","7","300","20","erdos_renyi","species","species_1","PLN","BIC","0.06","0.787791","0.644589817889945","0.017","0.778","0.7","0.737","3.07209444046021"
"458","8","300","20","erdos_renyi","species","species_1","PLN","BIC","0.05","0.6695","0.629270070612698","0.022","0.5","0.5","0.5","2.65639138221741"
"459","9","300","20","erdos_renyi","species","species_1","PLN","BIC","0.04","0.7961675","0.59311558025983","0.005","0.667","0.667","0.667","1.65201616287231"
"460","10","300","20","erdos_renyi","species","species_1","PLN","BIC","0.13","0.338007","10632.9495508042","0.431","1","0.103","0.188","2.59848546981812"
"461","11","300","20","erdos_renyi","species","species_1","PLN","BIC","0.11","0.4354975","1028.64090623399","0.105","0.667","0.24","0.353","1.45928740501404"
"462","12","300","20","erdos_renyi","species","species_1","PLN","BIC","0.07","0.6938455","0.638168978433321","0.073","0.818","0.409","0.545","2.8954873085022"
"463","13","300","20","erdos_renyi","species","species_1","PLN","BIC","0.06","0.52425","0.5994299692114","0.044","0.75","0.429","0.545","3.26889491081238"
"464","14","300","20","erdos_renyi","species","species_1","PLN","BIC","0.06","0.591335","0.644429089799441","0.051","0.923","0.571","0.706","3.21986842155457"
"465","15","300","20","erdos_renyi","species","species_1","PLN","BIC","0.11","0.4977455","0.902029032903317","0.148","0.857","0.316","0.462","1.30578017234802"
"466","16","300","20","erdos_renyi","species","species_1","PLN","BIC","0.05","0.5467","0.805038017350589","0.094","0.9","0.346","0.5","2.4183201789856"
"467","17","300","20","erdos_renyi","species","species_1","PLN","BIC","0.09","0.6223625","0.6161769291963","0.022","0.778","0.636","0.7","2.19279813766479"
"468","18","300","20","erdos_renyi","species","species_1","PLN","BIC","0.06","0.5629","0.673366548822701","0.028","0.8","0.615","0.696","2.20443201065063"
"469","19","300","20","erdos_renyi","species","species_1","PLN","BIC","0.04","0.723","0.601845465266054","0","1","1","1","2.94213366508484"
"470","20","300","20","erdos_renyi","species","species_1","PLN","BIC","0.04","0.8145825","0.671205081874415","0.049","1","0.4","0.571","3.10691022872925"
"471","21","300","20","erdos_renyi","species","species_1","PLN","BIC","0.03","0.775","0.612925747207277","0","0.333","1","0.5","1.91129899024963"
"472","22","300","20","erdos_renyi","species","species_1","PLN","BIC","0.08","0.33165","0.777079972547068","0.083","1","0.4","0.571","1.87793397903442"
"473","23","300","20","erdos_renyi","species","species_1","PLN","BIC","0.09","0.66114","0.629297936704059","0.109","0.867","0.406","0.553","1.99578881263733"
"474","24","300","20","erdos_renyi","species","species_1","PLN","BIC","0.06","0.6744935","0.599277097060472","0.011","0.833","0.714","0.769","3.32286906242371"
"475","25","300","20","erdos_renyi","species","species_1","PLN","BIC","0.05","0.450503","0.807668636822457","0.118","0.75","0.3","0.429","2.23969221115112"
"476","26","300","20","erdos_renyi","species","species_1","PLN","BIC","0.06","0.5973275","0.667799164354566","0.154","0.933","0.341","0.5","2.86272430419922"
"477","27","300","20","erdos_renyi","species","species_1","PLN","BIC","0.06","0.6326","0.676555312542473","0.122","0.9","0.29","0.439","1.6790714263916"
"478","28","300","20","erdos_renyi","species","species_1","PLN","BIC","0.07","0.293738","0.659220943117746","0.027","0.714","0.5","0.588","3.57355260848999"
"479","29","300","20","erdos_renyi","species","species_1","PLN","BIC","0.05","0.6962825","0.637782180283889","0.06","0.833","0.312","0.455","1.81844615936279"
"480","30","300","20","erdos_renyi","species","species_1","PLN","BIC","0.07","0.3668125","1.35544330288762","0.038","0.75","0.462","0.571","2.24547624588013"
"481","31","300","20","erdos_renyi","species","species_1","PLN","BIC","0.04","0.7836","0.662812861102517","0.027","0.8","0.444","0.571","2.23606109619141"
"482","32","300","20","erdos_renyi","species","species_1","PLN","BIC","0.05","0.6365825","0.665047581874025","0.043","1","0.429","0.6","3.02067899703979"
"483","33","300","20","erdos_renyi","species","species_1","PLN","BIC","0.12","0.32255","1175002956.89012","0.444","1","0.111","0.2","8.44305658340454"
"484","34","300","20","erdos_renyi","species","species_1","PLN","BIC","0.04","0.854139","0.638099163458629","0","0.714","1","0.833","2.64694142341614"
"485","35","300","20","erdos_renyi","species","species_1","PLN","BIC","0.11","0.47425","2.24720526239214","0.6","0.8","0.069","0.127","1.84570074081421"
"486","36","300","20","erdos_renyi","species","species_1","PLN","BIC","0.07","0.4464115","0.614581103023703","0.118","0.833","0.323","0.465","2.97941184043884"
"487","37","300","20","erdos_renyi","species","species_1","PLN","BIC","0.07","0.318651","0.660544457928059","0","0.333","1","0.5","3.20902848243713"
"488","38","300","20","erdos_renyi","species","species_1","PLN","BIC","0.05","0.5612","0.631802571177247","0.005","0.6","0.75","0.667","2.58755469322205"
"489","39","300","20","erdos_renyi","species","species_1","PLN","BIC","0.07","0.668125","0.615132675717756","0.017","0.667","0.667","0.667","1.73138761520386"
"490","40","300","20","erdos_renyi","species","species_1","PLN","BIC","0.04","0.6021675","0.776669506905448","0.087","1","0.273","0.429","2.24877715110779"
"491","41","300","20","erdos_renyi","species","species_1","PLN","BIC","0.13","0.2423945","225217562489.15","0.354","0.75","0.125","0.214","13.6470625400543"
"492","42","300","20","erdos_renyi","species","species_1","PLN","BIC","0.05","0.8132085","0.624089834419877","0.106","0.909","0.345","0.5","2.92378711700439"
"493","43","300","20","erdos_renyi","species","species_1","PLN","BIC","0.06","0.50885","0.688166192871358","0.072","0.9","0.409","0.563","3.2732036113739"
"494","44","300","20","erdos_renyi","species","species_1","PLN","BIC","0.06","0.64525","0.700777262775832","0.049","0.875","0.438","0.583","1.66389608383179"
"495","45","300","20","erdos_renyi","species","species_1","PLN","BIC","0.11","0.2224345","34386707537312420","0.271","1","0.155","0.269","15.9066605567932"
"496","46","300","20","erdos_renyi","species","species_1","PLN","BIC","0.09","0.51225","0.846041197561302","0.106","0.9","0.321","0.474","1.97863984107971"
"497","47","300","20","erdos_renyi","species","species_1","PLN","BIC","0.07","0.612252","0.686099987777393","0.106","0.909","0.345","0.5","1.9401319026947"
"498","48","300","20","erdos_renyi","species","species_1","PLN","BIC","0.11","0.4730125","1912.90882644576","0.525","1","0.105","0.19","9.92654705047607"
"499","49","300","20","erdos_renyi","species","species_1","PLN","BIC","0.05","0.70415","0.628725519149529","0.144","1","0.278","0.435","2.24895572662354"
"500","50","300","20","erdos_renyi","species","species_1","PLN","BIC","0.08","0.669769","0.728962497712408","0.061","1","0.5","0.667","1.56379055976868"
"501","1","300","20","erdos_renyi","species","species_2","PLN","BIC","0.14","0.2232995","2.86533643832072e+27","0.48","0.636","0.075","0.135","30.6794412136078"
"502","2","300","20","erdos_renyi","species","species_2","PLN","BIC","0.13","0.364254","0.610945348003542","0.022","0.417","0.556","0.476","3.35276031494141"
"503","3","300","20","erdos_renyi","species","species_2","PLN","BIC","0.07","0.73175","0.565874622431247","0.016","0.75","0.667","0.706","3.63497543334961"
"504","4","300","20","erdos_renyi","species","species_2","PLN","BIC","0.06","0.7256865","0.615216171275819","0.005","0.333","0.667","0.444","1.80949807167053"
"505","5","300","20","erdos_renyi","species","species_2","PLN","BIC","0.11","0.643896","0.632412237199037","0.175","0.692","0.225","0.34","3.28045177459717"
"506","6","300","20","erdos_renyi","species","species_2","PLN","BIC","0.06","0.8257","0.522074512472514","0","0.4","1","0.571","2.28144812583923"
"507","7","300","20","erdos_renyi","species","species_2","PLN","BIC","0.09","0.53987","0.573324688096664","0.023","0.308","0.5","0.381","1.9884021282196"
"508","8","300","20","erdos_renyi","species","species_2","PLN","BIC","0.08","0.57075","0.558509105016096","0.016","0.625","0.625","0.625","3.51062250137329"
"509","9","300","20","erdos_renyi","species","species_2","PLN","BIC","0.06","0.736414","0.538263645741247","0.005","0.833","0.833","0.833","3.23257160186768"
"510","10","300","20","erdos_renyi","species","species_2","PLN","BIC","0.1","0.6555335","0.614440665556343","0.186","0.692","0.214","0.327","1.89414286613464"
"511","11","300","20","erdos_renyi","species","species_2","PLN","BIC","0.08","0.795125","0.536987605156108","0.005","0.25","0.667","0.364","3.10777139663696"
"512","12","300","20","erdos_renyi","species","species_2","PLN","BIC","0.11","0.26489","537354203.609267","0.361","0.857","0.083","0.152","12.1651825904846"
"513","13","300","20","erdos_renyi","species","species_2","PLN","BIC","0.07","0.808035","0.49882744326048","0.011","0.714","0.714","0.714","2.53336620330811"
"514","14","300","20","erdos_renyi","species","species_2","PLN","BIC","0.07","0.760782","0.653184313266786","0.066","0.778","0.368","0.5","2.5679132938385"
"515","15","300","20","erdos_renyi","species","species_2","PLN","BIC","0.08","0.71245","0.583769623396237","0","0",NA,"0","3.56862759590149"
"516","16","300","20","erdos_renyi","species","species_2","PLN","BIC","0.08","0.71074","0.560394653395229","0.055","0.571","0.286","0.381","2.12991094589233"
"517","17","300","20","erdos_renyi","species","species_2","PLN","BIC","0.09","0.5854","0.603386257348455","0.017","0.5","0.625","0.556","3.68260622024536"
"518","18","300","20","erdos_renyi","species","species_2","PLN","BIC","0.12","0.5289945","0.458735074744808","0.397","0.5","0.039","0.073","1.28731226921082"
"519","19","300","20","erdos_renyi","species","species_2","PLN","BIC","0.11","0.608031","0.540907821878979","0.017","0.25","0.5","0.333","2.32744693756104"
"520","20","300","20","erdos_renyi","species","species_2","PLN","BIC","0.08","0.534625","20639.1742141527","0.677","1","0.031","0.06","14.6622357368469"
"521","21","300","20","erdos_renyi","species","species_2","PLN","BIC","0.1","0.859805","0.562280293339252","0.204","1","0.196","0.327","3.35001444816589"
"522","22","300","20","erdos_renyi","species","species_2","PLN","BIC","0.14","0.6375965","0.662726698911697","0.341","0.786","0.155","0.259","1.23155450820923"
"523","23","300","20","erdos_renyi","species","species_2","PLN","BIC","0.07","0.74825","0.544325744663346","0","0.5","1","0.667","3.87355828285217"
"524","24","300","20","erdos_renyi","species","species_2","PLN","BIC","0.13","0.669874","0.536990956881907","0.069","0.667","0.455","0.541","2.21489381790161"
"525","25","300","20","erdos_renyi","species","species_2","PLN","BIC","0.08","0.8309725","0.573715513330134","0","0.111","1","0.2","1.85376381874084"
"526","26","300","20","erdos_renyi","species","species_2","PLN","BIC","0.06","0.842366","0.516102579848687","0","0.667","1","0.8","2.40488958358765"
"527","27","300","20","erdos_renyi","species","species_2","PLN","BIC","0.1","0.622753","7941.23804807627","0.727","1","0.05","0.095","13.0272216796875"
"528","28","300","20","erdos_renyi","species","species_2","PLN","BIC","0.11","0.6599285","17.5908742538519","0.727","0.857","0.043","0.082","2.97475171089172"
"529","29","300","20","erdos_renyi","species","species_2","PLN","BIC","0.08","0.3905255","1681.94352611083","0.563","0.857","0.055","0.103","11.4156482219696"
"530","30","300","20","erdos_renyi","species","species_2","PLN","BIC","0.05","0.82975","0.661909376477902","0.101","1","0.095","0.174","1.26106429100037"
"531","31","300","20","erdos_renyi","species","species_2","PLN","BIC","0.12","0.6631135","0.580016612131042","0.017","0.273","0.5","0.353","2.79823875427246"
"532","32","300","20","erdos_renyi","species","species_2","PLN","BIC","0.08","0.659484","0.625777286131125","0.011","0.5","0.778","0.609","1.87062406539917"
"533","33","300","20","erdos_renyi","species","species_2","PLN","BIC","0.12","0.638391","0.564909522725123","0.011","0.429","0.75","0.545","2.03765416145325"
"534","34","300","20","erdos_renyi","species","species_2","PLN","BIC","0.12","0.49045","0.611944277952357","0.217","0.9","0.188","0.31","1.20689940452576"
"535","35","300","20","erdos_renyi","species","species_2","PLN","BIC","0.09","0.6636875","0.611422924929256","0.187","0.875","0.171","0.286","1.48881340026855"
"536","36","300","20","erdos_renyi","species","species_2","PLN","BIC","0.1","0.6770045","0.516330622580772","0.033","0.778","0.538","0.636","2.10904908180237"
"537","37","300","20","erdos_renyi","species","species_2","PLN","BIC","0.08","0.909","0.543172193576467","0","0.25","1","0.4","2.51079368591309"
"538","38","300","20","erdos_renyi","species","species_2","PLN","BIC","0.12","0.437509","1885.61765525433","0.614","0.833","0.042","0.081","8.48085737228394"
"539","39","300","20","erdos_renyi","species","species_2","PLN","BIC","0.15","0.600671","0.507843077244028","0.017","0.267","0.571","0.364","3.23047566413879"
"540","40","300","20","erdos_renyi","species","species_2","PLN","BIC","0.09","0.708326","0.564283443271321","0.011","0.556","0.714","0.625","2.07882857322693"
"541","41","300","20","erdos_renyi","species","species_2","PLN","BIC","0.06","0.8724835","0.516008147282302","0.011","0.333","0.5","0.4","2.24930286407471"
"542","42","300","20","erdos_renyi","species","species_2","PLN","BIC","0.15","0.6442565","9131.62025227325","0.601","1","0.101","0.183","1.9674379825592"
"543","43","300","20","erdos_renyi","species","species_2","PLN","BIC","0.09","0.748209","0.567739169091413","0.016","0.429","0.5","0.462","3.60869383811951"
"544","44","300","20","erdos_renyi","species","species_2","PLN","BIC","0.14","0.29695","3.33729446558941e+20","0.483","0.8","0.084","0.152","18.2578589916229"
"545","45","300","20","erdos_renyi","species","species_2","PLN","BIC","0.13","0.5055935","0.751978551939435","0.295","0.765","0.203","0.321","1.22315526008606"
"546","46","300","20","erdos_renyi","species","species_2","PLN","BIC","0.12","0.521836","33618.6944338972","0.809","0.714","0.033","0.062","9.78718066215515"
"547","47","300","20","erdos_renyi","species","species_2","PLN","BIC","0.14","0.4128","30774181.9738605","0.572","0.9","0.08","0.148","11.387131690979"
"548","48","300","20","erdos_renyi","species","species_2","PLN","BIC","0.08","0.663665","0.5946463295017","0.049","0.714","0.357","0.476","1.92191767692566"
"549","49","300","20","erdos_renyi","species","species_2","PLN","BIC","0.08","0.78336","0.501396772346029","0","0",NA,"0","2.03635454177856"
"550","50","300","20","erdos_renyi","species","species_2","PLN","BIC","0.12","0.3308435","0.559800281928836","0.25","0.333","0.042","0.074","1.20418572425842"
"551","1","300","20","erdos_renyi","species","species_3","PLN","BIC","0.11","0.418718","0.503744474023063","0.017","0.111","0.25","0.154","4.06371736526489"
"552","2","300","20","erdos_renyi","species","species_3","PLN","BIC","0.45","0.5047335","86.2762462300231","0.552","0.778","0.065","0.121","5.84079885482788"
"553","3","300","20","erdos_renyi","species","species_3","PLN","BIC","0.11","0.35715","0.450273752487844","0.017","0","0","0","4.19072318077087"
"554","4","300","20","erdos_renyi","species","species_3","PLN","BIC","0.17","0.5224","380149.130932934","0.833","0.9","0.057","0.107","3.67899203300476"
"555","5","300","20","erdos_renyi","species","species_3","PLN","BIC","0.12","0.326871","0.453147377956598","0","0",NA,"0","3.73131799697876"
"556","6","300","20","erdos_renyi","species","species_3","PLN","BIC","0.11","0.55865","0.51374976693089","0.133","0.7","0.226","0.341","4.79436230659485"
"557","7","300","20","erdos_renyi","species","species_3","PLN","BIC","0.12","0.341631","0.545390782099455","0.298","0.889","0.129","0.225","1.3278374671936"
"558","8","300","20","erdos_renyi","species","species_3","PLN","BIC","0.09","0.5452465","0.566854364850091","0.109","0.571","0.167","0.258","3.71400713920593"
"559","9","300","20","erdos_renyi","species","species_3","PLN","BIC","0.1","0.3634475","0.456743915627265","0","0",NA,"0","6.17586183547974"
"560","10","300","20","erdos_renyi","species","species_3","PLN","BIC","0.11","0.4817075","0.476242324585883","0.328","0.692","0.134","0.225","3.7280125617981"
"561","11","300","20","erdos_renyi","species","species_3","PLN","BIC","0.09","0.6781075","7.65719495230581","0.093","0.714","0.227","0.345","1.36473226547241"
"562","12","300","20","erdos_renyi","species","species_3","PLN","BIC","0.12","0.397078","0.399620771062912","0","0",NA,"0","5.01722812652588"
"563","13","300","20","erdos_renyi","species","species_3","PLN","BIC","0.15","0.2654535","0.513420623950326","0.386","0.857","0.15","0.255","1.28847813606262"
"564","14","300","20","erdos_renyi","species","species_3","PLN","BIC","0.11","0.2445625","0.474661148795823","0.346","0.75","0.087","0.156","6.00806474685669"
"565","15","300","20","erdos_renyi","species","species_3","PLN","BIC","0.13","0.50865","0.453753472076903","0.444","0.8","0.091","0.163","6.94173908233643"
"566","16","300","20","erdos_renyi","species","species_3","PLN","BIC","0.12","0.174653","0.432659495312249","0","0",NA,"0","5.25079298019409"
"567","17","300","20","erdos_renyi","species","species_3","PLN","BIC","0.35","0.477625","481.258758844824","0.027","0.125","0.167","0.143","1.50490117073059"
"568","18","300","20","erdos_renyi","species","species_3","PLN","BIC","0.1","0.2939","0.432458708483434","0","0",NA,"0","5.54874587059021"
"569","19","300","20","erdos_renyi","species","species_3","PLN","BIC","0.13","0.327387","0.563842716976339","0.404","0.333","0.053","0.091","1.30636692047119"
"570","20","300","20","erdos_renyi","species","species_3","PLN","BIC","0.14","0.09445","102299.3451265","0.35","0.4","0.06","0.104","4.30261898040771"
"571","21","300","20","erdos_renyi","species","species_3","PLN","BIC","0.13","0.31494","0.482208274074898","0.006","0","0","0","4.41654324531555"
"572","22","300","20","erdos_renyi","species","species_3","PLN","BIC","0.15","0.374617","0.444836663891537","0","0",NA,"0","4.27767062187195"
"573","23","300","20","erdos_renyi","species","species_3","PLN","BIC","0.11","0.378","0.486277220320548","0.128","0.4","0.148","0.216","2.37667346000671"
"574","24","300","20","erdos_renyi","species","species_3","PLN","BIC","0.1","0.468061","0.502160939101199","0.251","0.857","0.115","0.203","2.14639043807983"
"575","25","300","20","erdos_renyi","species","species_3","PLN","BIC","0.12","0.44355","0.477063379889268","0","0.1","1","0.182","2.74742245674133"
"576","26","300","20","erdos_renyi","species","species_3","PLN","BIC","0.08","0.268876","0.552127691475366","0.217","0.667","0.091","0.16","1.26302886009216"
"577","27","300","20","erdos_renyi","species","species_3","PLN","BIC","0.1","0.3504","0.511583905738299","0.295","0.571","0.069","0.123","1.74834227561951"
"578","28","300","20","erdos_renyi","species","species_3","PLN","BIC","0.13","0.3623045","0.442266789531222","0","0",NA,"0","5.44378161430359"
"579","29","300","20","erdos_renyi","species","species_3","PLN","BIC","0.06","0.5075","0.401526628482545","0","0",NA,"0","3.42640471458435"
"580","30","300","20","erdos_renyi","species","species_3","PLN","BIC","0.12","0.188624","0.580053074238732","0.304","0.667","0.098","0.171","2.90154075622559"
"581","31","300","20","erdos_renyi","species","species_3","PLN","BIC","0.08","0.469","0.577629741754553","0.286","0.6","0.054","0.098","1.72653341293335"
"582","32","300","20","erdos_renyi","species","species_3","PLN","BIC","0.15","0.2276985","0.505860181124298","0","0",NA,"0","4.03034853935242"
"583","33","300","20","erdos_renyi","species","species_3","PLN","BIC","0.1","0.441625","0.589308899756662","0","0",NA,"0","2.62343978881836"
"584","34","300","20","erdos_renyi","species","species_3","PLN","BIC","0.35","0.2610045","184037.645926511","0.531","0.818","0.087","0.157","9.49274611473083"
"585","35","300","20","erdos_renyi","species","species_3","PLN","BIC","0.11","0.5042495","0.536270645937937","0.071","0.429","0.188","0.261","1.92198634147644"
"586","36","300","20","erdos_renyi","species","species_3","PLN","BIC","0.11","0.638191","0.578499851088502","0.145","0.636","0.212","0.318","4.83435964584351"
"587","37","300","20","erdos_renyi","species","species_3","PLN","BIC","0.1","0.5483","0.532206178201178","0.339","0.8","0.116","0.203","1.85289859771729"
"588","38","300","20","erdos_renyi","species","species_3","PLN","BIC","0.15","0.544974","9.0773404276379e+28","0.06","0.429","0.214","0.286","7.52398467063904"
"589","39","300","20","erdos_renyi","species","species_3","PLN","BIC","0.21","0.275044","3.55447454220538","0","0.286","1","0.444","1.26864886283875"
"590","40","300","20","erdos_renyi","species","species_3","PLN","BIC","0.1","0.5043125","0.446891755948789","0.275","0.75","0.107","0.188","4.37903928756714"
"591","41","300","20","erdos_renyi","species","species_3","PLN","BIC","0.24","0.5014925","4340.47947740936","0.619","0.889","0.067","0.124","8.71744179725647"
"592","42","300","20","erdos_renyi","species","species_3","PLN","BIC","0.14","0.2673215","0.514915322044424","0","0",NA,"0","2.40095162391663"
"593","43","300","20","erdos_renyi","species","species_3","PLN","BIC","0.52","0.393125","1.45510288296455","0.011","0.25","0.5","0.333","1.62109208106995"
"594","44","300","20","erdos_renyi","species","species_3","PLN","BIC","0.14","0.1940495","0.471062853386931","0.354","0.778","0.099","0.175","1.33215975761414"
"595","45","300","20","erdos_renyi","species","species_3","PLN","BIC","0.16","0.2065995","320202961562117568","0.397","0.636","0.09","0.157","16.6878266334534"
"596","46","300","20","erdos_renyi","species","species_3","PLN","BIC","0.13","0.400098","1011534.93891346","0.603","0.909","0.085","0.155","10.4807157516479"
"597","47","300","20","erdos_renyi","species","species_3","PLN","BIC","0.12","0.5348555","0.518275735203752","0.27","0.583","0.127","0.209","2.11856317520142"
"598","48","300","20","erdos_renyi","species","species_3","PLN","BIC","0.12","0.406405","0.460755531364848","0","0",NA,"0","3.14710474014282"
"599","49","300","20","erdos_renyi","species","species_3","PLN","BIC","0.1","0.345416","0.464624711454568","0.011","0.111","0.333","0.167","2.7473509311676"
"600","50","300","20","erdos_renyi","species","species_3","PLN","BIC","0.06","0.485909","0.429420405673534","0.38","0.667","0.027","0.053","3.77038621902466"
"601","1","300","20","community","species","species_1","PLN","BIC","0.08","0.59285","0.714853059466048","0.089","0.9","0.36","0.514","2.163982629776"
"602","2","300","20","community","species","species_1","PLN","BIC","0.04","0.7923125","0.614460840052169","0","0.375","1","0.545","1.98356032371521"
"603","3","300","20","community","species","species_1","PLN","BIC","0.04","0.7478125","0.663757912214512","0.066","0.75","0.333","0.462","2.97062516212463"
"604","4","300","20","community","species","species_1","PLN","BIC","0.07","0.5221295","0.65593810395695","0.057","0.8","0.545","0.649","3.18846130371094"
"605","5","300","20","community","species","species_1","PLN","BIC","0.09","0.5322925","0.629943380816427","0.076","0.778","0.519","0.622","1.99387860298157"
"606","6","300","20","community","species","species_1","PLN","BIC","0.05","0.5655","0.991225913676535","0.038","0.875","0.5","0.636","1.95574998855591"
"607","7","300","20","community","species","species_1","PLN","BIC","0.07","0.5160115","0.598550554485368","0.221","0.889","0.167","0.281","3.64011740684509"
"608","8","300","20","community","species","species_1","PLN","BIC","0.06","0.4964085","0.748601274807773","0.06","0.667","0.267","0.381","1.36477947235107"
"609","9","300","20","community","species","species_1","PLN","BIC","0.08","0.675384","0.62251593184861","0.011","0.538","0.778","0.636","3.06870317459106"
"610","10","300","20","community","species","species_1","PLN","BIC","0.1","0.371775","0.645406210432816","0","0.3","1","0.462","3.23441600799561"
"611","11","300","20","community","species","species_1","PLN","BIC","0.05","0.5732005","0.584332517339277","0","0.429","1","0.6","1.91448950767517"
"612","12","300","20","community","species","species_1","PLN","BIC","0.08","0.3664","154.972821902052","0.583","0.7","0.062","0.115","6.51626682281494"
"613","13","300","20","community","species","species_1","PLN","BIC","0.1","0.5373735","0.653942882905706","0.075","0.765","0.5","0.605","3.64843201637268"
"614","14","300","20","community","species","species_1","PLN","BIC","0.07","0.2411385","0.795901845283615","0.101","0.75","0.333","0.462","1.24579691886902"
"615","15","300","20","community","species","species_1","PLN","BIC","0.07","0.6207095","0.629025668157271","0.181","0.846","0.256","0.393","3.55587649345398"
"616","16","300","20","community","species","species_1","PLN","BIC","0.08","0.545074","0.760731818246508","0.123","0.909","0.312","0.465","1.92179203033447"
"617","17","300","20","community","species","species_1","PLN","BIC","0.09","0.4909015","0.83245699595231","0.136","0.846","0.314","0.458","1.25628638267517"
"618","18","300","20","community","species","species_1","PLN","BIC","0.09","0.445035","11.2366708047376","0.201","0.875","0.286","0.431","2.09946727752686"
"619","19","300","20","community","species","species_1","PLN","BIC","0.1","0.5149115","0.637317636115711","0.034","0.6","0.6","0.6","3.26595115661621"
"620","20","300","20","community","species","species_1","PLN","BIC","0.09","0.5454395","0.83580229047522","0.124","0.846","0.333","0.478","1.43867230415344"
"621","21","300","20","community","species","species_1","PLN","BIC","0.12","0.13885","348070291168028544","0.25","0.9","0.167","0.281","18.8795630931854"
"622","22","300","20","community","species","species_1","PLN","BIC","0.07","0.679069","0.611527385552532","0.061","0.818","0.45","0.581","3.37833690643311"
"623","23","300","20","community","species","species_1","PLN","BIC","0.09","0.44549","0.804050853848624","0.034","0.818","0.6","0.692","1.22466135025024"
"624","24","300","20","community","species","species_1","PLN","BIC","0.08","0.563362","0.606476601138134","0.079","0.846","0.44","0.579","3.59228372573853"
"625","25","300","20","community","species","species_1","PLN","BIC","0.06","0.7407275","0.642501540951363","0.094","1","0.346","0.514","2.96145939826965"
"626","26","300","20","community","species","species_1","PLN","BIC","0.06","0.7765","0.628737081640478","0.022","0.7","0.636","0.667","1.74017071723938"
"627","27","300","20","community","species","species_1","PLN","BIC","0.06","0.716008","0.623052672087135","0.055","1","0.474","0.643","1.6741156578064"
"628","28","300","20","community","species","species_1","PLN","BIC","0.09","0.5780325","0.648373992007529","0.064","0.833","0.577","0.682","2.8349027633667"
"629","29","300","20","community","species","species_1","PLN","BIC","0.05","0.602125","0.64774015020477","0.022","1","0.667","0.8","1.74040699005127"
"630","30","300","20","community","species","species_1","PLN","BIC","0.05","0.622777","0.698656478981397","0.066","1","0.368","0.538","2.49187850952148"
"631","31","300","20","community","species","species_1","PLN","BIC","0.07","0.4903","14833.9650026718","0.627","0.8","0.033","0.064","9.52590870857239"
"632","32","300","20","community","species","species_1","PLN","BIC","0.06","0.6559175","0.657789208471171","0.09","0.75","0.36","0.486","1.73012447357178"
"633","33","300","20","community","species","species_1","PLN","BIC","0.08","0.573429","0.69397414190056","0.131","0.933","0.378","0.538","1.54389190673828"
"634","34","300","20","community","species","species_1","PLN","BIC","0.04","0.7741665","0.596322504900793","0.016","0.833","0.625","0.714","1.6116635799408"
"635","35","300","20","community","species","species_1","PLN","BIC","0.08","0.51545","0.729608570806703","0.05","0.9","0.5","0.643","1.30239391326904"
"636","36","300","20","community","species","species_1","PLN","BIC","0.06","0.5071555","0.705271987000777","0.153","0.929","0.325","0.481","1.44326496124268"
"637","37","300","20","community","species","species_1","PLN","BIC","0.09","0.58994","0.668624977603054","0.121","0.812","0.382","0.52","2.1157534122467"
"638","38","300","20","community","species","species_1","PLN","BIC","0.08","0.7284165","0.678916296067087","0.028","0.643","0.643","0.643","2.06237316131592"
"639","39","300","20","community","species","species_1","PLN","BIC","0.09","0.5291155","0.779633079071504","0.234","0.895","0.298","0.447","1.53540229797363"
"640","40","300","20","community","species","species_1","PLN","BIC","0.12","0.301535","130727298.873182","0.408","0.909","0.12","0.213","12.2439415454865"
"641","41","300","20","community","species","species_1","PLN","BIC","0.07","0.4044945","0.820772735125334","0.061","0.727","0.421","0.533","1.22677803039551"
"642","42","300","20","community","species","species_1","PLN","BIC","0.06","0.5976015","0.709330184528502","0.055","0.778","0.412","0.538","1.33367800712585"
"643","43","300","20","community","species","species_1","PLN","BIC","0.06","0.8300215","0.650921870308513","0","0",NA,"0","2.14189338684082"
"644","44","300","20","community","species","species_1","PLN","BIC","0.08","0.6135895","0.644436550188414","0.045","0.769","0.556","0.645","2.32515501976013"
"645","45","300","20","community","species","species_1","PLN","BIC","0.07","0.7101695","0.570228557491681","0.197","1","0.255","0.407","1.99237036705017"
"646","46","300","20","community","species","species_1","PLN","BIC","0.09","0.478778","0.876503782238053","0.091","0.867","0.448","0.591","1.19977235794067"
"647","47","300","20","community","species","species_1","PLN","BIC","0.06","0.537812","0.63727482828884","0.006","0.455","0.833","0.588","2.28086614608765"
"648","48","300","20","community","species","species_1","PLN","BIC","0.06","0.79325","0.610523062531199","0","0.875","1","0.933","1.74073767662048"
"649","49","300","20","community","species","species_1","PLN","BIC","0.08","0.498359","0.807797448268696","0.225","0.941","0.291","0.444","1.64685869216919"
"650","50","300","20","community","species","species_1","PLN","BIC","0.08","0.5787825","0.665235883380893","0.034","0.5","0.5","0.5","1.77708196640015"
"651","1","300","20","community","species","species_2","PLN","BIC","0.1","0.6277885","0.588187158247261","0.131","0.571","0.143","0.229","2.70216846466064"
"652","2","300","20","community","species","species_2","PLN","BIC","0.13","0.4919825","0.487116281572146","0","0.083","1","0.154","4.46527600288391"
"653","3","300","20","community","species","species_2","PLN","BIC","0.1","0.43814","0.594938587336302","0","0.067","1","0.125","1.88921546936035"
"654","4","300","20","community","species","species_2","PLN","BIC","0.1","0.7340035","0.58701094591032","0.023","0.5","0.636","0.56","2.3596658706665"
"655","5","300","20","community","species","species_2","PLN","BIC","0.1","0.671901","0.565372238434516","0","0",NA,"0","4.14169096946716"
"656","6","300","20","community","species","species_2","PLN","BIC","0.15","0.4504465","28596.4031990262","0.712","0.846","0.08","0.147","14.6480340957642"
"657","7","300","20","community","species","species_2","PLN","BIC","0.1","0.7886405","0.612208107536899","0","0.143","1","0.25","3.27578163146973"
"658","8","300","20","community","species","species_2","PLN","BIC","0.14","0.5406035","0.972016406652734","0.253","0.562","0.17","0.261","2.07710123062134"
"659","9","300","20","community","species","species_2","PLN","BIC","0.11","0.3947845","0.538592783076098","0.028","0.25","0.375","0.3","2.59534454345703"
"660","10","300","20","community","species","species_2","PLN","BIC","0.11","0.651684","0.62240743963242","0.029","0.118","0.286","0.167","2.32318305969238"
"661","11","300","20","community","species","species_2","PLN","BIC","0.09","0.558778","7.0388443784475","0.542","0.727","0.076","0.138","10.7040312290192"
"662","12","300","20","community","species","species_2","PLN","BIC","0.1","0.5811895","0.585155151354701","0.159","0.714","0.263","0.385","3.38261389732361"
"663","13","300","20","community","species","species_2","PLN","BIC","0.12","0.46831","2991.11034377973","0.628","1","0.057","0.109","13.6104688644409"
"664","14","300","20","community","species","species_2","PLN","BIC","0.09","0.618115","0.611230111722858","0","0.083","1","0.154","3.05301904678345"
"665","15","300","20","community","species","species_2","PLN","BIC","0.08","0.719308","0.559880905602832","0.039","0.727","0.533","0.615","2.25642442703247"
"666","16","300","20","community","species","species_2","PLN","BIC","0.09","0.649097","0.632612653825245","0.17","0.929","0.302","0.456","1.76950836181641"
"667","17","300","20","community","species","species_2","PLN","BIC","0.1","0.5474015","0.646039174520345","0.151","0.909","0.27","0.417","1.94776368141174"
"668","18","300","20","community","species","species_2","PLN","BIC","0.12","0.527078","0.618117707143994","0.023","0.4","0.6","0.48","3.68289160728455"
"669","19","300","20","community","species","species_2","PLN","BIC","0.09","0.5431615","0.655022479216845","0.011","0.333","0.667","0.444","2.29035830497742"
"670","20","300","20","community","species","species_2","PLN","BIC","0.11","0.7131175","0.586011831893387","0.133","0.765","0.361","0.491","4.19760656356812"
"671","21","300","20","community","species","species_2","PLN","BIC","0.1","0.576166","0.593097822735176","0.209","0.667","0.25","0.364","2.83013367652893"
"672","22","300","20","community","species","species_2","PLN","BIC","0.1","0.565584","0.59468863787534","0.017","0.231","0.5","0.316","2.04340863227844"
"673","23","300","20","community","species","species_2","PLN","BIC","0.13","0.54821","101.049177614077","0.657","0.667","0.08","0.143","5.42262744903564"
"674","24","300","20","community","species","species_2","PLN","BIC","0.12","0.402523","0.521940567263297","0.034","0.429","0.5","0.462","3.59777140617371"
"675","25","300","20","community","species","species_2","PLN","BIC","0.08","0.6444525","0.680539570033821","0.046","0.6","0.529","0.562","2.00073671340942"
"676","26","300","20","community","species","species_2","PLN","BIC","0.14","0.427157","0.568734946394178","0.463","0.667","0.11","0.189","1.97516202926636"
"677","27","300","20","community","species","species_2","PLN","BIC","0.11","0.70192","0.566479079432404","0.011","0.615","0.8","0.696","2.80486154556274"
"678","28","300","20","community","species","species_2","PLN","BIC","0.05","0.804037","0.521643158034431","0","0.333","1","0.5","2.02504324913025"
"679","29","300","20","community","species","species_2","PLN","BIC","0.13","0.6186355","119016035.470152","0.718","0.889","0.058","0.109","10.8328676223755"
"680","30","300","20","community","species","species_2","PLN","BIC","0.14","0.23922","61699700601.565","0.458","0.692","0.1","0.175","12.7512331008911"
"681","31","300","20","community","species","species_2","PLN","BIC","0.1","0.6873705","0.530351924632039","0.137","0.733","0.314","0.44","1.94799304008484"
"682","32","300","20","community","species","species_2","PLN","BIC","0.08","0.5498625","0.513277228461464","0.006","0.091","0.5","0.154","3.70895457267761"
"683","33","300","20","community","species","species_2","PLN","BIC","0.15","0.465425","0.623317208730551","0.212","0.55","0.234","0.328","1.53320908546448"
"684","34","300","20","community","species","species_2","PLN","BIC","0.15","0.3952675","12087009.7466345","0.657","0.933","0.109","0.194","11.7190344333649"
"685","35","300","20","community","species","species_2","PLN","BIC","0.15","0.334222","28615326.3085159","0.58","0.75","0.106","0.186","11.5641496181488"
"686","36","300","20","community","species","species_2","PLN","BIC","0.14","0.563592","0.609099801800123","0.034","0.4","0.5","0.444","2.57437658309937"
"687","37","300","20","community","species","species_2","PLN","BIC","0.12","0.736389","0.591123753180597","0.028","0.5","0.545","0.522","2.22909832000732"
"688","38","300","20","community","species","species_2","PLN","BIC","0.11","0.47037","0.558241305208831","0.04","0.308","0.364","0.333","3.66031217575073"
"689","39","300","20","community","species","species_2","PLN","BIC","0.1","0.7482","0.550874479211392","0.011","0.556","0.714","0.625","2.73853468894958"
"690","40","300","20","community","species","species_2","PLN","BIC","0.08","0.5816365","0.551076305068005","0.016","0.286","0.4","0.333","2.05857968330383"
"691","41","300","20","community","species","species_2","PLN","BIC","0.09","0.553285","1.90646545831535","0.083","0.889","0.348","0.5","1.25684285163879"
"692","42","300","20","community","species","species_2","PLN","BIC","0.11","0.710654","0.581275039581642","0.051","0.615","0.471","0.533","2.16077303886414"
"693","43","300","20","community","species","species_2","PLN","BIC","0.11","0.75155","0.493018724214132","0.011","0.6","0.75","0.667","2.16511082649231"
"694","44","300","20","community","species","species_2","PLN","BIC","0.09","0.5697155","0.577000622979253","0.279","0.857","0.105","0.188","2.03199338912964"
"695","45","300","20","community","species","species_2","PLN","BIC","0.07","0.82169","0.61085855129522","0.072","0.889","0.381","0.533","1.67129063606262"
"696","46","300","20","community","species","species_2","PLN","BIC","0.14","0.479725","0.63058326705515","0.305","0.769","0.156","0.26","1.42868733406067"
"697","47","300","20","community","species","species_2","PLN","BIC","0.15","0.6219345","0.555877776816474","0.224","0.438","0.152","0.226","2.19276309013367"
"698","48","300","20","community","species","species_2","PLN","BIC","0.11","0.664233","0.57028020894252","0","0",NA,"0","2.11905646324158"
"699","49","300","20","community","species","species_2","PLN","BIC","0.13","0.62914","0.533841950691449","0.011","0.267","0.667","0.381","2.53316235542297"
"700","50","300","20","community","species","species_2","PLN","BIC","0.15","0.536675","5.02175182238485","0.312","0.7","0.209","0.322","1.32658791542053"
"701","1","300","20","community","species","species_3","PLN","BIC","0.14","0.5053525","39788438379652136","0.687","1","0.082","0.152","16.1950953006744"
"702","2","300","20","community","species","species_3","PLN","BIC","0.11","0.206759","0.464688021012219","0.294","0.462","0.103","0.169","5.41679453849792"
"703","3","300","20","community","species","species_3","PLN","BIC","0.14","0.468307","0.431620125459007","0.382","0.667","0.105","0.182","3.46803641319275"
"704","4","300","20","community","species","species_3","PLN","BIC","0.25","0.179075","121456477079139","0.449","0.643","0.102","0.176","22.6067562103271"
"705","5","300","20","community","species","species_3","PLN","BIC","0.17","0.252377","0.448440753999639","0","0",NA,"0","3.88363933563232"
"706","6","300","20","community","species","species_3","PLN","BIC","0.11","0.498587","0.587108430074154","0.057","0.312","0.333","0.323","4.4837543964386"
"707","7","300","20","community","species","species_3","PLN","BIC","0.14","0.338499","4.34692218025474e+29","0.006","0","0","0","3.72976088523865"
"708","8","300","20","community","species","species_3","PLN","BIC","0.14","0.321308","0.45992654923603","0","0",NA,"0","6.10212564468384"
"709","9","300","20","community","species","species_3","PLN","BIC","0.09","0.168633","185.712809040829","0.105","0.556","0.208","0.303","1.6915180683136"
"710","10","300","20","community","species","species_3","PLN","BIC","0.12","0.486705","0.447269360925269","0.42","0.889","0.095","0.172","2.99299883842468"
"711","11","300","20","community","species","species_3","PLN","BIC","0.14","0.434405","126235.686227827","0.736","0.938","0.105","0.189","16.021333694458"
"712","12","300","20","community","species","species_3","PLN","BIC","0.15","0.1671715","4043540.95828712","0.377","0.8","0.154","0.258","11.1151337623596"
"713","13","300","20","community","species","species_3","PLN","BIC","0.15","0.32745","0.659301165613923","0.506","0.7","0.071","0.13","1.34239506721497"
"714","14","300","20","community","species","species_3","PLN","BIC","0.15","0.644212","0.557312923909245","0.017","0.429","0.667","0.522","3.56333780288696"
"715","15","300","20","community","species","species_3","PLN","BIC","0.09","0.534","0.512658710626315","0.072","0.7","0.35","0.467","2.60140490531921"
"716","16","300","20","community","species","species_3","PLN","BIC","0.09","0.6546","0.644439961807437","0.311","0.7","0.111","0.192","1.63309001922607"
"717","17","300","20","community","species","species_3","PLN","BIC","0.1","0.6383535","0.486919834199891","0.251","0.857","0.115","0.203","4.41901659965515"
"718","18","300","20","community","species","species_3","PLN","BIC","0.14","0.3069085","0.657513188765256","0.392","0.643","0.115","0.196","2.05632162094116"
"719","19","300","20","community","species","species_3","PLN","BIC","0.39","0.4548125","1.182537060817","0.033","0.625","0.455","0.526","1.46501874923706"
"720","20","300","20","community","species","species_3","PLN","BIC","0.15","0.4123475","21297554.764324","0.754","0.727","0.056","0.104","3.51706075668335"
"721","21","300","20","community","species","species_3","PLN","BIC","0.14","0.24995","0.400333162703198","0","0",NA,"0","4.50774335861206"
"722","22","300","20","community","species","species_3","PLN","BIC","0.08","0.2489","0.490805792478998","0.232","0.4","0.044","0.08","2.04707264900208"
"723","23","300","20","community","species","species_3","PLN","BIC","0.11","0.39115","0.572114449542803","0.083","0.5","0.25","0.333","2.88467240333557"
"724","24","300","20","community","species","species_3","PLN","BIC","0.12","0.272315","0.476409749545454","0.227","0.444","0.089","0.148","4.09511351585388"
"725","25","300","20","community","species","species_3","PLN","BIC","0.14","0.3857065","0.502233148930452","0","0",NA,"0","3.32845783233643"
"726","26","300","20","community","species","species_3","PLN","BIC","0.12","0.3222655","0.4975011871627","0.26","0.615","0.148","0.239","4.63511681556702"
"727","27","300","20","community","species","species_3","PLN","BIC","0.13","0.432815","0.496721737031468","0","0",NA,"0","3.60501646995544"
"728","28","300","20","community","species","species_3","PLN","BIC","0.14","0.452022","0.419903452773861","0","0",NA,"0","5.66845655441284"
"729","29","300","20","community","species","species_3","PLN","BIC","0.15","0.3706465","0.456138025414965","0.545","0.786","0.103","0.182","1.63875532150269"
"730","30","300","20","community","species","species_3","PLN","BIC","0.13","0.214127","0.556963479557585","0.309","0.667","0.127","0.213","2.48865675926208"
"731","31","300","20","community","species","species_3","PLN","BIC","0.08","0.4180335","0.572228555875778","0.251","0.857","0.115","0.203","1.29575777053833"
"732","32","300","20","community","species","species_3","PLN","BIC","0.12","0.3924165","0.604150389023471","0.029","0.25","0.444","0.32","3.25374865531921"
"733","33","300","20","community","species","species_3","PLN","BIC","0.12","0.39575","0.500624881660259","0","0",NA,"0","3.32005286216736"
"734","34","300","20","community","species","species_3","PLN","BIC","0.13","0.4212","0.519536418344899","0","0",NA,"0","1.98465180397034"
"735","35","300","20","community","species","species_3","PLN","BIC","0.15","0.165634","11.2561264251977","0.085","0.214","0.167","0.188","1.48262715339661"
"736","36","300","20","community","species","species_3","PLN","BIC","0.12","0.4162425","0.507927104921763","0","0",NA,"0","4.98973107337952"
"737","37","300","20","community","species","species_3","PLN","BIC","0.12","0.3697005","0.485379215514158","0.362","0.615","0.111","0.188","3.03107881546021"
"738","38","300","20","community","species","species_3","PLN","BIC","0.16","0.138316","167.959207798622","0.114","0.333","0.2","0.25","2.43066430091858"
"739","39","300","20","community","species","species_3","PLN","BIC","0.09","0.204458","0.454466619458432","0.224","0.286","0.047","0.08","2.83108115196228"
"740","40","300","20","community","species","species_3","PLN","BIC","0.12","0.1011445","0.705539738262257","0.263","0.364","0.078","0.129","1.36281275749207"
"741","41","300","20","community","species","species_3","PLN","BIC","0.15","0.1955305","0.480702800041052","0.446","0.667","0.114","0.194","1.56260395050049"
"742","42","300","20","community","species","species_3","PLN","BIC","0.89","0.3117695","41.2042546838456","0.792","0.682","0.101","0.176","8.85653424263"
"743","43","300","20","community","species","species_3","PLN","BIC","0.15","0.291377","200132554.823045","0.596","0.75","0.078","0.142","2.62445521354675"
"744","44","300","20","community","species","species_3","PLN","BIC","0.13","0.2923175","0.545882813565511","0","0.077","1","0.143","5.6802442073822"
"745","45","300","20","community","species","species_3","PLN","BIC","0.23","0.302479","1.27432587643954","0.023","0.286","0.5","0.364","1.19192576408386"
"746","46","300","20","community","species","species_3","PLN","BIC","0.2","0.5088555","8.47940846986731","0.067","0.5","0.333","0.4","1.4188551902771"
"747","47","300","20","community","species","species_3","PLN","BIC","0.14","0.3491675","0.495436941306942","0.356","0.692","0.125","0.212","1.47905588150024"
"748","48","300","20","community","species","species_3","PLN","BIC","0.11","0.482107","0.482584553636686","0","0",NA,"0","2.73111271858215"
"749","49","300","20","community","species","species_3","PLN","BIC","0.16","0.4224375","111698.780023924","0.571","1","0.071","0.133","9.54295372962952"
"750","50","300","20","community","species","species_3","PLN","BIC","0.13","0.5138645","0.478859503146741","0.43","0.818","0.105","0.186","2.54582381248474"
"751","1","300","20","preferential_attachment","species","species_1","PLN","BIC","0.09","0.520156","0.663465308842114","0.094","0.842","0.5","0.627","2.10667896270752"
"752","2","300","20","preferential_attachment","species","species_1","PLN","BIC","0.09","0.492419","0.636586431178769","0.474","0.895","0.173","0.291","3.1007719039917"
"753","3","300","20","preferential_attachment","species","species_1","PLN","BIC","0.14","0.213951","93.1833056085374","0.14","0.684","0.351","0.464","2.69137167930603"
"754","4","300","20","preferential_attachment","species","species_1","PLN","BIC","0.08","0.628088","0.676686637375629","0.205","0.895","0.327","0.479","3.59886598587036"
"755","5","300","20","preferential_attachment","species","species_1","PLN","BIC","0.12","0.57125","0.659588776080773","0.023","0.611","0.733","0.667","2.39583921432495"
"756","6","300","20","preferential_attachment","species","species_1","PLN","BIC","0.11","0.3429895","0.819472455110855","0.164","0.842","0.364","0.508","2.02625203132629"
"757","7","300","20","preferential_attachment","species","species_1","PLN","BIC","0.13","0.453949","1.01344265895615","0.216","0.842","0.302","0.444","1.22884345054626"
"758","8","300","20","preferential_attachment","species","species_1","PLN","BIC","0.12","0.399902","35.5618506673686","0.62","0.789","0.124","0.214","12.2165467739105"
"759","9","300","20","preferential_attachment","species","species_1","PLN","BIC","0.09","0.645106","0.798023159513857","0.234","0.947","0.31","0.468","2.06568002700806"
"760","10","300","20","preferential_attachment","species","species_1","PLN","BIC","0.09","0.48982","0.690723101051044","0.11","0.722","0.406","0.52","3.48306393623352"
"761","11","300","20","preferential_attachment","species","species_1","PLN","BIC","0.1","0.435728","0.823184838345326","0.199","0.842","0.32","0.464","1.23978543281555"
"762","12","300","20","preferential_attachment","species","species_1","PLN","BIC","0.11","0.4520805","0.8482285967406","0.222","0.842","0.296","0.438","1.96883702278137"
"763","13","300","20","preferential_attachment","species","species_1","PLN","BIC","0.13","0.3225785","0.718688824471772","0.047","0.263","0.385","0.312","1.90435838699341"
"764","14","300","20","preferential_attachment","species","species_1","PLN","BIC","0.07","0.541932","0.786704782158741","0.257","0.947","0.29","0.444","2.1993715763092"
"765","15","300","20","preferential_attachment","species","species_1","PLN","BIC","0.14","0.432658","0.792309296024519","0.152","0.632","0.316","0.421","1.9853048324585"
"766","16","300","20","preferential_attachment","species","species_1","PLN","BIC","0.1","0.504197","0.778466889193619","0.374","0.947","0.22","0.356","2.71336269378662"
"767","17","300","20","preferential_attachment","species","species_1","PLN","BIC","0.1","0.300487","0.868512359938221","0.234","0.895","0.298","0.447","1.25105500221252"
"768","18","300","20","preferential_attachment","species","species_1","PLN","BIC","0.09","0.588576","0.70734476844816","0.187","0.947","0.36","0.522","2.32973074913025"
"769","19","300","20","preferential_attachment","species","species_1","PLN","BIC","0.11","0.3145675","0.872704229601194","0.275","0.842","0.254","0.39","1.23676514625549"
"770","20","300","20","preferential_attachment","species","species_1","PLN","BIC","0.09","0.6291415","0.664225725950263","0.053","0.737","0.609","0.667","2.37442445755005"
"771","21","300","20","preferential_attachment","species","species_1","PLN","BIC","0.11","0.56634","0.773254334468456","0.263","0.947","0.286","0.439","2.63858079910278"
"772","22","300","20","preferential_attachment","species","species_1","PLN","BIC","0.18","0.3489085","58225584.800796","0.515","0.895","0.162","0.274","13.1526126861572"
"773","23","300","20","preferential_attachment","species","species_1","PLN","BIC","0.1","0.588447","0.758791929866963","0.099","0.737","0.452","0.56","1.8165123462677"
"774","24","300","20","preferential_attachment","species","species_1","PLN","BIC","0.11","0.5291405","0.616137209636885","0.053","0.579","0.55","0.564","2.93012356758118"
"775","25","300","20","preferential_attachment","species","species_1","PLN","BIC","0.09","0.4778105","0.768554519523258","0.234","1","0.322","0.487","1.59187269210815"
"776","26","300","20","preferential_attachment","species","species_1","PLN","BIC","0.09","0.7208345","0.667088999767356","0.035","0.737","0.7","0.718","2.21321868896484"
"777","27","300","20","preferential_attachment","species","species_1","PLN","BIC","0.14","0.4820875","478.690001165761","0.579","1","0.161","0.277","11.5201604366302"
"778","28","300","20","preferential_attachment","species","species_1","PLN","BIC","0.1","0.6237175","0.703387692288168","0.14","0.778","0.368","0.5","2.34866213798523"
"779","29","300","20","preferential_attachment","species","species_1","PLN","BIC","0.17","0.44351","7009967.63479451","0.626","0.895","0.137","0.238","11.0767517089844"
"780","30","300","20","preferential_attachment","species","species_1","PLN","BIC","0.1","0.6279985","0.664382659316594","0.088","0.684","0.464","0.553","3.56283521652222"
"781","31","300","20","preferential_attachment","species","species_1","PLN","BIC","0.09","0.6274015","1.07699396117366","0.152","0.842","0.381","0.525","1.49475169181824"
"782","32","300","20","preferential_attachment","species","species_1","PLN","BIC","0.1","0.646435","0.639143669996232","0.053","0.737","0.609","0.667","2.35754942893982"
"783","33","300","20","preferential_attachment","species","species_1","PLN","BIC","0.11","0.5437225","0.693488014723128","0.058","0.684","0.565","0.619","2.19676780700684"
"784","34","300","20","preferential_attachment","species","species_1","PLN","BIC","0.11","0.628376","0.700499850327606","0","0.211","1","0.348","2.36590766906738"
"785","35","300","20","preferential_attachment","species","species_1","PLN","BIC","0.11","0.557766","0.726490710139894","0.07","0.789","0.556","0.652","4.58760905265808"
"786","36","300","20","preferential_attachment","species","species_1","PLN","BIC","0.13","0.445931","2.18491936640997","0.24","0.842","0.281","0.421","1.94607472419739"
"787","37","300","20","preferential_attachment","species","species_1","PLN","BIC","0.09","0.522939","10.1219884903611","0.222","0.895","0.309","0.459","1.55844926834106"
"788","38","300","20","preferential_attachment","species","species_1","PLN","BIC","0.09","0.6907305","0.660410292853214","0.094","0.842","0.5","0.627","2.22851276397705"
"789","39","300","20","preferential_attachment","species","species_1","PLN","BIC","0.13","0.2271365","0.898092765458139","0.228","0.789","0.278","0.411","1.18987488746643"
"790","40","300","20","preferential_attachment","species","species_1","PLN","BIC","0.1","0.639628","0.681989160246221","0.076","0.737","0.519","0.609","2.05768013000488"
"791","41","300","20","preferential_attachment","species","species_1","PLN","BIC","0.09","0.74186","0.643380771421304","0.047","0.632","0.6","0.615","3.2771270275116"
"792","42","300","20","preferential_attachment","species","species_1","PLN","BIC","0.17","0.268971","261750195970.887","0.474","0.842","0.165","0.276","18.8316068649292"
"793","43","300","20","preferential_attachment","species","species_1","PLN","BIC","0.11","0.623947","0.630607239040899","0.152","0.947","0.409","0.571","2.21657276153564"
"794","44","300","20","preferential_attachment","species","species_1","PLN","BIC","0.12","0.4864495","0.887786030055737","0.17","0.789","0.341","0.476","1.24667263031006"
"795","45","300","20","preferential_attachment","species","species_1","PLN","BIC","0.17","0.271075","1109789556266.77","0.433","0.789","0.169","0.278","13.5817325115204"
"796","46","300","20","preferential_attachment","species","species_1","PLN","BIC","0.12","0.4701135","0.943101961915728","0.257","0.947","0.29","0.444","1.30665850639343"
"797","47","300","20","preferential_attachment","species","species_1","PLN","BIC","0.09","0.4891595","0.694920091425346","0.064","0.632","0.522","0.571","2.933180809021"
"798","48","300","20","preferential_attachment","species","species_1","PLN","BIC","0.1","0.2951365","46.6457275123692","0.203","0.944","0.327","0.486","1.35329532623291"
"799","49","300","20","preferential_attachment","species","species_1","PLN","BIC","0.08","0.6127245","0.708177749950681","0.07","0.684","0.52","0.591","2.18504071235657"
"800","50","300","20","preferential_attachment","species","species_1","PLN","BIC","0.09","0.6018815","0.660462239491063","0.175","0.947","0.375","0.537","2.10314440727234"
"801","1","300","20","preferential_attachment","species","species_2","PLN","BIC","0.15","0.4508455","0.63535376882259","0.363","0.632","0.162","0.258","1.42895817756653"
"802","Error in if ((convergence[iter] < config$ftol_out) | (iter >= config$maxit_out)) cond <- TRUE : 
  valeur manquante là où TRUE / FALSE est requis
","Error in if ((convergence[iter] < config$ftol_out) | (iter >= config$maxit_out)) cond <- TRUE : 
  valeur manquante là où TRUE / FALSE est requis
","Error in if ((convergence[iter] < config$ftol_out) | (iter >= config$maxit_out)) cond <- TRUE : 
  valeur manquante là où TRUE / FALSE est requis
","Error in if ((convergence[iter] < config$ftol_out) | (iter >= config$maxit_out)) cond <- TRUE : 
  valeur manquante là où TRUE / FALSE est requis
","Error in if ((convergence[iter] < config$ftol_out) | (iter >= config$maxit_out)) cond <- TRUE : 
  valeur manquante là où TRUE / FALSE est requis
","Error in if ((convergence[iter] < config$ftol_out) | (iter >= config$maxit_out)) cond <- TRUE : 
  valeur manquante là où TRUE / FALSE est requis
","Error in if ((convergence[iter] < config$ftol_out) | (iter >= config$maxit_out)) cond <- TRUE : 
  valeur manquante là où TRUE / FALSE est requis
","Error in if ((convergence[iter] < config$ftol_out) | (iter >= config$maxit_out)) cond <- TRUE : 
  valeur manquante là où TRUE / FALSE est requis
","Error in if ((convergence[iter] < config$ftol_out) | (iter >= config$maxit_out)) cond <- TRUE : 
  valeur manquante là où TRUE / FALSE est requis
","Error in if ((convergence[iter] < config$ftol_out) | (iter >= config$maxit_out)) cond <- TRUE : 
  valeur manquante là où TRUE / FALSE est requis
","Error in if ((convergence[iter] < config$ftol_out) | (iter >= config$maxit_out)) cond <- TRUE : 
  valeur manquante là où TRUE / FALSE est requis
","Error in if ((convergence[iter] < config$ftol_out) | (iter >= config$maxit_out)) cond <- TRUE : 
  valeur manquante là où TRUE / FALSE est requis
","Error in if ((convergence[iter] < config$ftol_out) | (iter >= config$maxit_out)) cond <- TRUE : 
  valeur manquante là où TRUE / FALSE est requis
","Error in if ((convergence[iter] < config$ftol_out) | (iter >= config$maxit_out)) cond <- TRUE : 
  valeur manquante là où TRUE / FALSE est requis
","Error in if ((convergence[iter] < config$ftol_out) | (iter >= config$maxit_out)) cond <- TRUE : 
  valeur manquante là où TRUE / FALSE est requis
","Error in if ((convergence[iter] < config$ftol_out) | (iter >= config$maxit_out)) cond <- TRUE : 
  valeur manquante là où TRUE / FALSE est requis
"
"803","3","300","20","preferential_attachment","species","species_2","PLN","BIC","0.15","0.611451","0.607488880152665","0.018","0.211","0.571","0.308","2.63330483436584"
"804","4","300","20","preferential_attachment","species","species_2","PLN","BIC","0.14","0.6964625","0.562048399625666","0","0",NA,"0","3.66655445098877"
"805","5","300","20","preferential_attachment","species","species_2","PLN","BIC","0.14","0.698307","0.590791507779301","0","0",NA,"0","3.75684380531311"
"806","6","300","20","preferential_attachment","species","species_2","PLN","BIC","0.22","0.4404155","3.01198442349889e+47","0.749","0.947","0.123","0.218","32.6299872398376"
"807","7","300","20","preferential_attachment","species","species_2","PLN","BIC","0.13","0.6263325","0.600860659205693","0.205","0.789","0.3","0.435","2.17121505737305"
"808","Error in if ((convergence[iter] < config$ftol_out) | (iter >= config$maxit_out)) cond <- TRUE : 
  valeur manquante là où TRUE / FALSE est requis
","Error in if ((convergence[iter] < config$ftol_out) | (iter >= config$maxit_out)) cond <- TRUE : 
  valeur manquante là où TRUE / FALSE est requis
","Error in if ((convergence[iter] < config$ftol_out) | (iter >= config$maxit_out)) cond <- TRUE : 
  valeur manquante là où TRUE / FALSE est requis
","Error in if ((convergence[iter] < config$ftol_out) | (iter >= config$maxit_out)) cond <- TRUE : 
  valeur manquante là où TRUE / FALSE est requis
","Error in if ((convergence[iter] < config$ftol_out) | (iter >= config$maxit_out)) cond <- TRUE : 
  valeur manquante là où TRUE / FALSE est requis
","Error in if ((convergence[iter] < config$ftol_out) | (iter >= config$maxit_out)) cond <- TRUE : 
  valeur manquante là où TRUE / FALSE est requis
","Error in if ((convergence[iter] < config$ftol_out) | (iter >= config$maxit_out)) cond <- TRUE : 
  valeur manquante là où TRUE / FALSE est requis
","Error in if ((convergence[iter] < config$ftol_out) | (iter >= config$maxit_out)) cond <- TRUE : 
  valeur manquante là où TRUE / FALSE est requis
","Error in if ((convergence[iter] < config$ftol_out) | (iter >= config$maxit_out)) cond <- TRUE : 
  valeur manquante là où TRUE / FALSE est requis
","Error in if ((convergence[iter] < config$ftol_out) | (iter >= config$maxit_out)) cond <- TRUE : 
  valeur manquante là où TRUE / FALSE est requis
","Error in if ((convergence[iter] < config$ftol_out) | (iter >= config$maxit_out)) cond <- TRUE : 
  valeur manquante là où TRUE / FALSE est requis
","Error in if ((convergence[iter] < config$ftol_out) | (iter >= config$maxit_out)) cond <- TRUE : 
  valeur manquante là où TRUE / FALSE est requis
","Error in if ((convergence[iter] < config$ftol_out) | (iter >= config$maxit_out)) cond <- TRUE : 
  valeur manquante là où TRUE / FALSE est requis
","Error in if ((convergence[iter] < config$ftol_out) | (iter >= config$maxit_out)) cond <- TRUE : 
  valeur manquante là où TRUE / FALSE est requis
","Error in if ((convergence[iter] < config$ftol_out) | (iter >= config$maxit_out)) cond <- TRUE : 
  valeur manquante là où TRUE / FALSE est requis
","Error in if ((convergence[iter] < config$ftol_out) | (iter >= config$maxit_out)) cond <- TRUE : 
  valeur manquante là où TRUE / FALSE est requis
"
"809","9","300","20","preferential_attachment","species","species_2","PLN","BIC","0.14","0.718161","0.605757095477597","0.181","0.737","0.311","0.438","1.69468140602112"
"810","10","300","20","preferential_attachment","species","species_2","PLN","BIC","0.15","0.5557075","90.1091642250855","0.778","0.895","0.113","0.201","6.37753891944885"
"811","11","300","20","preferential_attachment","species","species_2","PLN","BIC","0.18","0.4885745","16721.5349641364","0.772","0.737","0.096","0.17","15.0401864051819"
"812","12","300","20","preferential_attachment","species","species_2","PLN","BIC","0.1","0.479856","0.64656758610249","0.216","0.737","0.275","0.4","1.87386131286621"
"813","13","300","20","preferential_attachment","species","species_2","PLN","BIC","0.14","0.6475355","0.564931850012119","0.187","0.842","0.333","0.478","2.56752514839172"
"814","Error in if ((convergence[iter] < config$ftol_out) | (iter >= config$maxit_out)) cond <- TRUE : 
  valeur manquante là où TRUE / FALSE est requis
","Error in if ((convergence[iter] < config$ftol_out) | (iter >= config$maxit_out)) cond <- TRUE : 
  valeur manquante là où TRUE / FALSE est requis
","Error in if ((convergence[iter] < config$ftol_out) | (iter >= config$maxit_out)) cond <- TRUE : 
  valeur manquante là où TRUE / FALSE est requis
","Error in if ((convergence[iter] < config$ftol_out) | (iter >= config$maxit_out)) cond <- TRUE : 
  valeur manquante là où TRUE / FALSE est requis
","Error in if ((convergence[iter] < config$ftol_out) | (iter >= config$maxit_out)) cond <- TRUE : 
  valeur manquante là où TRUE / FALSE est requis
","Error in if ((convergence[iter] < config$ftol_out) | (iter >= config$maxit_out)) cond <- TRUE : 
  valeur manquante là où TRUE / FALSE est requis
","Error in if ((convergence[iter] < config$ftol_out) | (iter >= config$maxit_out)) cond <- TRUE : 
  valeur manquante là où TRUE / FALSE est requis
","Error in if ((convergence[iter] < config$ftol_out) | (iter >= config$maxit_out)) cond <- TRUE : 
  valeur manquante là où TRUE / FALSE est requis
","Error in if ((convergence[iter] < config$ftol_out) | (iter >= config$maxit_out)) cond <- TRUE : 
  valeur manquante là où TRUE / FALSE est requis
","Error in if ((convergence[iter] < config$ftol_out) | (iter >= config$maxit_out)) cond <- TRUE : 
  valeur manquante là où TRUE / FALSE est requis
","Error in if ((convergence[iter] < config$ftol_out) | (iter >= config$maxit_out)) cond <- TRUE : 
  valeur manquante là où TRUE / FALSE est requis
","Error in if ((convergence[iter] < config$ftol_out) | (iter >= config$maxit_out)) cond <- TRUE : 
  valeur manquante là où TRUE / FALSE est requis
","Error in if ((convergence[iter] < config$ftol_out) | (iter >= config$maxit_out)) cond <- TRUE : 
  valeur manquante là où TRUE / FALSE est requis
","Error in if ((convergence[iter] < config$ftol_out) | (iter >= config$maxit_out)) cond <- TRUE : 
  valeur manquante là où TRUE / FALSE est requis
","Error in if ((convergence[iter] < config$ftol_out) | (iter >= config$maxit_out)) cond <- TRUE : 
  valeur manquante là où TRUE / FALSE est requis
","Error in if ((convergence[iter] < config$ftol_out) | (iter >= config$maxit_out)) cond <- TRUE : 
  valeur manquante là où TRUE / FALSE est requis
"
"815","15","300","20","preferential_attachment","species","species_2","PLN","BIC","0.16","0.60974","0.617438355328324","0","0",NA,"0","1.88830637931824"
"816","16","300","20","preferential_attachment","species","species_2","PLN","BIC","0.16","0.575634","0.598486285399145","0","0.263","1","0.417","3.65776205062866"
"817","17","300","20","preferential_attachment","species","species_2","PLN","BIC","0.12","0.5163985","0.622839495063498","0.082","0.474","0.391","0.429","2.95023608207703"
"818","18","300","20","preferential_attachment","species","species_2","PLN","BIC","0.15","0.491206","0.611451394023208","0.134","0.667","0.343","0.453","2.17567276954651"
"819","19","300","20","preferential_attachment","species","species_2","PLN","BIC","0.15","0.688047","0.715900865968799","0.269","0.947","0.281","0.434","1.60030198097229"
"820","Error in if ((convergence[iter] < config$ftol_out) | (iter >= config$maxit_out)) cond <- TRUE : 
  valeur manquante là où TRUE / FALSE est requis
","Error in if ((convergence[iter] < config$ftol_out) | (iter >= config$maxit_out)) cond <- TRUE : 
  valeur manquante là où TRUE / FALSE est requis
","Error in if ((convergence[iter] < config$ftol_out) | (iter >= config$maxit_out)) cond <- TRUE : 
  valeur manquante là où TRUE / FALSE est requis
","Error in if ((convergence[iter] < config$ftol_out) | (iter >= config$maxit_out)) cond <- TRUE : 
  valeur manquante là où TRUE / FALSE est requis
","Error in if ((convergence[iter] < config$ftol_out) | (iter >= config$maxit_out)) cond <- TRUE : 
  valeur manquante là où TRUE / FALSE est requis
","Error in if ((convergence[iter] < config$ftol_out) | (iter >= config$maxit_out)) cond <- TRUE : 
  valeur manquante là où TRUE / FALSE est requis
","Error in if ((convergence[iter] < config$ftol_out) | (iter >= config$maxit_out)) cond <- TRUE : 
  valeur manquante là où TRUE / FALSE est requis
","Error in if ((convergence[iter] < config$ftol_out) | (iter >= config$maxit_out)) cond <- TRUE : 
  valeur manquante là où TRUE / FALSE est requis
","Error in if ((convergence[iter] < config$ftol_out) | (iter >= config$maxit_out)) cond <- TRUE : 
  valeur manquante là où TRUE / FALSE est requis
","Error in if ((convergence[iter] < config$ftol_out) | (iter >= config$maxit_out)) cond <- TRUE : 
  valeur manquante là où TRUE / FALSE est requis
","Error in if ((convergence[iter] < config$ftol_out) | (iter >= config$maxit_out)) cond <- TRUE : 
  valeur manquante là où TRUE / FALSE est requis
","Error in if ((convergence[iter] < config$ftol_out) | (iter >= config$maxit_out)) cond <- TRUE : 
  valeur manquante là où TRUE / FALSE est requis
","Error in if ((convergence[iter] < config$ftol_out) | (iter >= config$maxit_out)) cond <- TRUE : 
  valeur manquante là où TRUE / FALSE est requis
","Error in if ((convergence[iter] < config$ftol_out) | (iter >= config$maxit_out)) cond <- TRUE : 
  valeur manquante là où TRUE / FALSE est requis
","Error in if ((convergence[iter] < config$ftol_out) | (iter >= config$maxit_out)) cond <- TRUE : 
  valeur manquante là où TRUE / FALSE est requis
","Error in if ((convergence[iter] < config$ftol_out) | (iter >= config$maxit_out)) cond <- TRUE : 
  valeur manquante là où TRUE / FALSE est requis
"
"821","21","300","20","preferential_attachment","species","species_2","PLN","BIC","0.17","0.5024165","0.585365050474779","0.094","0.421","0.333","0.372","3.09939503669739"
"822","22","300","20","preferential_attachment","species","species_2","PLN","BIC","0.13","0.629634","0.631319832668417","0","0",NA,"0","3.70458078384399"
"823","23","300","20","preferential_attachment","species","species_2","PLN","BIC","0.14","0.662173","0.619878707791118","0.244","0.778","0.25","0.378","2.73912763595581"
"824","24","300","20","preferential_attachment","species","species_2","PLN","BIC","0.13","0.6083375","0.573205963534398","0.018","0.368","0.7","0.483","2.12227988243103"
"825","25","300","20","preferential_attachment","species","species_2","PLN","BIC","0.14","0.609021","0.591432523120858","0","0",NA,"0","2.54278111457825"
"826","Error in if ((convergence[iter] < config$ftol_out) | (iter >= config$maxit_out)) cond <- TRUE : 
  valeur manquante là où TRUE / FALSE est requis
","Error in if ((convergence[iter] < config$ftol_out) | (iter >= config$maxit_out)) cond <- TRUE : 
  valeur manquante là où TRUE / FALSE est requis
","Error in if ((convergence[iter] < config$ftol_out) | (iter >= config$maxit_out)) cond <- TRUE : 
  valeur manquante là où TRUE / FALSE est requis
","Error in if ((convergence[iter] < config$ftol_out) | (iter >= config$maxit_out)) cond <- TRUE : 
  valeur manquante là où TRUE / FALSE est requis
","Error in if ((convergence[iter] < config$ftol_out) | (iter >= config$maxit_out)) cond <- TRUE : 
  valeur manquante là où TRUE / FALSE est requis
","Error in if ((convergence[iter] < config$ftol_out) | (iter >= config$maxit_out)) cond <- TRUE : 
  valeur manquante là où TRUE / FALSE est requis
","Error in if ((convergence[iter] < config$ftol_out) | (iter >= config$maxit_out)) cond <- TRUE : 
  valeur manquante là où TRUE / FALSE est requis
","Error in if ((convergence[iter] < config$ftol_out) | (iter >= config$maxit_out)) cond <- TRUE : 
  valeur manquante là où TRUE / FALSE est requis
","Error in if ((convergence[iter] < config$ftol_out) | (iter >= config$maxit_out)) cond <- TRUE : 
  valeur manquante là où TRUE / FALSE est requis
","Error in if ((convergence[iter] < config$ftol_out) | (iter >= config$maxit_out)) cond <- TRUE : 
  valeur manquante là où TRUE / FALSE est requis
","Error in if ((convergence[iter] < config$ftol_out) | (iter >= config$maxit_out)) cond <- TRUE : 
  valeur manquante là où TRUE / FALSE est requis
","Error in if ((convergence[iter] < config$ftol_out) | (iter >= config$maxit_out)) cond <- TRUE : 
  valeur manquante là où TRUE / FALSE est requis
","Error in if ((convergence[iter] < config$ftol_out) | (iter >= config$maxit_out)) cond <- TRUE : 
  valeur manquante là où TRUE / FALSE est requis
","Error in if ((convergence[iter] < config$ftol_out) | (iter >= config$maxit_out)) cond <- TRUE : 
  valeur manquante là où TRUE / FALSE est requis
","Error in if ((convergence[iter] < config$ftol_out) | (iter >= config$maxit_out)) cond <- TRUE : 
  valeur manquante là où TRUE / FALSE est requis
","Error in if ((convergence[iter] < config$ftol_out) | (iter >= config$maxit_out)) cond <- TRUE : 
  valeur manquante là où TRUE / FALSE est requis
"
"827","27","300","20","preferential_attachment","species","species_2","PLN","BIC","0.17","0.4945295","504.737362047312","0.708","0.895","0.123","0.217","8.41331124305725"
"828","28","300","20","preferential_attachment","species","species_2","PLN","BIC","0.13","0.6417815","0.626995404292767","0.029","0.421","0.615","0.5","3.53821754455566"
"829","29","300","20","preferential_attachment","species","species_2","PLN","BIC","0.14","0.7758005","0.574650028334151","0.082","0.632","0.462","0.533","2.47910475730896"
"830","30","300","20","preferential_attachment","species","species_2","PLN","BIC","0.18","0.668634","0.588133195725812","0.374","0.789","0.19","0.306","1.86700558662415"
"831","31","300","20","preferential_attachment","species","species_2","PLN","BIC","0.15","0.4682305","0.588205401798718","0.041","0.368","0.5","0.424","1.97597694396973"
"832","Error in if ((convergence[iter] < config$ftol_out) | (iter >= config$maxit_out)) cond <- TRUE : 
  valeur manquante là où TRUE / FALSE est requis
","Error in if ((convergence[iter] < config$ftol_out) | (iter >= config$maxit_out)) cond <- TRUE : 
  valeur manquante là où TRUE / FALSE est requis
","Error in if ((convergence[iter] < config$ftol_out) | (iter >= config$maxit_out)) cond <- TRUE : 
  valeur manquante là où TRUE / FALSE est requis
","Error in if ((convergence[iter] < config$ftol_out) | (iter >= config$maxit_out)) cond <- TRUE : 
  valeur manquante là où TRUE / FALSE est requis
","Error in if ((convergence[iter] < config$ftol_out) | (iter >= config$maxit_out)) cond <- TRUE : 
  valeur manquante là où TRUE / FALSE est requis
","Error in if ((convergence[iter] < config$ftol_out) | (iter >= config$maxit_out)) cond <- TRUE : 
  valeur manquante là où TRUE / FALSE est requis
","Error in if ((convergence[iter] < config$ftol_out) | (iter >= config$maxit_out)) cond <- TRUE : 
  valeur manquante là où TRUE / FALSE est requis
","Error in if ((convergence[iter] < config$ftol_out) | (iter >= config$maxit_out)) cond <- TRUE : 
  valeur manquante là où TRUE / FALSE est requis
","Error in if ((convergence[iter] < config$ftol_out) | (iter >= config$maxit_out)) cond <- TRUE : 
  valeur manquante là où TRUE / FALSE est requis
","Error in if ((convergence[iter] < config$ftol_out) | (iter >= config$maxit_out)) cond <- TRUE : 
  valeur manquante là où TRUE / FALSE est requis
","Error in if ((convergence[iter] < config$ftol_out) | (iter >= config$maxit_out)) cond <- TRUE : 
  valeur manquante là où TRUE / FALSE est requis
","Error in if ((convergence[iter] < config$ftol_out) | (iter >= config$maxit_out)) cond <- TRUE : 
  valeur manquante là où TRUE / FALSE est requis
","Error in if ((convergence[iter] < config$ftol_out) | (iter >= config$maxit_out)) cond <- TRUE : 
  valeur manquante là où TRUE / FALSE est requis
","Error in if ((convergence[iter] < config$ftol_out) | (iter >= config$maxit_out)) cond <- TRUE : 
  valeur manquante là où TRUE / FALSE est requis
","Error in if ((convergence[iter] < config$ftol_out) | (iter >= config$maxit_out)) cond <- TRUE : 
  valeur manquante là où TRUE / FALSE est requis
","Error in if ((convergence[iter] < config$ftol_out) | (iter >= config$maxit_out)) cond <- TRUE : 
  valeur manquante là où TRUE / FALSE est requis
"
"833","33","300","20","preferential_attachment","species","species_2","PLN","BIC","0.13","0.5857005","0.566076373630497","0","0.053","1","0.1","2.18314790725708"
"834","34","300","20","preferential_attachment","species","species_2","PLN","BIC","0.16","0.4303915","0.565394740110792","0.035","0.368","0.538","0.438","3.46722960472107"
"835","35","300","20","preferential_attachment","species","species_2","PLN","BIC","0.17","0.558199","1.02729199197242","0.181","0.579","0.262","0.361","1.21659350395203"
"836","36","300","20","preferential_attachment","species","species_2","PLN","BIC","0.17","0.3961235","46.2540554491221","0.304","0.474","0.148","0.225","1.34406661987305"
"837","37","300","20","preferential_attachment","species","species_2","PLN","BIC","0.16","0.605877","0.55780781088666","0","0",NA,"0","2.56528210639954"
"838","Error in if ((convergence[iter] < config$ftol_out) | (iter >= config$maxit_out)) cond <- TRUE : 
  valeur manquante là où TRUE / FALSE est requis
","Error in if ((convergence[iter] < config$ftol_out) | (iter >= config$maxit_out)) cond <- TRUE : 
  valeur manquante là où TRUE / FALSE est requis
","Error in if ((convergence[iter] < config$ftol_out) | (iter >= config$maxit_out)) cond <- TRUE : 
  valeur manquante là où TRUE / FALSE est requis
","Error in if ((convergence[iter] < config$ftol_out) | (iter >= config$maxit_out)) cond <- TRUE : 
  valeur manquante là où TRUE / FALSE est requis
","Error in if ((convergence[iter] < config$ftol_out) | (iter >= config$maxit_out)) cond <- TRUE : 
  valeur manquante là où TRUE / FALSE est requis
","Error in if ((convergence[iter] < config$ftol_out) | (iter >= config$maxit_out)) cond <- TRUE : 
  valeur manquante là où TRUE / FALSE est requis
","Error in if ((convergence[iter] < config$ftol_out) | (iter >= config$maxit_out)) cond <- TRUE : 
  valeur manquante là où TRUE / FALSE est requis
","Error in if ((convergence[iter] < config$ftol_out) | (iter >= config$maxit_out)) cond <- TRUE : 
  valeur manquante là où TRUE / FALSE est requis
","Error in if ((convergence[iter] < config$ftol_out) | (iter >= config$maxit_out)) cond <- TRUE : 
  valeur manquante là où TRUE / FALSE est requis
","Error in if ((convergence[iter] < config$ftol_out) | (iter >= config$maxit_out)) cond <- TRUE : 
  valeur manquante là où TRUE / FALSE est requis
","Error in if ((convergence[iter] < config$ftol_out) | (iter >= config$maxit_out)) cond <- TRUE : 
  valeur manquante là où TRUE / FALSE est requis
","Error in if ((convergence[iter] < config$ftol_out) | (iter >= config$maxit_out)) cond <- TRUE : 
  valeur manquante là où TRUE / FALSE est requis
","Error in if ((convergence[iter] < config$ftol_out) | (iter >= config$maxit_out)) cond <- TRUE : 
  valeur manquante là où TRUE / FALSE est requis
","Error in if ((convergence[iter] < config$ftol_out) | (iter >= config$maxit_out)) cond <- TRUE : 
  valeur manquante là où TRUE / FALSE est requis
","Error in if ((convergence[iter] < config$ftol_out) | (iter >= config$maxit_out)) cond <- TRUE : 
  valeur manquante là où TRUE / FALSE est requis
","Error in if ((convergence[iter] < config$ftol_out) | (iter >= config$maxit_out)) cond <- TRUE : 
  valeur manquante là où TRUE / FALSE est requis
"
"839","39","300","20","preferential_attachment","species","species_2","PLN","BIC","0.13","0.4822435","0.64262828511176","0.267","0.778","0.233","0.359","1.43297123908997"
"840","40","300","20","preferential_attachment","species","species_2","PLN","BIC","0.2","0.463965","45366303550.067","0.749","1","0.129","0.229","13.348311662674"
"841","41","300","20","preferential_attachment","species","species_2","PLN","BIC","0.14","0.76464","0.572020795225073","0.029","0.632","0.706","0.667","2.01667404174805"
"842","42","300","20","preferential_attachment","species","species_2","PLN","BIC","0.21","0.3074515","476260661030382","0.561","0.789","0.135","0.231","14.3792824745178"
"843","43","300","20","preferential_attachment","species","species_2","PLN","BIC","0.18","0.5194645","0.633057759817905","0.351","0.737","0.189","0.301","1.22590112686157"
"844","Error in if ((convergence[iter] < config$ftol_out) | (iter >= config$maxit_out)) cond <- TRUE : 
  valeur manquante là où TRUE / FALSE est requis
","Error in if ((convergence[iter] < config$ftol_out) | (iter >= config$maxit_out)) cond <- TRUE : 
  valeur manquante là où TRUE / FALSE est requis
","Error in if ((convergence[iter] < config$ftol_out) | (iter >= config$maxit_out)) cond <- TRUE : 
  valeur manquante là où TRUE / FALSE est requis
","Error in if ((convergence[iter] < config$ftol_out) | (iter >= config$maxit_out)) cond <- TRUE : 
  valeur manquante là où TRUE / FALSE est requis
","Error in if ((convergence[iter] < config$ftol_out) | (iter >= config$maxit_out)) cond <- TRUE : 
  valeur manquante là où TRUE / FALSE est requis
","Error in if ((convergence[iter] < config$ftol_out) | (iter >= config$maxit_out)) cond <- TRUE : 
  valeur manquante là où TRUE / FALSE est requis
","Error in if ((convergence[iter] < config$ftol_out) | (iter >= config$maxit_out)) cond <- TRUE : 
  valeur manquante là où TRUE / FALSE est requis
","Error in if ((convergence[iter] < config$ftol_out) | (iter >= config$maxit_out)) cond <- TRUE : 
  valeur manquante là où TRUE / FALSE est requis
","Error in if ((convergence[iter] < config$ftol_out) | (iter >= config$maxit_out)) cond <- TRUE : 
  valeur manquante là où TRUE / FALSE est requis
","Error in if ((convergence[iter] < config$ftol_out) | (iter >= config$maxit_out)) cond <- TRUE : 
  valeur manquante là où TRUE / FALSE est requis
","Error in if ((convergence[iter] < config$ftol_out) | (iter >= config$maxit_out)) cond <- TRUE : 
  valeur manquante là où TRUE / FALSE est requis
","Error in if ((convergence[iter] < config$ftol_out) | (iter >= config$maxit_out)) cond <- TRUE : 
  valeur manquante là où TRUE / FALSE est requis
","Error in if ((convergence[iter] < config$ftol_out) | (iter >= config$maxit_out)) cond <- TRUE : 
  valeur manquante là où TRUE / FALSE est requis
","Error in if ((convergence[iter] < config$ftol_out) | (iter >= config$maxit_out)) cond <- TRUE : 
  valeur manquante là où TRUE / FALSE est requis
","Error in if ((convergence[iter] < config$ftol_out) | (iter >= config$maxit_out)) cond <- TRUE : 
  valeur manquante là où TRUE / FALSE est requis
","Error in if ((convergence[iter] < config$ftol_out) | (iter >= config$maxit_out)) cond <- TRUE : 
  valeur manquante là où TRUE / FALSE est requis
"
"845","45","300","20","preferential_attachment","species","species_2","PLN","BIC","0.22","0.536032","4834167259.57731","0.789","1","0.123","0.22","11.2054736614227"
"846","46","300","20","preferential_attachment","species","species_2","PLN","BIC","0.16","0.6506665","0.610492331486292","0","0.053","1","0.1","2.33493566513062"
"847","47","300","20","preferential_attachment","species","species_2","PLN","BIC","0.16","0.5502725","0.562308421778937","0.006","0.105","0.667","0.182","2.73776388168335"
"848","48","300","20","preferential_attachment","species","species_2","PLN","BIC","0.15","0.6409015","0.55640954942801","0.035","0.316","0.5","0.387","2.4705913066864"
"849","49","300","20","preferential_attachment","species","species_2","PLN","BIC","0.14","0.273246","17817.0660518951","0.444","0.842","0.174","0.288","9.49826145172119"
"850","Error in if ((convergence[iter] < config$ftol_out) | (iter >= config$maxit_out)) cond <- TRUE : 
  valeur manquante là où TRUE / FALSE est requis
","Error in if ((convergence[iter] < config$ftol_out) | (iter >= config$maxit_out)) cond <- TRUE : 
  valeur manquante là où TRUE / FALSE est requis
","Error in if ((convergence[iter] < config$ftol_out) | (iter >= config$maxit_out)) cond <- TRUE : 
  valeur manquante là où TRUE / FALSE est requis
","Error in if ((convergence[iter] < config$ftol_out) | (iter >= config$maxit_out)) cond <- TRUE : 
  valeur manquante là où TRUE / FALSE est requis
","Error in if ((convergence[iter] < config$ftol_out) | (iter >= config$maxit_out)) cond <- TRUE : 
  valeur manquante là où TRUE / FALSE est requis
","Error in if ((convergence[iter] < config$ftol_out) | (iter >= config$maxit_out)) cond <- TRUE : 
  valeur manquante là où TRUE / FALSE est requis
","Error in if ((convergence[iter] < config$ftol_out) | (iter >= config$maxit_out)) cond <- TRUE : 
  valeur manquante là où TRUE / FALSE est requis
","Error in if ((convergence[iter] < config$ftol_out) | (iter >= config$maxit_out)) cond <- TRUE : 
  valeur manquante là où TRUE / FALSE est requis
","Error in if ((convergence[iter] < config$ftol_out) | (iter >= config$maxit_out)) cond <- TRUE : 
  valeur manquante là où TRUE / FALSE est requis
","Error in if ((convergence[iter] < config$ftol_out) | (iter >= config$maxit_out)) cond <- TRUE : 
  valeur manquante là où TRUE / FALSE est requis
","Error in if ((convergence[iter] < config$ftol_out) | (iter >= config$maxit_out)) cond <- TRUE : 
  valeur manquante là où TRUE / FALSE est requis
","Error in if ((convergence[iter] < config$ftol_out) | (iter >= config$maxit_out)) cond <- TRUE : 
  valeur manquante là où TRUE / FALSE est requis
","Error in if ((convergence[iter] < config$ftol_out) | (iter >= config$maxit_out)) cond <- TRUE : 
  valeur manquante là où TRUE / FALSE est requis
","Error in if ((convergence[iter] < config$ftol_out) | (iter >= config$maxit_out)) cond <- TRUE : 
  valeur manquante là où TRUE / FALSE est requis
","Error in if ((convergence[iter] < config$ftol_out) | (iter >= config$maxit_out)) cond <- TRUE : 
  valeur manquante là où TRUE / FALSE est requis
","Error in if ((convergence[iter] < config$ftol_out) | (iter >= config$maxit_out)) cond <- TRUE : 
  valeur manquante là où TRUE / FALSE est requis
"
"851","1","300","20","preferential_attachment","species","species_3","PLN","BIC","0.18","0.2924845","0.51024236810997","0.485","0.842","0.162","0.271","5.94364833831787"
"852","2","300","20","preferential_attachment","species","species_3","PLN","BIC","0.16","0.5798875","0.490313490496681","0.111","0.368","0.269","0.311","4.54775381088257"
"853","3","300","20","preferential_attachment","species","species_3","PLN","BIC","0.16","0.121946","0.518145011346013","0","0",NA,"0","4.15656328201294"
"854","4","300","20","preferential_attachment","species","species_3","PLN","BIC","0.16","0.24742","0.517706698767144","0.263","0.316","0.118","0.171","5.30736422538757"
"855","5","300","20","preferential_attachment","species","species_3","PLN","BIC","0.17","0.3128665","0.514156146244148","0","0",NA,"0","5.34796762466431"
"856","6","300","20","preferential_attachment","species","species_3","PLN","BIC","0.19","0.1093075","0.450039582024263","0.099","0.105","0.105","0.105","5.67384767532349"
"857","7","300","20","preferential_attachment","species","species_3","PLN","BIC","0.17","0.172713","0.482952056534013","0","0",NA,"0","4.75145626068115"
"858","8","300","20","preferential_attachment","species","species_3","PLN","BIC","0.18","0.2182395","0.476213238399607","0","0",NA,"0","6.75318264961243"
"859","9","300","20","preferential_attachment","species","species_3","PLN","BIC","0.17","0.25624","0.516942312634825","0","0",NA,"0","2.95532464981079"
"860","10","300","20","preferential_attachment","species","species_3","PLN","BIC","0.56","0.31228","16.4495453284637","0.488","0.778","0.143","0.241","5.43135952949524"
"861","11","300","20","preferential_attachment","species","species_3","PLN","BIC","0.19","0.320962","0.506871482768104","0.485","0.737","0.144","0.241","2.4693021774292"
"862","12","300","20","preferential_attachment","species","species_3","PLN","BIC","0.19","0.4950415","111909904.498456","0.842","0.947","0.111","0.199","4.76935458183289"
"863","13","300","20","preferential_attachment","species","species_3","PLN","BIC","0.81","0.4155425","1.97988006681584","0.099","0.263","0.227","0.244","1.96775698661804"
"864","14","300","20","preferential_attachment","species","species_3","PLN","BIC","0.21","0.1624025","2847.36695611352","0.655","0.421","0.067","0.115","13.1489319801331"
"865","15","300","20","preferential_attachment","species","species_3","PLN","BIC","0.16","0.173483","0.588749160792423","0.088","0.211","0.211","0.211","4.3738055229187"
"866","16","300","20","preferential_attachment","species","species_3","PLN","BIC","0.24","0.454369","62.5050553909029","0.83","0.895","0.107","0.191","12.4357335567474"
"867","17","300","20","preferential_attachment","species","species_3","PLN","BIC","0.29","0.227453","34117521.223702","0.512","0.611","0.111","0.188","16.6258509159088"
"868","18","300","20","preferential_attachment","species","species_3","PLN","BIC","0.16","0.3668955","0.666067998890574","0.314","0.556","0.156","0.244","1.32374095916748"
"869","19","300","20","preferential_attachment","species","species_3","PLN","BIC","0.22","0.276549","1.3573900791515","0.058","0.263","0.333","0.294","1.98158144950867"
"870","20","300","20","preferential_attachment","species","species_3","PLN","BIC","0.16","0.467145","0.534322873678471","0.257","0.684","0.228","0.342","5.08230972290039"
"871","21","300","20","preferential_attachment","species","species_3","PLN","BIC","0.17","0.456102","0.547619233269158","0.24","0.632","0.226","0.333","2.89236259460449"
"872","22","300","20","preferential_attachment","species","species_3","PLN","BIC","0.18","0.496545","0.490521741129595","0.006","0.053","0.5","0.095","4.73492312431335"
"873","23","300","20","preferential_attachment","species","species_3","PLN","BIC","0.21","0.119953","256.731536598292","0.129","0.316","0.214","0.255","2.56517124176025"
"874","24","300","20","preferential_attachment","species","species_3","PLN","BIC","0.18","0.309482","0.554086771168998","0","0",NA,"0","2.63196921348572"
"875","25","300","20","preferential_attachment","species","species_3","PLN","BIC","0.19","0.2987435","0.50048585016316","0.158","0.263","0.156","0.196","5.67543435096741"
"876","26","300","20","preferential_attachment","species","species_3","PLN","BIC","0.19","0.2130835","0.542869027800405","0","0",NA,"0","5.52322053909302"
"877","27","300","20","preferential_attachment","species","species_3","PLN","BIC","0.18","0.212092","0.450741037011535","0.339","0.474","0.134","0.209","3.34807991981506"
"878","28","300","20","preferential_attachment","species","species_3","PLN","BIC","0.2","0.1766825","0.762147488651245","0.485","0.684","0.135","0.226","2.06339025497437"
"879","29","300","20","preferential_attachment","species","species_3","PLN","BIC","0.2","0.258193","0.49585783779296","0.374","0.684","0.169","0.271","2.39845561981201"
"880","30","300","20","preferential_attachment","species","species_3","PLN","BIC","0.23","0.284683","4.54374813246732e+52","0.737","0.737","0.1","0.176","33.7582097053528"
"881","31","300","20","preferential_attachment","species","species_3","PLN","BIC","0.16","0.2926365","0.477838999424461","0","0",NA,"0","4.7910692691803"
"882","32","300","20","preferential_attachment","species","species_3","PLN","BIC","0.19","0.3918005","0.454935340959266","0.427","0.526","0.12","0.196","6.69440174102783"
"883","33","300","20","preferential_attachment","species","species_3","PLN","BIC","0.23","0.4463605","3.44002011704377e+34","0.854","0.947","0.11","0.197","24.3977084159851"
"884","34","300","20","preferential_attachment","species","species_3","PLN","BIC","0.17","0.291475","0.473380629147166","0","0",NA,"0","4.60366106033325"
"885","35","300","20","preferential_attachment","species","species_3","PLN","BIC","0.16","0.1717655","0.570604657786427","0","0",NA,"0","5.97855448722839"
"886","36","300","20","preferential_attachment","species","species_3","PLN","BIC","0.14","0.472706","0.534807882456337","0.047","0.263","0.385","0.312","2.4469850063324"
"887","37","300","20","preferential_attachment","species","species_3","PLN","BIC","0.21","0.337293","2997.77601293885","0.129","0.474","0.29","0.36","3.80645656585693"
"888","38","300","20","preferential_attachment","species","species_3","PLN","BIC","0.17","0.323959","0.485987741324073","0","0",NA,"0","4.88186883926392"
"889","39","300","20","preferential_attachment","species","species_3","PLN","BIC","0.17","0.2500075","0.743855038202079","0.386","0.579","0.143","0.229","1.29413747787476"
"890","40","300","20","preferential_attachment","species","species_3","PLN","BIC","0.18","0.288584","0.419127506963065","0.573","0.684","0.117","0.2","5.23085951805115"
"891","41","300","20","preferential_attachment","species","species_3","PLN","BIC","0.13","0.424431","0.587496855808213","0.07","0.632","0.5","0.558","4.99685215950012"
"892","42","300","20","preferential_attachment","species","species_3","PLN","BIC","0.18","0.2673635","0.512862598109358","0","0",NA,"0","2.64755940437317"
"893","43","300","20","preferential_attachment","species","species_3","PLN","BIC","0.16","0.2479505","0.506705669292596","0.099","0.105","0.105","0.105","7.25764775276184"
"894","44","300","20","preferential_attachment","species","species_3","PLN","BIC","0.16","0.3679005","0.508049246041495","0.474","0.737","0.147","0.246","2.64365148544312"
"895","45","300","20","preferential_attachment","species","species_3","PLN","BIC","0.2","0.346454","1443522862541.82","0.731","0.842","0.113","0.2","10.0117406845093"
"896","46","300","20","preferential_attachment","species","species_3","PLN","BIC","0.17","0.3170315","0.525755194760793","0","0",NA,"0","4.90699911117554"
"897","47","300","20","preferential_attachment","species","species_3","PLN","BIC","0.16","0.37363","0.616932345558012","0.433","0.737","0.159","0.262","3.8695387840271"
"898","48","300","20","preferential_attachment","species","species_3","PLN","BIC","0.15","0.151741","0.551004521084842","0","0",NA,"0","3.38035988807678"
"899","49","300","20","preferential_attachment","species","species_3","PLN","BIC","0.17","0.4966495","1.11097736885324","0.251","0.579","0.204","0.301","5.41421365737915"
"900","50","300","20","preferential_attachment","species","species_3","PLN","BIC","0.17","0.2324405","0.491653716951546","0","0",NA,"0","3.32530927658081"
