"","simu","n","p","omega_structure","zi_type","zi_config","method","criterion","omega_rmse","AUC","rmse_fit","fallout","recall","precision","f1_score","time"
"1","1","300","20","erdos_renyi","species","species_1","PLN","BIC","0.1","0.8048905","0.642083883893031","0.079","0.462","0.3","0.364","0.814003467559814"
"2","1","300","20","erdos_renyi","species","species_1","ZIPLN","BIC","0.06","0.8057405","0.708372213472698","0.023","0.538","0.636","0.583","2.70238018035889"
"3","2","300","20","erdos_renyi","species","species_1","PLN","BIC","0.05","0.8535","0.60285669857167","0","0.4","1","0.571","0.797812223434448"
"4","2","300","20","erdos_renyi","species","species_1","ZIPLN","BIC","0.03","0.7866","0.627248582885075","0.011","0.6","0.6","0.6","2.72345376014709"
"5","3","300","20","erdos_renyi","species","species_1","PLN","BIC","0.09","0.7853905","0.695671139929676","0.017","0.545","0.667","0.6","0.741246700286865"
"6","3","300","20","erdos_renyi","species","species_1","ZIPLN","BIC","0.07","0.8537715","0.672266696240428","0.011","0.545","0.75","0.632","2.14495420455933"
"7","4","300","20","erdos_renyi","species","species_1","PLN","BIC","0.11","0.8132615","0.686809378812726","0.022","0.364","0.5","0.421","0.778704643249512"
"8","4","300","20","erdos_renyi","species","species_1","ZIPLN","BIC","0.08","0.9197065","0.69974314176427","0.061","0.818","0.45","0.581","2.38582038879395"
"9","5","300","20","erdos_renyi","species","species_1","PLN","BIC","0.1","0.909","0.619654475473976","0.056","1","0.524","0.688","0.746977567672729"
"10","5","300","20","erdos_renyi","species","species_1","ZIPLN","BIC","0.05","0.907365","0.663931548807414","0.279","1","0.18","0.306","3.33503389358521"
"11","6","300","20","erdos_renyi","species","species_1","PLN","BIC","0.11","0.899992","0.674306047943888","0.045","0.833","0.556","0.667","0.812439203262329"
"12","6","300","20","erdos_renyi","species","species_1","ZIPLN","BIC","0.09","0.9220455","0.702539931273723","0.045","0.75","0.529","0.621","2.29928278923035"
"13","7","300","20","erdos_renyi","species","species_1","PLN","BIC","0.12","0.819794","0.686658172212071","0.116","0.647","0.355","0.458","0.653725385665894"
"14","7","300","20","erdos_renyi","species","species_1","ZIPLN","BIC","0.1","0.8464465","0.685079133112057","0.162","0.706","0.3","0.421","1.9320809841156"
"15","8","300","20","erdos_renyi","species","species_1","PLN","BIC","0.09","0.895761","0.630511831636162","0.011","0.571","0.667","0.615","0.706656455993652"
"16","8","300","20","erdos_renyi","species","species_1","ZIPLN","BIC","0.06","0.857","0.66287589752101","0.115","1","0.25","0.4","1.75344228744507"
"17","9","300","20","erdos_renyi","species","species_1","PLN","BIC","0.1","0.7933","0.627677480661286","0.061","0.7","0.389","0.5","0.950169563293457"
"18","9","300","20","erdos_renyi","species","species_1","ZIPLN","BIC","0.07","0.89415","0.655749012639429","0.117","0.7","0.25","0.368","1.97084403038025"
"19","10","300","20","erdos_renyi","species","species_1","PLN","BIC","0.07","0.825605","0.639869692795485","0.038","0.5","0.3","0.375","0.433180809020996"
"20","10","300","20","erdos_renyi","species","species_1","ZIPLN","BIC","0.05","0.7726905","0.68277823346132","0.005","0.667","0.8","0.727","1.01228713989258"
"21","11","300","20","erdos_renyi","species","species_1","PLN","BIC","0.06","0.7261125","0.640392445078786","0","0",NA,"0","0.697375774383545"
"22","11","300","20","erdos_renyi","species","species_1","ZIPLN","BIC","0.04","0.7670045","0.677861039406499","0.005","0.167","0.5","0.25","1.73666882514954"
"23","12","300","20","erdos_renyi","species","species_1","PLN","BIC","0.06","0.72775","0.583842394349933","0.011","0.25","0.333","0.286","0.67807674407959"
"24","12","300","20","erdos_renyi","species","species_1","ZIPLN","BIC","0.03","0.87225","0.63363009681404","0.048","1","0.308","0.471","1.80570411682129"
"25","13","300","20","erdos_renyi","species","species_1","PLN","BIC","0.07","0.9133325","0.637080236094459","0.027","0.833","0.5","0.625","0.692315101623535"
"26","13","300","20","erdos_renyi","species","species_1","ZIPLN","BIC","0.04","0.9155815","0.664079600554916","0.022","1","0.6","0.75","1.67305445671082"
"27","14","300","20","erdos_renyi","species","species_1","PLN","BIC","0.09","0.902875","0.637540706902235","0","0.375","1","0.545","0.678476572036743"
"28","14","300","20","erdos_renyi","species","species_1","ZIPLN","BIC","0.06","0.9245625","0.704960305947131","0.022","0.875","0.636","0.737","1.69926404953003"
"29","15","300","20","erdos_renyi","species","species_1","PLN","BIC","0.11","0.9431825","0.700087502224995","0.006","0.5","0.857","0.632","0.644661426544189"
"30","15","300","20","erdos_renyi","species","species_1","ZIPLN","BIC","0.08","0.872498","0.732864248236406","0.039","1","0.632","0.774","1.98284769058228"
"31","16","300","20","erdos_renyi","species","species_1","PLN","BIC","0.11","0.6698475","0.700980058611137","0.006","0.455","0.833","0.588","0.440204381942749"
"32","16","300","20","erdos_renyi","species","species_1","ZIPLN","BIC","0.08","0.7416135","0.722535720716622","0.022","0.455","0.556","0.5","1.83083176612854"
"33","17","300","20","erdos_renyi","species","species_1","PLN","BIC","0.08","0.7721295","0.637010441501632","0.077","0.571","0.222","0.32","0.441373348236084"
"34","17","300","20","erdos_renyi","species","species_1","ZIPLN","BIC","0.06","0.765628","0.664508806761208","0.022","0.571","0.5","0.533","1.22255253791809"
"35","18","300","20","erdos_renyi","species","species_1","PLN","BIC","0.05","0.8335","0.613141956333106","0.048","1","0.25","0.4","0.725780725479126"
"36","18","300","20","erdos_renyi","species","species_1","ZIPLN","BIC","0.03","0.8335","0.619911618779972","0.048","1","0.25","0.4","1.67436861991882"
"37","19","300","20","erdos_renyi","species","species_1","PLN","BIC","0.09","0.912415","0.617928110909233","0.044","0.778","0.467","0.583","0.712297201156616"
"38","19","300","20","erdos_renyi","species","species_1","ZIPLN","BIC","0.06","0.8779495","0.665028503518407","0.039","0.778","0.5","0.609","2.17279005050659"
"39","20","300","20","erdos_renyi","species","species_1","PLN","BIC","0.09","0.883375","0.636775830914116","0.027","0.5","0.444","0.471","0.720941781997681"
"40","20","300","20","erdos_renyi","species","species_1","ZIPLN","BIC","0.06","0.88425","0.683051416398034","0.06","0.75","0.353","0.48","2.06417632102966"
"41","21","300","20","erdos_renyi","species","species_1","PLN","BIC","0.07","0.8551695","0.620941010110682","0.005","0.5","0.75","0.6","0.653478384017944"
"42","21","300","20","erdos_renyi","species","species_1","ZIPLN","BIC","0.05","0.793855","0.665002914223491","0.022","0.667","0.5","0.571","1.74416279792786"
"43","22","300","20","erdos_renyi","species","species_1","PLN","BIC","0.08","0.7109795","0.661521797970304","0.011","0.429","0.6","0.5","0.64487624168396"
"44","22","300","20","erdos_renyi","species","species_1","ZIPLN","BIC","0.04","0.845348","0.724560161509041","0.038","0.571","0.364","0.444","1.81078052520752"
"45","23","300","20","erdos_renyi","species","species_1","PLN","BIC","0.1","0.847035","0.662177015522064","0.074","0.714","0.435","0.541","0.428055286407471"
"46","23","300","20","erdos_renyi","species","species_1","ZIPLN","BIC","0.07","0.9201915","0.683167069841946","0.085","0.786","0.423","0.55","1.26983308792114"
"47","24","300","20","erdos_renyi","species","species_1","PLN","BIC","0.07","0.9011765","0.647673888114755","0","0.333","1","0.5","0.623290061950684"
"48","24","300","20","erdos_renyi","species","species_1","ZIPLN","BIC","0.05","0.8939205","0.647887856474386","0.016","0.667","0.571","0.615","1.7417905330658"
"49","25","300","20","erdos_renyi","species","species_1","PLN","BIC","0.11","0.76895","0.64284517671892","0","0",NA,"0","0.435473203659058"
"50","25","300","20","erdos_renyi","species","species_1","ZIPLN","BIC","0.08","0.9057","0.682621944695922","0.05","0.8","0.471","0.593","1.19989466667175"
"51","26","300","20","erdos_renyi","species","species_1","PLN","BIC","0.12","0.833509","0.666608421178437","0.006","0.364","0.8","0.5","0.66864800453186"
"52","26","300","20","erdos_renyi","species","species_1","ZIPLN","BIC","0.08","0.909731","0.755307263795735","0.028","0.545","0.545","0.545","1.54658555984497"
"53","27","300","20","erdos_renyi","species","species_1","PLN","BIC","0.08","0.91225","0.672760341546041","0.038","0.875","0.5","0.636","0.643657207489014"
"54","27","300","20","erdos_renyi","species","species_1","ZIPLN","BIC","0.06","0.913625","0.67845789529615","0.209","1","0.174","0.296","1.95537400245667"
"55","28","300","20","erdos_renyi","species","species_1","PLN","BIC","0.09","0.7854375","0.693521222648873","0.016","0.625","0.625","0.625","0.683763265609741"
"56","28","300","20","erdos_renyi","species","species_1","ZIPLN","BIC","0.06","0.86925","0.729685769711041","0.005","0.5","0.8","0.615","1.457763671875"
"57","29","300","20","erdos_renyi","species","species_1","PLN","BIC","0.1","0.8631965","0.664802898290645","0.006","0.5","0.857","0.632","0.444504499435425"
"58","29","300","20","erdos_renyi","species","species_1","ZIPLN","BIC","0.08","0.8922285","0.661712150808802","0.006","0.667","0.889","0.762","1.00645565986633"
"59","30","300","20","erdos_renyi","species","species_1","PLN","BIC","0.06","0.7801875","0.611203264241925","0","0.375","1","0.545","0.6773841381073"
"60","30","300","20","erdos_renyi","species","species_1","ZIPLN","BIC","0.04","0.771625","0.652435750226343","0.011","0.375","0.6","0.462","1.55414319038391"
"61","1","300","20","erdos_renyi","species","species_2","PLN","BIC","0.1","0.686845","0.518583295584364","0.033","0","0","0","0.65047287940979"
"62","1","300","20","erdos_renyi","species","species_2","ZIPLN","BIC","0.05","0.8452795","0.633227216861174","0","0.429","1","0.6","1.27413773536682"
"63","2","300","20","erdos_renyi","species","species_2","PLN","BIC","0.11","0.6626365","0.52042014631198","0","0",NA,"0","0.678537845611572"
"64","2","300","20","erdos_renyi","species","species_2","ZIPLN","BIC","0.04","0.546868","0.692256198936515","0","0.143","1","0.25","2.38904428482056"
"65","3","300","20","erdos_renyi","species","species_2","PLN","BIC","0.12","0.459375","0.486479538510315","0.077","0.125","0.067","0.087","0.833178997039795"
"66","3","300","20","erdos_renyi","species","species_2","ZIPLN","BIC","0.06","0.8065","0.643231079568168","0","0",NA,"0","2.01417970657349"
"67","4","300","20","erdos_renyi","species","species_2","PLN","BIC","0.12","0.5733335","0.48569008920977","0","0",NA,"0","0.82536792755127"
"68","4","300","20","erdos_renyi","species","species_2","ZIPLN","BIC","0.05","0.8685145","0.655217193251427","0.011","0.667","0.667","0.667","2.45126509666443"
"69","5","300","20","erdos_renyi","species","species_2","PLN","BIC","0.19","0.662018","0.491056995405919","0","0",NA,"0","0.833763599395752"
"70","5","300","20","erdos_renyi","species","species_2","ZIPLN","BIC","0.1","0.8316565","0.66033403994961","0.064","0.667","0.522","0.585","3.01725554466248"
"71","6","300","20","erdos_renyi","species","species_2","PLN","BIC","0.12","0.7164375","0.493095547425998","0","0",NA,"0","0.786587953567505"
"72","6","300","20","erdos_renyi","species","species_2","ZIPLN","BIC","0.06","0.792375","0.654489902146547","0.005","0.375","0.75","0.5","2.29304122924805"
"73","7","300","20","erdos_renyi","species","species_2","PLN","BIC","0.12","0.7594445","0.533217007164611","0.039","0.083","0.125","0.1","0.456743001937866"
"74","7","300","20","erdos_renyi","species","species_2","ZIPLN","BIC","0.06","0.8895655","0.619357408873359","0.112","0.833","0.333","0.476","1.07947850227356"
"75","8","300","20","erdos_renyi","species","species_2","PLN","BIC","0.08","0.7229315","0.457602429779294","0.086","0.333","0.059","0.1","0.707953453063965"
"76","8","300","20","erdos_renyi","species","species_2","ZIPLN","BIC","0.03","0.748083","0.583463182038653","0","0",NA,"0","1.58711051940918"
"77","9","300","20","erdos_renyi","species","species_2","PLN","BIC","0.15","0.521603","0.49702499435471","0.057","0","0","0","0.959342479705811"
"78","9","300","20","erdos_renyi","species","species_2","ZIPLN","BIC","0.08","0.793752","0.621686369697242","0.074","0.714","0.435","0.541","1.95802974700928"
"79","10","300","20","erdos_renyi","species","species_2","PLN","BIC","0.09","0.730092","0.559178923823904","0","0",NA,"0","0.694556474685669"
"80","10","300","20","erdos_renyi","species","species_2","ZIPLN","BIC","0.05","0.834488","0.627338772542074","0.033","0.571","0.4","0.471","1.72939276695251"
"81","11","300","20","erdos_renyi","species","species_2","PLN","BIC","0.1","0.520625","0.521597855748674","0.066","0.125","0.077","0.095","0.736600399017334"
"82","11","300","20","erdos_renyi","species","species_2","ZIPLN","BIC","0.06","0.753","0.606477919188375","0","0.125","1","0.222","1.93906855583191"
"83","12","300","20","erdos_renyi","species","species_2","PLN","BIC","0.12","0.5726875","0.495085001291551","0.11","0.222","0.091","0.129","0.944071054458618"
"84","12","300","20","erdos_renyi","species","species_2","ZIPLN","BIC","0.05","0.815557","0.636995908822213","0.011","0.333","0.6","0.429","1.72896409034729"
"85","13","300","20","erdos_renyi","species","species_2","PLN","BIC","0.13","0.651229","0.524670470399139","0","0",NA,"0","0.472332239151001"
"86","13","300","20","erdos_renyi","species","species_2","ZIPLN","BIC","0.06","0.810814","0.646711231579223","0.067","0.636","0.368","0.467","1.08164024353027"
"87","14","300","20","erdos_renyi","species","species_2","PLN","BIC","0.08","0.5971","0.517654868971863","0","0",NA,"0","0.733422040939331"
"88","14","300","20","erdos_renyi","species","species_2","ZIPLN","BIC","0.04","0.8865","0.595800733979806","0","0",NA,"0","1.57564878463745"
"89","15","300","20","erdos_renyi","species","species_2","PLN","BIC","0.12","0.8555395","0.555200766483797","0","0",NA,"0","0.742360830307007"
"90","15","300","20","erdos_renyi","species","species_2","ZIPLN","BIC","0.06","0.8680385","0.666062888785725","0","0",NA,"0","2.03470993041992"
"91","16","300","20","erdos_renyi","species","species_2","PLN","BIC","0.12","0.77405","0.529920671814308","0.028","0","0","0","0.738008260726929"
"92","16","300","20","erdos_renyi","species","species_2","ZIPLN","BIC","0.07","0.90085","0.618742335683564","0.017","0.6","0.667","0.632","2.11507987976074"
"93","17","300","20","erdos_renyi","species","species_2","PLN","BIC","0.17","0.484125","0.452893919428453","0.022","0","0","0","0.718385457992554"
"94","17","300","20","erdos_renyi","species","species_2","ZIPLN","BIC","0.08","0.8104375","0.676186696975941","0.006","0.167","0.667","0.267","1.91096830368042"
"95","18","300","20","erdos_renyi","species","species_2","PLN","BIC","0.13","0.6589795","0.537805252322734","0","0",NA,"0","0.661420583724976"
"96","18","300","20","erdos_renyi","species","species_2","ZIPLN","BIC","0.08","0.9128445","0.650311349152123","0.011","0.538","0.778","0.636","2.03293347358704"
"97","19","300","20","erdos_renyi","species","species_2","PLN","BIC","0.17","0.6620005","0.538183728361326","0","0",NA,"0","0.46561336517334"
"98","19","300","20","erdos_renyi","species","species_2","ZIPLN","BIC","0.09","0.918928","0.674039396440914","0.046","0.688","0.579","0.629","1.35701203346252"
"99","20","300","20","erdos_renyi","species","species_2","PLN","BIC","0.13","0.6415715","0.576421165935516","0.023","0","0","0","0.731197834014893"
"100","20","300","20","erdos_renyi","species","species_2","ZIPLN","BIC","0.07","0.8458085","0.679788686745449","0.09","0.769","0.385","0.513","2.11617374420166"
"101","21","300","20","erdos_renyi","species","species_2","PLN","BIC","0.1","0.6485","0.502782489899304","0.065","0","0","0","0.573395013809204"
"102","21","300","20","erdos_renyi","species","species_2","ZIPLN","BIC","0.04","0.8173","0.624876147366551","0.022","0.6","0.429","0.5","0.992770433425903"
"103","22","300","20","erdos_renyi","species","species_2","PLN","BIC","0.08","0.5442185","0.495094961488558","0.043","0","0","0","0.455600023269653"
"104","22","300","20","erdos_renyi","species","species_2","ZIPLN","BIC","0.04","0.679301","0.576323269736731","0.005","0.333","0.667","0.444","1.0911717414856"
"105","23","300","20","erdos_renyi","species","species_2","PLN","BIC","0.12","0.63102","0.468522191638272","0.098","0","0","0","0.761940240859985"
"106","23","300","20","erdos_renyi","species","species_2","ZIPLN","BIC","0.06","0.8718005","0.596896521661658","0","0.143","1","0.25","1.59405708312988"
"107","24","300","20","erdos_renyi","species","species_2","PLN","BIC","0.15","0.5159295","0.552118453047915","0.073","0.182","0.133","0.154","0.665290355682373"
"108","24","300","20","erdos_renyi","species","species_2","ZIPLN","BIC","0.07","0.882885","0.690492111817673","0.061","0.727","0.421","0.533","1.90210223197937"
"109","25","300","20","erdos_renyi","species","species_2","PLN","BIC","0.06","0.682901","0.442479361332322","0.091","0.667","0.105","0.182","0.489813566207886"
"110","25","300","20","erdos_renyi","species","species_2","ZIPLN","BIC","0.02","0.595393","0.534342706607548","0","0.333","1","0.5","1.06134104728699"
"111","26","300","20","erdos_renyi","species","species_2","PLN","BIC","0.11","0.727236","0.532630235438827","0.005","0","0","0","0.730667114257812"
"112","26","300","20","erdos_renyi","species","species_2","ZIPLN","BIC","0.05","0.789777","0.649612928279202","0.016","0.5","0.5","0.5","1.18336820602417"
"113","27","300","20","erdos_renyi","species","species_2","PLN","BIC","0.05","0.561","0.503953842980335","0","0",NA,"0","0.451671361923218"
"114","27","300","20","erdos_renyi","species","species_2","ZIPLN","BIC","0.02","0.768875","0.549407237130754","0","0",NA,"0","1.06667709350586"
"115","28","300","20","erdos_renyi","species","species_2","PLN","BIC","0.15","0.709649","0.540782330946047","0.017","0","0","0","0.503251075744629"
"116","28","300","20","erdos_renyi","species","species_2","ZIPLN","BIC","0.09","0.8327105","0.702396293080087","0.05","0.636","0.438","0.519","1.41299510002136"
"117","29","300","20","erdos_renyi","species","species_2","PLN","BIC","0.13","0.762251","0.52444681065727","0","0",NA,"0","0.503416538238525"
"118","29","300","20","erdos_renyi","species","species_2","ZIPLN","BIC","0.07","0.886264","0.648221270980478","0.039","0.636","0.5","0.56","1.24050807952881"
"119","30","300","20","erdos_renyi","species","species_2","PLN","BIC","0.1","0.49","0.498062729222588","0","0",NA,"0","0.71502685546875"
"120","30","300","20","erdos_renyi","species","species_2","ZIPLN","BIC","0.04","0.5905","0.621621759845392","0","0",NA,"0","1.74428343772888"
"121","1","300","20","erdos_renyi","species","species_3","PLN","BIC","0.11","0.5032","0.365655680438759","0.324","0.2","0.016","0.03","0.72470498085022"
"122","1","300","20","erdos_renyi","species","species_3","ZIPLN","BIC","0.05","0.5224","0.486404507271197","0","0",NA,"0","1.67014384269714"
"123","2","300","20","erdos_renyi","species","species_3","PLN","BIC","0.13","0.593047","0.421553239797307","0.26","0.556","0.096","0.164","1.19547486305237"
"124","2","300","20","erdos_renyi","species","species_3","ZIPLN","BIC","0.07","0.612029","0.511661161104195","0.039","0.222","0.222","0.222","2.37672448158264"
"125","3","300","20","erdos_renyi","species","species_3","PLN","BIC","0.12","0.513625","0.47248227450175","0.385","0.375","0.041","0.074","0.988008260726929"
"126","3","300","20","erdos_renyi","species","species_3","ZIPLN","BIC","0.07","0.7734375","0.531883660382524","0","0",NA,"0","2.43710374832153"
"127","4","300","20","erdos_renyi","species","species_3","PLN","BIC","0.12","0.3927295","0.448034525318893","0.208","0.143","0.026","0.043","1.12909865379333"
"128","4","300","20","erdos_renyi","species","species_3","ZIPLN","BIC","0.06","0.731701","0.552067057182544","0","0",NA,"0","2.28532719612122"
"129","5","300","20","erdos_renyi","species","species_3","PLN","BIC","0.13","0.4225","0.454882461948618","0.132","0.125","0.04","0.061","1.14363360404968"
"130","5","300","20","erdos_renyi","species","species_3","ZIPLN","BIC","0.06","0.676625","0.595205930015113","0.044","0.125","0.111","0.118","2.78948140144348"
"131","6","300","20","erdos_renyi","species","species_3","PLN","BIC","0.17","0.443965","0.43322916837453","0.051","0.077","0.1","0.087","2.34942412376404"
"132","6","300","20","erdos_renyi","species","species_3","ZIPLN","BIC","0.08","0.678033","0.608492097922458","0.034","0.538","0.538","0.538","2.23664450645447"
"133","7","300","20","erdos_renyi","species","species_3","PLN","BIC","0.14","0.4766765","0.443426880544007","0.133","0","0","0","1.62101936340332"
"134","7","300","20","erdos_renyi","species","species_3","ZIPLN","BIC","0.07","0.587961","0.552249075953026","0","0.222","1","0.364","1.09115099906921"
"135","8","300","20","erdos_renyi","species","species_3","PLN","BIC","0.17","0.52412","0.34158739794617","0.101","0.091","0.053","0.067","17.6356649398804"
"136","8","300","20","erdos_renyi","species","species_3","ZIPLN","BIC","0.08","0.655957","0.468565103755888","0.017","0.182","0.4","0.25","1.02176833152771"
"137","9","300","20","erdos_renyi","species","species_3","PLN","BIC","0.13","0.778822","0.414412268640837","0.166","0.444","0.118","0.186","1.03199100494385"
"138","9","300","20","erdos_renyi","species","species_3","ZIPLN","BIC","0.06","0.5945145","0.556707678404226","0.006","0.444","0.8","0.571","1.7499942779541"
"139","10","300","20","erdos_renyi","species","species_3","PLN","BIC","0.1","0.765764","0.37786632864604","0.049","0.167","0.1","0.125","4.40107440948486"
"140","10","300","20","erdos_renyi","species","species_3","ZIPLN","BIC","0.04","0.6059725","0.449681697060523","0","0.167","1","0.286","1.56041288375854"
"141","11","300","20","erdos_renyi","species","species_3","PLN","BIC","0.12","0.566779","0.402594723613825","0.262","0.143","0.02","0.036","1.02042174339294"
"142","11","300","20","erdos_renyi","species","species_3","ZIPLN","BIC","0.05","0.691548","0.511701511385548","0.016","0.286","0.4","0.333","1.93738770484924"
"143","12","300","20","erdos_renyi","species","species_3","PLN","BIC","0.09","0.4762","0.420500799181698","0.211","0","0","0","1.2094554901123"
"144","12","300","20","erdos_renyi","species","species_3","ZIPLN","BIC","0.04","0.7196","0.476401651787452","0","0",NA,"0","1.57548666000366"
"145","13","300","20","erdos_renyi","species","species_3","PLN","BIC","0.18","0.4612055","0.417446906426201","0.154","0.067","0.036","0.047","3.82105708122253"
"146","13","300","20","erdos_renyi","species","species_3","ZIPLN","BIC","0.1","0.811903","0.506396388619125","0.006","0.333","0.833","0.476","1.27833414077759"
"147","14","300","20","erdos_renyi","species","species_3","PLN","BIC","0.13","0.5469395","0.38239139443912","0.061","0.111","0.083","0.095","2.71207451820374"
"148","14","300","20","erdos_renyi","species","species_3","ZIPLN","BIC","0.06","0.7472145","0.489819058830457","0.022","0.444","0.5","0.471","1.11824631690979"
"149","15","300","20","erdos_renyi","species","species_3","PLN","BIC","0.15","0.401825","0.453811544539011","0.199","0.071","0.028","0.04","1.00042343139648"
"150","15","300","20","erdos_renyi","species","species_3","ZIPLN","BIC","0.09","0.635711","0.539207376184661","0","0",NA,"0","2.24006414413452"
"151","16","300","20","erdos_renyi","species","species_3","PLN","BIC","0.16","0.5387685","0.43340725861066","0.33","0.364","0.063","0.108","0.87116813659668"
"152","16","300","20","erdos_renyi","species","species_3","ZIPLN","BIC","0.07","0.6188895","0.56246785754147","0.017","0.273","0.5","0.353","1.90179920196533"
"153","17","300","20","erdos_renyi","species","species_3","PLN","BIC","0.08","0.5097","0.47109308060383","0.103","0.2","0.05","0.08","1.02178382873535"
"154","17","300","20","erdos_renyi","species","species_3","ZIPLN","BIC","0.04","0.4772","0.524675969641789","0","0",NA,"0","1.6653459072113"
"155","18","300","20","erdos_renyi","species","species_3","PLN","BIC","0.13","0.4597735","0.442255174672613","0.227","0.111","0.024","0.039","0.998250246047974"
"156","18","300","20","erdos_renyi","species","species_3","ZIPLN","BIC","0.07","0.746482","0.506567860388535","0.055","0.222","0.167","0.19","1.73364067077637"
"157","19","300","20","erdos_renyi","species","species_3","PLN","BIC","0.1","0.6975","0.376912303148126","0.237","0.5","0.043","0.08","0.63767409324646"
"158","19","300","20","erdos_renyi","species","species_3","ZIPLN","BIC","0.04","0.691625","0.482977937499644","0","0",NA,"0","1.03821015357971"
"159","20","300","20","erdos_renyi","species","species_3","PLN","BIC","0.1","0.7682","0.437090148788264","0.097","0.4","0.1","0.16","1.50366258621216"
"160","20","300","20","erdos_renyi","species","species_3","ZIPLN","BIC","0.04","0.7778","0.510006803257244","0.011","0.4","0.5","0.444","1.017991065979"
"161","21","300","20","erdos_renyi","species","species_3","PLN","BIC","0.14","0.4942","0.347065496062297","0.389","0.3","0.041","0.072","1.70100402832031"
"162","21","300","20","erdos_renyi","species","species_3","ZIPLN","BIC","0.07","0.70935","0.446065715989857","0","0",NA,"0","1.60951685905457"
"163","22","300","20","erdos_renyi","species","species_3","PLN","BIC","0.09","0.6459","0.409064971341032","0.178","0.2","0.029","0.051","0.807118654251099"
"164","22","300","20","erdos_renyi","species","species_3","ZIPLN","BIC","0.04","0.8275","0.51718465288277","0.011","0.8","0.667","0.727","1.72765970230103"
"165","23","300","20","erdos_renyi","species","species_3","PLN","BIC","0.13","0.6123435","0.403588548620928","0.197","0.333","0.103","0.157","0.97339129447937"
"166","23","300","20","erdos_renyi","species","species_3","ZIPLN","BIC","0.08","0.7525615","0.521547188391105","0.028","0.25","0.375","0.3","1.88673233985901"
"167","24","300","20","erdos_renyi","species","species_3","PLN","BIC","0.16","0.530171","0.409642706664072","0.045","0","0","0","3.4472177028656"
"168","24","300","20","erdos_renyi","species","species_3","ZIPLN","BIC","0.07","0.846537","0.566152684040444","0.061","0.545","0.353","0.429","2.01780390739441"
"169","25","300","20","erdos_renyi","species","species_3","PLN","BIC","0.1","0.5222","0.37137053030054","0.135","0.2","0.038","0.065","2.64067840576172"
"170","25","300","20","erdos_renyi","species","species_3","ZIPLN","BIC","0.04","0.754","0.47188315638383","0.022","0.4","0.333","0.364","1.08302640914917"
"171","26","300","20","erdos_renyi","species","species_3","PLN","BIC","0.15","0.707176","0.497329523316544","0.14","0.25","0.107","0.15","0.680177688598633"
"172","26","300","20","erdos_renyi","species","species_3","ZIPLN","BIC","0.09","0.4533725","0.623954450159041","0","0.083","1","0.154","1.09954047203064"
"173","27","300","20","erdos_renyi","species","species_3","PLN","BIC","0.14","0.413338","0.448518372431999","0.243","0","0","0","0.99581241607666"
"174","27","300","20","erdos_renyi","species","species_3","ZIPLN","BIC","0.07","0.79664","0.572024625067248","0.011","0.333","0.6","0.429","1.90238451957703"
"175","28","300","20","erdos_renyi","species","species_3","PLN","BIC","0.17","0.4773525","0.420825263202954","0.124","0.083","0.043","0.057","2.58802247047424"
"176","28","300","20","erdos_renyi","species","species_3","ZIPLN","BIC","0.09","0.606384","0.544209728760301","0","0.333","1","0.5","0.959543466567993"
"177","29","300","20","erdos_renyi","species","species_3","PLN","BIC","0.14","0.5693","0.463193031002431","0.133","0.1","0.04","0.057","0.869216918945312"
"178","29","300","20","erdos_renyi","species","species_3","ZIPLN","BIC","0.07","0.78775","0.587358773330332","0.05","0.5","0.357","0.417","1.75617361068726"
"179","30","300","20","erdos_renyi","species","species_3","PLN","BIC","0.13","0.617711","0.492814193265069","0.212","0.182","0.05","0.078","0.94817066192627"
"180","30","300","20","erdos_renyi","species","species_3","ZIPLN","BIC","0.06","0.7240585","0.560891300732354","0.084","0.455","0.25","0.323","1.17526054382324"
"181","1","300","20","erdos_renyi","species","species_4","PLN","BIC","0.1","0.6758125","0.498977353420748","0.093","0.25","0.105","0.148","0.993600845336914"
"182","1","300","20","erdos_renyi","species","species_4","ZIPLN","BIC","0.06","0.69575","0.5575051031389","0.077","0.5","0.222","0.308","2.1757504940033"
"183","2","300","20","erdos_renyi","species","species_4","PLN","BIC","0.14","0.528622","0.322816291714982","0.061","0.091","0.083","0.087","3.14217495918274"
"184","2","300","20","erdos_renyi","species","species_4","ZIPLN","BIC","0.07","0.599765","0.428170126105984","0","0.091","1","0.167","1.49919748306274"
"185","3","300","20","erdos_renyi","species","species_4","PLN","BIC","0.15","0.487307","0.326628392898087","0.346","0.364","0.061","0.104","3.0867133140564"
"186","3","300","20","erdos_renyi","species","species_4","ZIPLN","BIC","0.08","0.567173","0.445712185419294","0","0.182","1","0.308","2.4824538230896"
"187","4","300","20","erdos_renyi","species","species_4","PLN","BIC","0.12","0.5743515","0.482878025321676","0.188","0.333","0.081","0.13","1.07819700241089"
"188","4","300","20","erdos_renyi","species","species_4","ZIPLN","BIC","0.06","0.362245","0.585493149279255","0","0",NA,"0","2.32810139656067"
"189","5","300","20","erdos_renyi","species","species_4","PLN","BIC","0.14","0.692102","0.482939663846274","0.022","0","0","0","1.96438121795654"
"190","5","300","20","erdos_renyi","species","species_4","ZIPLN","BIC","0.08","0.8644725","0.540460517175557","0.128","0.727","0.258","0.381","2.71833467483521"
"191","6","300","20","erdos_renyi","species","species_4","PLN","BIC","0.11","0.666951","0.443344385680588","0.044","0","0","0","2.94744443893433"
"192","6","300","20","erdos_renyi","species","species_4","ZIPLN","BIC","0.05","0.866128","0.511088487680516","0.017","0.667","0.667","0.667","2.09436368942261"
"193","7","300","20","erdos_renyi","species","species_4","PLN","BIC","0.12","0.6103125","0.342173680781353","0.368","0.625","0.069","0.125","1.18453502655029"
"194","7","300","20","erdos_renyi","species","species_4","ZIPLN","BIC","0.06","0.640875","0.449717185662079","0.005","0","0","0","1.5575737953186"
"195","8","300","20","erdos_renyi","species","species_4","PLN","BIC","0.12","0.75","0.466509102638443","0.017","0.1","0.25","0.143","1.51117706298828"
"196","8","300","20","erdos_renyi","species","species_4","ZIPLN","BIC","0.06","0.57045","0.551563014797795","0.022","0.4","0.5","0.444","1.07537198066711"
"197","9","300","20","erdos_renyi","species","species_4","PLN","BIC","0.11","0.646269","0.415869136990286","0.266","0.5","0.058","0.103","1.50448656082153"
"198","9","300","20","erdos_renyi","species","species_4","ZIPLN","BIC","0.05","0.56968","0.489651135163377","0.005","0.333","0.667","0.444","1.62273383140564"
"199","10","300","20","erdos_renyi","species","species_4","PLN","BIC","0.13","0.5476","0.476128476698053","0.028","0.1","0.167","0.125","3.35641407966614"
"200","10","300","20","erdos_renyi","species","species_4","ZIPLN","BIC","0.07","0.4709","0.557682031601195","0","0.1","1","0.182","1.61566162109375"
"201","11","300","20","erdos_renyi","species","species_4","PLN","BIC","0.17","0.6085495","0.411119008579442","0.345","0.625","0.143","0.233","1.97415399551392"
"202","11","300","20","erdos_renyi","species","species_4","ZIPLN","BIC","0.11","0.5043615","0.50435204969478","0","0",NA,"0","1.76250696182251"
"203","12","300","20","erdos_renyi","species","species_4","PLN","BIC","0.13","0.6009375","0.473044275556524","0.308","0.375","0.051","0.09","2.38017511367798"
"204","12","300","20","erdos_renyi","species","species_4","ZIPLN","BIC","0.06","0.738375","0.591631748303101","0","0.125","1","0.222","1.57180285453796"
"205","13","300","20","erdos_renyi","species","species_4","PLN","BIC","0.1","0.5608","0.436418478349738","0.292","0.2","0.018","0.033","1.1624538898468"
"206","13","300","20","erdos_renyi","species","species_4","ZIPLN","BIC","0.04","0.5112","0.51000275892015","0.022","0.2","0.2","0.2","1.67123436927795"
"207","14","300","20","erdos_renyi","species","species_4","PLN","BIC","0.18","0.548722","0.467861499103377","0.084","0","0","0","2.58303833007812"
"208","14","300","20","erdos_renyi","species","species_4","ZIPLN","BIC","0.09","0.673875","0.594697623533127","0","0.167","1","0.286","1.04620695114136"
"209","15","300","20","erdos_renyi","species","species_4","PLN","BIC","0.11","0.553888","0.488731928367901","0.077","0.111","0.067","0.083","3.28879737854004"
"210","15","300","20","erdos_renyi","species","species_4","ZIPLN","BIC","0.07","0.5472495","0.543040955239053","0","0.111","1","0.2","1.36181640625"
"211","16","300","20","erdos_renyi","species","species_4","PLN","BIC","0.11","0.5929","0.43762862668857","0.043","0","0","0","5.26815271377563"
"212","16","300","20","erdos_renyi","species","species_4","ZIPLN","BIC","0.06","0.6324","0.500449050081692","0","0.2","1","0.333","1.69329643249512"
"213","17","300","20","erdos_renyi","species","species_4","PLN","BIC","0.21","0.514964","0.469877663738929","0.17","0.158","0.094","0.118","1.99862909317017"
"214","17","300","20","erdos_renyi","species","species_4","ZIPLN","BIC","0.12","0.62209","0.645914726296067","0.07","0.316","0.333","0.324","1.9353666305542"
"215","18","300","20","erdos_renyi","species","species_4","PLN","BIC","0.13","0.7529085","0.411029280217934","0.093","0.286","0.105","0.154","4.77420616149902"
"216","18","300","20","erdos_renyi","species","species_4","ZIPLN","BIC","0.06","0.4000465","0.458074009436794","0.005","0.143","0.5","0.222","1.73661327362061"
"217","19","300","20","erdos_renyi","species","species_4","PLN","BIC","0.14","0.6477935","0.537769373456911","0.046","0","0","0","2.67009854316711"
"218","19","300","20","erdos_renyi","species","species_4","ZIPLN","BIC","0.08","0.7119305","0.58847392563253","0.063","0.333","0.312","0.323","2.02270221710205"
"219","20","300","20","erdos_renyi","species","species_4","PLN","BIC","0.12","0.430714","0.39539555609764","0.366","0.143","0.015","0.027","0.763201475143433"
"220","20","300","20","erdos_renyi","species","species_4","ZIPLN","BIC","0.06","0.609231","0.46263429975732","0","0",NA,"0","0.987780332565308"
"221","21","300","20","erdos_renyi","species","species_4","PLN","BIC","0.15","0.595125","0.380083217467634","0.038","0.25","0.222","0.235","2.91898965835571"
"222","21","300","20","erdos_renyi","species","species_4","ZIPLN","BIC","0.07","0.6861875","0.547357300619336","0.038","0.25","0.222","0.235","1.04325294494629"
"223","22","300","20","erdos_renyi","species","species_4","PLN","BIC","0.11","0.5391195","0.414220476048366","0.054","0","0","0","3.15292954444885"
"224","22","300","20","erdos_renyi","species","species_4","ZIPLN","BIC","0.05","0.810096","0.497468787488697","0.016","0.5","0.5","0.5","1.18210434913635"
"225","23","300","20","erdos_renyi","species","species_4","PLN","BIC","0.12","0.621384","0.442545828566077","0.186","0.429","0.081","0.136","1.66225433349609"
"226","23","300","20","erdos_renyi","species","species_4","ZIPLN","BIC","0.05","0.4601","0.51578352624398","0","0",NA,"0","1.60294580459595"
"227","24","300","20","erdos_renyi","species","species_4","PLN","BIC","0.11","0.7449285","0.489938200649011","0.127","0.111","0.042","0.061","0.981987953186035"
"228","24","300","20","erdos_renyi","species","species_4","ZIPLN","BIC","0.06","0.7302035","0.542202834988466","0.022","0.556","0.556","0.556","1.73635911941528"
"229","25","300","20","erdos_renyi","species","species_4","PLN","BIC","0.12","0.6109555","0.474015652797718","0.087","0","0","0","1.59088563919067"
"230","25","300","20","erdos_renyi","species","species_4","ZIPLN","BIC","0.08","0.749664","0.545334871021282","0.022","0.286","0.333","0.308","1.84363627433777"
"231","26","300","20","erdos_renyi","species","species_4","PLN","BIC","0.12","0.515375","0.498946141091712","0.148","0.125","0.036","0.056","0.607528924942017"
"232","26","300","20","erdos_renyi","species","species_4","ZIPLN","BIC","0.05","0.624875","0.586788709229881","0","0.125","1","0.222","1.06637501716614"
"233","27","300","20","erdos_renyi","species","species_4","PLN","BIC","0.14","0.499962","0.446307263164248","0.235","0.143","0.023","0.039","0.775432348251343"
"234","27","300","20","erdos_renyi","species","species_4","ZIPLN","BIC","0.07","0.5588755","0.552650565387774","0","0",NA,"0","1.01270508766174"
"235","28","300","20","erdos_renyi","species","species_4","PLN","BIC","0.09","0.407","0.40033971885123","0.109","0","0","0","2.33783173561096"
"236","28","300","20","erdos_renyi","species","species_4","ZIPLN","BIC","0.04","0.6000235","0.449864051975636","0.011","0.143","0.333","0.2","0.889414310455322"
"237","29","300","20","erdos_renyi","species","species_4","PLN","BIC","0.1","0.482078","0.47396967004665","0.257","0.286","0.041","0.071","1.82903504371643"
"238","29","300","20","erdos_renyi","species","species_4","ZIPLN","BIC","0.05","0.7207335","0.547638084963456","0.011","0.286","0.5","0.364","1.11872696876526"
"239","30","300","20","erdos_renyi","species","species_4","PLN","BIC","0.13","0.559448","0.45968238679413","0.124","0.083","0.043","0.057","1.59509658813477"
"240","30","300","20","erdos_renyi","species","species_4","ZIPLN","BIC","0.08","0.6810885","0.515022285718193","0","0.167","1","0.286","1.07215261459351"
"241","1","300","50","erdos_renyi","species","species_1","PLN","BIC","0.11","0.8935675","0.756498419525358","0.012","0.508","0.682","0.583","3.07301354408264"
"242","1","300","50","erdos_renyi","species","species_1","ZIPLN","BIC","0.1","0.915736","0.77591179019571","0.026","0.644","0.559","0.598","7.49274802207947"
"243","2","300","50","erdos_renyi","species","species_1","PLN","BIC","0.1","0.842444","0.702943731928642","0.007","0.469","0.789","0.588","3.6438524723053"
"244","2","300","50","erdos_renyi","species","species_1","ZIPLN","BIC","0.07","0.8504225","0.724593868680047","0.051","0.703","0.433","0.536","6.80423140525818"
"245","3","300","50","erdos_renyi","species","species_1","PLN","BIC","0.12","0.856343","0.689164341177912","0.076","0.639","0.343","0.447","4.02283787727356"
"246","3","300","50","erdos_renyi","species","species_1","ZIPLN","BIC","0.09","0.879743","0.737255892208368","0.064","0.736","0.417","0.533","8.28051280975342"
"247","4","300","50","erdos_renyi","species","species_1","PLN","BIC","0.1","0.892778","0.713586751611108","0.015","0.525","0.64","0.577","3.47924137115479"
"248","4","300","50","erdos_renyi","species","species_1","ZIPLN","BIC","0.07","0.9340165","0.770733396426847","0.04","0.754","0.5","0.601","7.54128646850586"
"249","5","300","50","erdos_renyi","species","species_1","PLN","BIC","0.12","0.8120285","0.765073147326122","0.017","0.384","0.583","0.463","3.70589470863342"
"250","5","300","50","erdos_renyi","species","species_1","ZIPLN","BIC","0.09","0.84169","0.806797039779708","0.029","0.479","0.515","0.496","6.98519039154053"
"251","6","300","50","erdos_renyi","species","species_1","PLN","BIC","0.1","0.8291465","0.705668167464847","0.004","0.309","0.773","0.442","3.78912901878357"
"252","6","300","50","erdos_renyi","species","species_1","ZIPLN","BIC","0.07","0.9030435","0.773192157047225","0.041","0.636","0.422","0.507","6.0247905254364"
"253","7","300","50","erdos_renyi","species","species_1","PLN","BIC","0.09","0.858689","0.715301101692426","0.034","0.612","0.429","0.504","3.66707873344421"
"254","7","300","50","erdos_renyi","species","species_1","ZIPLN","BIC","0.07","0.898165","0.768309209829209","0.05","0.755","0.385","0.51","7.02212333679199"
"255","8","300","50","erdos_renyi","species","species_1","PLN","BIC","0.1","0.9204205","0.718279851367124","0.025","0.609","0.574","0.591","3.99856734275818"
"256","8","300","50","erdos_renyi","species","species_1","ZIPLN","BIC","0.08","0.9168205","0.759161549312066","0.037","0.719","0.517","0.601","6.29094696044922"
"257","9","300","50","erdos_renyi","species","species_1","PLN","BIC","0.08","0.834191","0.729629143053297","0.006","0.543","0.781","0.641","2.22331309318542"
"258","9","300","50","erdos_renyi","species","species_1","ZIPLN","BIC","0.06","0.868459","0.756618272596543","0.003","0.478","0.846","0.611","3.69752407073975"
"259","10","300","50","erdos_renyi","species","species_1","PLN","BIC","0.1","0.8500365","0.732083260372204","0.016","0.5","0.612","0.55","3.07650709152222"
"260","10","300","50","erdos_renyi","species","species_1","ZIPLN","BIC","0.09","0.8751655","0.767347128386305","0.029","0.617","0.521","0.565","6.32144379615784"
"261","11","300","50","erdos_renyi","species","species_1","PLN","BIC","0.1","0.848291","0.728328049576022","0.02","0.508","0.589","0.545","3.05075788497925"
"262","11","300","50","erdos_renyi","species","species_1","ZIPLN","BIC","0.08","0.8852315","0.756921389174061","0.025","0.554","0.554","0.554","6.84537267684937"
"263","12","300","50","erdos_renyi","species","species_1","PLN","BIC","0.11","0.864378","0.719019481862099","0.013","0.4","0.615","0.485","2.91059350967407"
"264","12","300","50","erdos_renyi","species","species_1","ZIPLN","BIC","0.09","0.887131","0.7622753037509","0.021","0.55","0.579","0.564","6.32228708267212"
"265","13","300","50","erdos_renyi","species","species_1","PLN","BIC","0.12","0.851324","0.747010744786182","0.032","0.543","0.507","0.524","2.13881683349609"
"266","13","300","50","erdos_renyi","species","species_1","ZIPLN","BIC","0.1","0.867837","0.776123671778857","0.033","0.6","0.525","0.56","3.66647744178772"
"267","14","300","50","erdos_renyi","species","species_1","PLN","BIC","0.11","0.839993","0.757480523904574","0.017","0.459","0.583","0.514","3.22272682189941"
"268","14","300","50","erdos_renyi","species","species_1","ZIPLN","BIC","0.1","0.827087","0.771426929818703","0.062","0.607","0.339","0.435","5.83193349838257"
"269","15","300","50","erdos_renyi","species","species_1","PLN","BIC","0.1","0.874371","0.704292456245541","0.009","0.431","0.694","0.532","1.93518376350403"
"270","15","300","50","erdos_renyi","species","species_1","ZIPLN","BIC","0.08","0.885232","0.733826949102702","0.024","0.655","0.576","0.613","3.68873524665833"
"271","16","300","50","erdos_renyi","species","species_1","PLN","BIC","0.1","0.877618","0.744986538425253","0.009","0.327","0.63","0.43","2.77846503257751"
"272","16","300","50","erdos_renyi","species","species_1","ZIPLN","BIC","0.08","0.903253","0.784266197436896","0.012","0.423","0.611","0.5","6.49228239059448"
"273","17","300","50","erdos_renyi","species","species_1","PLN","BIC","0.12","0.8965095","0.753334696852997","0.022","0.464","0.561","0.508","3.58020901679993"
"274","17","300","50","erdos_renyi","species","species_1","ZIPLN","BIC","0.09","0.9068645","0.798113576802623","0.026","0.609","0.583","0.596","6.88710165023804"
"275","18","300","50","erdos_renyi","species","species_1","PLN","BIC","0.11","0.862254","0.715801197520679","0.01","0.5","0.721","0.59","3.63897156715393"
"276","18","300","50","erdos_renyi","species","species_1","ZIPLN","BIC","0.08","0.861418","0.777918589191062","0.028","0.613","0.535","0.571","6.77381873130798"
"277","19","300","50","erdos_renyi","species","species_1","PLN","BIC","0.09","0.8612135","0.728601234357371","0.003","0.436","0.857","0.578","2.14208841323853"
"278","19","300","50","erdos_renyi","species","species_1","ZIPLN","BIC","0.08","0.9145765","0.756517314173078","0.038","0.727","0.476","0.576","3.83297681808472"
"279","20","300","50","erdos_renyi","species","species_1","PLN","BIC","0.11","0.8922675","0.72146646792891","0.005","0.423","0.833","0.561","3.43200635910034"
"280","20","300","50","erdos_renyi","species","species_1","ZIPLN","BIC","0.09","0.9110025","0.764909646506907","0.039","0.69","0.521","0.594","7.10600924491882"
"281","21","300","50","erdos_renyi","species","species_1","PLN","BIC","0.09","0.848723","0.755095690346889","0.016","0.475","0.596","0.528","1.97783017158508"
"282","21","300","50","erdos_renyi","species","species_1","ZIPLN","BIC","0.08","0.853782","0.754375474124614","0.015","0.525","0.633","0.574","3.5365891456604"
"283","22","300","50","erdos_renyi","species","species_1","PLN","BIC","0.11","0.8151925","0.739175125622838","0.023","0.563","0.606","0.584","2.53854632377625"
"284","22","300","50","erdos_renyi","species","species_1","ZIPLN","BIC","0.09","0.8442285","0.764619420897062","0.055","0.634","0.417","0.503","3.71338057518005"
"285","23","300","50","erdos_renyi","species","species_1","PLN","BIC","0.12","0.8410655","0.751510598062452","0.026","0.397","0.474","0.432","2.9507315158844"
"286","23","300","50","erdos_renyi","species","species_1","ZIPLN","BIC","0.1","0.817577","0.764906637948899","0.084","0.618","0.302","0.406","6.34064245223999"
"287","24","300","50","erdos_renyi","species","species_1","PLN","BIC","0.1","0.76437","0.730883808879473","0.001","0.24","0.923","0.381","3.1502890586853"
"288","24","300","50","erdos_renyi","species","species_1","ZIPLN","BIC","0.08","0.84949","0.787091234762561","0.006","0.4","0.741","0.519","7.02481174468994"
"289","25","300","50","erdos_renyi","species","species_1","PLN","BIC","0.09","0.915047","0.747204019760881","0.041","0.719","0.461","0.562","2.08647608757019"
"290","25","300","50","erdos_renyi","species","species_1","ZIPLN","BIC","0.08","0.9035785","0.779443663216151","0.031","0.684","0.52","0.591","3.47936534881592"
"291","26","300","50","erdos_renyi","species","species_1","PLN","BIC","0.1","0.853831","0.711466741750871","0.015","0.492","0.653","0.561","3.35602426528931"
"292","26","300","50","erdos_renyi","species","species_1","ZIPLN","BIC","0.09","0.8715005","0.722204149203648","0.065","0.646","0.359","0.462","7.27337765693665"
"293","27","300","50","erdos_renyi","species","species_1","PLN","BIC","0.1","0.8784495","0.703630237911133","0.027","0.596","0.523","0.557","2.50269985198975"
"294","27","300","50","erdos_renyi","species","species_1","ZIPLN","BIC","0.08","0.9161845","0.739505506570949","0.04","0.702","0.46","0.556","3.40947103500366"
"295","28","300","50","erdos_renyi","species","species_1","PLN","BIC","0.11","0.8513835","0.712523724674629","0.024","0.479","0.548","0.511","2.15470099449158"
"296","28","300","50","erdos_renyi","species","species_1","ZIPLN","BIC","0.09","0.8936645","0.73589250579451","0.027","0.676","0.608","0.64","3.91427755355835"
"297","29","300","50","erdos_renyi","species","species_1","PLN","BIC","0.12","0.891144","0.765987820787285","0.023","0.569","0.612","0.59","1.88397121429443"
"298","29","300","50","erdos_renyi","species","species_1","ZIPLN","BIC","0.1","0.921966","0.810222621548514","0.049","0.75","0.486","0.59","3.65055847167969"
"299","30","300","50","erdos_renyi","species","species_1","PLN","BIC","0.11","0.8061585","0.721093059353082","0.009","0.328","0.677","0.442","3.19397687911987"
"300","30","300","50","erdos_renyi","species","species_1","ZIPLN","BIC","0.09","0.8446785","0.748166819229503","0.038","0.594","0.463","0.521","6.66589307785034"
"301","1","300","50","erdos_renyi","species","species_2","PLN","BIC","0.12","0.653418","0.653855025127744","0","0",NA,"0","7.11162304878235"
"302","1","300","50","erdos_renyi","species","species_2","ZIPLN","BIC","0.07","0.8171675","0.765413461541448","0.024","0.476","0.517","0.496","7.44694757461548"
"303","2","300","50","erdos_renyi","species","species_2","PLN","BIC","0.11","0.7425215","0.553506732095014","0","0",NA,"0","5.43757653236389"
"304","2","300","50","erdos_renyi","species","species_2","ZIPLN","BIC","0.06","0.8971315","0.713678792433426","0.011","0.458","0.629","0.53","4.47683477401733"
"305","3","300","50","erdos_renyi","species","species_2","PLN","BIC","0.12","0.718671","0.602795447897013","0.007","0.206","0.619","0.31","8.10080146789551"
"306","3","300","50","erdos_renyi","species","species_2","ZIPLN","BIC","0.08","0.87063","0.733206338976298","0.009","0.349","0.688","0.463","8.38861966133118"
"307","4","300","50","erdos_renyi","species","species_2","PLN","BIC","0.12","0.645618","0.599864318351198","0","0",NA,"0","8.90515041351318"
"308","4","300","50","erdos_renyi","species","species_2","ZIPLN","BIC","0.08","0.8355955","0.733619734540451","0.001","0.13","0.875","0.226","6.64945220947266"
"309","5","300","50","erdos_renyi","species","species_2","PLN","BIC","0.14","0.6705555","0.625635319468686","0","0",NA,"0","7.97225332260132"
"310","5","300","50","erdos_renyi","species","species_2","ZIPLN","BIC","0.09","0.8363165","0.769674083672405","0.015","0.413","0.605","0.491","6.78772830963135"
"311","6","300","50","erdos_renyi","species","species_2","PLN","BIC","0.13","0.667224","0.597663571397829","0","0",NA,"0","8.23791432380676"
"312","6","300","50","erdos_renyi","species","species_2","ZIPLN","BIC","0.09","0.862722","0.740038879866701","0.024","0.444","0.462","0.453","7.68386769294739"
"313","7","300","50","erdos_renyi","species","species_2","PLN","BIC","0.13","0.736385","0.594121575367994","0","0",NA,"0","7.77218222618103"
"314","7","300","50","erdos_renyi","species","species_2","ZIPLN","BIC","0.08","0.8511465","0.772241064739561","0.015","0.352","0.528","0.422","7.11650657653809"
"315","8","300","50","erdos_renyi","species","species_2","PLN","BIC","0.15","0.7010565","0.579183525656503","0","0",NA,"0","7.33842968940735"
"316","8","300","50","erdos_renyi","species","species_2","ZIPLN","BIC","0.09","0.876455","0.722943478549876","0.077","0.652","0.326","0.434","4.39185690879822"
"317","9","300","50","erdos_renyi","species","species_2","PLN","BIC","0.14","0.710027","0.596251717432445","0","0",NA,"0","9.98184394836426"
"318","9","300","50","erdos_renyi","species","species_2","ZIPLN","BIC","0.08","0.8536115","0.749740114907932","0.034","0.516","0.452","0.482","7.17032623291016"
"319","10","300","50","erdos_renyi","species","species_2","PLN","BIC","0.14","0.7138355","0.603699859045894","0","0",NA,"0","9.35680460929871"
"320","10","300","50","erdos_renyi","species","species_2","ZIPLN","BIC","0.08","0.8575945","0.765908810858345","0.03","0.492","0.47","0.481","6.704425573349"
"321","11","300","50","erdos_renyi","species","species_2","PLN","BIC","0.12","0.8034155","0.613087852267438","0","0",NA,"0","8.3952488899231"
"322","11","300","50","erdos_renyi","species","species_2","ZIPLN","BIC","0.07","0.923406","0.741015431756703","0.028","0.688","0.5","0.579","7.36662697792053"
"323","12","300","50","erdos_renyi","species","species_2","PLN","BIC","0.13","0.6636705","0.576762935633992","0","0",NA,"0","10.1059322357178"
"324","12","300","50","erdos_renyi","species","species_2","ZIPLN","BIC","0.09","0.826355","0.720100296342587","0.019","0.397","0.532","0.455","7.62838768959045"
"325","13","300","50","erdos_renyi","species","species_2","PLN","BIC","0.12","0.7806675","0.590654074264499","0","0",NA,"0","9.87437081336975"
"326","13","300","50","erdos_renyi","species","species_2","ZIPLN","BIC","0.08","0.843467","0.703662976537021","0.004","0.348","0.762","0.478","8.77850198745728"
"327","14","300","50","erdos_renyi","species","species_2","PLN","BIC","0.12","0.7840175","0.583922256820573","0","0",NA,"0","6.15393328666687"
"328","14","300","50","erdos_renyi","species","species_2","ZIPLN","BIC","0.08","0.872573","0.681712844098588","0.018","0.553","0.553","0.553","4.30861830711365"
"329","15","300","50","erdos_renyi","species","species_2","PLN","BIC","0.13","0.713402","0.586327179502425","0","0",NA,"0","9.20368766784668"
"330","15","300","50","erdos_renyi","species","species_2","ZIPLN","BIC","0.1","0.8380835","0.699165707586648","0.01","0.315","0.657","0.426","8.02126312255859"
"331","16","300","50","erdos_renyi","species","species_2","PLN","BIC","0.13","0.620317","0.572826119920816","0","0",NA,"0","10.4311356544495"
"332","16","300","50","erdos_renyi","species","species_2","ZIPLN","BIC","0.08","0.8275635","0.746845015861781","0.002","0.172","0.833","0.286","7.82953977584839"
"333","17","300","50","erdos_renyi","species","species_2","PLN","BIC","0.14","0.7235795","0.606025220959874","0","0",NA,"0","8.74703240394592"
"334","17","300","50","erdos_renyi","species","species_2","ZIPLN","BIC","0.1","0.826827","0.731471335949656","0.021","0.42","0.547","0.475","7.34820151329041"
"335","18","300","50","erdos_renyi","species","species_2","PLN","BIC","0.13","0.7005405","0.50775193080463","0","0",NA,"0","11.553150177002"
"336","18","300","50","erdos_renyi","species","species_2","ZIPLN","BIC","0.08","0.851416","0.684466296080805","0.034","0.509","0.42","0.46","5.03431940078735"
"337","19","300","50","erdos_renyi","species","species_2","PLN","BIC","0.13","0.7421695","0.58682461983858","0","0",NA,"0","8.97861790657043"
"338","19","300","50","erdos_renyi","species","species_2","ZIPLN","BIC","0.08","0.8899875","0.719747703355685","0.047","0.554","0.4","0.465","6.95682287216187"
"339","20","300","50","erdos_renyi","species","species_2","PLN","BIC","0.14","0.6437045","0.564539388319206","0","0",NA,"0","6.46834063529968"
"340","20","300","50","erdos_renyi","species","species_2","ZIPLN","BIC","0.08","0.8513095","0.731362067567695","0.035","0.446","0.414","0.43","4.48928165435791"
"341","21","300","50","erdos_renyi","species","species_2","PLN","BIC","0.14","0.654258","0.551218520801084","0","0",NA,"0","10.2998650074005"
"342","21","300","50","erdos_renyi","species","species_2","ZIPLN","BIC","0.08","0.8773235","0.727629844996719","0.036","0.534","0.425","0.473","5.47496914863586"
"343","22","300","50","erdos_renyi","species","species_2","PLN","BIC","0.14","0.7216065","0.588967363208782","0","0",NA,"0","10.6573979854584"
"344","22","300","50","erdos_renyi","species","species_2","ZIPLN","BIC","0.08","0.8358945","0.751751668017054","0.037","0.517","0.419","0.463","7.73372650146484"
"345","23","300","50","erdos_renyi","species","species_2","PLN","BIC","0.1","0.686584","0.615033642758227","0","0",NA,"0","7.7683093547821"
"346","23","300","50","erdos_renyi","species","species_2","ZIPLN","BIC","0.07","0.9069925","0.738685846524167","0.011","0.438","0.618","0.512","7.74536800384521"
"347","24","300","50","erdos_renyi","species","species_2","PLN","BIC","0.12","0.68357","0.522813983039879","0","0",NA,"0","7.05441236495972"
"348","24","300","50","erdos_renyi","species","species_2","ZIPLN","BIC","0.07","0.83802","0.682172528941143","0.012","0.34","0.548","0.42","5.73436522483826"
"349","25","300","50","erdos_renyi","species","species_2","PLN","BIC","0.13","0.7289695","0.597897428159854","0.005","0.029","0.25","0.053","6.37908411026001"
"350","25","300","50","erdos_renyi","species","species_2","ZIPLN","BIC","0.08","0.8759615","0.722894704658581","0.042","0.632","0.467","0.537","5.14872694015503"
"351","26","300","50","erdos_renyi","species","species_2","PLN","BIC","0.15","0.700394","0.581284755621166","0.001","0","0","0","4.9992504119873"
"352","26","300","50","erdos_renyi","species","species_2","ZIPLN","BIC","0.09","0.8539105","0.741354268866782","0.036","0.561","0.468","0.51","5.24254751205444"
"353","27","300","50","erdos_renyi","species","species_2","PLN","BIC","0.11","0.765542","0.577112233605899","0","0",NA,"0","6.15262246131897"
"354","27","300","50","erdos_renyi","species","species_2","ZIPLN","BIC","0.07","0.882015","0.713576223214475","0.009","0.308","0.615","0.41","4.11651873588562"
"355","28","300","50","erdos_renyi","species","species_2","PLN","BIC","0.13","0.624395","0.545225274937103","0","0",NA,"0","10.6629245281219"
"356","28","300","50","erdos_renyi","species","species_2","ZIPLN","BIC","0.08","0.8547045","0.73356795272908","0.025","0.469","0.508","0.488","7.95173740386963"
"357","29","300","50","erdos_renyi","species","species_2","PLN","BIC","0.12","0.7170725","0.587188041337857","0","0",NA,"0","6.36071920394897"
"358","29","300","50","erdos_renyi","species","species_2","ZIPLN","BIC","0.07","0.8157235","0.718916899625382","0.018","0.397","0.523","0.451","3.90719485282898"
"359","30","300","50","erdos_renyi","species","species_2","PLN","BIC","0.13","0.689713","0.585517099566851","0","0",NA,"0","5.31858706474304"
"360","30","300","50","erdos_renyi","species","species_2","ZIPLN","BIC","0.07","0.872821","0.759079350169894","0.038","0.509","0.384","0.437","4.47526073455811"
"361","1","300","50","erdos_renyi","species","species_3","PLN","BIC","0.14","0.5425835","0.461232342527179","0.001","0","0","0","25.6257016658783"
"362","1","300","50","erdos_renyi","species","species_3","ZIPLN","BIC","0.08","0.648914","0.59343282196643","0.012","0.232","0.481","0.313","6.9491879940033"
"363","2","300","50","erdos_renyi","species","species_3","PLN","BIC","0.14","0.5733905","0.484358096624709","0","0",NA,"0","15.5924217700958"
"364","2","300","50","erdos_renyi","species","species_3","ZIPLN","BIC","0.08","0.670078","0.589380207923518","0.023","0.175","0.289","0.218","4.57005000114441"
"365","3","300","50","erdos_renyi","species","species_3","PLN","BIC","0.14","0.5776175","0.462354690570696","0.001","0","0","0","23.4249684810638"
"366","3","300","50","erdos_renyi","species","species_3","ZIPLN","BIC","0.09","0.7011405","0.623581865968527","0.009","0.105","0.375","0.164","7.54500412940979"
"367","4","300","50","erdos_renyi","species","species_3","PLN","BIC","0.15","0.629132","0.508645899153358","0","0",NA,"0","22.9769945144653"
"368","4","300","50","erdos_renyi","species","species_3","ZIPLN","BIC","0.1","0.704324","0.590931312232662","0.014","0.206","0.467","0.286","7.57409977912903"
"369","5","300","50","erdos_renyi","species","species_3","PLN","BIC","0.14","0.6100465","0.486819332661214","0","0",NA,"0","25.6038813591003"
"370","5","300","50","erdos_renyi","species","species_3","ZIPLN","BIC","0.09","0.7089605","0.640357896200032","0.008","0.231","0.571","0.329","6.97651815414429"
"371","6","300","50","erdos_renyi","species","species_3","PLN","BIC","0.13","0.5188175","0.524871891196013","0.008","0","0","0","17.3485567569733"
"372","6","300","50","erdos_renyi","species","species_3","ZIPLN","BIC","0.07","0.670862","0.686484738316737","0.007","0.152","0.467","0.23","7.02784729003906"
"373","7","300","50","erdos_renyi","species","species_3","PLN","BIC","0.15","0.5147015","0.437563594471647","0.003","0","0","0","1.05604847669601"
"374","7","300","50","erdos_renyi","species","species_3","ZIPLN","BIC","0.09","0.610007","0.577367658474219","0.007","0.062","0.333","0.104","7.48221182823181"
"375","8","300","50","erdos_renyi","species","species_3","PLN","BIC","0.14","0.529595","0.494194552023611","0.008","0","0","0","13.6431245803833"
"376","8","300","50","erdos_renyi","species","species_3","ZIPLN","BIC","0.08","0.6705635","0.633725328639031","0.019","0.327","0.436","0.374","6.71899724006653"
"377","9","300","50","erdos_renyi","species","species_3","PLN","BIC","0.14","0.5416205","0.470665593906161","0.002","0","0","0","22.5390830039978"
"378","9","300","50","erdos_renyi","species","species_3","ZIPLN","BIC","0.08","0.634723","0.584414274091996","0.002","0.176","0.818","0.29","7.50049209594727"
"379","10","300","50","erdos_renyi","species","species_3","PLN","BIC","0.14","0.5322","0.498194087421786","0","0",NA,"0","20.790109872818"
"380","10","300","50","erdos_renyi","species","species_3","ZIPLN","BIC","0.08","0.72871","0.615079852930804","0.015","0.28","0.438","0.341","7.35215854644775"
"381","11","300","50","erdos_renyi","species","species_3","PLN","BIC","0.13","0.5780035","0.513259757631467","0","0",NA,"0","19.2556314468384"
"382","11","300","50","erdos_renyi","species","species_3","ZIPLN","BIC","0.08","0.7416195","0.623077248662575","0.019","0.25","0.389","0.304","7.05403161048889"
"383","12","300","50","erdos_renyi","species","species_3","PLN","BIC","0.13","0.5592925","0.45002639038953","0","0",NA,"0","17.3201208114624"
"384","12","300","50","erdos_renyi","species","species_3","ZIPLN","BIC","0.08","0.7443695","0.57255716294158","0.005","0.255","0.684","0.371","7.37378835678101"
"385","13","300","50","erdos_renyi","species","species_3","PLN","BIC","0.14","0.571792","0.539007878852093","0.003","0.014","0.25","0.027","24.3277468681335"
"386","13","300","50","erdos_renyi","species","species_3","ZIPLN","BIC","0.09","0.7174995","0.621447246277762","0.048","0.314","0.286","0.299","7.11384844779968"
"387","14","300","50","erdos_renyi","species","species_3","PLN","BIC","0.14","0.6210275","0.45410965739339","0.001","0","0","0","14.3544538021088"
"388","14","300","50","erdos_renyi","species","species_3","ZIPLN","BIC","0.09","0.62236","0.604268349714181","0.016","0.136","0.333","0.194","4.88603258132935"
"389","15","300","50","erdos_renyi","species","species_3","PLN","BIC","0.16","0.5787265","0.539710534173337","0.003","0","0","0","18.6466407775879"
"390","15","300","50","erdos_renyi","species","species_3","ZIPLN","BIC","0.1","0.7115535","0.662791316568102","0.024","0.286","0.449","0.349","8.13573527336121"
"391","16","300","50","erdos_renyi","species","species_3","PLN","BIC","0.14","0.6108965","0.478214674410387","0.003","0","0","0","11.5229439735413"
"392","16","300","50","erdos_renyi","species","species_3","ZIPLN","BIC","0.08","0.7153005","0.605774565452971","0.03","0.361","0.386","0.373","6.64847946166992"
"393","17","300","50","erdos_renyi","species","species_3","PLN","BIC","0.15","0.5408705","0.483334326934828","0.007","0","0","0","50.3946642875671"
"394","17","300","50","erdos_renyi","species","species_3","ZIPLN","BIC","0.1","0.7343455","0.62171699010134","0.026","0.208","0.333","0.256","4.63086414337158"
"395","18","300","50","erdos_renyi","species","species_3","PLN","BIC","0.13","0.5413925","0.486146516260733","0.004","0","0","0","16.9633145332336"
"396","18","300","50","erdos_renyi","species","species_3","ZIPLN","BIC","0.08","0.7396345","0.610545249929445","0.014","0.358","0.543","0.432","7.38352823257446"
"397","19","300","50","erdos_renyi","species","species_3","PLN","BIC","0.13","0.5914815","0.516094495669337","0.003","0","0","0","13.2373769283295"
"398","19","300","50","erdos_renyi","species","species_3","ZIPLN","BIC","0.09","0.6673375","0.628041458718757","0.006","0.121","0.5","0.194","3.62958955764771"
"399","20","300","50","erdos_renyi","species","species_3","PLN","BIC","0.14","0.645308","0.484064216419733","0","0",NA,"0","24.5355360507965"
"400","20","300","50","erdos_renyi","species","species_3","ZIPLN","BIC","0.08","0.7421875","0.609917863561226","0.02","0.291","0.41","0.34","7.25736212730408"
"401","21","300","50","erdos_renyi","species","species_3","PLN","BIC","0.15","0.541056","0.508852568659124","0.003","0","0","0","14.0805654525757"
"402","21","300","50","erdos_renyi","species","species_3","ZIPLN","BIC","0.09","0.746643","0.646653278486071","0.003","0.113","0.7","0.194","3.80826210975647"
"403","22","300","50","erdos_renyi","species","species_3","PLN","BIC","0.15","0.53531","0.437286260407797","0.004","0","0","0","24.0127766132355"
"404","22","300","50","erdos_renyi","species","species_3","ZIPLN","BIC","0.09","0.7773915","0.597902062099449","0.012","0.286","0.533","0.372","7.78343105316162"
"405","23","300","50","erdos_renyi","species","species_3","PLN","BIC","0.12","0.577075","0.460845026245841","0.001","0","0","0","16.6255550384521"
"406","23","300","50","erdos_renyi","species","species_3","ZIPLN","BIC","0.07","0.635095","0.572540247114459","0.004","0.122","0.545","0.2","4.2610776424408"
"407","24","300","50","erdos_renyi","species","species_3","PLN","BIC","0.14","0.557446","0.555295032161006","0.007","0.019","0.111","0.032","21.5904846191406"
"408","24","300","50","erdos_renyi","species","species_3","ZIPLN","BIC","0.09","0.6933865","0.669888562578764","0.018","0.204","0.344","0.256","7.27522134780884"
"409","25","300","50","erdos_renyi","species","species_3","PLN","BIC","0.16","0.5711055","0.494551997295761","0","0",NA,"0","15.9223601818085"
"410","25","300","50","erdos_renyi","species","species_3","ZIPLN","BIC","0.1","0.6161065","0.59236023501657","0.01","0.162","0.5","0.244","4.29714345932007"
"411","26","300","50","erdos_renyi","species","species_3","PLN","BIC","0.16","0.536421","0.553695684636104","0.005","0.014","0.143","0.025","22.929860830307"
"412","26","300","50","erdos_renyi","species","species_3","ZIPLN","BIC","0.11","0.6798925","0.622078371073835","0.004","0.111","0.615","0.188","7.54732131958008"
"413","27","300","50","erdos_renyi","species","species_3","PLN","BIC","0.14","0.5451925","0.501884248722203","0","0",NA,"0","15.5197520256042"
"414","27","300","50","erdos_renyi","species","species_3","ZIPLN","BIC","0.09","0.61188","0.610185330095718","0","0.102","1","0.185","4.31406140327454"
"415","28","300","50","erdos_renyi","species","species_3","PLN","BIC","0.14","0.617442","0.516441854680022","0.001","0","0","0","17.9506781101227"
"416","28","300","50","erdos_renyi","species","species_3","ZIPLN","BIC","0.09","0.7233515","0.644535174482943","0.032","0.333","0.362","0.347","8.06559634208679"
"417","29","300","50","erdos_renyi","species","species_3","PLN","BIC","0.17","0.5872965","0.442746005862292","0.01","0","0","0","16.5035445690155"
"418","29","300","50","erdos_renyi","species","species_3","ZIPLN","BIC","0.11","0.653569","0.58661136773874","0.014","0.159","0.385","0.225","4.94088459014893"
"419","30","300","50","erdos_renyi","species","species_3","PLN","BIC","0.15","0.531667","0.504924246031832","0.008","0.014","0.1","0.025","24.3563261032104"
"420","30","300","50","erdos_renyi","species","species_3","ZIPLN","BIC","0.1","0.660079","0.627219893667979","0.016","0.197","0.438","0.272","7.52215051651001"
"421","1","300","50","erdos_renyi","species","species_4","PLN","BIC","0.12","0.5337885","0.475198477737147","0","0",NA,"0","20.5437173843384"
"422","1","300","50","erdos_renyi","species","species_4","ZIPLN","BIC","0.08","0.583861","0.564079478791263","0.003","0.109","0.556","0.182","4.07561016082764"
"423","Error : inv_sympd(): matrix is singular or not positive definite
","Error : inv_sympd(): matrix is singular or not positive definite
","Error : inv_sympd(): matrix is singular or not positive definite
","Error : inv_sympd(): matrix is singular or not positive definite
","Error : inv_sympd(): matrix is singular or not positive definite
","Error : inv_sympd(): matrix is singular or not positive definite
","Error : inv_sympd(): matrix is singular or not positive definite
","Error : inv_sympd(): matrix is singular or not positive definite
","Error : inv_sympd(): matrix is singular or not positive definite
","Error : inv_sympd(): matrix is singular or not positive definite
","Error : inv_sympd(): matrix is singular or not positive definite
","Error : inv_sympd(): matrix is singular or not positive definite
","Error : inv_sympd(): matrix is singular or not positive definite
","Error : inv_sympd(): matrix is singular or not positive definite
","Error : inv_sympd(): matrix is singular or not positive definite
","Error : inv_sympd(): matrix is singular or not positive definite
"
"424","3","300","50","erdos_renyi","species","species_4","PLN","BIC","0.15","0.594612","0.57899556439118","0","0",NA,"0","20.4441475868225"
"425","3","300","50","erdos_renyi","species","species_4","ZIPLN","BIC","0.09","0.701913","0.715770914568408","0.011","0.233","0.567","0.33","7.19968414306641"
"426","4","300","50","erdos_renyi","species","species_4","PLN","BIC","0.14","0.6205215","0.469864058002998","0","0",NA,"0","1.12460887432098"
"427","4","300","50","erdos_renyi","species","species_4","ZIPLN","BIC","0.09","0.5576945","0.551349930790349","0.012","0.154","0.417","0.225","7.00552606582642"
"428","5","300","50","erdos_renyi","species","species_4","PLN","BIC","0.15","0.5968205","0.518087610350784","0","0",NA,"0","19.7518410682678"
"429","5","300","50","erdos_renyi","species","species_4","ZIPLN","BIC","0.09","0.7109205","0.624615020745964","0.009","0.266","0.607","0.37","7.15620732307434"
"430","6","300","50","erdos_renyi","species","species_4","PLN","BIC","0.14","0.5982795","0.496195025734344","0.001","0","0","0","28.0899004936218"
"431","6","300","50","erdos_renyi","species","species_4","ZIPLN","BIC","0.09","0.641789","0.599463852649927","0.011","0.155","0.409","0.225","6.60632228851318"
"432","7","300","50","erdos_renyi","species","species_4","PLN","BIC","0.14","0.5575015","0.481312992915548","0","0",NA,"0","14.7747187614441"
"433","7","300","50","erdos_renyi","species","species_4","ZIPLN","BIC","0.08","0.691158","0.581744371330248","0","0.035","1","0.068","4.05348706245422"
"434","Error : inv_sympd(): matrix is singular or not positive definite
","Error : inv_sympd(): matrix is singular or not positive definite
","Error : inv_sympd(): matrix is singular or not positive definite
","Error : inv_sympd(): matrix is singular or not positive definite
","Error : inv_sympd(): matrix is singular or not positive definite
","Error : inv_sympd(): matrix is singular or not positive definite
","Error : inv_sympd(): matrix is singular or not positive definite
","Error : inv_sympd(): matrix is singular or not positive definite
","Error : inv_sympd(): matrix is singular or not positive definite
","Error : inv_sympd(): matrix is singular or not positive definite
","Error : inv_sympd(): matrix is singular or not positive definite
","Error : inv_sympd(): matrix is singular or not positive definite
","Error : inv_sympd(): matrix is singular or not positive definite
","Error : inv_sympd(): matrix is singular or not positive definite
","Error : inv_sympd(): matrix is singular or not positive definite
","Error : inv_sympd(): matrix is singular or not positive definite
"
"435","9","300","50","erdos_renyi","species","species_4","PLN","BIC","0.16","0.587961","0.534246761565289","0","0",NA,"0","18.4769032001495"
"436","9","300","50","erdos_renyi","species","species_4","ZIPLN","BIC","0.1","0.698653","0.641873460862497","0.02","0.203","0.378","0.264","6.88157320022583"
"437","10","300","50","erdos_renyi","species","species_4","PLN","BIC","0.13","0.546464","0.502393807801262","0","0",NA,"0","23.0670444965363"
"438","10","300","50","erdos_renyi","species","species_4","ZIPLN","BIC","0.08","0.7132205","0.563151928922614","0.009","0.367","0.621","0.462","7.85378456115723"
"439","11","300","50","erdos_renyi","species","species_4","PLN","BIC","0.13","0.56218","0.479369923581764","0.008","0.016","0.1","0.028","16.6042742729187"
"440","11","300","50","erdos_renyi","species","species_4","ZIPLN","BIC","0.08","0.694507","0.584305940535065","0.003","0.258","0.842","0.395","8.62747049331665"
"441","12","300","50","erdos_renyi","species","species_4","PLN","BIC","0.14","0.6418215","0.49875607033136","0","0",NA,"0","27.3464956283569"
"442","12","300","50","erdos_renyi","species","species_4","ZIPLN","BIC","0.09","0.596039","0.598737878436139","0.006","0.138","0.562","0.222","7.21130967140198"
"443","13","300","50","erdos_renyi","species","species_4","PLN","BIC","0.17","0.538965","0.475345509859704","0.001","0","0","0","16.9214863777161"
"444","13","300","50","erdos_renyi","species","species_4","ZIPLN","BIC","0.1","0.7394555","0.650977260056612","0.024","0.319","0.451","0.374","4.13393449783325"
"445","Error : inv_sympd(): matrix is singular or not positive definite
","Error : inv_sympd(): matrix is singular or not positive definite
","Error : inv_sympd(): matrix is singular or not positive definite
","Error : inv_sympd(): matrix is singular or not positive definite
","Error : inv_sympd(): matrix is singular or not positive definite
","Error : inv_sympd(): matrix is singular or not positive definite
","Error : inv_sympd(): matrix is singular or not positive definite
","Error : inv_sympd(): matrix is singular or not positive definite
","Error : inv_sympd(): matrix is singular or not positive definite
","Error : inv_sympd(): matrix is singular or not positive definite
","Error : inv_sympd(): matrix is singular or not positive definite
","Error : inv_sympd(): matrix is singular or not positive definite
","Error : inv_sympd(): matrix is singular or not positive definite
","Error : inv_sympd(): matrix is singular or not positive definite
","Error : inv_sympd(): matrix is singular or not positive definite
","Error : inv_sympd(): matrix is singular or not positive definite
"
"446","15","300","50","erdos_renyi","species","species_4","PLN","BIC","0.16","0.6050785","0.444367228792821","0","0",NA,"0","25.8459174633026"
"447","15","300","50","erdos_renyi","species","species_4","ZIPLN","BIC","0.09","0.647113","0.627659865699723","0.002","0.058","0.6","0.105","6.59269261360168"
"448","16","300","50","erdos_renyi","species","species_4","PLN","BIC","0.15","0.619522","0.489916416981675","0","0",NA,"0","22.0095317363739"
"449","16","300","50","erdos_renyi","species","species_4","ZIPLN","BIC","0.09","0.7184465","0.622226237753155","0.01","0.159","0.478","0.239","3.64531588554382"
"450","17","300","50","erdos_renyi","species","species_4","PLN","BIC","0.15","0.59855","0.558169781122744","0","0",NA,"0","32.3176176548004"
"451","17","300","50","erdos_renyi","species","species_4","ZIPLN","BIC","0.11","0.5769845","0.617388926223392","0.021","0.156","0.294","0.204","4.89547491073608"
"452","18","300","50","erdos_renyi","species","species_4","PLN","BIC","0.14","0.595964","0.488612282580624","0","0",NA,"0","21.6431775093079"
"453","18","300","50","erdos_renyi","species","species_4","ZIPLN","BIC","0.08","0.716097","0.621359001173233","0.014","0.308","0.5","0.381","7.08787298202515"
"454","19","300","50","erdos_renyi","species","species_4","PLN","BIC","0.13","0.5843785","0.457496076839674","0.003","0.022","0.25","0.04","13.1373262405396"
"455","19","300","50","erdos_renyi","species","species_4","ZIPLN","BIC","0.07","0.6340625","0.615264461887557","0.003","0.109","0.625","0.185","4.36829471588135"
"456","Error : inv_sympd(): matrix is singular or not positive definite
","Error : inv_sympd(): matrix is singular or not positive definite
","Error : inv_sympd(): matrix is singular or not positive definite
","Error : inv_sympd(): matrix is singular or not positive definite
","Error : inv_sympd(): matrix is singular or not positive definite
","Error : inv_sympd(): matrix is singular or not positive definite
","Error : inv_sympd(): matrix is singular or not positive definite
","Error : inv_sympd(): matrix is singular or not positive definite
","Error : inv_sympd(): matrix is singular or not positive definite
","Error : inv_sympd(): matrix is singular or not positive definite
","Error : inv_sympd(): matrix is singular or not positive definite
","Error : inv_sympd(): matrix is singular or not positive definite
","Error : inv_sympd(): matrix is singular or not positive definite
","Error : inv_sympd(): matrix is singular or not positive definite
","Error : inv_sympd(): matrix is singular or not positive definite
","Error : inv_sympd(): matrix is singular or not positive definite
"
"457","21","300","50","erdos_renyi","species","species_4","PLN","BIC","0.14","0.5892935","0.462723383188974","0","0",NA,"0","22.8899462223053"
"458","21","300","50","erdos_renyi","species","species_4","ZIPLN","BIC","0.09","0.690929","0.571825336488183","0.013","0.246","0.516","0.333","7.16500878334045"
"459","22","300","50","erdos_renyi","species","species_4","PLN","BIC","0.15","0.569701","0.495198962328978","0","0",NA,"0","20.1965415477753"
"460","22","300","50","erdos_renyi","species","species_4","ZIPLN","BIC","0.09","0.6140355","0.631313649103168","0.014","0.154","0.385","0.22","4.2328884601593"
"461","23","300","50","erdos_renyi","species","species_4","PLN","BIC","0.14","0.653337","0.479837722867186","0","0",NA,"0","17.0874633789062"
"462","23","300","50","erdos_renyi","species","species_4","ZIPLN","BIC","0.08","0.6515795","0.602929417201043","0.017","0.293","0.459","0.358","4.23241281509399"
"463","24","300","50","erdos_renyi","species","species_4","PLN","BIC","0.15","0.577263","0.501391075854229","0","0",NA,"0","21.0025856494904"
"464","24","300","50","erdos_renyi","species","species_4","ZIPLN","BIC","0.09","0.777914","0.64310108956045","0.019","0.279","0.436","0.34","6.66672348976135"
"465","25","300","50","erdos_renyi","species","species_4","PLN","BIC","0.16","0.663341","0.501265881313353","0","0",NA,"0","15.1049053668976"
"466","25","300","50","erdos_renyi","species","species_4","ZIPLN","BIC","0.09","0.713244","0.624968132184596","0.02","0.344","0.489","0.404","5.21861577033997"
"467","Error : inv_sympd(): matrix is singular or not positive definite
","Error : inv_sympd(): matrix is singular or not positive definite
","Error : inv_sympd(): matrix is singular or not positive definite
","Error : inv_sympd(): matrix is singular or not positive definite
","Error : inv_sympd(): matrix is singular or not positive definite
","Error : inv_sympd(): matrix is singular or not positive definite
","Error : inv_sympd(): matrix is singular or not positive definite
","Error : inv_sympd(): matrix is singular or not positive definite
","Error : inv_sympd(): matrix is singular or not positive definite
","Error : inv_sympd(): matrix is singular or not positive definite
","Error : inv_sympd(): matrix is singular or not positive definite
","Error : inv_sympd(): matrix is singular or not positive definite
","Error : inv_sympd(): matrix is singular or not positive definite
","Error : inv_sympd(): matrix is singular or not positive definite
","Error : inv_sympd(): matrix is singular or not positive definite
","Error : inv_sympd(): matrix is singular or not positive definite
"
"468","27","300","50","erdos_renyi","species","species_4","PLN","BIC","0.14","0.585499","0.449248059627194","0","0",NA,"0","27.1460332870483"
"469","27","300","50","erdos_renyi","species","species_4","ZIPLN","BIC","0.09","0.681139","0.577677678471614","0.002","0.038","0.5","0.071","7.13483572006226"
"470","28","300","50","erdos_renyi","species","species_4","PLN","BIC","0.14","0.594262","0.487303872636096","0","0",NA,"0","17.9721696376801"
"471","28","300","50","erdos_renyi","species","species_4","ZIPLN","BIC","0.09","0.5213485","0.555545088687398","0.015","0.107","0.25","0.15","4.19846653938293"
"472","29","300","50","erdos_renyi","species","species_4","PLN","BIC","0.13","0.61042","0.476560479759954","0.006","0","0","0","17.779224395752"
"473","29","300","50","erdos_renyi","species","species_4","ZIPLN","BIC","0.08","0.54137","0.583867194326496","0.001","0.12","0.857","0.211","4.20372009277344"
"474","30","300","50","erdos_renyi","species","species_4","PLN","BIC","0.13","0.599408","0.481381607931412","0","0",NA,"0","12.382853269577"
"475","30","300","50","erdos_renyi","species","species_4","ZIPLN","BIC","0.08","0.6876135","0.566686097601255","0.009","0.137","0.412","0.206","4.09413623809814"
"476","1","300","20","community","species","species_1","PLN","BIC","0.14","0.788915","0.614516511133522","0.006","0.389","0.875","0.538","0.85033130645752"
"477","1","300","20","community","species","species_1","ZIPLN","BIC","0.09","0.8842205","0.684237542146934","0.18","0.778","0.311","0.444","2.78867745399475"
"478","2","300","20","community","species","species_1","PLN","BIC","0.1","0.84935","0.620920775613438","0.028","0.4","0.444","0.421","0.777758359909058"
"479","2","300","20","community","species","species_1","ZIPLN","BIC","0.07","0.91275","0.650240660843656","0.106","0.9","0.321","0.474","2.64510989189148"
"480","3","300","20","community","species","species_1","PLN","BIC","0.08","0.861375","0.648321670541166","0.016","0.625","0.625","0.625","0.492074728012085"
"481","3","300","20","community","species","species_1","ZIPLN","BIC","0.06","0.895375","0.675278537755607","0.049","0.75","0.4","0.522","1.61341309547424"
"482","4","300","20","community","species","species_1","PLN","BIC","0.14","0.8336205","0.687950440257315","0.006","0.333","0.857","0.48","0.811128377914429"
"483","4","300","20","community","species","species_1","ZIPLN","BIC","0.09","0.908096","0.693610651666884","0.308","0.889","0.232","0.368","2.43937397003174"
"484","5","300","20","community","species","species_1","PLN","BIC","0.09","0.88598","0.633539162334586","0.006","0.545","0.857","0.667","0.773899555206299"
"485","5","300","20","community","species","species_1","ZIPLN","BIC","0.06","0.9304305","0.685546373019858","0.011","0.545","0.75","0.632","2.38439297676086"
"486","6","300","20","community","species","species_1","PLN","BIC","0.12","0.843361","0.697118638143626","0.04","0.533","0.533","0.533","0.765379428863525"
"487","6","300","20","community","species","species_1","ZIPLN","BIC","0.08","0.801689","0.766770703284441","0.029","0.6","0.643","0.621","2.17164421081543"
"488","7","300","20","community","species","species_1","PLN","BIC","0.12","0.867623","0.695494770873026","0.165","0.714","0.256","0.377","0.661098718643188"
"489","7","300","20","community","species","species_1","ZIPLN","BIC","0.11","0.900688","0.679941754313165","0.045","0.786","0.579","0.667","2.00632786750793"
"490","8","300","20","community","species","species_1","PLN","BIC","0.12","0.8566185","0.660316675921031","0.006","0.412","0.875","0.56","0.742920875549316"
"491","8","300","20","community","species","species_1","ZIPLN","BIC","0.09","0.873079","0.724219375596562","0.081","0.647","0.44","0.524","2.11528825759888"
"492","9","300","20","community","species","species_1","PLN","BIC","0.13","0.8128765","0.649517943698869","0.097","0.714","0.37","0.488","0.490101099014282"
"493","9","300","20","community","species","species_1","ZIPLN","BIC","0.09","0.8218855","0.708172580748966","0.261","0.786","0.193","0.31","1.32377433776855"
"494","10","300","20","community","species","species_1","PLN","BIC","0.11","0.7971615","0.64776461732913","0.373","0.692","0.12","0.205","0.674494981765747"
"495","10","300","20","community","species","species_1","ZIPLN","BIC","0.07","0.818069","0.668580027910705","0.192","0.769","0.227","0.351","2.58939909934998"
"496","11","300","20","community","species","species_1","PLN","BIC","0.1","0.8413665","0.645774653690973","0.022","0.583","0.636","0.609","0.688590049743652"
"497","11","300","20","community","species","species_1","ZIPLN","BIC","0.07","0.8727575","0.678437286673307","0.067","0.667","0.4","0.5","2.00583362579346"
"498","12","300","20","community","species","species_1","PLN","BIC","0.1","0.753369","0.674979309772465","0.011","0.538","0.778","0.636","0.611126899719238"
"499","12","300","20","community","species","species_1","ZIPLN","BIC","0.07","0.8982445","0.705636049859349","0.034","0.692","0.6","0.643","1.76172947883606"
"500","13","300","20","community","species","species_1","PLN","BIC","0.09","0.8086535","0.669987789895834","0.006","0.25","0.75","0.375","0.633203744888306"
"501","13","300","20","community","species","species_1","ZIPLN","BIC","0.07","0.866821","0.684487118187367","0.028","0.583","0.583","0.583","1.86565518379211"
"502","14","300","20","community","species","species_1","PLN","BIC","0.13","0.808043","0.677902181717996","0.023","0.429","0.6","0.5","0.669283151626587"
"503","14","300","20","community","species","species_1","ZIPLN","BIC","0.09","0.840157","0.707911606897957","0.091","0.786","0.407","0.537","2.25147771835327"
"504","15","300","20","community","species","species_1","PLN","BIC","0.12","0.8791875","0.646105037184176","0.24","0.867","0.236","0.371","0.42916464805603"
"505","15","300","20","community","species","species_1","ZIPLN","BIC","0.08","0.910898","0.662850197369542","0.257","0.867","0.224","0.356","1.24413299560547"
"506","16","300","20","community","species","species_1","PLN","BIC","0.12","0.889209","0.682064654680316","0.075","0.647","0.458","0.537","0.678126573562622"
"507","16","300","20","community","species","species_1","ZIPLN","BIC","0.08","0.9214875","0.707114768876024","0.104","0.824","0.438","0.571","2.13968133926392"
"508","17","300","20","community","species","species_1","PLN","BIC","0.09","0.8325615","0.641509089037914","0.011","0.5","0.6","0.545","0.678840160369873"
"509","17","300","20","community","species","species_1","ZIPLN","BIC","0.06","0.904901","0.729903769090769","0.022","0.833","0.556","0.667","1.60532307624817"
"510","18","300","20","community","species","species_1","PLN","BIC","0.1","0.725009","0.674297296376121","0.023","0.538","0.636","0.583","0.639143943786621"
"511","18","300","20","community","species","species_1","ZIPLN","BIC","0.07","0.8405715","0.736655356473431","0.051","0.615","0.471","0.533","1.71460223197937"
"512","19","300","20","community","species","species_1","PLN","BIC","0.09","0.855378","0.674664273826581","0.039","0.636","0.5","0.56","0.438379049301147"
"513","19","300","20","community","species","species_1","ZIPLN","BIC","0.06","0.8712835","0.648844655960959","0.223","0.818","0.184","0.3","1.24054145812988"
"514","20","300","20","community","species","species_1","PLN","BIC","0.08","0.902009","0.649560528607122","0.016","0.667","0.571","0.615","0.647550582885742"
"515","20","300","20","community","species","species_1","ZIPLN","BIC","0.06","0.909249","0.671227525228672","0.06","0.833","0.312","0.455","1.71652579307556"
"516","21","300","20","community","species","species_1","PLN","BIC","0.12","0.9004615","0.690428757107147","0.011","0.357","0.714","0.476","0.457627534866333"
"517","21","300","20","community","species","species_1","ZIPLN","BIC","0.09","0.819152","0.701898414492495","0.028","0.643","0.643","0.643","1.17206311225891"
"518","22","300","20","community","species","species_1","PLN","BIC","0.06","0.858487","0.629682515315969","0.011","0.667","0.667","0.667","0.646642446517944"
"519","22","300","20","community","species","species_1","ZIPLN","BIC","0.05","0.8788825","0.642893222852291","0.005","0.5","0.75","0.6","1.90143775939941"
"520","23","300","20","community","species","species_1","PLN","BIC","0.11","0.8416715","0.706531627934698","0","0.067","1","0.125","0.471286773681641"
"521","23","300","20","community","species","species_1","ZIPLN","BIC","0.09","0.8472685","0.735289908966192","0.011","0.467","0.778","0.583","1.19180822372437"
"522","24","300","20","community","species","species_1","PLN","BIC","0.11","0.801913","0.634295203427602","0.006","0.583","0.875","0.7","0.682620286941528"
"523","24","300","20","community","species","species_1","ZIPLN","BIC","0.06","0.854256","0.722672039591566","0.051","0.75","0.5","0.6","1.88154149055481"
"524","25","300","20","community","species","species_1","PLN","BIC","0.12","0.8665895","0.684456055906753","0.034","0.6","0.6","0.6","0.466093063354492"
"525","25","300","20","community","species","species_1","ZIPLN","BIC","0.09","0.878465","0.789200174603436","0.029","0.667","0.667","0.667","1.07563853263855"
"526","26","300","20","community","species","species_1","PLN","BIC","0.09","0.8636875","0.645492656136557","0.055","0.625","0.333","0.435","0.608497381210327"
"527","26","300","20","community","species","species_1","ZIPLN","BIC","0.06","0.8768125","0.674072594365832","0.038","0.75","0.462","0.571","1.10053038597107"
"528","27","300","20","community","species","species_1","PLN","BIC","0.1","0.8566325","0.678525502827784","0.017","0.385","0.625","0.476","0.445059776306152"
"529","27","300","20","community","species","species_1","ZIPLN","BIC","0.08","0.8954125","0.723494891846986","0.006","0.231","0.75","0.353","1.18150615692139"
"530","28","300","20","community","species","species_1","PLN","BIC","0.14","0.8386255","0.704491018882095","0.035","0.632","0.667","0.649","0.642024278640747"
"531","28","300","20","community","species","species_1","ZIPLN","BIC","0.09","0.890216","0.784324412145081","0.076","0.789","0.536","0.638","1.30959892272949"
"532","29","300","20","community","species","species_1","PLN","BIC","0.1","0.895728","0.645225914702988","0","0",NA,"0","0.465499877929688"
"533","29","300","20","community","species","species_1","ZIPLN","BIC","0.08","0.8821235","0.709782052150717","0.079","0.667","0.364","0.471","1.03473114967346"
"534","30","300","20","community","species","species_1","PLN","BIC","0.11","0.8127755","0.627629558089634","0.006","0.333","0.8","0.471","0.644252300262451"
"535","30","300","20","community","species","species_1","ZIPLN","BIC","0.07","0.752612","0.662508909511324","0.09","0.583","0.304","0.4","1.1496753692627"
"536","1","300","20","community","species","species_2","PLN","BIC","0.13","0.588594","0.505559726724064","0.061","0","0","0","0.88027286529541"
"537","1","300","20","community","species","species_2","ZIPLN","BIC","0.07","0.8944455","0.630361077244688","0.017","0.636","0.7","0.667","2.74034070968628"
"538","2","300","20","community","species","species_2","PLN","BIC","0.12","0.5405115","0.483670926372695","0.044","0","0","0","0.826298713684082"
"539","2","300","20","community","species","species_2","ZIPLN","BIC","0.05","0.76872","0.609253952089985","0.116","0.556","0.192","0.286","1.73006010055542"
"540","3","300","20","community","species","species_2","PLN","BIC","0.17","0.643635","0.496990448125944","0","0",NA,"0","0.836739540100098"
"541","3","300","20","community","species","species_2","ZIPLN","BIC","0.08","0.8883045","0.663528389974313","0.063","0.562","0.45","0.5","2.58641672134399"
"542","4","300","20","community","species","species_2","PLN","BIC","0.11","0.553363","0.579754969392217","0.017","0","0","0","0.804011344909668"
"543","4","300","20","community","species","species_2","ZIPLN","BIC","0.06","0.759222","0.679550095277396","0.034","0.455","0.455","0.455","2.39904284477234"
"544","5","300","20","community","species","species_2","PLN","BIC","0.11","0.6483125","0.554682571474061","0","0",NA,"0","0.528388500213623"
"545","5","300","20","community","species","species_2","ZIPLN","BIC","0.05","0.85975","0.6700360150068","0.022","0.5","0.5","0.5","1.38924932479858"
"546","6","300","20","community","species","species_2","PLN","BIC","0.17","0.606611","0.503889080114019","0.017","0","0","0","0.829538345336914"
"547","6","300","20","community","species","species_2","ZIPLN","BIC","0.08","0.9205655","0.639427851742968","0.063","0.812","0.542","0.65","2.86308908462524"
"548","7","300","20","community","species","species_2","PLN","BIC","0.16","0.631195","0.434573881431459","0","0",NA,"0","0.759895324707031"
"549","7","300","20","community","species","species_2","ZIPLN","BIC","0.07","0.898876","0.658668078219985","0.011","0.5","0.778","0.609","1.82529950141907"
"550","8","300","20","community","species","species_2","PLN","BIC","0.17","0.685777","0.586532980401584","0.006","0","0","0","0.502394914627075"
"551","8","300","20","community","species","species_2","ZIPLN","BIC","0.1","0.7535305","0.699837057018722","0.058","0.471","0.444","0.457","1.35591387748718"
"552","9","300","20","community","species","species_2","PLN","BIC","0.11","0.6769405","0.556097335022593","0","0",NA,"0","0.716353416442871"
"553","9","300","20","community","species","species_2","ZIPLN","BIC","0.06","0.9207835","0.618889891607528","0.027","0.857","0.545","0.667","1.90356302261353"
"554","10","300","20","community","species","species_2","PLN","BIC","0.17","0.597741","0.523631640774019","0.017","0","0","0","0.701072216033936"
"555","10","300","20","community","species","species_2","ZIPLN","BIC","0.1","0.777599","0.671712199222041","0","0.267","1","0.421","2.08642411231995"
"556","11","300","20","community","species","species_2","PLN","BIC","0.11","0.824","0.629316814676005","0","0",NA,"0","0.629842758178711"
"557","11","300","20","community","species","species_2","ZIPLN","BIC","0.07","0.86355","0.682907038773752","0.028","0.5","0.5","0.5","1.69010901451111"
"558","12","300","20","community","species","species_2","PLN","BIC","0.12","0.667012","0.552106005753255","0.011","0","0","0","0.728577375411987"
"559","12","300","20","community","species","species_2","ZIPLN","BIC","0.06","0.8045565","0.673577292774982","0.083","0.667","0.286","0.4","2.06793642044067"
"560","13","300","20","community","species","species_2","PLN","BIC","0.13","0.473388","0.452016023535575","0","0",NA,"0","0.743505954742432"
"561","13","300","20","community","species","species_2","ZIPLN","BIC","0.06","0.8831085","0.656133710139489","0.011","0.556","0.714","0.625","1.84249448776245"
"562","14","300","20","community","species","species_2","PLN","BIC","0.16","0.6631425","0.50264224179945","0","0",NA,"0","0.460089206695557"
"563","14","300","20","community","species","species_2","ZIPLN","BIC","0.08","0.88333","0.641571370083626","0.205","0.786","0.234","0.361","1.39928698539734"
"564","15","300","20","community","species","species_2","PLN","BIC","0.15","0.6753135","0.455590556341795","0.118","0.167","0.087","0.114","0.773902177810669"
"565","15","300","20","community","species","species_2","ZIPLN","BIC","0.08","0.9377255","0.607478039313447","0.034","0.833","0.625","0.714","1.61243319511414"
"566","16","300","20","community","species","species_2","PLN","BIC","0.1","0.8160625","0.582593428000787","0","0",NA,"0","0.746359825134277"
"567","16","300","20","community","species","species_2","ZIPLN","BIC","0.06","0.8605625","0.652308062551477","0.005","0.75","0.857","0.8","1.68943357467651"
"568","17","300","20","community","species","species_2","PLN","BIC","0.21","0.7299215","0.509283777576235","0","0",NA,"0","0.762740135192871"
"569","17","300","20","community","species","species_2","ZIPLN","BIC","0.12","0.909463","0.68726828532156","0.076","0.632","0.48","0.545","2.1965320110321"
"570","18","300","20","community","species","species_2","PLN","BIC","0.1","0.49313","0.471465175518555","0.128","0","0","0","0.705584287643433"
"571","18","300","20","community","species","species_2","ZIPLN","BIC","0.04","0.8318325","0.604592282452187","0","0.333","1","0.5","1.6791353225708"
"572","19","300","20","community","species","species_2","PLN","BIC","0.13","0.8473","0.534306991734904","0.033","0.3","0.333","0.316","0.700716495513916"
"573","19","300","20","community","species","species_2","ZIPLN","BIC","0.07","0.897","0.663924316596649","0.006","0.3","0.75","0.429","1.89164185523987"
"574","20","300","20","community","species","species_2","PLN","BIC","0.14","0.61705","0.478703721775552","0","0",NA,"0","0.478052139282227"
"575","20","300","20","community","species","species_2","ZIPLN","BIC","0.07","0.83185","0.651780079073542","0","0",NA,"0","1.02810144424438"
"576","21","300","20","community","species","species_2","PLN","BIC","0.09","0.7752","0.565163641550822","0.005","0.2","0.5","0.286","0.716766834259033"
"577","21","300","20","community","species","species_2","ZIPLN","BIC","0.05","0.7985","0.640042209041254","0.005","0.6","0.75","0.667","1.72573113441467"
"578","22","300","20","community","species","species_2","PLN","BIC","0.15","0.688368","0.534943689736961","0.006","0","0","0","0.706852197647095"
"579","22","300","20","community","species","species_2","ZIPLN","BIC","0.08","0.823179","0.680642665882106","0.075","0.625","0.435","0.513","2.00020670890808"
"580","23","300","20","community","species","species_2","PLN","BIC","0.15","0.6561405","0.520373258752799","0","0",NA,"0","0.719473123550415"
"581","23","300","20","community","species","species_2","ZIPLN","BIC","0.08","0.8212955","0.684105719784487","0","0.455","1","0.625","1.98829174041748"
"582","24","300","20","community","species","species_2","PLN","BIC","0.14","0.717449","0.518814367155764","0","0",NA,"0","0.687715768814087"
"583","24","300","20","community","species","species_2","ZIPLN","BIC","0.08","0.8027555","0.644958480548562","0.04","0.385","0.417","0.4","1.69259548187256"
"584","25","300","20","community","species","species_2","PLN","BIC","0.16","0.5946645","0.415626840088998","0.028","0","0","0","0.55312967300415"
"585","25","300","20","community","species","species_2","ZIPLN","BIC","0.07","0.806521","0.654299597264998","0","0",NA,"0","1.15772199630737"
"586","26","300","20","community","species","species_2","PLN","BIC","0.11","0.720375","0.529475099105323","0","0",NA,"0","0.531084537506104"
"587","26","300","20","community","species","species_2","ZIPLN","BIC","0.04","0.8985","0.632974522401131","0.093","0.875","0.292","0.438","1.20287466049194"
"588","27","300","20","community","species","species_2","PLN","BIC","0.15","0.630982","0.522896043502598","0","0",NA,"0","0.722334623336792"
"589","27","300","20","community","species","species_2","ZIPLN","BIC","0.08","0.891978","0.614882053629312","0.161","0.812","0.317","0.456","1.22027111053467"
"590","28","300","20","community","species","species_2","PLN","BIC","0.12","0.7154375","0.524667207504829","0.082","0.125","0.062","0.083","0.584337949752808"
"591","28","300","20","community","species","species_2","ZIPLN","BIC","0.07","0.7376875","0.611576389986184","0.027","0.5","0.444","0.471","1.04897832870483"
"592","29","300","20","community","species","species_2","PLN","BIC","0.12","0.7510205","0.551040898924177","0.011","0","0","0","0.688454151153564"
"593","29","300","20","community","species","species_2","ZIPLN","BIC","0.07","0.873357","0.661561891425593","0.006","0.25","0.75","0.375","1.31467986106873"
"594","30","300","20","community","species","species_2","PLN","BIC","0.15","0.69865","0.508994490554406","0","0",NA,"0","0.466427326202393"
"595","30","300","20","community","species","species_2","ZIPLN","BIC","0.08","0.8699","0.637819686051144","0.05","0.6","0.4","0.48","1.18743491172791"
"596","1","300","20","community","species","species_3","PLN","BIC","0.16","0.6946485","0.47063520937265","0.196","0.364","0.103","0.16","1.62734889984131"
"597","1","300","20","community","species","species_3","ZIPLN","BIC","0.08","0.648524","0.609721497204392","0","0.182","1","0.308","2.46263813972473"
"598","2","300","20","community","species","species_3","PLN","BIC","0.17","0.533558","0.464976933708033","0.045","0.071","0.111","0.087","3.3940532207489"
"599","2","300","20","community","species","species_3","ZIPLN","BIC","0.09","0.6679225","0.56400813750652","0.011","0.357","0.714","0.476","2.92061042785645"
"600","3","300","20","community","species","species_3","PLN","BIC","0.16","0.5978895","0.498773415540902","0.14","0.167","0.074","0.103","0.728328943252563"
"601","3","300","20","community","species","species_3","ZIPLN","BIC","0.08","0.55491","0.615943659183542","0.028","0.167","0.286","0.211","1.60136580467224"
"602","4","300","20","community","species","species_3","PLN","BIC","0.15","0.5074165","0.457846903973895","0.188","0.214","0.083","0.12","0.964976787567139"
"603","4","300","20","community","species","species_3","ZIPLN","BIC","0.09","0.7532345","0.567431176791413","0.023","0.357","0.556","0.435","2.77494096755981"
"604","5","300","20","community","species","species_3","PLN","BIC","0.16","0.64807","0.505766070265246","0.125","0.286","0.154","0.2","1.11826658248901"
"605","5","300","20","community","species","species_3","ZIPLN","BIC","0.11","0.655954","0.587759299833631","0.051","0.429","0.4","0.414","2.51536583900452"
"606","6","300","20","community","species","species_3","PLN","BIC","0.15","0.5115965","0.363957190291312","0.073","0.083","0.071","0.077","4.97455954551697"
"607","6","300","20","community","species","species_3","ZIPLN","BIC","0.06","0.7450895","0.512096663054711","0.017","0.333","0.571","0.421","2.25611424446106"
"608","7","300","20","community","species","species_3","PLN","BIC","0.17","0.6269995","0.427276395335404","0.158","0.231","0.097","0.136","0.882460594177246"
"609","7","300","20","community","species","species_3","ZIPLN","BIC","0.09","0.708062","0.61815495648468","0","0",NA,"0","1.8690869808197"
"610","8","300","20","community","species","species_3","PLN","BIC","0.13","0.4674475","0.425080888075243","0.079","0","0","0","5.55228114128113"
"611","8","300","20","community","species","species_3","ZIPLN","BIC","0.07","0.6275875","0.529406031013636","0.017","0","0","0","0.956809043884277"
"612","9","300","20","community","species","species_3","PLN","BIC","0.15","0.5322045","0.454211885409691","0.022","0.091","0.2","0.125","1.63063383102417"
"613","9","300","20","community","species","species_3","ZIPLN","BIC","0.08","0.811843","0.595614172100237","0.011","0.273","0.6","0.375","1.1483747959137"
"614","10","300","20","community","species","species_3","PLN","BIC","0.13","0.529946","0.451461695621119","0.196","0.182","0.054","0.083","1.0864839553833"
"615","10","300","20","community","species","species_3","ZIPLN","BIC","0.07","0.7140625","0.544851871796542","0.006","0.091","0.5","0.154","1.88407421112061"
"616","11","300","20","community","species","species_3","PLN","BIC","0.2","0.51072","0.421382138440093","0.296","0.381","0.138","0.203","1.07140803337097"
"617","11","300","20","community","species","species_3","ZIPLN","BIC","0.13","0.6015795","0.514869594163689","0.018","0.095","0.4","0.154","1.90761852264404"
"618","12","300","20","community","species","species_3","PLN","BIC","0.12","0.6638","0.495563676179605","0.2","0.3","0.077","0.122","1.29099988937378"
"619","12","300","20","community","species","species_3","ZIPLN","BIC","0.08","0.60605","0.548963456986476","0.006","0.2","0.667","0.308","1.94116687774658"
"620","13","300","20","community","species","species_3","PLN","BIC","0.2","0.67535","0.408791476693427","0.082","0.3","0.3","0.3","16.8533139228821"
"621","13","300","20","community","species","species_3","ZIPLN","BIC","0.12","0.684225","0.522049711741854","0.024","0.2","0.5","0.286","1.19070219993591"
"622","14","300","20","community","species","species_3","PLN","BIC","0.12","0.448028","0.418417256549005","0.098","0.167","0.053","0.08","2.94174265861511"
"623","14","300","20","community","species","species_3","ZIPLN","BIC","0.05","0.715086","0.500406893465481","0.082","0.333","0.118","0.174","1.09229850769043"
"624","15","300","20","community","species","species_3","PLN","BIC","0.15","0.59089","0.479370555589126","0.135","0.167","0.077","0.105","0.634772300720215"
"625","15","300","20","community","species","species_3","ZIPLN","BIC","0.08","0.622466","0.591497753189143","0.006","0.083","0.5","0.143","1.0834014415741"
"626","16","300","20","community","species","species_3","PLN","BIC","0.19","0.63212","0.535174266032019","0.093","0.222","0.2","0.211","1.18586540222168"
"627","16","300","20","community","species","species_3","ZIPLN","BIC","0.11","0.8068505","0.686870592970042","0.07","0.389","0.368","0.378","1.89933204650879"
"628","17","300","20","community","species","species_3","PLN","BIC","0.14","0.4991555","0.420606747518482","0.208","0.167","0.051","0.078","1.02295017242432"
"629","17","300","20","community","species","species_3","ZIPLN","BIC","0.07","0.7676875","0.511494989065504","0.028","0.333","0.444","0.381","1.84319972991943"
"630","18","300","20","community","species","species_3","PLN","BIC","0.16","0.6004","0.472269761949352","0.277","0.385","0.093","0.149","1.08342742919922"
"631","18","300","20","community","species","species_3","ZIPLN","BIC","0.08","0.6977725","0.579073620242372","0.096","0.462","0.261","0.333","2.12886118888855"
"632","19","300","20","community","species","species_3","PLN","BIC","0.17","0.5488675","0.468673994012383","0.22","0.176","0.073","0.103","0.6691575050354"
"633","19","300","20","community","species","species_3","ZIPLN","BIC","0.1","0.701125","0.542234335326225","0.012","0.235","0.667","0.348","1.19941854476929"
"634","20","300","20","community","species","species_3","PLN","BIC","0.14","0.742781","0.453751418781268","0.24","0.455","0.104","0.169","0.59337043762207"
"635","20","300","20","community","species","species_3","ZIPLN","BIC","0.08","0.6017345","0.541026876154987","0.034","0.182","0.25","0.211","1.08649063110352"
"636","21","300","20","community","species","species_3","PLN","BIC","0.14","0.4879395","0.437560029204818","0.151","0.091","0.036","0.051","0.709426641464233"
"637","21","300","20","community","species","species_3","ZIPLN","BIC","0.08","0.7991725","0.525118779571522","0","0.091","1","0.167","1.21679902076721"
"638","22","300","20","community","species","species_3","PLN","BIC","0.16","0.606593","0.433441724514304","0.073","0.091","0.071","0.08","2.76379108428955"
"639","22","300","20","community","species","species_3","ZIPLN","BIC","0.09","0.592449","0.545291274786066","0.011","0.182","0.5","0.267","1.06089115142822"
"640","23","300","20","community","species","species_3","PLN","BIC","0.14","0.666716","0.40948486156009","0.184","0.273","0.083","0.128","1.50668334960938"
"641","23","300","20","community","species","species_3","ZIPLN","BIC","0.06","0.688117","0.58010463661898","0.011","0.273","0.6","0.375","1.63731956481934"
"642","24","300","20","community","species","species_3","PLN","BIC","0.16","0.611245","0.401958818344879","0.045","0","0","0","4.09066009521484"
"643","24","300","20","community","species","species_3","ZIPLN","BIC","0.09","0.5284235","0.498582469930129","0","0.182","1","0.308","1.00008606910706"
"644","25","300","20","community","species","species_3","PLN","BIC","0.16","0.707766","0.54531528314526","0.102","0.357","0.217","0.27","0.787103176116943"
"645","25","300","20","community","species","species_3","ZIPLN","BIC","0.1","0.72065","0.634778448511072","0.062","0.429","0.353","0.387","1.46795558929443"
"646","26","300","20","community","species","species_3","PLN","BIC","0.12","0.532228","0.514149205486559","0.093","0.143","0.056","0.08","0.551242351531982"
"647","26","300","20","community","species","species_3","ZIPLN","BIC","0.06","0.63141","0.638792167403687","0","0.286","1","0.444","0.971800804138184"
"648","27","300","20","community","species","species_3","PLN","BIC","0.14","0.622916","0.471951717984769","0.22","0.308","0.093","0.143","0.738919019699097"
"649","27","300","20","community","species","species_3","ZIPLN","BIC","0.08","0.6463435","0.572999047592581","0.006","0.231","0.75","0.353","1.13633322715759"
"650","28","300","20","community","species","species_3","PLN","BIC","0.17","0.461203","0.409180400529648","0.285","0.333","0.109","0.164","0.567958354949951"
"651","28","300","20","community","species","species_3","ZIPLN","BIC","0.08","0.7308565","0.59708947752492","0.006","0.056","0.5","0.1","1.14678883552551"
"652","29","300","20","community","species","species_3","PLN","BIC","0.2","0.5388775","0.411498244890427","0.335","0.353","0.094","0.148","0.861799478530884"
"653","29","300","20","community","species","species_3","ZIPLN","BIC","0.11","0.515036","0.580141349192935","0.069","0.176","0.2","0.188","1.67904305458069"
"654","30","300","20","community","species","species_3","PLN","BIC","0.13","0.5074","0.431562252112167","0.083","0.1","0.062","0.077","2.14444279670715"
"655","30","300","20","community","species","species_3","ZIPLN","BIC","0.08","0.63145","0.525432344612977","0","0",NA,"0","1.04578948020935"
"656","1","300","20","community","species","species_4","PLN","BIC","0.14","0.568463","0.48177641100964","0.096","0.083","0.056","0.067","3.42171430587769"
"657","1","300","20","community","species","species_4","ZIPLN","BIC","0.07","0.7758405","0.577881126488762","0","0.25","1","0.4","2.41687607765198"
"658","2","300","20","community","species","species_4","PLN","BIC","0.17","0.591563","0.337141086609917","0.433","0.583","0.083","0.146","1.34538602828979"
"659","2","300","20","community","species","species_4","ZIPLN","BIC","0.09","0.62804","0.441175775709077","0.006","0.083","0.5","0.143","2.50615358352661"
"660","3","300","20","community","species","species_4","PLN","BIC","0.16","0.4409035","0.400658809179358","0.295","0.214","0.055","0.087","0.921835899353027"
"661","3","300","20","community","species","species_4","ZIPLN","BIC","0.08","0.7380365","0.528019907499932","0.057","0.429","0.375","0.4","1.72258806228638"
"662","4","300","20","community","species","species_4","PLN","BIC","0.15","0.6487585","0.414344825492677","0.426","0.714","0.118","0.202","1.34274959564209"
"663","4","300","20","community","species","species_4","ZIPLN","BIC","0.08","0.4929845","0.495308232985451","0.006","0.071","0.5","0.125","2.20336651802063"
"664","5","300","20","community","species","species_4","PLN","BIC","0.14","0.596868","0.40965921275456","0.073","0.182","0.133","0.154","5.587975025177"
"665","5","300","20","community","species","species_4","ZIPLN","BIC","0.07","0.6151205","0.509927112077622","0.039","0.364","0.364","0.364","2.52151107788086"
"666","6","300","20","community","species","species_4","PLN","BIC","0.13","0.5568185","0.515943332678102","0.148","0.143","0.071","0.095","1.2599503993988"
"667","6","300","20","community","species","species_4","ZIPLN","BIC","0.08","0.713838","0.566824044887307","0.006","0.214","0.75","0.333","2.45440149307251"
"668","7","300","20","community","species","species_4","PLN","BIC","0.14","0.78145","0.472131816976518","0.011","0.1","0.333","0.154","3.5608217716217"
"669","7","300","20","community","species","species_4","ZIPLN","BIC","0.08","0.74975","0.562632998167425","0.028","0.5","0.5","0.5","1.77420449256897"
"670","8","300","20","community","species","species_4","PLN","BIC","0.11","0.64615","0.522574263382547","0.028","0","0","0","2.5679132938385"
"671","8","300","20","community","species","species_4","ZIPLN","BIC","0.07","0.4569","0.573939135146574","0","0",NA,"0","1.66275501251221"
"672","9","300","20","community","species","species_4","PLN","BIC","0.15","0.470465","0.3486435919514","0.309","0.167","0.035","0.058","0.780084133148193"
"673","9","300","20","community","species","species_4","ZIPLN","BIC","0.08","0.6127755","0.445513063171937","0","0",NA,"0","1.06095886230469"
"674","10","300","20","community","species","species_4","PLN","BIC","0.13","0.520121","0.457894819879606","0.016","0","0","0","3.27209424972534"
"675","10","300","20","community","species","species_4","ZIPLN","BIC","0.07","0.6159195","0.571263112486978","0.016","0.143","0.25","0.182","1.80788016319275"
"676","11","300","20","community","species","species_4","PLN","BIC","0.1","0.651875","0.329162780231728","0.634","1","0.033","0.063","1.27943968772888"
"677","11","300","20","community","species","species_4","ZIPLN","BIC","0.05","0.33625","0.322952569208125","0.005","0","0","0","1.56994676589966"
"678","12","300","20","community","species","species_4","PLN","BIC","0.15","0.592983","0.520546425091716","0.097","0.2","0.15","0.171","0.991170883178711"
"679","12","300","20","community","species","species_4","ZIPLN","BIC","0.09","0.534907","0.602610177712105","0.006","0.067","0.5","0.118","2.04835653305054"
"680","13","300","20","community","species","species_4","PLN","BIC","0.15","0.6193145","0.479846040637726","0.169","0.308","0.118","0.17","1.56295561790466"
"681","13","300","20","community","species","species_4","ZIPLN","BIC","0.09","0.5216045","0.601527362001437","0","0",NA,"0","1.68678092956543"
"682","14","300","20","community","species","species_4","PLN","BIC","0.16","0.714906","0.508804180082297","0.193","0.643","0.209","0.316","1.43820762634277"
"683","14","300","20","community","species","species_4","ZIPLN","BIC","0.11","0.6736555","0.559743941621323","0.051","0.357","0.357","0.357","1.94896650314331"
"684","15","300","20","community","species","species_4","PLN","BIC","0.14","0.627451","0.463311865645795","0.09","0.25","0.158","0.194","3.38833451271057"
"685","15","300","20","community","species","species_4","ZIPLN","BIC","0.08","0.605098","0.553062489174079","0.107","0.25","0.136","0.176","1.21670317649841"
"686","16","300","20","community","species","species_4","PLN","BIC","0.11","0.373","0.431980755885099","0.065","0","0","0","2.67517995834351"
"687","16","300","20","community","species","species_4","ZIPLN","BIC","0.05","0.4238","0.52003927473719","0","0",NA,"0","1.7972936630249"
"688","17","300","20","community","species","species_4","PLN","BIC","0.13","0.528574","0.431519717068777","0.271","0.444","0.075","0.129","1.15079998970032"
"689","17","300","20","community","species","species_4","ZIPLN","BIC","0.08","0.6266715","0.517820102345366","0","0",NA,"0","1.73761582374573"
"690","18","300","20","community","species","species_4","PLN","BIC","0.13","0.56125","0.429780526139167","0.25","0.3","0.062","0.103","0.948504447937012"
"691","18","300","20","community","species","species_4","ZIPLN","BIC","0.08","0.6358","0.534857010726551","0","0.1","1","0.182","1.58911418914795"
"692","19","300","20","community","species","species_4","PLN","BIC","0.12","0.3863705","0.305529120147297","0.082","0","0","0","4.88816094398499"
"693","19","300","20","community","species","species_4","ZIPLN","BIC","0.05","0.4990345","0.437848556671531","0","0",NA,"0","1.50123810768127"
"694","20","300","20","community","species","species_4","PLN","BIC","0.17","0.514599","0.539321107079905","0.184","0.062","0.03","0.041","1.16631627082825"
"695","20","300","20","community","species","species_4","ZIPLN","BIC","0.1","0.662137","0.612453447013879","0.144","0.438","0.219","0.292","2.03785705566406"
"696","21","300","20","community","species","species_4","PLN","BIC","0.2","0.493994","0.423377966351528","0.07","0.056","0.077","0.065","2.86282730102539"
"697","21","300","20","community","species","species_4","ZIPLN","BIC","0.12","0.4288065","0.485108289695756","0.006","0","0","0","0.947923183441162"
"698","22","300","20","community","species","species_4","PLN","BIC","0.16","0.652674","0.471364077893048","0.062","0.143","0.154","0.148","3.490234375"
"699","22","300","20","community","species","species_4","ZIPLN","BIC","0.1","0.439274","0.551755162762132","0.023","0.214","0.429","0.286","2.00629162788391"
"700","23","300","20","community","species","species_4","PLN","BIC","0.14","0.5323685","0.456357658982322","0.151","0.182","0.069","0.1","4.76515793800354"
"701","23","300","20","community","species","species_4","ZIPLN","BIC","0.08","0.6108475","0.537125473294267","0.017","0.273","0.5","0.353","2.12861776351929"
"702","24","300","20","community","species","species_4","PLN","BIC","0.13","0.5755","0.40248927240023","0.066","0.25","0.143","0.182","15.9643580913544"
"703","24","300","20","community","species","species_4","ZIPLN","BIC","0.06","0.578625","0.47232110361807","0","0",NA,"0","0.949678182601929"
"704","25","300","20","community","species","species_4","PLN","BIC","0.17","0.5461185","0.36984887402115","0.314","0.467","0.113","0.182","0.794431447982788"
"705","25","300","20","community","species","species_4","ZIPLN","BIC","0.08","0.707802","0.555594404404566","0.034","0.2","0.333","0.25","1.06295895576477"
"706","26","300","20","community","species","species_4","PLN","BIC","0.14","0.445883","0.430383866720871","0.073","0.083","0.071","0.077","3.78761124610901"
"707","26","300","20","community","species","species_4","ZIPLN","BIC","0.07","0.5295395","0.552529812363783","0","0",NA,"0","1.59960246086121"
"708","27","300","20","community","species","species_4","PLN","BIC","0.18","0.522643","0.479585030715434","0.234","0.158","0.07","0.097","0.745947122573853"
"709","27","300","20","community","species","species_4","ZIPLN","BIC","0.11","0.6544025","0.553923401759445","0.012","0.263","0.714","0.385","1.20598316192627"
"710","28","300","20","community","species","species_4","PLN","BIC","0.14","0.5102615","0.52539469685525","0.196","0.091","0.028","0.043","1.07716727256775"
"711","28","300","20","community","species","species_4","ZIPLN","BIC","0.08","0.6167595","0.61809979778262","0","0",NA,"0","1.57589530944824"
"712","29","300","20","community","species","species_4","PLN","BIC","0.17","0.447611","0.391006293964274","0.369","0.286","0.058","0.096","1.09226202964783"
"713","29","300","20","community","species","species_4","ZIPLN","BIC","0.08","0.7894845","0.459405208484535","0.068","0.5","0.368","0.424","1.26267170906067"
"714","30","300","20","community","species","species_4","PLN","BIC","0.18","0.589025","0.457967661516847","0.362","0.5","0.113","0.184","2.39854383468628"
"715","30","300","20","community","species","species_4","ZIPLN","BIC","0.1","0.686911","0.522420802054583","0.034","0.25","0.4","0.308","1.05108642578125"
"716","1","300","50","community","species","species_1","PLN","BIC","0.12","0.8146465","0.735912770143375","0.065","0.598","0.398","0.478","3.39088702201843"
"717","1","300","50","community","species","species_1","ZIPLN","BIC","0.1","0.8390675","0.771458420014141","0.063","0.622","0.415","0.498","6.78307318687439"
"718","2","300","50","community","species","species_1","PLN","BIC","0.14","0.8089875","0.801092542365738","0.028","0.411","0.549","0.47","3.14366722106934"
"719","2","300","50","community","species","species_1","ZIPLN","BIC","0.11","0.845081","0.858161503399767","0.039","0.505","0.522","0.513","6.69690299034119"
"720","3","300","50","community","species","species_1","PLN","BIC","0.12","0.804774","0.778408173632316","0.024","0.316","0.481","0.382","1.89729690551758"
"721","3","300","50","community","species","species_1","ZIPLN","BIC","0.1","0.7898995","0.842719278328525","0.041","0.443","0.427","0.435","3.81049680709839"
"722","4","300","50","community","species","species_1","PLN","BIC","0.12","0.863153","0.701462635156027","0.066","0.65","0.409","0.502","2.81451439857483"
"723","4","300","50","community","species","species_1","ZIPLN","BIC","0.1","0.8923185","0.724023085056319","0.1","0.787","0.356","0.49","8.26666760444641"
"724","5","300","50","community","species","species_1","PLN","BIC","0.14","0.815703","0.737686666484265","0.034","0.432","0.519","0.471","2.96180510520935"
"725","5","300","50","community","species","species_1","ZIPLN","BIC","0.11","0.8250365","0.767167537059114","0.071","0.663","0.441","0.529","7.40424418449402"
"726","6","300","50","community","species","species_1","PLN","BIC","0.12","0.786343","0.750697850413305","0.01","0.378","0.7","0.491","2.93781065940857"
"727","6","300","50","community","species","species_1","ZIPLN","BIC","0.1","0.854944","0.80855774479781","0.024","0.473","0.556","0.511","7.34860110282898"
"728","7","300","50","community","species","species_1","PLN","BIC","0.12","0.847003","0.738406826454699","0.008","0.35","0.757","0.479","3.10471081733704"
"729","7","300","50","community","species","species_1","ZIPLN","BIC","0.1","0.897493","0.783984537449989","0.043","0.662","0.52","0.582","6.05940723419189"
"730","8","300","50","community","species","species_1","PLN","BIC","0.13","0.8355795","0.677356790623374","0.081","0.663","0.383","0.485","3.58775210380554"
"731","8","300","50","community","species","species_1","ZIPLN","BIC","0.11","0.8562925","0.726030115491332","0.054","0.616","0.461","0.527","7.91280317306519"
"732","9","300","50","community","species","species_1","PLN","BIC","0.13","0.8037345","0.701026447398781","0.024","0.407","0.541","0.465","3.20189952850342"
"733","9","300","50","community","species","species_1","ZIPLN","BIC","0.09","0.9041945","0.747406504732588","0.057","0.691","0.463","0.554","8.03336334228516"
"734","10","300","50","community","species","species_1","PLN","BIC","0.11","0.786019","0.715220215975678","0.047","0.507","0.407","0.451","4.01802825927734"
"735","10","300","50","community","species","species_1","ZIPLN","BIC","0.09","0.8032095","0.748624716588909","0.042","0.562","0.461","0.506","6.92948937416077"
"736","11","300","50","community","species","species_1","PLN","BIC","0.14","0.803712","0.76588094650739","0.016","0.309","0.625","0.414","3.11187100410461"
"737","11","300","50","community","species","species_1","ZIPLN","BIC","0.11","0.8492615","0.808734414677296","0.046","0.567","0.514","0.539","6.56375432014465"
"738","12","300","50","community","species","species_1","PLN","BIC","0.13","0.86266","0.725148351212037","0.017","0.452","0.689","0.545","3.41142416000366"
"739","12","300","50","community","species","species_1","ZIPLN","BIC","0.11","0.87447","0.759762894596106","0.043","0.72","0.578","0.641","7.39958190917969"
"740","13","300","50","community","species","species_1","PLN","BIC","0.13","0.834902","0.71483657743413","0.051","0.476","0.408","0.44","2.95437383651733"
"741","13","300","50","community","species","species_1","ZIPLN","BIC","0.1","0.884259","0.740194099047028","0.101","0.798","0.368","0.504","7.41556549072266"
"742","14","300","50","community","species","species_1","PLN","BIC","0.12","0.833045","0.732253171132609","0.025","0.5","0.567","0.531","3.21698713302612"
"743","14","300","50","community","species","species_1","ZIPLN","BIC","0.1","0.85092","0.770496183597682","0.039","0.579","0.494","0.533","7.37878465652466"
"744","15","300","50","community","species","species_1","PLN","BIC","0.11","0.811182","0.73315187893132","0.011","0.314","0.629","0.419","3.25590634346008"
"745","15","300","50","community","species","species_1","ZIPLN","BIC","0.09","0.82595","0.798507415892872","0.041","0.586","0.466","0.519","7.39473581314087"
"746","16","300","50","community","species","species_1","PLN","BIC","0.13","0.783987","0.741963944269557","0.022","0.349","0.537","0.423","3.38802886009216"
"747","16","300","50","community","species","species_1","ZIPLN","BIC","0.11","0.784703","0.791142523352003","0.053","0.53","0.419","0.468","6.48450446128845"
"748","17","300","50","community","species","species_1","PLN","BIC","0.12","0.8618445","0.727842409282759","0.021","0.457","0.607","0.521","3.42133402824402"
"749","17","300","50","community","species","species_1","ZIPLN","BIC","0.1","0.862974","0.733536099470272","0.032","0.58","0.56","0.57","6.36622929573059"
"750","18","300","50","community","species","species_1","PLN","BIC","0.13","0.833039","0.741963910723599","0.024","0.346","0.5","0.409","3.57095336914062"
"751","18","300","50","community","species","species_1","ZIPLN","BIC","0.11","0.8645445","0.76958761891608","0.096","0.667","0.321","0.433","7.07703375816345"
"752","19","300","50","community","species","species_1","PLN","BIC","0.13","0.8270805","0.701271213624634","0.034","0.412","0.473","0.44","3.17923331260681"
"753","19","300","50","community","species","species_1","ZIPLN","BIC","0.1","0.825688","0.745435643790031","0.085","0.6","0.345","0.438","6.34723782539368"
"754","20","300","50","community","species","species_1","PLN","BIC","0.12","0.816844","0.719776717534758","0.067","0.524","0.358","0.426","2.91388964653015"
"755","20","300","50","community","species","species_1","ZIPLN","BIC","0.11","0.8586325","0.766347267459596","0.066","0.622","0.402","0.488","6.64013195037842"
"756","21","300","50","community","species","species_1","PLN","BIC","0.12","0.8746665","0.705262145856064","0.028","0.529","0.584","0.556","2.27815008163452"
"757","21","300","50","community","species","species_1","ZIPLN","BIC","0.1","0.9208545","0.72286363437534","0.07","0.776","0.452","0.571","4.24624156951904"
"758","22","300","50","community","species","species_1","PLN","BIC","0.11","0.831957","0.73086369865403","0.107","0.688","0.311","0.428","3.74834299087524"
"759","22","300","50","community","species","species_1","ZIPLN","BIC","0.09","0.878902","0.777757067948012","0.031","0.65","0.598","0.623","5.23248958587646"
"760","23","300","50","community","species","species_1","PLN","BIC","0.12","0.8415795","0.732452552084109","0.011","0.42","0.723","0.531","3.662752866745"
"761","23","300","50","community","species","species_1","ZIPLN","BIC","0.1","0.871589","0.790822253184652","0.044","0.593","0.49","0.536","4.86432695388794"
"762","24","300","50","community","species","species_1","PLN","BIC","0.1","0.8125105","0.71397887757635","0.023","0.435","0.5","0.466","2.6712532043457"
"763","24","300","50","community","species","species_1","ZIPLN","BIC","0.08","0.866864","0.755146432151695","0.049","0.629","0.406","0.494","6.58159136772156"
"764","25","300","50","community","species","species_1","PLN","BIC","0.13","0.7732915","0.731608320530729","0.02","0.314","0.54","0.397","2.99541068077087"
"765","25","300","50","community","species","species_1","ZIPLN","BIC","0.11","0.8105475","0.771740015842988","0.025","0.419","0.562","0.48","4.24564123153687"
"766","26","300","50","community","species","species_1","PLN","BIC","0.11","0.8498835","0.745954423333245","0.03","0.568","0.545","0.556","3.3450870513916"
"767","26","300","50","community","species","species_1","ZIPLN","BIC","0.09","0.860668","0.799388163888789","0.037","0.608","0.511","0.556","6.415452003479"
"768","27","300","50","community","species","species_1","PLN","BIC","0.12","0.870269","0.718417664302325","0.062","0.597","0.393","0.474","2.1537082195282"
"769","27","300","50","community","species","species_1","ZIPLN","BIC","0.1","0.8824875","0.770191840949957","0.035","0.584","0.529","0.556","4.42317056655884"
"770","28","300","50","community","species","species_1","PLN","BIC","0.12","0.860233","0.702708320741276","0.032","0.514","0.507","0.51","2.21123552322388"
"771","28","300","50","community","species","species_1","ZIPLN","BIC","0.09","0.8503585","0.73321754457892","0.06","0.676","0.42","0.518","3.81533551216125"
"772","29","300","50","community","species","species_1","PLN","BIC","0.12","0.829903","0.753890020541802","0.016","0.282","0.513","0.364","2.08931231498718"
"773","29","300","50","community","species","species_1","ZIPLN","BIC","0.09","0.850163","0.807231267376564","0.031","0.451","0.471","0.46","4.28820133209229"
"774","30","300","50","community","species","species_1","PLN","BIC","0.12","0.8220985","0.753201581965573","0.016","0.379","0.581","0.459","3.4255359172821"
"775","30","300","50","community","species","species_1","ZIPLN","BIC","0.1","0.86198","0.777856474234663","0.032","0.545","0.493","0.518","6.90147709846497"
"776","1","300","50","community","species","species_2","PLN","BIC","0.16","0.6766265","0.566078699499759","0","0",NA,"0","9.88113045692444"
"777","1","300","50","community","species","species_2","ZIPLN","BIC","0.09","0.9032475","0.737711950673156","0.051","0.582","0.442","0.503","7.90594363212585"
"778","2","300","50","community","species","species_2","PLN","BIC","0.16","0.6903585","0.651193668397869","0","0",NA,"0","10.1491107940674"
"779","2","300","50","community","species","species_2","ZIPLN","BIC","0.1","0.8295005","0.802956650121214","0.022","0.402","0.597","0.481","7.30280637741089"
"780","3","300","50","community","species","species_2","PLN","BIC","0.17","0.7038685","0.623651745026151","0","0",NA,"0","8.80802536010742"
"781","3","300","50","community","species","species_2","ZIPLN","BIC","0.11","0.812961","0.764126240809047","0.038","0.406","0.476","0.438","6.65406703948975"
"782","4","300","50","community","species","species_2","PLN","BIC","0.13","0.738119","0.604291469986345","0.005","0.129","0.6","0.212","4.79441118240356"
"783","4","300","50","community","species","species_2","ZIPLN","BIC","0.09","0.813854","0.724196415380609","0.06","0.543","0.355","0.429","5.14536333084106"
"784","5","300","50","community","species","species_2","PLN","BIC","0.14","0.7778835","0.613041156196809","0.022","0.294","0.5","0.37","8.28450107574463"
"785","5","300","50","community","species","species_2","ZIPLN","BIC","0.09","0.88125","0.707986923207235","0.089","0.671","0.358","0.467","7.58369851112366"
"786","6","300","50","community","species","species_2","PLN","BIC","0.15","0.7183195","0.600167137634942","0","0",NA,"0","7.9031822681427"
"787","6","300","50","community","species","species_2","ZIPLN","BIC","0.09","0.821859","0.71056379581196","0.058","0.595","0.416","0.49","8.05238389968872"
"788","7","300","50","community","species","species_2","PLN","BIC","0.14","0.608923","0.55055223362082","0.002","0","0","0","9.25304198265076"
"789","7","300","50","community","species","species_2","ZIPLN","BIC","0.09","0.883044","0.68723516023511","0.045","0.556","0.435","0.488","7.41440105438232"
"790","8","300","50","community","species","species_2","PLN","BIC","0.16","0.7240195","0.628337675016771","0","0",NA,"0","7.07262969017029"
"791","8","300","50","community","species","species_2","ZIPLN","BIC","0.1","0.8869045","0.764793103041411","0.017","0.506","0.694","0.585","7.40213680267334"
"792","9","300","50","community","species","species_2","PLN","BIC","0.15","0.683532","0.587938486190278","0","0",NA,"0","10.3252782821655"
"793","9","300","50","community","species","species_2","ZIPLN","BIC","0.1","0.8446375","0.728805557488785","0.017","0.466","0.63","0.535","8.27988028526306"
"794","10","300","50","community","species","species_2","PLN","BIC","0.16","0.6982065","0.570500017406954","0.003","0.024","0.4","0.046","6.08459305763245"
"795","10","300","50","community","species","species_2","ZIPLN","BIC","0.09","0.864512","0.735418741757256","0.088","0.622","0.336","0.436","4.23120093345642"
"796","11","300","50","community","species","species_2","PLN","BIC","0.16","0.6423905","0.585113476071081","0","0",NA,"0","10.1298937797546"
"797","11","300","50","community","species","species_2","ZIPLN","BIC","0.11","0.8510405","0.731661678399534","0.031","0.415","0.493","0.45","8.13878655433655"
"798","12","300","50","community","species","species_2","PLN","BIC","0.16","0.6691055","0.574743559307714","0","0",NA,"0","9.89763689041138"
"799","12","300","50","community","species","species_2","ZIPLN","BIC","0.09","0.8004875","0.767262383996543","0.032","0.432","0.514","0.469","7.60556817054749"
"800","13","300","50","community","species","species_2","PLN","BIC","0.15","0.6600415","0.556339450336457","0","0",NA,"0","12.3394277095795"
"801","13","300","50","community","species","species_2","ZIPLN","BIC","0.09","0.865653","0.690128975111457","0.096","0.703","0.321","0.441","8.16545557975769"
"802","14","300","50","community","species","species_2","PLN","BIC","0.16","0.686219","0.631604652934029","0","0",NA,"0","7.90372204780579"
"803","14","300","50","community","species","species_2","ZIPLN","BIC","0.1","0.8438485","0.804771761016238","0.025","0.432","0.547","0.483","7.08259797096252"
"804","15","300","50","community","species","species_2","PLN","BIC","0.14","0.666394","0.595102596621635","0","0",NA,"0","8.25680160522461"
"805","15","300","50","community","species","species_2","ZIPLN","BIC","0.09","0.839762","0.742295941732458","0.018","0.333","0.543","0.413","4.66372323036194"
"806","16","300","50","community","species","species_2","PLN","BIC","0.14","0.780356","0.633538590980287","0","0",NA,"0","5.45595026016235"
"807","16","300","50","community","species","species_2","ZIPLN","BIC","0.09","0.883109","0.747773623131107","0.036","0.52","0.488","0.503","4.46406936645508"
"808","17","300","50","community","species","species_2","PLN","BIC","0.14","0.654958","0.614111979349509","0","0",NA,"0","8.81716871261597"
"809","17","300","50","community","species","species_2","ZIPLN","BIC","0.09","0.829066","0.757110866120859","0.01","0.314","0.667","0.427","6.76603055000305"
"810","18","300","50","community","species","species_2","PLN","BIC","0.16","0.6852685","0.612189082056304","0.005","0.011","0.143","0.021","7.3767728805542"
"811","18","300","50","community","species","species_2","ZIPLN","BIC","0.11","0.803842","0.742319424321725","0.029","0.391","0.507","0.442","7.15744566917419"
"812","19","300","50","community","species","species_2","PLN","BIC","0.14","0.65645","0.61833374902994","0","0",NA,"0","8.59997749328613"
"813","19","300","50","community","species","species_2","ZIPLN","BIC","0.09","0.823183","0.743813853529223","0.035","0.406","0.406","0.406","7.65579771995544"
"814","20","300","50","community","species","species_2","PLN","BIC","0.12","0.7340795","0.641749017554312","0","0",NA,"0","7.99298405647278"
"815","20","300","50","community","species","species_2","ZIPLN","BIC","0.09","0.8468","0.726629514120324","0.017","0.448","0.6","0.513","7.48846864700317"
"816","21","300","50","community","species","species_2","PLN","BIC","0.17","0.661337","0.612197713409335","0","0",NA,"0","6.81507444381714"
"817","21","300","50","community","species","species_2","ZIPLN","BIC","0.12","0.7928115","0.749688145453839","0.032","0.312","0.446","0.367","4.57649874687195"
"818","22","300","50","community","species","species_2","PLN","BIC","0.17","0.689631","0.648521234724287","0.017","0.087","0.296","0.134","8.01573920249939"
"819","22","300","50","community","species","species_2","ZIPLN","BIC","0.11","0.784904","0.79428768508544","0.041","0.457","0.472","0.464","4.36573171615601"
"820","23","300","50","community","species","species_2","PLN","BIC","0.15","0.6787735","0.573388040817244","0","0",NA,"0","6.85498714447021"
"821","23","300","50","community","species","species_2","ZIPLN","BIC","0.1","0.8555285","0.68977800096467","0.035","0.546","0.57","0.558","7.75791883468628"
"822","24","300","50","community","species","species_2","PLN","BIC","0.14","0.7056505","0.641823359941346","0","0",NA,"0","9.56618189811707"
"823","24","300","50","community","species","species_2","ZIPLN","BIC","0.1","0.8519985","0.761014956088825","0.025","0.481","0.574","0.523","8.39913082122803"
"824","25","300","50","community","species","species_2","PLN","BIC","0.16","0.669015","0.552553839523868","0","0",NA,"0","10.9846379756927"
"825","25","300","50","community","species","species_2","ZIPLN","BIC","0.09","0.8344605","0.768865691484058","0.039","0.461","0.438","0.449","5.66404891014099"
"826","26","300","50","community","species","species_2","PLN","BIC","0.17","0.7267785","0.604527338400545","0","0",NA,"0","9.53534293174744"
"827","26","300","50","community","species","species_2","ZIPLN","BIC","0.11","0.79649","0.735256898584265","0.04","0.395","0.425","0.41","7.63286209106445"
"828","27","300","50","community","species","species_2","PLN","BIC","0.14","0.718489","0.60226763638904","0","0",NA,"0","6.22774481773376"
"829","27","300","50","community","species","species_2","ZIPLN","BIC","0.1","0.857656","0.675322684502723","0.06","0.568","0.4","0.469","6.21562337875366"
"830","28","300","50","community","species","species_2","PLN","BIC","0.15","0.65701","0.583125262860432","0","0",NA,"0","9.87472987174988"
"831","28","300","50","community","species","species_2","ZIPLN","BIC","0.09","0.8393675","0.760953228607798","0.036","0.446","0.446","0.446","6.93275451660156"
"832","29","300","50","community","species","species_2","PLN","BIC","0.14","0.7382535","0.601472142237052","0.01","0.143","0.522","0.224","5.24952816963196"
"833","29","300","50","community","species","species_2","ZIPLN","BIC","0.09","0.838961","0.714878973144646","0.065","0.571","0.393","0.466","4.58759307861328"
"834","30","300","50","community","species","species_2","PLN","BIC","0.17","0.730145","0.573921131277694","0","0",NA,"0","8.7175624370575"
"835","30","300","50","community","species","species_2","ZIPLN","BIC","0.11","0.85864","0.727648461035654","0.04","0.575","0.526","0.549","4.0147762298584"
"836","1","300","50","community","species","species_3","PLN","BIC","0.15","0.5175265","0.455788086557068","0.004","0.015","0.167","0.028","1.04374141693115"
"837","1","300","50","community","species","species_3","ZIPLN","BIC","0.09","0.582954","0.591574607075009","0","0.046","1","0.088","6.85263466835022"
"838","2","300","50","community","species","species_3","PLN","BIC","0.15","0.5257205","0.515616991684867","0.011","0","0","0","18.5693991184235"
"839","2","300","50","community","species","species_3","ZIPLN","BIC","0.09","0.5838025","0.624059071651026","0.007","0.154","0.556","0.241","7.15721821784973"
"840","3","300","50","community","species","species_3","PLN","BIC","0.15","0.511194","0.510073573667439","0.014","0","0","0","17.0029852390289"
"841","3","300","50","community","species","species_3","ZIPLN","BIC","0.09","0.7364035","0.64156284857175","0.029","0.342","0.431","0.382","6.12238216400146"
"842","4","300","50","community","species","species_3","PLN","BIC","0.16","0.594586","0.542497279241547","0","0",NA,"0","13.0647459030151"
"843","4","300","50","community","species","species_3","ZIPLN","BIC","0.1","0.724262","0.649193402573303","0.022","0.271","0.479","0.346","4.29678440093994"
"844","5","300","50","community","species","species_3","PLN","BIC","0.17","0.516498","0.47760192616518","0","0",NA,"0","18.2091183662415"
"845","5","300","50","community","species","species_3","ZIPLN","BIC","0.11","0.714447","0.575506672381244","0.056","0.337","0.304","0.32","7.25900673866272"
"846","6","300","50","community","species","species_3","PLN","BIC","0.17","0.5540995","0.490092591924153","0","0",NA,"0","18.8784594535828"
"847","6","300","50","community","species","species_3","ZIPLN","BIC","0.11","0.712542","0.636195416773555","0.013","0.145","0.444","0.218","7.71696352958679"
"848","7","300","50","community","species","species_3","PLN","BIC","0.16","0.5527705","0.498055292408336","0.013","0","0","0","14.6668539047241"
"849","7","300","50","community","species","species_3","ZIPLN","BIC","0.1","0.798875","0.613946478721622","0.018","0.191","0.382","0.255","7.59526252746582"
"850","8","300","50","community","species","species_3","PLN","BIC","0.16","0.547152","0.522832724926811","0","0",NA,"0","59.4647896289825"
"851","8","300","50","community","species","species_3","ZIPLN","BIC","0.1","0.5952055","0.63199132565076","0.01","0.112","0.45","0.18","4.67109298706055"
"852","9","300","50","community","species","species_3","PLN","BIC","0.17","0.5412995","0.386524016720235","0.001","0","0","0","1.00413933992386"
"853","9","300","50","community","species","species_3","ZIPLN","BIC","0.1","0.648644","0.569593983942673","0.029","0.167","0.283","0.21","8.69648170471191"
"854","10","300","50","community","species","species_3","PLN","BIC","0.19","0.53266","0.478979276266018","0","0.011","1","0.021","16.6361496448517"
"855","10","300","50","community","species","species_3","ZIPLN","BIC","0.12","0.6823555","0.61072697489709","0.06","0.28","0.277","0.278","6.17003512382507"
"856","11","300","50","community","species","species_3","PLN","BIC","0.16","0.511508","0.488582198230658","0","0",NA,"0","16.140193939209"
"857","11","300","50","community","species","species_3","ZIPLN","BIC","0.1","0.7758305","0.653164082138506","0.006","0.169","0.65","0.268","7.76459646224976"
"858","12","300","50","community","species","species_3","PLN","BIC","0.17","0.5191605","0.43265886184365","0.001","0","0","0","21.6546242237091"
"859","12","300","50","community","species","species_3","ZIPLN","BIC","0.1","0.6474185","0.631273761044222","0.005","0.049","0.4","0.088","7.32784080505371"
"860","13","300","50","community","species","species_3","PLN","BIC","0.16","0.5611735","0.523521055133954","0.001","0","0","0","25.0540943145752"
"861","13","300","50","community","species","species_3","ZIPLN","BIC","0.1","0.6767265","0.620121960255137","0.009","0.185","0.6","0.283","4.4588508605957"
"862","14","300","50","community","species","species_3","PLN","BIC","0.17","0.559937","0.566254694018382","0","0",NA,"0","19.7824823856354"
"863","14","300","50","community","species","species_3","ZIPLN","BIC","0.11","0.6184345","0.67525944218073","0.02","0.172","0.425","0.245","4.85424399375916"
"864","15","300","50","community","species","species_3","PLN","BIC","0.15","0.4750035","0.472409139315109","0.019","0.029","0.083","0.043","1.02617159684499"
"865","15","300","50","community","species","species_3","ZIPLN","BIC","0.09","0.663463","0.611289573808816","0.017","0.257","0.474","0.333","7.18197345733643"
"866","16","300","50","community","species","species_3","PLN","BIC","0.15","0.5459405","0.508399860402069","0.004","0","0","0","21.3838210105896"
"867","16","300","50","community","species","species_3","ZIPLN","BIC","0.1","0.7303325","0.627449921963981","0.01","0.227","0.607","0.33","7.38071990013123"
"868","17","300","50","community","species","species_3","PLN","BIC","0.16","0.5587975","0.450699222635921","0.01","0.026","0.143","0.044","23.2678325176239"
"869","17","300","50","community","species","species_3","ZIPLN","BIC","0.09","0.6768345","0.60451167792465","0.01","0.156","0.5","0.238","7.98684906959534"
"870","18","300","50","community","species","species_3","PLN","BIC","0.15","0.5022875","0.503548212533235","0.01","0","0","0","24.1949083805084"
"871","18","300","50","community","species","species_3","ZIPLN","BIC","0.1","0.707385","0.613656527132854","0.007","0.118","0.5","0.19","8.17914462089539"
"872","19","300","50","community","species","species_3","PLN","BIC","0.16","0.6325305","0.543359849079525","0.001","0","0","0","19.6848657131195"
"873","19","300","50","community","species","species_3","ZIPLN","BIC","0.11","0.663903","0.626083104993926","0.064","0.364","0.275","0.313","6.78434944152832"
"874","20","300","50","community","species","species_3","PLN","BIC","0.16","0.530749","0.558421660370412","0.014","0","0","0","12.787326335907"
"875","20","300","50","community","species","species_3","ZIPLN","BIC","0.11","0.6645665","0.634231020554056","0.022","0.22","0.444","0.294","4.48864412307739"
"876","21","300","50","community","species","species_3","PLN","BIC","0.16","0.534824","0.513671398733469","0.017","0","0","0","17.6345090866089"
"877","21","300","50","community","species","species_3","ZIPLN","BIC","0.1","0.635549","0.655256363099791","0.011","0.128","0.435","0.198","4.37363171577454"
"878","22","300","50","community","species","species_3","PLN","BIC","0.15","0.559291","0.535943545564213","0.004","0.013","0.167","0.023","15.5469214916229"
"879","22","300","50","community","species","species_3","ZIPLN","BIC","0.1","0.6858865","0.621108193153293","0.037","0.362","0.408","0.384","8.48565602302551"
"880","23","300","50","community","species","species_3","PLN","BIC","0.17","0.59399","0.50152531357257","0.001","0","0","0","21.8316843509674"
"881","23","300","50","community","species","species_3","ZIPLN","BIC","0.11","0.639658","0.624684848862391","0.014","0.19","0.484","0.273","6.46947932243347"
"882","24","300","50","community","species","species_3","PLN","BIC","0.16","0.5076625","0.467386429569634","0.001","0","0","0","58.5340869426727"
"883","24","300","50","community","species","species_3","ZIPLN","BIC","0.1","0.6855965","0.647884169167262","0.006","0.141","0.611","0.229","7.56034064292908"
"884","25","300","50","community","species","species_3","PLN","BIC","0.17","0.52475","0.489130179032335","0.004","0.011","0.167","0.02","16.6929504871368"
"885","25","300","50","community","species","species_3","ZIPLN","BIC","0.11","0.670118","0.615682892864175","0.023","0.211","0.435","0.284","4.74624371528625"
"886","26","300","50","community","species","species_3","PLN","BIC","0.18","0.5349895","0.478538445166666","0","0",NA,"0","19.2080459594727"
"887","26","300","50","community","species","species_3","ZIPLN","BIC","0.12","0.7574825","0.625147748234398","0.005","0.136","0.647","0.224","8.34991645812988"
"888","27","300","50","community","species","species_3","PLN","BIC","0.18","0.506981","0.506776698773587","0.002","0","0","0","15.1778209209442"
"889","27","300","50","community","species","species_3","ZIPLN","BIC","0.12","0.580831","0.618571127008294","0.011","0.103","0.429","0.167","4.49304962158203"
"890","28","300","50","community","species","species_3","PLN","BIC","0.17","0.5839975","0.499140786002447","0.003","0","0","0","52.1912710666656"
"891","28","300","50","community","species","species_3","ZIPLN","BIC","0.1","0.7193295","0.618401502113406","0.036","0.3","0.369","0.331","4.64984345436096"
"892","29","300","50","community","species","species_3","PLN","BIC","0.15","0.593304","0.501805967218241","0.01","0","0","0","11.6611223220825"
"893","29","300","50","community","species","species_3","ZIPLN","BIC","0.09","0.7488655","0.636574150551773","0.018","0.206","0.4","0.272","4.55025720596313"
"894","30","300","50","community","species","species_3","PLN","BIC","0.16","0.5672365","0.516664170075726","0.003","0","0","0","17.5780365467072"
"895","30","300","50","community","species","species_3","ZIPLN","BIC","0.11","0.600164","0.629443436537525","0.01","0.139","0.478","0.216","4.84639453887939"
"896","Error : inv_sympd(): matrix is singular or not positive definite
","Error : inv_sympd(): matrix is singular or not positive definite
","Error : inv_sympd(): matrix is singular or not positive definite
","Error : inv_sympd(): matrix is singular or not positive definite
","Error : inv_sympd(): matrix is singular or not positive definite
","Error : inv_sympd(): matrix is singular or not positive definite
","Error : inv_sympd(): matrix is singular or not positive definite
","Error : inv_sympd(): matrix is singular or not positive definite
","Error : inv_sympd(): matrix is singular or not positive definite
","Error : inv_sympd(): matrix is singular or not positive definite
","Error : inv_sympd(): matrix is singular or not positive definite
","Error : inv_sympd(): matrix is singular or not positive definite
","Error : inv_sympd(): matrix is singular or not positive definite
","Error : inv_sympd(): matrix is singular or not positive definite
","Error : inv_sympd(): matrix is singular or not positive definite
","Error : inv_sympd(): matrix is singular or not positive definite
"
"897","2","300","50","community","species","species_4","PLN","BIC","0.15","0.643449","0.511984166621256","0","0",NA,"0","21.3635728359222"
"898","2","300","50","community","species","species_4","ZIPLN","BIC","0.1","0.674904","0.574849790485204","0.018","0.275","0.475","0.349","8.49028778076172"
"899","Error : inv_sympd(): matrix is singular or not positive definite
","Error : inv_sympd(): matrix is singular or not positive definite
","Error : inv_sympd(): matrix is singular or not positive definite
","Error : inv_sympd(): matrix is singular or not positive definite
","Error : inv_sympd(): matrix is singular or not positive definite
","Error : inv_sympd(): matrix is singular or not positive definite
","Error : inv_sympd(): matrix is singular or not positive definite
","Error : inv_sympd(): matrix is singular or not positive definite
","Error : inv_sympd(): matrix is singular or not positive definite
","Error : inv_sympd(): matrix is singular or not positive definite
","Error : inv_sympd(): matrix is singular or not positive definite
","Error : inv_sympd(): matrix is singular or not positive definite
","Error : inv_sympd(): matrix is singular or not positive definite
","Error : inv_sympd(): matrix is singular or not positive definite
","Error : inv_sympd(): matrix is singular or not positive definite
","Error : inv_sympd(): matrix is singular or not positive definite
"
"900","Error : inv_sympd(): matrix is singular or not positive definite
","Error : inv_sympd(): matrix is singular or not positive definite
","Error : inv_sympd(): matrix is singular or not positive definite
","Error : inv_sympd(): matrix is singular or not positive definite
","Error : inv_sympd(): matrix is singular or not positive definite
","Error : inv_sympd(): matrix is singular or not positive definite
","Error : inv_sympd(): matrix is singular or not positive definite
","Error : inv_sympd(): matrix is singular or not positive definite
","Error : inv_sympd(): matrix is singular or not positive definite
","Error : inv_sympd(): matrix is singular or not positive definite
","Error : inv_sympd(): matrix is singular or not positive definite
","Error : inv_sympd(): matrix is singular or not positive definite
","Error : inv_sympd(): matrix is singular or not positive definite
","Error : inv_sympd(): matrix is singular or not positive definite
","Error : inv_sympd(): matrix is singular or not positive definite
","Error : inv_sympd(): matrix is singular or not positive definite
"
"901","5","300","50","community","species","species_4","PLN","BIC","0.17","0.5806575","0.555307329122339","0","0",NA,"0","24.6032664775848"
"902","5","300","50","community","species","species_4","ZIPLN","BIC","0.12","0.596641","0.639296914182311","0.01","0.095","0.421","0.155","6.49708771705627"
"903","6","300","50","community","species","species_4","PLN","BIC","0.15","0.5900945","0.469789023260826","0.004","0","0","0","17.6102681159973"
"904","6","300","50","community","species","species_4","ZIPLN","BIC","0.09","0.7132065","0.637911011332314","0.028","0.389","0.467","0.424","7.07694458961487"
"905","Error : inv_sympd(): matrix is singular or not positive definite
","Error : inv_sympd(): matrix is singular or not positive definite
","Error : inv_sympd(): matrix is singular or not positive definite
","Error : inv_sympd(): matrix is singular or not positive definite
","Error : inv_sympd(): matrix is singular or not positive definite
","Error : inv_sympd(): matrix is singular or not positive definite
","Error : inv_sympd(): matrix is singular or not positive definite
","Error : inv_sympd(): matrix is singular or not positive definite
","Error : inv_sympd(): matrix is singular or not positive definite
","Error : inv_sympd(): matrix is singular or not positive definite
","Error : inv_sympd(): matrix is singular or not positive definite
","Error : inv_sympd(): matrix is singular or not positive definite
","Error : inv_sympd(): matrix is singular or not positive definite
","Error : inv_sympd(): matrix is singular or not positive definite
","Error : inv_sympd(): matrix is singular or not positive definite
","Error : inv_sympd(): matrix is singular or not positive definite
"
"906","8","300","50","community","species","species_4","PLN","BIC","0.17","0.623123","0.567300959065642","0.003","0","0","0","17.912392616272"
"907","8","300","50","community","species","species_4","ZIPLN","BIC","0.12","0.684742","0.650109863232807","0.006","0.14","0.632","0.229","7.15897703170776"
"908","Error : inv_sympd(): matrix is singular or not positive definite
","Error : inv_sympd(): matrix is singular or not positive definite
","Error : inv_sympd(): matrix is singular or not positive definite
","Error : inv_sympd(): matrix is singular or not positive definite
","Error : inv_sympd(): matrix is singular or not positive definite
","Error : inv_sympd(): matrix is singular or not positive definite
","Error : inv_sympd(): matrix is singular or not positive definite
","Error : inv_sympd(): matrix is singular or not positive definite
","Error : inv_sympd(): matrix is singular or not positive definite
","Error : inv_sympd(): matrix is singular or not positive definite
","Error : inv_sympd(): matrix is singular or not positive definite
","Error : inv_sympd(): matrix is singular or not positive definite
","Error : inv_sympd(): matrix is singular or not positive definite
","Error : inv_sympd(): matrix is singular or not positive definite
","Error : inv_sympd(): matrix is singular or not positive definite
","Error : inv_sympd(): matrix is singular or not positive definite
"
"909","Error : inv_sympd(): matrix is singular or not positive definite
","Error : inv_sympd(): matrix is singular or not positive definite
","Error : inv_sympd(): matrix is singular or not positive definite
","Error : inv_sympd(): matrix is singular or not positive definite
","Error : inv_sympd(): matrix is singular or not positive definite
","Error : inv_sympd(): matrix is singular or not positive definite
","Error : inv_sympd(): matrix is singular or not positive definite
","Error : inv_sympd(): matrix is singular or not positive definite
","Error : inv_sympd(): matrix is singular or not positive definite
","Error : inv_sympd(): matrix is singular or not positive definite
","Error : inv_sympd(): matrix is singular or not positive definite
","Error : inv_sympd(): matrix is singular or not positive definite
","Error : inv_sympd(): matrix is singular or not positive definite
","Error : inv_sympd(): matrix is singular or not positive definite
","Error : inv_sympd(): matrix is singular or not positive definite
","Error : inv_sympd(): matrix is singular or not positive definite
"
"910","11","300","50","community","species","species_4","PLN","BIC","0.16","0.523769","0.44174690049886","0","0",NA,"0","21.0740678310394"
"911","11","300","50","community","species","species_4","ZIPLN","BIC","0.1","0.634429","0.583381689769038","0.004","0.059","0.556","0.106","4.43414044380188"
"912","12","300","50","community","species","species_4","PLN","BIC","0.19","0.5915785","0.513042468989897","0.006","0.031","0.3","0.056","22.3979063034058"
"913","12","300","50","community","species","species_4","ZIPLN","BIC","0.13","0.5819625","0.676586695849717","0.028","0.133","0.295","0.183","7.8472638130188"
"914","Error : inv_sympd(): matrix is singular or not positive definite
","Error : inv_sympd(): matrix is singular or not positive definite
","Error : inv_sympd(): matrix is singular or not positive definite
","Error : inv_sympd(): matrix is singular or not positive definite
","Error : inv_sympd(): matrix is singular or not positive definite
","Error : inv_sympd(): matrix is singular or not positive definite
","Error : inv_sympd(): matrix is singular or not positive definite
","Error : inv_sympd(): matrix is singular or not positive definite
","Error : inv_sympd(): matrix is singular or not positive definite
","Error : inv_sympd(): matrix is singular or not positive definite
","Error : inv_sympd(): matrix is singular or not positive definite
","Error : inv_sympd(): matrix is singular or not positive definite
","Error : inv_sympd(): matrix is singular or not positive definite
","Error : inv_sympd(): matrix is singular or not positive definite
","Error : inv_sympd(): matrix is singular or not positive definite
","Error : inv_sympd(): matrix is singular or not positive definite
"
"915","14","300","50","community","species","species_4","PLN","BIC","0.16","0.521544","0.524713096377167","0","0",NA,"0","1.01565116246541"
"916","14","300","50","community","species","species_4","ZIPLN","BIC","0.1","0.663111","0.637102415551246","0.039","0.243","0.286","0.263","7.0108757019043"
"917","Error : inv_sympd(): matrix is singular or not positive definite
","Error : inv_sympd(): matrix is singular or not positive definite
","Error : inv_sympd(): matrix is singular or not positive definite
","Error : inv_sympd(): matrix is singular or not positive definite
","Error : inv_sympd(): matrix is singular or not positive definite
","Error : inv_sympd(): matrix is singular or not positive definite
","Error : inv_sympd(): matrix is singular or not positive definite
","Error : inv_sympd(): matrix is singular or not positive definite
","Error : inv_sympd(): matrix is singular or not positive definite
","Error : inv_sympd(): matrix is singular or not positive definite
","Error : inv_sympd(): matrix is singular or not positive definite
","Error : inv_sympd(): matrix is singular or not positive definite
","Error : inv_sympd(): matrix is singular or not positive definite
","Error : inv_sympd(): matrix is singular or not positive definite
","Error : inv_sympd(): matrix is singular or not positive definite
","Error : inv_sympd(): matrix is singular or not positive definite
"
"918","Error : inv_sympd(): matrix is singular or not positive definite
","Error : inv_sympd(): matrix is singular or not positive definite
","Error : inv_sympd(): matrix is singular or not positive definite
","Error : inv_sympd(): matrix is singular or not positive definite
","Error : inv_sympd(): matrix is singular or not positive definite
","Error : inv_sympd(): matrix is singular or not positive definite
","Error : inv_sympd(): matrix is singular or not positive definite
","Error : inv_sympd(): matrix is singular or not positive definite
","Error : inv_sympd(): matrix is singular or not positive definite
","Error : inv_sympd(): matrix is singular or not positive definite
","Error : inv_sympd(): matrix is singular or not positive definite
","Error : inv_sympd(): matrix is singular or not positive definite
","Error : inv_sympd(): matrix is singular or not positive definite
","Error : inv_sympd(): matrix is singular or not positive definite
","Error : inv_sympd(): matrix is singular or not positive definite
","Error : inv_sympd(): matrix is singular or not positive definite
"
"919","17","300","50","community","species","species_4","PLN","BIC","0.18","0.556943","0.520138664280497","0","0",NA,"0","18.6758885383606"
"920","17","300","50","community","species","species_4","ZIPLN","BIC","0.12","0.551474","0.626411453718733","0.015","0.087","0.32","0.137","3.86281514167786"
"921","18","300","50","community","species","species_4","PLN","BIC","0.16","0.5265945","0.470668856000187","0.005","0","0","0","1.00129413604736"
"922","18","300","50","community","species","species_4","ZIPLN","BIC","0.1","0.6299915","0.607867159366874","0.005","0.073","0.5","0.128","3.98881888389587"
"923","Error : inv_sympd(): matrix is singular or not positive definite
","Error : inv_sympd(): matrix is singular or not positive definite
","Error : inv_sympd(): matrix is singular or not positive definite
","Error : inv_sympd(): matrix is singular or not positive definite
","Error : inv_sympd(): matrix is singular or not positive definite
","Error : inv_sympd(): matrix is singular or not positive definite
","Error : inv_sympd(): matrix is singular or not positive definite
","Error : inv_sympd(): matrix is singular or not positive definite
","Error : inv_sympd(): matrix is singular or not positive definite
","Error : inv_sympd(): matrix is singular or not positive definite
","Error : inv_sympd(): matrix is singular or not positive definite
","Error : inv_sympd(): matrix is singular or not positive definite
","Error : inv_sympd(): matrix is singular or not positive definite
","Error : inv_sympd(): matrix is singular or not positive definite
","Error : inv_sympd(): matrix is singular or not positive definite
","Error : inv_sympd(): matrix is singular or not positive definite
"
"924","20","300","50","community","species","species_4","PLN","BIC","0.17","0.497869","0.487838384045178","0.004","0.011","0.2","0.02","18.4174010753632"
"925","20","300","50","community","species","species_4","ZIPLN","BIC","0.11","0.592903","0.596828750225066","0.025","0.095","0.243","0.136","4.9359917640686"
"926","Error : inv_sympd(): matrix is singular or not positive definite
","Error : inv_sympd(): matrix is singular or not positive definite
","Error : inv_sympd(): matrix is singular or not positive definite
","Error : inv_sympd(): matrix is singular or not positive definite
","Error : inv_sympd(): matrix is singular or not positive definite
","Error : inv_sympd(): matrix is singular or not positive definite
","Error : inv_sympd(): matrix is singular or not positive definite
","Error : inv_sympd(): matrix is singular or not positive definite
","Error : inv_sympd(): matrix is singular or not positive definite
","Error : inv_sympd(): matrix is singular or not positive definite
","Error : inv_sympd(): matrix is singular or not positive definite
","Error : inv_sympd(): matrix is singular or not positive definite
","Error : inv_sympd(): matrix is singular or not positive definite
","Error : inv_sympd(): matrix is singular or not positive definite
","Error : inv_sympd(): matrix is singular or not positive definite
","Error : inv_sympd(): matrix is singular or not positive definite
"
"927","Error : inv_sympd(): matrix is singular or not positive definite
","Error : inv_sympd(): matrix is singular or not positive definite
","Error : inv_sympd(): matrix is singular or not positive definite
","Error : inv_sympd(): matrix is singular or not positive definite
","Error : inv_sympd(): matrix is singular or not positive definite
","Error : inv_sympd(): matrix is singular or not positive definite
","Error : inv_sympd(): matrix is singular or not positive definite
","Error : inv_sympd(): matrix is singular or not positive definite
","Error : inv_sympd(): matrix is singular or not positive definite
","Error : inv_sympd(): matrix is singular or not positive definite
","Error : inv_sympd(): matrix is singular or not positive definite
","Error : inv_sympd(): matrix is singular or not positive definite
","Error : inv_sympd(): matrix is singular or not positive definite
","Error : inv_sympd(): matrix is singular or not positive definite
","Error : inv_sympd(): matrix is singular or not positive definite
","Error : inv_sympd(): matrix is singular or not positive definite
"
"928","23","300","50","community","species","species_4","PLN","BIC","0.16","0.6430795","0.523362994274327","0","0",NA,"0","53.5990304946899"
"929","23","300","50","community","species","species_4","ZIPLN","BIC","0.1","0.5944015","0.616416591190693","0.001","0.095","0.875","0.171","6.46485948562622"
"930","24","300","50","community","species","species_4","PLN","BIC","0.16","0.5497585","0.478739907512366","0.004","0","0","0","17.0011205673218"
"931","24","300","50","community","species","species_4","ZIPLN","BIC","0.1","0.6289085","0.605345675212679","0.049","0.274","0.263","0.268","6.63212037086487"
"932","Error : inv_sympd(): matrix is singular or not positive definite
","Error : inv_sympd(): matrix is singular or not positive definite
","Error : inv_sympd(): matrix is singular or not positive definite
","Error : inv_sympd(): matrix is singular or not positive definite
","Error : inv_sympd(): matrix is singular or not positive definite
","Error : inv_sympd(): matrix is singular or not positive definite
","Error : inv_sympd(): matrix is singular or not positive definite
","Error : inv_sympd(): matrix is singular or not positive definite
","Error : inv_sympd(): matrix is singular or not positive definite
","Error : inv_sympd(): matrix is singular or not positive definite
","Error : inv_sympd(): matrix is singular or not positive definite
","Error : inv_sympd(): matrix is singular or not positive definite
","Error : inv_sympd(): matrix is singular or not positive definite
","Error : inv_sympd(): matrix is singular or not positive definite
","Error : inv_sympd(): matrix is singular or not positive definite
","Error : inv_sympd(): matrix is singular or not positive definite
"
"933","26","300","50","community","species","species_4","PLN","BIC","0.18","0.513519","0.380796432702711","0.002","0","0","0","48.73326587677"
"934","26","300","50","community","species","species_4","ZIPLN","BIC","0.11","0.602558","0.571408931551248","0.004","0.131","0.733","0.222","4.15278196334839"
"935","Error : inv_sympd(): matrix is singular or not positive definite
","Error : inv_sympd(): matrix is singular or not positive definite
","Error : inv_sympd(): matrix is singular or not positive definite
","Error : inv_sympd(): matrix is singular or not positive definite
","Error : inv_sympd(): matrix is singular or not positive definite
","Error : inv_sympd(): matrix is singular or not positive definite
","Error : inv_sympd(): matrix is singular or not positive definite
","Error : inv_sympd(): matrix is singular or not positive definite
","Error : inv_sympd(): matrix is singular or not positive definite
","Error : inv_sympd(): matrix is singular or not positive definite
","Error : inv_sympd(): matrix is singular or not positive definite
","Error : inv_sympd(): matrix is singular or not positive definite
","Error : inv_sympd(): matrix is singular or not positive definite
","Error : inv_sympd(): matrix is singular or not positive definite
","Error : inv_sympd(): matrix is singular or not positive definite
","Error : inv_sympd(): matrix is singular or not positive definite
"
"936","Error : inv_sympd(): matrix is singular or not positive definite
","Error : inv_sympd(): matrix is singular or not positive definite
","Error : inv_sympd(): matrix is singular or not positive definite
","Error : inv_sympd(): matrix is singular or not positive definite
","Error : inv_sympd(): matrix is singular or not positive definite
","Error : inv_sympd(): matrix is singular or not positive definite
","Error : inv_sympd(): matrix is singular or not positive definite
","Error : inv_sympd(): matrix is singular or not positive definite
","Error : inv_sympd(): matrix is singular or not positive definite
","Error : inv_sympd(): matrix is singular or not positive definite
","Error : inv_sympd(): matrix is singular or not positive definite
","Error : inv_sympd(): matrix is singular or not positive definite
","Error : inv_sympd(): matrix is singular or not positive definite
","Error : inv_sympd(): matrix is singular or not positive definite
","Error : inv_sympd(): matrix is singular or not positive definite
","Error : inv_sympd(): matrix is singular or not positive definite
"
"937","29","300","50","community","species","species_4","PLN","BIC","0.17","0.646458","0.55390611893893","0","0",NA,"0","11.4852893352509"
"938","29","300","50","community","species","species_4","ZIPLN","BIC","0.12","0.7125815","0.622610362187884","0.06","0.439","0.343","0.385","4.50623965263367"
"939","30","300","50","community","species","species_4","PLN","BIC","0.16","0.5443795","0.461631094266903","0","0.012","1","0.023","47.5299158096313"
"940","30","300","50","community","species","species_4","ZIPLN","BIC","0.1","0.5840225","0.569606173784861","0.018","0.2","0.447","0.276","3.97840189933777"
"941","1","300","20","preferential_attachment","species","species_1","PLN","BIC","0.14","0.6413235","0.725693281093232","0.018","0.316","0.667","0.429","0.795779466629028"
"942","1","300","20","preferential_attachment","species","species_1","ZIPLN","BIC","0.1","0.7837205","0.81349721998829","0.035","0.316","0.5","0.387","2.87941026687622"
"943","2","300","20","preferential_attachment","species","species_1","PLN","BIC","0.14","0.84922","0.735518294783929","0.006","0.526","0.909","0.667","0.774248600006104"
"944","2","300","20","preferential_attachment","species","species_1","ZIPLN","BIC","0.1","0.8497855","0.785527619432273","0.035","0.632","0.667","0.649","2.72351455688477"
"945","3","300","20","preferential_attachment","species","species_1","PLN","BIC","0.13","0.791963","0.723573743633912","0.322","0.789","0.214","0.337","0.54033350944519"
"946","3","300","20","preferential_attachment","species","species_1","ZIPLN","BIC","0.11","0.8558305","0.733803537722797","0.222","0.842","0.296","0.438","1.78674387931824"
"947","4","300","20","preferential_attachment","species","species_1","PLN","BIC","0.13","0.903978","0.748471772520277","0.006","0.526","0.909","0.667","0.824840307235718"
"948","4","300","20","preferential_attachment","species","species_1","ZIPLN","BIC","0.11","0.9363995","0.780850345049086","0.047","0.684","0.619","0.65","2.19179391860962"
"949","5","300","20","preferential_attachment","species","species_1","PLN","BIC","0.13","0.906703","0.681623864586186","0.076","0.789","0.536","0.638","0.760371923446655"
"950","5","300","20","preferential_attachment","species","species_1","ZIPLN","BIC","0.09","0.929307","0.692742828670527","0.181","0.947","0.367","0.529","2.84172582626343"
"951","6","300","20","preferential_attachment","species","species_1","PLN","BIC","0.15","0.8936445","0.62559296724205","0.064","0.737","0.56","0.636","0.782425403594971"
"952","6","300","20","preferential_attachment","species","species_1","ZIPLN","BIC","0.09","0.8659915","0.671108037786529","0.251","0.842","0.271","0.41","2.49881768226624"
"953","7","300","20","preferential_attachment","species","species_1","PLN","BIC","0.15","0.842998","0.704041876259076","0.058","0.474","0.474","0.474","0.631405591964722"
"954","7","300","20","preferential_attachment","species","species_1","ZIPLN","BIC","0.1","0.9027045","0.776295304992786","0.094","0.579","0.407","0.478","2.22023034095764"
"955","8","300","20","preferential_attachment","species","species_1","PLN","BIC","0.15","0.7220995","0.605660621104409","0.018","0.263","0.625","0.37","0.756470441818237"
"956","8","300","20","preferential_attachment","species","species_1","ZIPLN","BIC","0.1","0.8245895","0.69140761097673","0.07","0.579","0.478","0.524","2.19597244262695"
"957","9","300","20","preferential_attachment","species","species_1","PLN","BIC","0.15","0.9034355","0.647593227942184","0.023","0.526","0.714","0.606","0.74170708656311"
"958","9","300","20","preferential_attachment","species","species_1","ZIPLN","BIC","0.09","0.9244085","0.72258046146569","0.047","0.842","0.667","0.744","1.23338532447815"
"959","10","300","20","preferential_attachment","species","species_1","PLN","BIC","0.16","0.8528515","0.727329698288049","0.053","0.526","0.526","0.526","0.903042554855347"
"960","10","300","20","preferential_attachment","species","species_1","ZIPLN","BIC","0.1","0.838954","0.786952928167317","0.146","0.789","0.375","0.508","2.29422521591187"
"961","11","300","20","preferential_attachment","species","species_1","PLN","BIC","0.14","0.874712","0.706380614406681","0","0",NA,"0","0.64722204208374"
"962","11","300","20","preferential_attachment","species","species_1","ZIPLN","BIC","0.1","0.8948355","0.810375136979215","0","0",NA,"0","2.02805423736572"
"963","12","300","20","preferential_attachment","species","species_1","PLN","BIC","0.13","0.878071","0.614316965574658","0.199","0.842","0.32","0.464","0.741498470306396"
"964","12","300","20","preferential_attachment","species","species_1","ZIPLN","BIC","0.1","0.8653325","0.670536565570156","0.228","0.842","0.291","0.432","1.92504024505615"
"965","13","300","20","preferential_attachment","species","species_1","PLN","BIC","0.13","0.848471","0.704683668982166","0.221","0.778","0.269","0.4","0.721873998641968"
"966","13","300","20","preferential_attachment","species","species_1","ZIPLN","BIC","0.1","0.912238","0.697178036006925","0.279","0.889","0.25","0.39","2.14327168464661"
"967","14","300","20","preferential_attachment","species","species_1","PLN","BIC","0.13","0.768927","0.700868345268676","0.018","0.368","0.7","0.483","0.702611923217773"
"968","14","300","20","preferential_attachment","species","species_1","ZIPLN","BIC","0.11","0.8430105","0.714393207579651","0.029","0.421","0.615","0.5","2.14347362518311"
"969","15","300","20","preferential_attachment","species","species_1","PLN","BIC","0.13","0.7890715","0.713748512762161","0.029","0.368","0.583","0.452","0.421901941299438"
"970","15","300","20","preferential_attachment","species","species_1","ZIPLN","BIC","0.1","0.793455","0.731009792685543","0.041","0.474","0.562","0.514","1.42363309860229"
"971","16","300","20","preferential_attachment","species","species_1","PLN","BIC","0.15","0.93424","0.67989122644367","0.17","0.895","0.37","0.523","0.66411828994751"
"972","16","300","20","preferential_attachment","species","species_1","ZIPLN","BIC","0.09","0.940288","0.72551927415553","0.205","0.947","0.34","0.5","2.70071196556091"
"973","17","300","20","preferential_attachment","species","species_1","PLN","BIC","0.15","0.785238","0.708051381452577","0.029","0.474","0.643","0.545","0.672410726547241"
"974","17","300","20","preferential_attachment","species","species_1","ZIPLN","BIC","0.1","0.8514195","0.794509049472479","0","0.421","1","0.593","2.09569835662842"
"975","18","300","20","preferential_attachment","species","species_1","PLN","BIC","0.14","0.641035","0.689171206315914","0","0.105","1","0.19","0.639910697937012"
"976","18","300","20","preferential_attachment","species","species_1","ZIPLN","BIC","0.08","0.746883","0.791145963948879","0.058","0.421","0.444","0.432","2.06841993331909"
"977","19","300","20","preferential_attachment","species","species_1","PLN","BIC","0.14","0.878304","0.718647805954766","0.018","0.526","0.769","0.625","0.636132717132568"
"978","19","300","20","preferential_attachment","species","species_1","ZIPLN","BIC","0.11","0.8976445","0.753775898588151","0.076","0.842","0.552","0.667","2.16642117500305"
"979","20","300","20","preferential_attachment","species","species_1","PLN","BIC","0.13","0.7752035","0.706603502636512","0","0.222","1","0.364","0.688287019729614"
"980","20","300","20","preferential_attachment","species","species_1","ZIPLN","BIC","0.1","0.7849795","0.782890642359179","0.047","0.389","0.467","0.424","2.06057834625244"
"981","21","300","20","preferential_attachment","species","species_1","PLN","BIC","0.14","0.8776415","0.693025942821181","0.11","0.833","0.441","0.577","0.602416038513184"
"982","21","300","20","preferential_attachment","species","species_1","ZIPLN","BIC","0.1","0.9198785","0.74833174255279","0.151","0.889","0.381","0.533","1.85142517089844"
"983","22","300","20","preferential_attachment","species","species_1","PLN","BIC","0.16","0.807259","0.70310055340319","0","0.211","1","0.348","0.637352228164673"
"984","22","300","20","preferential_attachment","species","species_1","ZIPLN","BIC","0.08","0.825025","0.837712912132281","0.07","0.737","0.538","0.622","2.56144165992737"
"985","23","300","20","preferential_attachment","species","species_1","PLN","BIC","0.13","0.726298","0.677561864368257","0.018","0.316","0.667","0.429","0.648049831390381"
"986","23","300","20","preferential_attachment","species","species_1","ZIPLN","BIC","0.09","0.8184375","0.739710593673471","0.047","0.684","0.619","0.65","1.89644336700439"
"987","24","300","20","preferential_attachment","species","species_1","PLN","BIC","0.15","0.7431235","0.709093435672232","0.029","0.474","0.643","0.545","0.702207088470459"
"988","24","300","20","preferential_attachment","species","species_1","ZIPLN","BIC","0.11","0.8614485","0.838855901283796","0.123","0.632","0.364","0.462","2.30654883384705"
"989","25","300","20","preferential_attachment","species","species_1","PLN","BIC","0.15","0.819521","0.677416957507903","0.023","0.368","0.636","0.467","0.648455142974854"
"990","25","300","20","preferential_attachment","species","species_1","ZIPLN","BIC","0.1","0.8774975","0.770006359591972","0.035","0.789","0.714","0.75","1.9259181022644"
"991","26","300","20","preferential_attachment","species","species_1","PLN","BIC","0.15","0.889159","0.624382408761568","0.023","0.474","0.692","0.562","0.443028211593628"
"992","26","300","20","preferential_attachment","species","species_1","ZIPLN","BIC","0.09","0.9493425","0.692558248231207","0.281","1","0.284","0.442","1.22120714187622"
"993","27","300","20","preferential_attachment","species","species_1","PLN","BIC","0.15","0.8379105","0.663709139501091","0.012","0.211","0.667","0.32","0.450406551361084"
"994","27","300","20","preferential_attachment","species","species_1","ZIPLN","BIC","0.09","0.8559215","0.750581877956941","0.275","0.842","0.254","0.39","2.47123098373413"
"995","28","300","20","preferential_attachment","species","species_1","PLN","BIC","0.15","0.9457605","0.700495701503312","0.035","0.789","0.714","0.75","0.595757246017456"
"996","28","300","20","preferential_attachment","species","species_1","ZIPLN","BIC","0.1","0.952927","0.749453937533793","0.181","0.947","0.367","0.529","1.3230128288269"
"997","29","300","20","preferential_attachment","species","species_1","PLN","BIC","0.15","0.8055925","0.642260533979013","0.17","0.737","0.326","0.452","0.679264068603516"
"998","29","300","20","preferential_attachment","species","species_1","ZIPLN","BIC","0.1","0.8804925","0.722410591888217","0.146","0.789","0.375","0.508","1.80082225799561"
"999","30","300","20","preferential_attachment","species","species_1","PLN","BIC","0.16","0.8030815","0.693654732930529","0.053","0.737","0.609","0.667","0.732956409454346"
"1000","30","300","20","preferential_attachment","species","species_1","ZIPLN","BIC","0.12","0.8398515","0.77780595234569","0.035","0.737","0.7","0.718","1.8589768409729"
"1001","1","300","20","preferential_attachment","species","species_2","PLN","BIC","0.18","0.6156475","0.546042618371657","0","0",NA,"0","0.579773187637329"
"1002","1","300","20","preferential_attachment","species","species_2","ZIPLN","BIC","0.11","0.7281825","0.708006581127953","0","0",NA,"0","1.7756655216217"
"1003","2","300","20","preferential_attachment","species","species_2","PLN","BIC","0.17","0.678625","0.604203154561152","0.076","0.263","0.278","0.27","0.804491758346558"
"1004","2","300","20","preferential_attachment","species","species_2","ZIPLN","BIC","0.11","0.7841735","0.684300366876797","0.064","0.368","0.389","0.378","2.64346766471863"
"1005","3","300","20","preferential_attachment","species","species_2","PLN","BIC","0.17","0.686502","0.658445171145947","0","0",NA,"0","1.10829710960388"
"1006","3","300","20","preferential_attachment","species","species_2","ZIPLN","BIC","0.1","0.765254","0.775307342671373","0.029","0.5","0.643","0.563","2.07886481285095"
"1007","4","300","20","preferential_attachment","species","species_2","PLN","BIC","0.22","0.607588","0.52913977146018","0.018","0.053","0.25","0.087","0.866917848587036"
"1008","4","300","20","preferential_attachment","species","species_2","ZIPLN","BIC","0.11","0.7911365","0.72607459998914","0.17","0.632","0.293","0.4","3.20277142524719"
"1009","5","300","20","preferential_attachment","species","species_2","PLN","BIC","0.17","0.6322715","0.495061561898254","0","0",NA,"0","0.853798627853394"
"1010","5","300","20","preferential_attachment","species","species_2","ZIPLN","BIC","0.09","0.8814875","0.638444360014016","0.094","0.737","0.467","0.571","2.83593463897705"
"1011","6","300","20","preferential_attachment","species","species_2","PLN","BIC","0.18","0.641604","0.463963831315982","0.07","0.158","0.2","0.176","0.787478923797607"
"1012","6","300","20","preferential_attachment","species","species_2","ZIPLN","BIC","0.09","0.696004","0.679034039130996","0.076","0.421","0.381","0.4","2.7181224822998"
"1013","7","300","20","preferential_attachment","species","species_2","PLN","BIC","0.18","0.7058945","0.542094341260731","0.064","0.158","0.214","0.182","0.494220972061157"
"1014","7","300","20","preferential_attachment","species","species_2","ZIPLN","BIC","0.13","0.827347","0.653081091976817","0.012","0.263","0.714","0.385","1.10337734222412"
"1015","8","300","20","preferential_attachment","species","species_2","PLN","BIC","0.21","0.7449415","0.532345532172026","0.006","0.053","0.5","0.095","0.865834951400757"
"1016","8","300","20","preferential_attachment","species","species_2","ZIPLN","BIC","0.1","0.8050695","0.753776743318605","0.029","0.474","0.643","0.545","2.0815064907074"
"1017","9","300","20","preferential_attachment","species","species_2","PLN","BIC","0.18","0.670572","0.591945772917807","0","0",NA,"0","0.717655181884766"
"1018","9","300","20","preferential_attachment","species","species_2","ZIPLN","BIC","0.11","0.8704275","0.69804905220613","0.041","0.579","0.611","0.595","2.12858629226685"
"1019","10","300","20","preferential_attachment","species","species_2","PLN","BIC","0.2","0.5753885","0.558385852146771","0","0",NA,"0","0.699117660522461"
"1020","10","300","20","preferential_attachment","species","species_2","ZIPLN","BIC","0.11","0.8919115","0.78698618786066","0.029","0.579","0.688","0.629","1.91762280464172"
"1021","11","300","20","preferential_attachment","species","species_2","PLN","BIC","0.19","0.5924425","0.609230638778659","0.035","0.105","0.25","0.148","0.779524326324463"
"1022","11","300","20","preferential_attachment","species","species_2","ZIPLN","BIC","0.12","0.809931","0.723904395587376","0.076","0.526","0.435","0.476","2.13264179229736"
"1023","12","300","20","preferential_attachment","species","species_2","PLN","BIC","0.18","0.507801","0.52825369438087","0.017","0","0","0","0.681684255599976"
"1024","12","300","20","preferential_attachment","species","species_2","ZIPLN","BIC","0.1","0.777976","0.660875483633334","0.203","0.667","0.255","0.369","1.86159038543701"
"1025","13","300","20","preferential_attachment","species","species_2","PLN","BIC","0.18","0.6748475","0.589934741750564","0","0",NA,"0","0.469280481338501"
"1026","13","300","20","preferential_attachment","species","species_2","ZIPLN","BIC","0.08","0.812371","0.756038786244086","0.164","0.632","0.3","0.407","1.39878463745117"
"1027","14","300","20","preferential_attachment","species","species_2","PLN","BIC","0.18","0.726026","0.552472911354432","0","0",NA,"0","0.735428094863892"
"1028","14","300","20","preferential_attachment","species","species_2","ZIPLN","BIC","0.09","0.883169","0.696351828556365","0.234","0.895","0.298","0.447","2.06633996963501"
"1029","15","300","20","preferential_attachment","species","species_2","PLN","BIC","0.19","0.658713","0.498443630630158","0","0",NA,"0","0.783768653869629"
"1030","15","300","20","preferential_attachment","species","species_2","ZIPLN","BIC","0.09","0.813329","0.706470409418591","0.094","0.632","0.429","0.511","1.95061087608337"
"1031","16","300","20","preferential_attachment","species","species_2","PLN","BIC","0.18","0.66333","0.588734599652933","0","0",NA,"0","0.723703145980835"
"1032","16","300","20","preferential_attachment","species","species_2","ZIPLN","BIC","0.1","0.9202265","0.703780256364801","0.175","0.895","0.362","0.515","2.29817676544189"
"1033","17","300","20","preferential_attachment","species","species_2","PLN","BIC","0.19","0.607165","0.556720509555271","0.018","0","0","0","0.724833726882935"
"1034","17","300","20","preferential_attachment","species","species_2","ZIPLN","BIC","0.1","0.8398385","0.752756438809109","0.035","0.579","0.647","0.611","2.27745413780212"
"1035","18","300","20","preferential_attachment","species","species_2","PLN","BIC","0.18","0.68427","0.492105179712265","0","0",NA,"0","0.721240282058716"
"1036","18","300","20","preferential_attachment","species","species_2","ZIPLN","BIC","0.1","0.8816725","0.722035813006367","0","0.158","1","0.273","1.76906704902649"
"1037","19","300","20","preferential_attachment","species","species_2","PLN","BIC","0.18","0.5379705","0.542868253165579","0","0",NA,"0","0.469860553741455"
"1038","19","300","20","preferential_attachment","species","species_2","ZIPLN","BIC","0.08","0.722223","0.740816268643338","0.052","0.333","0.4","0.364","1.23321914672852"
"1039","20","300","20","preferential_attachment","species","species_2","PLN","BIC","0.18","0.711616","0.586948658889798","0.041","0.105","0.222","0.143","0.46035623550415"
"1040","20","300","20","preferential_attachment","species","species_2","ZIPLN","BIC","0.09","0.861636","0.730566402676026","0.094","0.684","0.448","0.542","1.78146290779114"
"1041","21","300","20","preferential_attachment","species","species_2","PLN","BIC","0.15","0.506278","0.627810723926453","0.023","0","0","0","0.717723608016968"
"1042","21","300","20","preferential_attachment","species","species_2","ZIPLN","BIC","0.09","0.800875","0.748333124495571","0.006","0.263","0.833","0.4","2.02977228164673"
"1043","22","300","20","preferential_attachment","species","species_2","PLN","BIC","0.2","0.672738","0.580350826252584","0.006","0","0","0","0.740349054336548"
"1044","22","300","20","preferential_attachment","species","species_2","ZIPLN","BIC","0.11","0.8732355","0.76259384531166","0.018","0.368","0.7","0.483","1.92731928825378"
"1045","23","300","20","preferential_attachment","species","species_2","PLN","BIC","0.19","0.6094385","0.479502765265175","0","0",NA,"0","0.733612060546875"
"1046","23","300","20","preferential_attachment","species","species_2","ZIPLN","BIC","0.11","0.8004635","0.66875988583591","0.035","0.421","0.571","0.485","2.36009383201599"
"1047","24","300","20","preferential_attachment","species","species_2","PLN","BIC","0.2","0.671501","0.571726688880032","0.018","0","0","0","0.668348550796509"
"1048","24","300","20","preferential_attachment","species","species_2","ZIPLN","BIC","0.08","0.8108945","0.826037796283758","0.018","0.263","0.625","0.37","2.49949026107788"
"1049","25","300","20","preferential_attachment","species","species_2","PLN","BIC","0.2","0.6838195","0.608781371765962","0","0",NA,"0","0.659407377243042"
"1050","25","300","20","preferential_attachment","species","species_2","ZIPLN","BIC","0.1","0.8043205","0.771451116680254","0.082","0.684","0.481","0.565","2.05883073806763"
"1051","26","300","20","preferential_attachment","species","species_2","PLN","BIC","0.21","0.6505215","0.52265436084595","0.047","0","0","0","0.526595115661621"
"1052","26","300","20","preferential_attachment","species","species_2","ZIPLN","BIC","0.12","0.8698985","0.70842930228759","0.035","0.632","0.667","0.649","2.12798428535461"
"1053","27","300","20","preferential_attachment","species","species_2","PLN","BIC","0.19","0.656774","0.510418260804108","0","0",NA,"0","0.434733629226685"
"1054","27","300","20","preferential_attachment","species","species_2","ZIPLN","BIC","0.11","0.835634","0.643847223454071","0.199","0.737","0.292","0.418","1.39788341522217"
"1055","28","300","20","preferential_attachment","species","species_2","PLN","BIC","0.19","0.6208135","0.566269054466696","0","0",NA,"0","0.754807710647583"
"1056","28","300","20","preferential_attachment","species","species_2","ZIPLN","BIC","0.1","0.704276","0.806457839239243","0","0",NA,"0","1.47300887107849"
"1057","29","300","20","preferential_attachment","species","species_2","PLN","BIC","0.21","0.617397","0.528327393802824","0.023","0","0","0","0.701553106307983"
"1058","29","300","20","preferential_attachment","species","species_2","ZIPLN","BIC","0.1","0.892594","0.764915000685021","0.058","0.737","0.583","0.651","2.26168131828308"
"1059","30","300","20","preferential_attachment","species","species_2","PLN","BIC","0.2","0.435334","0.486322392957276","0.052","0","0","0","0.602178812026978"
"1060","30","300","20","preferential_attachment","species","species_2","ZIPLN","BIC","0.12","0.8638685","0.641036449931562","0.105","0.667","0.4","0.5","1.59443783760071"
"1061","1","300","20","preferential_attachment","species","species_3","PLN","BIC","0.2","0.5373875","0.457202249047953","0.181","0.158","0.088","0.113","0.825335502624512"
"1062","1","300","20","preferential_attachment","species","species_3","ZIPLN","BIC","0.11","0.7783475","0.625477956278694","0.041","0.211","0.364","0.267","1.74880003929138"
"1063","2","300","20","preferential_attachment","species","species_3","PLN","BIC","0.19","0.6805045","0.419272356615631","0.087","0.278","0.25","0.263","4.26220989227295"
"1064","2","300","20","preferential_attachment","species","species_3","ZIPLN","BIC","0.11","0.6285235","0.513375932754687","0.035","0.222","0.4","0.286","2.48383259773254"
"1065","3","300","20","preferential_attachment","species","species_3","PLN","BIC","0.19","0.594753","0.488644017381985","0.11","0.222","0.174","0.195","1.35697770118713"
"1066","3","300","20","preferential_attachment","species","species_3","ZIPLN","BIC","0.11","0.634512","0.60087322815405","0.215","0.444","0.178","0.254","2.51649069786072"
"1067","4","300","20","preferential_attachment","species","species_3","PLN","BIC","0.2","0.5633285","0.482665979105738","0.205","0.263","0.125","0.169","1.11631202697754"
"1068","4","300","20","preferential_attachment","species","species_3","ZIPLN","BIC","0.12","0.753187","0.577851556011072","0.111","0.316","0.24","0.273","2.7678656578064"
"1069","5","300","20","preferential_attachment","species","species_3","PLN","BIC","0.2","0.449445","0.371763705136151","0.556","0.421","0.078","0.131","1.22429299354553"
"1070","5","300","20","preferential_attachment","species","species_3","ZIPLN","BIC","0.12","0.5781715","0.506999475874532","0","0.053","1","0.1","2.71030449867249"
"1071","6","300","20","preferential_attachment","species","species_3","PLN","BIC","0.19","0.7116725","0.517622708606868","0.251","0.579","0.204","0.301","1.03957962989807"
"1072","6","300","20","preferential_attachment","species","species_3","ZIPLN","BIC","0.13","0.57057","0.562471541335418","0","0",NA,"0","2.90818476676941"
"1073","7","300","20","preferential_attachment","species","species_3","PLN","BIC","0.2","0.472271","0.439294428414717","0.24","0.211","0.089","0.125","0.675149917602539"
"1074","7","300","20","preferential_attachment","species","species_3","ZIPLN","BIC","0.12","0.658044","0.531909403756182","0.018","0.105","0.4","0.167","1.30200505256653"
"1075","8","300","20","preferential_attachment","species","species_3","PLN","BIC","0.19","0.6652875","0.541705302327342","0.105","0.316","0.25","0.279","0.852649688720703"
"1076","8","300","20","preferential_attachment","species","species_3","ZIPLN","BIC","0.12","0.6866355","0.670918605816919","0","0.053","1","0.1","1.77533388137817"
"1077","9","300","20","preferential_attachment","species","species_3","PLN","BIC","0.18","0.5853845","0.462368304922555","0.128","0.222","0.154","0.182","3.65049624443054"
"1078","9","300","20","preferential_attachment","species","species_3","ZIPLN","BIC","0.11","0.442857","0.560569502648732","0","0",NA,"0","1.16481685638428"
"1079","10","300","20","preferential_attachment","species","species_3","PLN","BIC","0.21","0.627277","0.471205789452502","0.215","0.278","0.119","0.167","1.17523789405823"
"1080","10","300","20","preferential_attachment","species","species_3","ZIPLN","BIC","0.11","0.715873","0.594651862008884","0.064","0.556","0.476","0.513","2.227290391922"
"1081","11","300","20","preferential_attachment","species","species_3","PLN","BIC","0.2","0.5680735","0.423168258360023","0.257","0.211","0.083","0.119","1.28975081443787"
"1082","11","300","20","preferential_attachment","species","species_3","ZIPLN","BIC","0.11","0.6989005","0.596038625873792","0.029","0.316","0.545","0.4","1.80062222480774"
"1083","12","300","20","preferential_attachment","species","species_3","PLN","BIC","0.19","0.6380305","0.482208707952828","0.205","0.211","0.103","0.138","1.05028319358826"
"1084","12","300","20","preferential_attachment","species","species_3","ZIPLN","BIC","0.12","0.7271805","0.584263864897902","0.041","0.368","0.5","0.424","2.09524846076965"
"1085","13","300","20","preferential_attachment","species","species_3","PLN","BIC","0.17","0.660215","0.499563693055359","0.146","0.263","0.167","0.204","0.565706968307495"
"1086","13","300","20","preferential_attachment","species","species_3","ZIPLN","BIC","0.1","0.684862","0.619098740810974","0.064","0.316","0.353","0.333","1.10853433609009"
"1087","14","300","20","preferential_attachment","species","species_3","PLN","BIC","0.2","0.5594685","0.436791902292151","0.094","0.105","0.111","0.108","5.85077667236328"
"1088","14","300","20","preferential_attachment","species","species_3","ZIPLN","BIC","0.11","0.5517145","0.572066715496968","0.006","0","0","0","2.12911319732666"
"1089","15","300","20","preferential_attachment","species","species_3","PLN","BIC","0.19","0.5917635","0.569895623308494","0.058","0.158","0.231","0.187","1.68252110481262"
"1090","15","300","20","preferential_attachment","species","species_3","ZIPLN","BIC","0.11","0.4301785","0.70955846705241","0.006","0.053","0.5","0.095","1.20322418212891"
"1091","16","300","20","preferential_attachment","species","species_3","PLN","BIC","0.19","0.5489805","0.486548150231073","0.18","0.167","0.088","0.115","1.01353240013123"
"1092","16","300","20","preferential_attachment","species","species_3","ZIPLN","BIC","0.1","0.615993","0.592353247236717","0.023","0.389","0.636","0.483","2.12557888031006"
"1093","17","300","20","preferential_attachment","species","species_3","PLN","BIC","0.19","0.44686","0.364331955307134","0.035","0.053","0.143","0.077","6.27234387397766"
"1094","17","300","20","preferential_attachment","species","species_3","ZIPLN","BIC","0.12","0.5253905","0.461306111894464","0","0",NA,"0","1.22864747047424"
"1095","18","300","20","preferential_attachment","species","species_3","PLN","BIC","0.2","0.554154","0.468480986211524","0.193","0.211","0.108","0.143","1.01024222373962"
"1096","18","300","20","preferential_attachment","species","species_3","ZIPLN","BIC","0.12","0.7045205","0.572698614749916","0.012","0.105","0.5","0.174","1.80587697029114"
"1097","19","300","20","preferential_attachment","species","species_3","PLN","BIC","0.21","0.552658","0.432675770630237","0.298","0.316","0.105","0.158","0.948181867599487"
"1098","19","300","20","preferential_attachment","species","species_3","ZIPLN","BIC","0.12","0.692011","0.587769332169908","0","0",NA,"0","1.91455602645874"
"1099","20","300","20","preferential_attachment","species","species_3","PLN","BIC","0.19","0.69048","0.545834540068797","0.116","0.222","0.167","0.19","0.591408729553223"
"1100","20","300","20","preferential_attachment","species","species_3","ZIPLN","BIC","0.11","0.518573","0.659118270602298","0.006","0.278","0.833","0.417","1.30774307250977"
"1101","21","300","20","preferential_attachment","species","species_3","PLN","BIC","0.2","0.407846","0.42052773771865","0.105","0.053","0.053","0.053","2.95770049095154"
"1102","21","300","20","preferential_attachment","species","species_3","ZIPLN","BIC","0.11","0.6829185","0.612006966136287","0","0.105","1","0.19","1.26248931884766"
"1103","22","300","20","preferential_attachment","species","species_3","PLN","BIC","0.18","0.5892215","0.58829778179122","0.082","0","0","0","1.09589076042175"
"1104","22","300","20","preferential_attachment","species","species_3","ZIPLN","BIC","0.11","0.813629","0.674713977178654","0.029","0.474","0.643","0.545","2.20729184150696"
"1105","23","300","20","preferential_attachment","species","species_3","PLN","BIC","0.19","0.6686645","0.473553303782013","0.145","0.056","0.038","0.045","0.495725393295288"
"1106","23","300","20","preferential_attachment","species","species_3","ZIPLN","BIC","0.11","0.816023","0.57008516888251","0.174","0.611","0.268","0.373","1.49787592887878"
"1107","24","300","20","preferential_attachment","species","species_3","PLN","BIC","0.2","0.5170875","0.483729792230891","0.205","0.158","0.079","0.105","0.961545705795288"
"1108","24","300","20","preferential_attachment","species","species_3","ZIPLN","BIC","0.13","0.625092","0.538459259420646","0.041","0.263","0.417","0.323","1.84748792648315"
"1109","25","300","20","preferential_attachment","species","species_3","PLN","BIC","0.2","0.608795","0.443499110720606","0.256","0.333","0.12","0.176","1.1285138130188"
"1110","25","300","20","preferential_attachment","species","species_3","ZIPLN","BIC","0.11","0.6989925","0.555482200319278","0.052","0.333","0.4","0.364","2.27011966705322"
"1111","26","300","20","preferential_attachment","species","species_3","PLN","BIC","0.18","0.61437","0.554072565409589","0.082","0.263","0.263","0.263","0.596770763397217"
"1112","26","300","20","preferential_attachment","species","species_3","ZIPLN","BIC","0.11","0.517977","0.659750315080573","0.006","0.158","0.75","0.261","1.01458668708801"
"1113","27","300","20","preferential_attachment","species","species_3","PLN","BIC","0.17","0.40515","0.464562922827442","0.17","0.053","0.033","0.041","0.652474641799927"
"1114","27","300","20","preferential_attachment","species","species_3","ZIPLN","BIC","0.09","0.639194","0.63942142926563","0","0",NA,"0","1.1886248588562"
"1115","28","300","20","preferential_attachment","species","species_3","PLN","BIC","0.2","0.4920025","0.523477439473327","0.158","0","0","0","1.05816602706909"
"1116","28","300","20","preferential_attachment","species","species_3","ZIPLN","BIC","0.11","0.7760465","0.647845811901336","0.047","0.421","0.5","0.457","2.17289996147156"
"1117","29","300","20","preferential_attachment","species","species_3","PLN","BIC","0.19","0.649832","0.505100587832682","0.123","0.211","0.16","0.182","0.741151809692383"
"1118","29","300","20","preferential_attachment","species","species_3","ZIPLN","BIC","0.12","0.687486","0.58834262715169","0.105","0.368","0.28","0.318","1.23579287528992"
"1119","30","300","20","preferential_attachment","species","species_3","PLN","BIC","0.18","0.695728","0.418425637957595","0.199","0.368","0.171","0.233","0.972333908081055"
"1120","30","300","20","preferential_attachment","species","species_3","ZIPLN","BIC","0.1","0.460425","0.576939678228107","0","0",NA,"0","2.33002042770386"
"1121","1","300","20","preferential_attachment","species","species_4","PLN","BIC","0.2","0.5551375","0.4744884241544","0.199","0.368","0.171","0.233","1.53775525093079"
"1122","1","300","20","preferential_attachment","species","species_4","ZIPLN","BIC","0.11","0.5245745","0.583075744283348","0.006","0.053","0.5","0.095","1.52531218528748"
"1123","2","300","20","preferential_attachment","species","species_4","PLN","BIC","0.23","0.4643045","0.435403780404066","0.152","0.053","0.037","0.043","3.46277976036072"
"1124","2","300","20","preferential_attachment","species","species_4","ZIPLN","BIC","0.11","0.713421","0.624631493810844","0.006","0.263","0.833","0.4","2.65545797348022"
"1125","3","300","20","preferential_attachment","species","species_4","PLN","BIC","0.22","0.626277","0.408363319523367","0.012","0.158","0.6","0.25","3.53087258338928"
"1126","3","300","20","preferential_attachment","species","species_4","ZIPLN","BIC","0.11","0.5134375","0.624701384347483","0.023","0.053","0.2","0.083","2.86796522140503"
"1127","4","300","20","preferential_attachment","species","species_4","PLN","BIC","0.21","0.640401","0.418972675944485","0.251","0.526","0.189","0.278","1.63983058929443"
"1128","4","300","20","preferential_attachment","species","species_4","ZIPLN","BIC","0.12","0.562268","0.564643846230317","0","0",NA,"0","2.10739636421204"
"1129","5","300","20","preferential_attachment","species","species_4","PLN","BIC","0.18","0.631591","0.50018810745751","0.023","0.105","0.333","0.16","3.20267367362976"
"1130","5","300","20","preferential_attachment","species","species_4","ZIPLN","BIC","0.09","0.573045","0.61129855120712","0.076","0.368","0.35","0.359","2.65880513191223"
"1131","6","300","20","preferential_attachment","species","species_4","PLN","BIC","0.21","0.447426","0.429815968216705","0.076","0","0","0","4.21503448486328"
"1132","6","300","20","preferential_attachment","species","species_4","ZIPLN","BIC","0.13","0.7096465","0.530676954727137","0.082","0.368","0.333","0.35","3.02970361709595"
"1133","7","300","20","preferential_attachment","species","species_4","PLN","BIC","0.21","0.5869245","0.435651179205287","0.099","0.211","0.19","0.2","2.94161558151245"
"1134","7","300","20","preferential_attachment","species","species_4","ZIPLN","BIC","0.12","0.6743245","0.56492958494445","0.064","0.263","0.312","0.286","1.48829770088196"
"1135","8","300","20","preferential_attachment","species","species_4","PLN","BIC","0.17","0.6405255","0.501694932382212","0.164","0.263","0.152","0.192","0.819164752960205"
"1136","8","300","20","preferential_attachment","species","species_4","ZIPLN","BIC","0.1","0.6570435","0.596422744421564","0.053","0.211","0.308","0.25","2.41339755058289"
"1137","9","300","20","preferential_attachment","species","species_4","PLN","BIC","0.23","0.63679","0.397037736550772","0.076","0.105","0.133","0.118","5.29541635513306"
"1138","9","300","20","preferential_attachment","species","species_4","ZIPLN","BIC","0.13","0.638254","0.519917157824427","0.029","0.211","0.444","0.286","1.84075212478638"
"1139","10","300","20","preferential_attachment","species","species_4","PLN","BIC","0.19","0.726225","0.518895954420225","0.164","0.263","0.152","0.192","1.19289422035217"
"1140","10","300","20","preferential_attachment","species","species_4","ZIPLN","BIC","0.13","0.5588685","0.568581987038681","0.094","0.316","0.273","0.293","1.92524313926697"
"1141","11","300","20","preferential_attachment","species","species_4","PLN","BIC","0.2","0.4515435","0.432541653497375","0.07","0.105","0.143","0.121","5.12147521972656"
"1142","11","300","20","preferential_attachment","species","species_4","ZIPLN","BIC","0.1","0.485704","0.580369707615471","0","0",NA,"0","2.42265248298645"
"1143","12","300","20","preferential_attachment","species","species_4","PLN","BIC","0.18","0.6058695","0.508092784902086","0.333","0.526","0.149","0.233","0.994625806808472"
"1144","12","300","20","preferential_attachment","species","species_4","ZIPLN","BIC","0.13","0.6598445","0.545576448184995","0.135","0.316","0.207","0.25","2.00675106048584"
"1145","13","300","20","preferential_attachment","species","species_4","PLN","BIC","0.22","0.3849465","0.447145286462193","0.018","0","0","0","2.45738172531128"
"1146","13","300","20","preferential_attachment","species","species_4","ZIPLN","BIC","0.11","0.821862","0.649484774126354","0.018","0.368","0.7","0.483","1.24618172645569"
"1147","14","300","20","preferential_attachment","species","species_4","PLN","BIC","0.18","0.701423","0.56330982415476","0.099","0.105","0.105","0.105","1.19347429275513"
"1148","14","300","20","preferential_attachment","species","species_4","ZIPLN","BIC","0.12","0.6631315","0.687548120074492","0","0.105","1","0.19","2.07826733589172"
"1149","15","300","20","preferential_attachment","species","species_4","PLN","BIC","0.2","0.574893","0.42045406707605","0.076","0.105","0.133","0.118","4.41396713256836"
"1150","15","300","20","preferential_attachment","species","species_4","ZIPLN","BIC","0.12","0.583496","0.505352266686327","0.105","0.211","0.182","0.195","1.74942421913147"
"1151","16","300","20","preferential_attachment","species","species_4","PLN","BIC","0.21","0.609384","0.46124688514776","0.343","0.5","0.132","0.209","1.50067758560181"
"1152","16","300","20","preferential_attachment","species","species_4","ZIPLN","BIC","0.12","0.6458355","0.567470992091003","0.07","0.278","0.294","0.286","2.13197183609009"
"1153","17","300","20","preferential_attachment","species","species_4","PLN","BIC","0.18","0.4056045","0.501648133309119","0.129","0","0","0","3.47551679611206"
"1154","17","300","20","preferential_attachment","species","species_4","ZIPLN","BIC","0.12","0.647448","0.602063957081377","0","0",NA,"0","1.79077911376953"
"1155","18","300","20","preferential_attachment","species","species_4","PLN","BIC","0.18","0.590335","0.487275131017189","0.105","0.211","0.182","0.195","16.4444553852081"
"1156","18","300","20","preferential_attachment","species","species_4","ZIPLN","BIC","0.12","0.6000075","0.557577293694347","0","0",NA,"0","1.10940456390381"
"1157","19","300","20","preferential_attachment","species","species_4","PLN","BIC","0.23","0.658835","0.470157636698442","0.047","0.316","0.429","0.364","2.5372679233551"
"1158","19","300","20","preferential_attachment","species","species_4","ZIPLN","BIC","0.14","0.499846","0.663725854987334","0.018","0","0","0","1.30259299278259"
"1159","20","300","20","preferential_attachment","species","species_4","PLN","BIC","0.2","0.5460675","0.447299674905388","0.456","0.526","0.114","0.187","1.15802669525146"
"1160","20","300","20","preferential_attachment","species","species_4","ZIPLN","BIC","0.13","0.501196","0.519402805882016","0.023","0.105","0.333","0.16","2.06716012954712"
"1161","21","300","20","preferential_attachment","species","species_4","PLN","BIC","0.23","0.4910925","0.408666950740412","0.205","0.158","0.079","0.105","0.693322896957397"
"1162","21","300","20","preferential_attachment","species","species_4","ZIPLN","BIC","0.11","0.7787005","0.611839488566858","0.076","0.579","0.458","0.512","1.4065535068512"
"1163","22","300","20","preferential_attachment","species","species_4","PLN","BIC","0.17","0.4603275","0.496291947760376","0.345","0.316","0.092","0.143","1.22955369949341"
"1164","22","300","20","preferential_attachment","species","species_4","ZIPLN","BIC","0.1","0.7190575","0.62314790894129","0","0",NA,"0","1.78576278686523"
"1165","23","300","20","preferential_attachment","species","species_4","PLN","BIC","0.19","0.455567","0.478519017990247","0.211","0.158","0.077","0.103","1.79746866226196"
"1166","23","300","20","preferential_attachment","species","species_4","ZIPLN","BIC","0.11","0.65342","0.634774572416901","0","0",NA,"0","1.09264993667603"
"1167","24","300","20","preferential_attachment","species","species_4","PLN","BIC","0.18","0.5138415","0.41906509306567","0.281","0.158","0.059","0.086","0.715003252029419"
"1168","24","300","20","preferential_attachment","species","species_4","ZIPLN","BIC","0.09","0.598003","0.585437324730508","0.012","0.158","0.6","0.25","1.11475706100464"
"1169","25","300","20","preferential_attachment","species","species_4","PLN","BIC","0.19","0.4821675","0.433299620979341","0.31","0.316","0.102","0.154","0.846115827560425"
"1170","25","300","20","preferential_attachment","species","species_4","ZIPLN","BIC","0.12","0.680153","0.45949268523431","0.07","0.263","0.294","0.278","1.09979939460754"
"1171","26","300","20","preferential_attachment","species","species_4","PLN","BIC","0.18","0.6914865","0.567771646912349","0.035","0","0","0","0.799384355545044"
"1172","26","300","20","preferential_attachment","species","species_4","ZIPLN","BIC","0.09","0.90554","0.676356415302755","0.145","0.778","0.359","0.491","1.74233937263489"
"1173","27","300","20","preferential_attachment","species","species_4","PLN","BIC","0.19","0.6348335","0.666556322685825","0.053","0","0","0","0.95908522605896"
"1174","27","300","20","preferential_attachment","species","species_4","ZIPLN","BIC","0.11","0.740212","0.635533760507158","0.053","0.526","0.526","0.526","1.28184676170349"
"1175","28","300","20","preferential_attachment","species","species_4","PLN","BIC","0.22","0.478938","0.429953240171771","0.292","0.211","0.074","0.11","1.09346127510071"
"1176","28","300","20","preferential_attachment","species","species_4","ZIPLN","BIC","0.12","0.775288","0.596513616314365","0.018","0.316","0.667","0.429","2.22361516952515"
"1177","29","300","20","preferential_attachment","species","species_4","PLN","BIC","0.2","0.527278","0.498382438503806","0.035","0","0","0","1.41284418106079"
"1178","29","300","20","preferential_attachment","species","species_4","ZIPLN","BIC","0.12","0.6706775","0.615051813561364","0.041","0.263","0.417","0.323","1.11808133125305"
"1179","30","300","20","preferential_attachment","species","species_4","PLN","BIC","0.19","0.505644","0.449591379332461","0.187","0.158","0.086","0.111","0.72490668296814"
"1180","30","300","20","preferential_attachment","species","species_4","ZIPLN","BIC","0.1","0.688223","0.657580434815695","0.047","0.263","0.385","0.312","1.04373550415039"
"1181","1","300","50","preferential_attachment","species","species_1","PLN","BIC","0.11","0.8808945","0.719093610104007","0.002","0.551","0.931","0.692","3.86241579055786"
"1182","1","300","50","preferential_attachment","species","species_1","ZIPLN","BIC","0.08","0.918243","0.792885776286727","0.014","0.714","0.686","0.7","4.76226997375488"
"1183","2","300","50","preferential_attachment","species","species_1","PLN","BIC","0.11","0.8497115","0.76065017573203","0","0.143","1","0.25","2.36169147491455"
"1184","2","300","50","preferential_attachment","species","species_1","ZIPLN","BIC","0.09","0.8966835","0.848107507665875","0.019","0.551","0.551","0.551","6.3201699256897"
"1185","3","300","50","preferential_attachment","species","species_1","PLN","BIC","0.1","0.8562405","0.766097504974259","0.009","0.571","0.737","0.644","2.97921347618103"
"1186","3","300","50","preferential_attachment","species","species_1","ZIPLN","BIC","0.09","0.9068425","0.81253831343905","0.022","0.673","0.559","0.611","4.24034142494202"
"1187","4","300","50","preferential_attachment","species","species_1","PLN","BIC","0.1","0.911598","0.727461947470201","0.01","0.469","0.657","0.548","3.67207646369934"
"1188","4","300","50","preferential_attachment","species","species_1","ZIPLN","BIC","0.07","0.921322","0.774341514279768","0.039","0.796","0.459","0.582","6.68575477600098"
"1189","5","300","50","preferential_attachment","species","species_1","PLN","BIC","0.11","0.9036915","0.76776523673343","0.015","0.479","0.561","0.517","3.47805786132812"
"1190","5","300","50","preferential_attachment","species","species_1","ZIPLN","BIC","0.09","0.9192035","0.827666895419095","0.025","0.646","0.508","0.569","6.85104441642761"
"1191","6","300","50","preferential_attachment","species","species_1","PLN","BIC","0.1","0.859773","0.759937675768865","0.014","0.5","0.585","0.539","3.22674489021301"
"1192","6","300","50","preferential_attachment","species","species_1","ZIPLN","BIC","0.08","0.9068105","0.800661855189496","0.013","0.562","0.643","0.6","6.45704627037048"
"1193","7","300","50","preferential_attachment","species","species_1","PLN","BIC","0.1","0.858359","0.748546867456638","0.012","0.408","0.588","0.482","3.19801616668701"
"1194","7","300","50","preferential_attachment","species","species_1","ZIPLN","BIC","0.08","0.911241","0.789810474767439","0.003","0.429","0.84","0.568","6.85349535942078"
"1195","8","300","50","preferential_attachment","species","species_1","PLN","BIC","0.11","0.882317","0.780399770846878","0","0.163","1","0.281","2.95912337303162"
"1196","8","300","50","preferential_attachment","species","species_1","ZIPLN","BIC","0.08","0.8915805","0.844285267828263","0.003","0.51","0.862","0.641","5.1958920955658"
"1197","9","300","50","preferential_attachment","species","species_1","PLN","BIC","0.11","0.8476685","0.799158901369245","0.026","0.531","0.456","0.491","1.97641921043396"
"1198","9","300","50","preferential_attachment","species","species_1","ZIPLN","BIC","0.09","0.892044","0.844220756285946","0.018","0.571","0.571","0.571","3.90092873573303"
"1199","10","300","50","preferential_attachment","species","species_1","PLN","BIC","0.1","0.8556445","0.761209536950755","0.006","0.312","0.682","0.429","3.28744888305664"
"1200","10","300","50","preferential_attachment","species","species_1","ZIPLN","BIC","0.08","0.849583","0.784667889489469","0.009","0.479","0.676","0.561","8.36025452613831"
"1201","11","300","50","preferential_attachment","species","species_1","PLN","BIC","0.1","0.7991365","0.767416927158991","0.006","0.286","0.667","0.4","3.77187967300415"
"1202","11","300","50","preferential_attachment","species","species_1","ZIPLN","BIC","0.09","0.8047385","0.817385439155874","0.009","0.306","0.6","0.405","5.73536276817322"
"1203","12","300","50","preferential_attachment","species","species_1","PLN","BIC","0.11","0.8274785","0.735858686004182","0.006","0.245","0.632","0.353","3.146812915802"
"1204","12","300","50","preferential_attachment","species","species_1","ZIPLN","BIC","0.08","0.9104365","0.819191795871854","0.016","0.592","0.604","0.598","7.46388244628906"
"1205","13","300","50","preferential_attachment","species","species_1","PLN","BIC","0.1","0.847673","0.795360542100066","0.006","0.347","0.708","0.466","3.74646425247192"
"1206","13","300","50","preferential_attachment","species","species_1","ZIPLN","BIC","0.09","0.880069","0.841924776536822","0.018","0.531","0.553","0.542","6.64462637901306"
"1207","14","300","50","preferential_attachment","species","species_1","PLN","BIC","0.11","0.875546","0.782858498163393","0.009","0.449","0.667","0.537","4.06108474731445"
"1208","14","300","50","preferential_attachment","species","species_1","ZIPLN","BIC","0.09","0.8951105","0.83886593486006","0.009","0.51","0.714","0.595","8.78757691383362"
"1209","15","300","50","preferential_attachment","species","species_1","PLN","BIC","0.11","0.909","0.744464026584422","0.003","0.417","0.833","0.556","1.81413888931274"
"1210","15","300","50","preferential_attachment","species","species_1","ZIPLN","BIC","0.08","0.917605","0.792251050915134","0.022","0.812","0.6","0.69","7.51892781257629"
"1211","16","300","50","preferential_attachment","species","species_1","PLN","BIC","0.1","0.8001575","0.749727040980737","0.002","0.306","0.882","0.455","3.55172038078308"
"1212","16","300","50","preferential_attachment","species","species_1","ZIPLN","BIC","0.07","0.856746","0.808526624872889","0.029","0.612","0.469","0.531","5.82752156257629"
"1213","17","300","50","preferential_attachment","species","species_1","PLN","BIC","0.1","0.755679","0.758042498155149","0.003","0.306","0.789","0.441","3.50812292098999"
"1214","17","300","50","preferential_attachment","species","species_1","ZIPLN","BIC","0.08","0.83866","0.838683736157328","0.007","0.449","0.733","0.557","6.55667567253113"
"1215","18","300","50","preferential_attachment","species","species_1","PLN","BIC","0.09","0.8435875","0.759580000456174","0.029","0.571","0.452","0.505","3.88651299476624"
"1216","18","300","50","preferential_attachment","species","species_1","ZIPLN","BIC","0.08","0.8581775","0.784878899561529","0.04","0.612","0.39","0.476","5.87464213371277"
"1217","19","300","50","preferential_attachment","species","species_1","PLN","BIC","0.09","0.8319985","0.726119436314549","0.015","0.429","0.538","0.477","3.02883815765381"
"1218","19","300","50","preferential_attachment","species","species_1","ZIPLN","BIC","0.08","0.899161","0.759662521020583","0.023","0.571","0.509","0.538","6.59912633895874"
"1219","20","300","50","preferential_attachment","species","species_1","PLN","BIC","0.1","0.859251","0.74401576107654","0.009","0.449","0.688","0.543","3.29454684257507"
"1220","20","300","50","preferential_attachment","species","species_1","ZIPLN","BIC","0.08","0.9222575","0.791622379793355","0.028","0.714","0.515","0.598","4.11199522018433"
"1221","21","300","50","preferential_attachment","species","species_1","PLN","BIC","0.12","0.8292815","0.767717626264752","0.007","0.286","0.636","0.394","2.95041394233704"
"1222","21","300","50","preferential_attachment","species","species_1","ZIPLN","BIC","0.08","0.9141465","0.866335122385137","0.022","0.592","0.527","0.558","6.57951498031616"
"1223","22","300","50","preferential_attachment","species","species_1","PLN","BIC","0.1","0.835054","0.764382450566253","0.022","0.449","0.458","0.454","2.88553404808044"
"1224","22","300","50","preferential_attachment","species","species_1","ZIPLN","BIC","0.08","0.869418","0.806002644195145","0.052","0.592","0.322","0.417","6.45590710639954"
"1225","23","300","50","preferential_attachment","species","species_1","PLN","BIC","0.08","0.836607","0.750125322319466","0.007","0.426","0.714","0.533","3.25490641593933"
"1226","23","300","50","preferential_attachment","species","species_1","ZIPLN","BIC","0.07","0.818379","0.780910388249531","0.014","0.468","0.564","0.512","6.04974317550659"
"1227","24","300","50","preferential_attachment","species","species_1","PLN","BIC","0.1","0.856825","0.765182893983186","0.004","0.367","0.783","0.5","3.18202590942383"
"1228","24","300","50","preferential_attachment","species","species_1","ZIPLN","BIC","0.08","0.8682525","0.814814880606836","0.033","0.633","0.443","0.521","6.74561595916748"
"1229","25","300","50","preferential_attachment","species","species_1","PLN","BIC","0.09","0.8668555","0.757460006225984","0.013","0.408","0.571","0.476","3.0131824016571"
"1230","25","300","50","preferential_attachment","species","species_1","ZIPLN","BIC","0.08","0.8471415","0.795276486190586","0.01","0.531","0.684","0.598","5.78536343574524"
"1231","26","300","50","preferential_attachment","species","species_1","PLN","BIC","0.11","0.9234695","0.774680996313731","0.012","0.551","0.659","0.6","3.069260597229"
"1232","26","300","50","preferential_attachment","species","species_1","ZIPLN","BIC","0.09","0.9417095","0.804289730772776","0.049","0.837","0.414","0.554","5.88899254798889"
"1233","27","300","50","preferential_attachment","species","species_1","PLN","BIC","0.1","0.8259255","0.768636845116136","0.013","0.449","0.595","0.512","3.1054835319519"
"1234","27","300","50","preferential_attachment","species","species_1","ZIPLN","BIC","0.08","0.8809325","0.797007745823533","0.019","0.551","0.551","0.551","7.21864676475525"
"1235","28","300","50","preferential_attachment","species","species_1","PLN","BIC","0.1","0.7705975","0.751838903232111","0.007","0.306","0.652","0.417","2.45425271987915"
"1236","28","300","50","preferential_attachment","species","species_1","ZIPLN","BIC","0.09","0.803555","0.789816680572039","0.01","0.347","0.586","0.436","3.63152837753296"
"1237","29","300","50","preferential_attachment","species","species_1","PLN","BIC","0.09","0.7398275","0.791611346930226","0.006","0.271","0.65","0.382","2.73292469978333"
"1238","29","300","50","preferential_attachment","species","species_1","ZIPLN","BIC","0.08","0.7890395","0.837507829045374","0.003","0.292","0.778","0.424","4.09644222259521"
"1239","30","300","50","preferential_attachment","species","species_1","PLN","BIC","0.11","0.842178","0.772180080128065","0.001","0.265","0.929","0.413","2.57592797279358"
"1240","30","300","50","preferential_attachment","species","species_1","ZIPLN","BIC","0.08","0.905644","0.841199728868471","0.026","0.592","0.483","0.532","3.54482173919678"
"1241","1","300","50","preferential_attachment","species","species_2","PLN","BIC","0.13","0.671944","0.560554507033278","0","0",NA,"0","9.35524559020996"
"1242","1","300","50","preferential_attachment","species","species_2","ZIPLN","BIC","0.08","0.8467175","0.766327922507493","0.001","0.061","0.75","0.113","3.93282532691956"
"1243","2","300","50","preferential_attachment","species","species_2","PLN","BIC","0.15","0.6307415","0.543690994245717","0","0",NA,"0","10.7172598838806"
"1244","2","300","50","preferential_attachment","species","species_2","ZIPLN","BIC","0.07","0.8537225","0.78185502846319","0.029","0.551","0.443","0.491","6.61315584182739"
"1245","3","300","50","preferential_attachment","species","species_2","PLN","BIC","0.13","0.713838","0.63934772884728","0","0",NA,"0","9.08950328826904"
"1246","3","300","50","preferential_attachment","species","species_2","ZIPLN","BIC","0.09","0.8350845","0.747836251931997","0.014","0.347","0.515","0.415","6.92721199989319"
"1247","4","300","50","preferential_attachment","species","species_2","PLN","BIC","0.14","0.5996885","0.567256390028419","0","0",NA,"0","10.6521282196045"
"1248","4","300","50","preferential_attachment","species","species_2","ZIPLN","BIC","0.07","0.901114","0.791014988019557","0.022","0.469","0.469","0.469","6.83756756782532"
"1249","5","300","50","preferential_attachment","species","species_2","PLN","BIC","0.14","0.759275","0.637963262848318","0","0",NA,"0","7.81599926948547"
"1250","5","300","50","preferential_attachment","species","species_2","ZIPLN","BIC","0.08","0.851485","0.802243930475799","0.027","0.633","0.492","0.554","7.10022258758545"
"1251","6","300","50","preferential_attachment","species","species_2","PLN","BIC","0.14","0.6741375","0.611579803703908","0","0",NA,"0","9.9298837184906"
"1252","6","300","50","preferential_attachment","species","species_2","ZIPLN","BIC","0.08","0.8589975","0.795418175363848","0.013","0.429","0.583","0.494","7.36108231544495"
"1253","7","300","50","preferential_attachment","species","species_2","PLN","BIC","0.12","0.72969","0.581291641256475","0.006","0.122","0.462","0.194","6.37384629249573"
"1254","7","300","50","preferential_attachment","species","species_2","ZIPLN","BIC","0.07","0.865239","0.724800073570235","0.019","0.469","0.511","0.489","6.45820474624634"
"1255","8","300","50","preferential_attachment","species","species_2","PLN","BIC","0.12","0.740529","0.690538224979717","0","0",NA,"0","5.40514588356018"
"1256","8","300","50","preferential_attachment","species","species_2","ZIPLN","BIC","0.08","0.8350395","0.831420961466485","0.028","0.469","0.411","0.438","6.80471920967102"
"1257","9","300","50","preferential_attachment","species","species_2","PLN","BIC","0.14","0.684087","0.589412189056009","0","0",NA,"0","9.67249512672424"
"1258","9","300","50","preferential_attachment","species","species_2","ZIPLN","BIC","0.07","0.819498","0.785065204098854","0.012","0.531","0.65","0.584","8.52811121940613"
"1259","10","300","50","preferential_attachment","species","species_2","PLN","BIC","0.15","0.657567","0.575187062222951","0","0",NA,"0","9.06465411186218"
"1260","10","300","50","preferential_attachment","species","species_2","ZIPLN","BIC","0.08","0.873996","0.800277709626935","0.002","0.265","0.867","0.406","7.34512114524841"
"1261","11","300","50","preferential_attachment","species","species_2","PLN","BIC","0.15","0.6096665","0.624041776487848","0","0",NA,"0","11.5448038578033"
"1262","11","300","50","preferential_attachment","species","species_2","ZIPLN","BIC","0.08","0.8190655","0.804300063700905","0.005","0.347","0.739","0.472","8.29065799713135"
"1263","12","300","50","preferential_attachment","species","species_2","PLN","BIC","0.12","0.727297","0.573214822898594","0.003","0.082","0.571","0.143","9.24830937385559"
"1264","12","300","50","preferential_attachment","species","species_2","ZIPLN","BIC","0.07","0.8800905","0.726132072182044","0.016","0.429","0.525","0.472","9.25499200820923"
"1265","13","300","50","preferential_attachment","species","species_2","PLN","BIC","0.13","0.7279085","0.618291323821616","0","0",NA,"0","10.5313792228699"
"1266","13","300","50","preferential_attachment","species","species_2","ZIPLN","BIC","0.08","0.9064295","0.764701546902935","0.015","0.531","0.591","0.559","6.84430742263794"
"1267","14","300","50","preferential_attachment","species","species_2","PLN","BIC","0.13","0.8046305","0.619445040803508","0","0",NA,"0","7.88109660148621"
"1268","14","300","50","preferential_attachment","species","species_2","ZIPLN","BIC","0.08","0.8964745","0.766989637644869","0.017","0.531","0.565","0.547","6.94794917106628"
"1269","15","300","50","preferential_attachment","species","species_2","PLN","BIC","0.12","0.7186015","0.597792912450721","0","0",NA,"0","10.1281521320343"
"1270","15","300","50","preferential_attachment","species","species_2","ZIPLN","BIC","0.07","0.876155","0.735099649765514","0.036","0.551","0.391","0.458","7.23380708694458"
"1271","16","300","50","preferential_attachment","species","species_2","PLN","BIC","0.16","0.664957","0.636320058630131","0","0",NA,"0","9.21035265922546"
"1272","16","300","50","preferential_attachment","species","species_2","ZIPLN","BIC","0.09","0.872393","0.872191741454502","0.001","0.286","0.933","0.437","7.01591086387634"
"1273","17","300","50","preferential_attachment","species","species_2","PLN","BIC","0.14","0.702117","0.581545498068814","0","0",NA,"0","11.0556869506836"
"1274","17","300","50","preferential_attachment","species","species_2","ZIPLN","BIC","0.08","0.911775","0.747746183838301","0.05","0.714","0.372","0.49","7.25497126579285"
"1275","18","300","50","preferential_attachment","species","species_2","PLN","BIC","0.14","0.675934","0.55578286911903","0","0",NA,"0","9.16026496887207"
"1276","18","300","50","preferential_attachment","species","species_2","ZIPLN","BIC","0.07","0.871743","0.77575990555562","0.007","0.327","0.667","0.438","3.84632849693298"
"1277","19","300","50","preferential_attachment","species","species_2","PLN","BIC","0.14","0.5389345","0.611799112340041","0","0",NA,"0","10.8582413196564"
"1278","19","300","50","preferential_attachment","species","species_2","ZIPLN","BIC","0.08","0.7033795","0.813134266624076","0.002","0.102","0.714","0.179","6.81575608253479"
"1279","20","300","50","preferential_attachment","species","species_2","PLN","BIC","0.13","0.722781","0.623324606237893","0.001","0.041","0.667","0.077","7.50565266609192"
"1280","20","300","50","preferential_attachment","species","species_2","ZIPLN","BIC","0.07","0.855449","0.790505707474393","0.008","0.449","0.71","0.55","6.98289203643799"
"1281","21","300","50","preferential_attachment","species","species_2","PLN","BIC","0.14","0.6701795","0.558602060631426","0","0",NA,"0","10.0261332988739"
"1282","21","300","50","preferential_attachment","species","species_2","ZIPLN","BIC","0.07","0.8619335","0.773328335081394","0.024","0.479","0.451","0.465","6.53682279586792"
"1283","22","300","50","preferential_attachment","species","species_2","PLN","BIC","0.13","0.714143","0.585777414379745","0","0",NA,"0","8.18748831748962"
"1284","22","300","50","preferential_attachment","species","species_2","ZIPLN","BIC","0.07","0.9174015","0.761442636939736","0.02","0.604","0.558","0.58","6.37344145774841"
"1285","23","300","50","preferential_attachment","species","species_2","PLN","BIC","0.14","0.763679","0.582541973601369","0","0",NA,"0","9.22334218025208"
"1286","23","300","50","preferential_attachment","species","species_2","ZIPLN","BIC","0.08","0.8579045","0.763129960105586","0.034","0.562","0.403","0.47","5.53259634971619"
"1287","24","300","50","preferential_attachment","species","species_2","PLN","BIC","0.14","0.7083585","0.591807405692076","0","0",NA,"0","8.62711882591248"
"1288","24","300","50","preferential_attachment","species","species_2","ZIPLN","BIC","0.08","0.8181585","0.76824684743999","0.011","0.51","0.658","0.575","7.10280776023865"
"1289","25","300","50","preferential_attachment","species","species_2","PLN","BIC","0.14","0.607744","0.584810498889655","0","0",NA,"0","11.1685118675232"
"1290","25","300","50","preferential_attachment","species","species_2","ZIPLN","BIC","0.07","0.8773305","0.803238259955303","0.004","0.286","0.737","0.412","6.72681498527527"
"1291","26","300","50","preferential_attachment","species","species_2","PLN","BIC","0.14","0.6716365","0.601744404999584","0","0",NA,"0","11.2743136882782"
"1292","26","300","50","preferential_attachment","species","species_2","ZIPLN","BIC","0.09","0.876288","0.788663106008061","0","0.041","1","0.078","6.93786692619324"
"1293","27","300","50","preferential_attachment","species","species_2","PLN","BIC","0.13","0.719489","0.596369480011576","0","0",NA,"0","7.75656723976135"
"1294","27","300","50","preferential_attachment","species","species_2","ZIPLN","BIC","0.08","0.881875","0.74123510007255","0.02","0.469","0.489","0.479","4.30265378952026"
"1295","28","300","50","preferential_attachment","species","species_2","PLN","BIC","0.14","0.728902","0.622705190889531","0","0",NA,"0","9.29865527153015"
"1296","28","300","50","preferential_attachment","species","species_2","ZIPLN","BIC","0.08","0.85933","0.76876503943598","0.025","0.449","0.431","0.44","7.89468693733215"
"1297","29","300","50","preferential_attachment","species","species_2","PLN","BIC","0.16","0.6759325","0.631056809764149","0","0",NA,"0","5.42253398895264"
"1298","29","300","50","preferential_attachment","species","species_2","ZIPLN","BIC","0.08","0.905856","0.884015810042046","0.009","0.531","0.703","0.605","5.81624960899353"
"1299","30","300","50","preferential_attachment","species","species_2","PLN","BIC","0.13","0.760699","0.6290274875249","0.007","0.143","0.467","0.219","8.6810610294342"
"1300","30","300","50","preferential_attachment","species","species_2","ZIPLN","BIC","0.08","0.8893705","0.751900541091746","0.028","0.653","0.492","0.561","8.68670058250427"
"1301","1","300","50","preferential_attachment","species","species_3","PLN","BIC","0.17","0.5129645","0.552049080298967","0.011","0","0","0","23.8255894184113"
"1302","1","300","50","preferential_attachment","species","species_3","ZIPLN","BIC","0.09","0.734304","0.749650311751166","0.005","0.312","0.714","0.435","7.86606025695801"
"1303","2","300","50","preferential_attachment","species","species_3","PLN","BIC","0.14","0.5671125","0.502713530906808","0","0",NA,"0","22.5885772705078"
"1304","2","300","50","preferential_attachment","species","species_3","ZIPLN","BIC","0.08","0.6269925","0.647340818354861","0.009","0.163","0.444","0.239","6.48686647415161"
"1305","3","300","50","preferential_attachment","species","species_3","PLN","BIC","0.15","0.608087","0.514027674765111","0.002","0.02","0.333","0.038","21.0901141166687"
"1306","3","300","50","preferential_attachment","species","species_3","ZIPLN","BIC","0.09","0.6345755","0.673305808925215","0.007","0.041","0.2","0.068","7.26746129989624"
"1307","4","300","50","preferential_attachment","species","species_3","PLN","BIC","0.16","0.45522","0.533014067896115","0.013","0","0","0","20.3378694057465"
"1308","4","300","50","preferential_attachment","species","species_3","ZIPLN","BIC","0.09","0.548406","0.720836464107273","0","0",NA,"0","5.23160338401794"
"1309","5","300","50","preferential_attachment","species","species_3","PLN","BIC","0.14","0.521811","0.491943663477718","0","0",NA,"0","25.5903701782227"
"1310","5","300","50","preferential_attachment","species","species_3","ZIPLN","BIC","0.08","0.6996895","0.678210583069414","0.008","0.188","0.474","0.269","6.44415187835693"
"1311","6","300","50","preferential_attachment","species","species_3","PLN","BIC","0.14","0.662471","0.544384319746359","0","0",NA,"0","20.1594715118408"
"1312","6","300","50","preferential_attachment","species","species_3","ZIPLN","BIC","0.08","0.803211","0.694152734282703","0.006","0.306","0.682","0.423","6.73696064949036"
"1313","7","300","50","preferential_attachment","species","species_3","PLN","BIC","0.13","0.646847","0.502988736422521","0","0",NA,"0","15.8711845874786"
"1314","7","300","50","preferential_attachment","species","species_3","ZIPLN","BIC","0.08","0.748142","0.658789084054833","0.002","0.204","0.833","0.328","4.47233295440674"
"1315","8","300","50","preferential_attachment","species","species_3","PLN","BIC","0.16","0.4400985","0.528580658176907","0.001","0","0","0","19.8019001483917"
"1316","8","300","50","preferential_attachment","species","species_3","ZIPLN","BIC","0.09","0.672911","0.669747283037441","0.009","0.306","0.6","0.405","7.118248462677"
"1317","9","300","50","preferential_attachment","species","species_3","PLN","BIC","0.14","0.542097","0.599201162876397","0.014","0","0","0","21.7960734367371"
"1318","9","300","50","preferential_attachment","species","species_3","ZIPLN","BIC","0.08","0.7378315","0.692580588086822","0.011","0.354","0.567","0.436","8.84824228286743"
"1319","10","300","50","preferential_attachment","species","species_3","PLN","BIC","0.14","0.6962935","0.512464072945526","0","0",NA,"0","18.6182334423065"
"1320","10","300","50","preferential_attachment","species","species_3","ZIPLN","BIC","0.08","0.668563","0.655787324288933","0.007","0.265","0.619","0.371","6.46710205078125"
"1321","11","300","50","preferential_attachment","species","species_3","PLN","BIC","0.15","0.555282","0.550586022105665","0.006","0","0","0","23.9766829013824"
"1322","11","300","50","preferential_attachment","species","species_3","ZIPLN","BIC","0.09","0.725979","0.679627482589154","0.004","0.224","0.688","0.338","8.05249428749084"
"1323","12","300","50","preferential_attachment","species","species_3","PLN","BIC","0.15","0.542919","0.480805659935171","0","0",NA,"0","21.835786819458"
"1324","12","300","50","preferential_attachment","species","species_3","ZIPLN","BIC","0.09","0.6830455","0.648547421301499","0.008","0.125","0.375","0.188","7.49635577201843"
"1325","13","300","50","preferential_attachment","species","species_3","PLN","BIC","0.14","0.6206955","0.492280343048248","0","0",NA,"0","13.4246411323547"
"1326","13","300","50","preferential_attachment","species","species_3","ZIPLN","BIC","0.08","0.7986795","0.658485616149009","0.009","0.286","0.583","0.384","7.43940758705139"
"1327","14","300","50","preferential_attachment","species","species_3","PLN","BIC","0.15","0.6326705","0.478219646364423","0.006","0","0","0","17.4568436145782"
"1328","14","300","50","preferential_attachment","species","species_3","ZIPLN","BIC","0.08","0.6458255","0.647658672468387","0.003","0.163","0.727","0.267","4.46357107162476"
"1329","15","300","50","preferential_attachment","species","species_3","PLN","BIC","0.16","0.6115195","0.538441694898465","0.007","0.02","0.111","0.034","23.2272460460663"
"1330","15","300","50","preferential_attachment","species","species_3","ZIPLN","BIC","0.1","0.689538","0.641064114068914","0.011","0.184","0.409","0.254","8.48504376411438"
"1331","16","300","50","preferential_attachment","species","species_3","PLN","BIC","0.14","0.5362135","0.480976147930233","0","0",NA,"0","19.085292339325"
"1332","16","300","50","preferential_attachment","species","species_3","ZIPLN","BIC","0.08","0.66877","0.617931636005883","0.007","0.224","0.579","0.324","7.86206483840942"
"1333","17","300","50","preferential_attachment","species","species_3","PLN","BIC","0.15","0.543966","0.512289198066213","0","0",NA,"0","48.7335321903229"
"1334","17","300","50","preferential_attachment","species","species_3","ZIPLN","BIC","0.09","0.7973675","0.687936122989305","0.01","0.306","0.556","0.395","6.70566868782043"
"1335","18","300","50","preferential_attachment","species","species_3","PLN","BIC","0.14","0.5733845","0.519683687247335","0.003","0","0","0","21.1861605644226"
"1336","18","300","50","preferential_attachment","species","species_3","ZIPLN","BIC","0.09","0.7596675","0.588506712299459","0.009","0.327","0.615","0.427","6.97488474845886"
"1337","19","300","50","preferential_attachment","species","species_3","PLN","BIC","0.14","0.569579","0.490527632442137","0.006","0","0","0","21.232861995697"
"1338","19","300","50","preferential_attachment","species","species_3","ZIPLN","BIC","0.09","0.7358465","0.592094964498776","0.013","0.286","0.483","0.359","8.35741972923279"
"1339","20","300","50","preferential_attachment","species","species_3","PLN","BIC","0.17","0.489164","0.503107191042026","0.004","0","0","0","27.4332234859467"
"1340","20","300","50","preferential_attachment","species","species_3","ZIPLN","BIC","0.08","0.720745","0.702576915939001","0.001","0.104","0.833","0.185","7.04128336906433"
"1341","21","300","50","preferential_attachment","species","species_3","PLN","BIC","0.13","0.5302485","0.456096099761537","0","0",NA,"0","27.9593513011932"
"1342","21","300","50","preferential_attachment","species","species_3","ZIPLN","BIC","0.07","0.657914","0.618286473629076","0","0",NA,"0","7.97286605834961"
"1343","22","300","50","preferential_attachment","species","species_3","PLN","BIC","0.14","0.5944555","0.557632723144327","0","0",NA,"0","25.6235635280609"
"1344","22","300","50","preferential_attachment","species","species_3","ZIPLN","BIC","0.08","0.680443","0.694295638489899","0.012","0.245","0.462","0.32","7.60648965835571"
"1345","23","300","50","preferential_attachment","species","species_3","PLN","BIC","0.15","0.5149985","0.483754893334074","0","0",NA,"0","24.1290037631989"
"1346","23","300","50","preferential_attachment","species","species_3","ZIPLN","BIC","0.09","0.6410965","0.671450950820135","0.002","0.061","0.6","0.111","3.93391871452332"
"1347","24","300","50","preferential_attachment","species","species_3","PLN","BIC","0.14","0.552415","0.504777099195234","0","0",NA,"0","24.4340882301331"
"1348","24","300","50","preferential_attachment","species","species_3","ZIPLN","BIC","0.09","0.617559","0.63270937132038","0","0.102","1","0.185","6.61750793457031"
"1349","25","300","50","preferential_attachment","species","species_3","PLN","BIC","0.18","0.5335205","0.49618692064114","0.006","0","0","0","58.8865222930908"
"1350","25","300","50","preferential_attachment","species","species_3","ZIPLN","BIC","0.08","0.679995","0.711087682568337","0.003","0.143","0.636","0.233","4.427086353302"
"1351","26","300","50","preferential_attachment","species","species_3","PLN","BIC","0.14","0.6135955","0.480511141494764","0","0",NA,"0","22.8333151340485"
"1352","26","300","50","preferential_attachment","species","species_3","ZIPLN","BIC","0.07","0.6502265","0.636560202215366","0.011","0.188","0.409","0.257","4.1077721118927"
"1353","27","300","50","preferential_attachment","species","species_3","PLN","BIC","0.13","0.506619","0.518521417626885","0.003","0","0","0","20.9762151241302"
"1354","27","300","50","preferential_attachment","species","species_3","ZIPLN","BIC","0.07","0.7566865","0.681776670343845","0.006","0.191","0.562","0.286","6.74043893814087"
"1355","28","300","50","preferential_attachment","species","species_3","PLN","BIC","0.13","0.5201395","0.54182427665371","0.014","0.042","0.111","0.061","15.032883644104"
"1356","28","300","50","preferential_attachment","species","species_3","ZIPLN","BIC","0.08","0.776432","0.671940692532205","0.014","0.354","0.515","0.42","7.61268639564514"
"1357","29","300","50","preferential_attachment","species","species_3","PLN","BIC","0.15","0.663939","0.602819676569232","0","0",NA,"0","13.5260863304138"
"1358","29","300","50","preferential_attachment","species","species_3","ZIPLN","BIC","0.09","0.629022","0.71950610687885","0.003","0.122","0.667","0.207","4.41402983665466"
"1359","30","300","50","preferential_attachment","species","species_3","PLN","BIC","0.16","0.528866","0.530093316271209","0","0",NA,"0","54.3662519454956"
"1360","30","300","50","preferential_attachment","species","species_3","ZIPLN","BIC","0.09","0.7175125","0.641171834260134","0.003","0.184","0.692","0.29","3.88378310203552"
"1361","Error : inv_sympd(): matrix is singular or not positive definite
","Error : inv_sympd(): matrix is singular or not positive definite
","Error : inv_sympd(): matrix is singular or not positive definite
","Error : inv_sympd(): matrix is singular or not positive definite
","Error : inv_sympd(): matrix is singular or not positive definite
","Error : inv_sympd(): matrix is singular or not positive definite
","Error : inv_sympd(): matrix is singular or not positive definite
","Error : inv_sympd(): matrix is singular or not positive definite
","Error : inv_sympd(): matrix is singular or not positive definite
","Error : inv_sympd(): matrix is singular or not positive definite
","Error : inv_sympd(): matrix is singular or not positive definite
","Error : inv_sympd(): matrix is singular or not positive definite
","Error : inv_sympd(): matrix is singular or not positive definite
","Error : inv_sympd(): matrix is singular or not positive definite
","Error : inv_sympd(): matrix is singular or not positive definite
","Error : inv_sympd(): matrix is singular or not positive definite
"
"1362","2","300","50","preferential_attachment","species","species_4","PLN","BIC","0.14","0.6143775","0.456862607113775","0","0",NA,"0","27.6777288913727"
"1363","2","300","50","preferential_attachment","species","species_4","ZIPLN","BIC","0.08","0.714297","0.603059743927529","0.013","0.224","0.423","0.293","7.1213595867157"
"1364","3","300","50","preferential_attachment","species","species_4","PLN","BIC","0.14","0.608126","0.520158081072763","0","0",NA,"0","15.188437461853"
"1365","3","300","50","preferential_attachment","species","species_4","ZIPLN","BIC","0.09","0.70747","0.60664174769264","0.003","0.143","0.636","0.233","4.68622946739197"
"1366","Error : inv_sympd(): matrix is singular or not positive definite
","Error : inv_sympd(): matrix is singular or not positive definite
","Error : inv_sympd(): matrix is singular or not positive definite
","Error : inv_sympd(): matrix is singular or not positive definite
","Error : inv_sympd(): matrix is singular or not positive definite
","Error : inv_sympd(): matrix is singular or not positive definite
","Error : inv_sympd(): matrix is singular or not positive definite
","Error : inv_sympd(): matrix is singular or not positive definite
","Error : inv_sympd(): matrix is singular or not positive definite
","Error : inv_sympd(): matrix is singular or not positive definite
","Error : inv_sympd(): matrix is singular or not positive definite
","Error : inv_sympd(): matrix is singular or not positive definite
","Error : inv_sympd(): matrix is singular or not positive definite
","Error : inv_sympd(): matrix is singular or not positive definite
","Error : inv_sympd(): matrix is singular or not positive definite
","Error : inv_sympd(): matrix is singular or not positive definite
"
"1367","5","300","50","preferential_attachment","species","species_4","PLN","BIC","0.15","0.6871465","0.55056732867363","0","0",NA,"0","21.7701966762543"
"1368","5","300","50","preferential_attachment","species","species_4","ZIPLN","BIC","0.09","0.758744","0.66841901198104","0.01","0.265","0.52","0.351","5.69276785850525"
"1369","6","300","50","preferential_attachment","species","species_4","PLN","BIC","0.15","0.5478495","0.521877549117889","0","0",NA,"0","20.6026704311371"
"1370","6","300","50","preferential_attachment","species","species_4","ZIPLN","BIC","0.08","0.646429","0.658668756703144","0.008","0.184","0.5","0.269","7.72502613067627"
"1371","Error : inv_sympd(): matrix is singular or not positive definite
","Error : inv_sympd(): matrix is singular or not positive definite
","Error : inv_sympd(): matrix is singular or not positive definite
","Error : inv_sympd(): matrix is singular or not positive definite
","Error : inv_sympd(): matrix is singular or not positive definite
","Error : inv_sympd(): matrix is singular or not positive definite
","Error : inv_sympd(): matrix is singular or not positive definite
","Error : inv_sympd(): matrix is singular or not positive definite
","Error : inv_sympd(): matrix is singular or not positive definite
","Error : inv_sympd(): matrix is singular or not positive definite
","Error : inv_sympd(): matrix is singular or not positive definite
","Error : inv_sympd(): matrix is singular or not positive definite
","Error : inv_sympd(): matrix is singular or not positive definite
","Error : inv_sympd(): matrix is singular or not positive definite
","Error : inv_sympd(): matrix is singular or not positive definite
","Error : inv_sympd(): matrix is singular or not positive definite
"
"1372","8","300","50","preferential_attachment","species","species_4","PLN","BIC","0.14","0.611436","0.541691692774829","0","0",NA,"0","23.5055193901062"
"1373","8","300","50","preferential_attachment","species","species_4","ZIPLN","BIC","0.08","0.76586","0.653753983724093","0.026","0.449","0.423","0.436","6.57303237915039"
"1374","9","300","50","preferential_attachment","species","species_4","PLN","BIC","0.14","0.5562965","0.482927562200345","0","0",NA,"0","23.0710368156433"
"1375","9","300","50","preferential_attachment","species","species_4","ZIPLN","BIC","0.08","0.6022605","0.608902927578432","0.005","0.104","0.455","0.169","7.10104393959045"
"1376","Error : inv_sympd(): matrix is singular or not positive definite
","Error : inv_sympd(): matrix is singular or not positive definite
","Error : inv_sympd(): matrix is singular or not positive definite
","Error : inv_sympd(): matrix is singular or not positive definite
","Error : inv_sympd(): matrix is singular or not positive definite
","Error : inv_sympd(): matrix is singular or not positive definite
","Error : inv_sympd(): matrix is singular or not positive definite
","Error : inv_sympd(): matrix is singular or not positive definite
","Error : inv_sympd(): matrix is singular or not positive definite
","Error : inv_sympd(): matrix is singular or not positive definite
","Error : inv_sympd(): matrix is singular or not positive definite
","Error : inv_sympd(): matrix is singular or not positive definite
","Error : inv_sympd(): matrix is singular or not positive definite
","Error : inv_sympd(): matrix is singular or not positive definite
","Error : inv_sympd(): matrix is singular or not positive definite
","Error : inv_sympd(): matrix is singular or not positive definite
"
"1377","11","300","50","preferential_attachment","species","species_4","PLN","BIC","0.14","0.569485","0.513810221267175","0","0",NA,"0","52.1554162502289"
"1378","11","300","50","preferential_attachment","species","species_4","ZIPLN","BIC","0.08","0.6975875","0.62950938737937","0","0.082","1","0.151","3.94605588912964"
"1379","12","300","50","preferential_attachment","species","species_4","PLN","BIC","0.15","0.502594","0.527908380883624","0.007","0","0","0","19.4044108390808"
"1380","12","300","50","preferential_attachment","species","species_4","ZIPLN","BIC","0.08","0.684493","0.681929060352055","0.003","0.082","0.571","0.143","4.68528437614441"
"1381","Error : inv_sympd(): matrix is singular or not positive definite
","Error : inv_sympd(): matrix is singular or not positive definite
","Error : inv_sympd(): matrix is singular or not positive definite
","Error : inv_sympd(): matrix is singular or not positive definite
","Error : inv_sympd(): matrix is singular or not positive definite
","Error : inv_sympd(): matrix is singular or not positive definite
","Error : inv_sympd(): matrix is singular or not positive definite
","Error : inv_sympd(): matrix is singular or not positive definite
","Error : inv_sympd(): matrix is singular or not positive definite
","Error : inv_sympd(): matrix is singular or not positive definite
","Error : inv_sympd(): matrix is singular or not positive definite
","Error : inv_sympd(): matrix is singular or not positive definite
","Error : inv_sympd(): matrix is singular or not positive definite
","Error : inv_sympd(): matrix is singular or not positive definite
","Error : inv_sympd(): matrix is singular or not positive definite
","Error : inv_sympd(): matrix is singular or not positive definite
"
"1382","14","300","50","preferential_attachment","species","species_4","PLN","BIC","0.16","0.504168","0.404356736734441","0","0",NA,"0","1.03658668994904"
"1383","14","300","50","preferential_attachment","species","species_4","ZIPLN","BIC","0.08","0.70813","0.608846951571433","0.009","0.265","0.542","0.356","7.66275691986084"
"1384","15","300","50","preferential_attachment","species","species_4","PLN","BIC","0.14","0.605358","0.533161847131214","0","0",NA,"0","27.1115550994873"
"1385","15","300","50","preferential_attachment","species","species_4","ZIPLN","BIC","0.09","0.6266255","0.654593035805396","0.002","0.104","0.714","0.182","6.2587730884552"
"1386","Error : inv_sympd(): matrix is singular or not positive definite
","Error : inv_sympd(): matrix is singular or not positive definite
","Error : inv_sympd(): matrix is singular or not positive definite
","Error : inv_sympd(): matrix is singular or not positive definite
","Error : inv_sympd(): matrix is singular or not positive definite
","Error : inv_sympd(): matrix is singular or not positive definite
","Error : inv_sympd(): matrix is singular or not positive definite
","Error : inv_sympd(): matrix is singular or not positive definite
","Error : inv_sympd(): matrix is singular or not positive definite
","Error : inv_sympd(): matrix is singular or not positive definite
","Error : inv_sympd(): matrix is singular or not positive definite
","Error : inv_sympd(): matrix is singular or not positive definite
","Error : inv_sympd(): matrix is singular or not positive definite
","Error : inv_sympd(): matrix is singular or not positive definite
","Error : inv_sympd(): matrix is singular or not positive definite
","Error : inv_sympd(): matrix is singular or not positive definite
"
"1387","17","300","50","preferential_attachment","species","species_4","PLN","BIC","0.16","0.6079015","0.557536321891036","0","0",NA,"0","18.4648537635803"
"1388","17","300","50","preferential_attachment","species","species_4","ZIPLN","BIC","0.1","0.676325","0.703285003547456","0.003","0.163","0.667","0.262","3.68084692955017"
"1389","18","300","50","preferential_attachment","species","species_4","PLN","BIC","0.15","0.608079","0.605170996808518","0","0",NA,"0","17.2632014751434"
"1390","18","300","50","preferential_attachment","species","species_4","ZIPLN","BIC","0.09","0.7093825","0.68713344071226","0.008","0.25","0.545","0.343","4.12558150291443"
"1391","Error : inv_sympd(): matrix is singular or not positive definite
","Error : inv_sympd(): matrix is singular or not positive definite
","Error : inv_sympd(): matrix is singular or not positive definite
","Error : inv_sympd(): matrix is singular or not positive definite
","Error : inv_sympd(): matrix is singular or not positive definite
","Error : inv_sympd(): matrix is singular or not positive definite
","Error : inv_sympd(): matrix is singular or not positive definite
","Error : inv_sympd(): matrix is singular or not positive definite
","Error : inv_sympd(): matrix is singular or not positive definite
","Error : inv_sympd(): matrix is singular or not positive definite
","Error : inv_sympd(): matrix is singular or not positive definite
","Error : inv_sympd(): matrix is singular or not positive definite
","Error : inv_sympd(): matrix is singular or not positive definite
","Error : inv_sympd(): matrix is singular or not positive definite
","Error : inv_sympd(): matrix is singular or not positive definite
","Error : inv_sympd(): matrix is singular or not positive definite
"
"1392","20","300","50","preferential_attachment","species","species_4","PLN","BIC","0.13","0.6892315","0.525440590255614","0","0",NA,"0","17.1397955417633"
"1393","20","300","50","preferential_attachment","species","species_4","ZIPLN","BIC","0.08","0.6975425","0.613636638970321","0.013","0.347","0.531","0.42","4.26970410346985"
"1394","21","300","50","preferential_attachment","species","species_4","PLN","BIC","0.15","0.6177025","0.482893107665812","0","0",NA,"0","28.1591567993164"
"1395","21","300","50","preferential_attachment","species","species_4","ZIPLN","BIC","0.08","0.6181605","0.601364671824744","0.009","0.224","0.524","0.314","7.40299272537231"
"1396","Error : inv_sympd(): matrix is singular or not positive definite
","Error : inv_sympd(): matrix is singular or not positive definite
","Error : inv_sympd(): matrix is singular or not positive definite
","Error : inv_sympd(): matrix is singular or not positive definite
","Error : inv_sympd(): matrix is singular or not positive definite
","Error : inv_sympd(): matrix is singular or not positive definite
","Error : inv_sympd(): matrix is singular or not positive definite
","Error : inv_sympd(): matrix is singular or not positive definite
","Error : inv_sympd(): matrix is singular or not positive definite
","Error : inv_sympd(): matrix is singular or not positive definite
","Error : inv_sympd(): matrix is singular or not positive definite
","Error : inv_sympd(): matrix is singular or not positive definite
","Error : inv_sympd(): matrix is singular or not positive definite
","Error : inv_sympd(): matrix is singular or not positive definite
","Error : inv_sympd(): matrix is singular or not positive definite
","Error : inv_sympd(): matrix is singular or not positive definite
"
"1397","23","300","50","preferential_attachment","species","species_4","PLN","BIC","0.14","0.5277735","0.592525291624967","0.011","0","0","0","13.0382082462311"
"1398","23","300","50","preferential_attachment","species","species_4","ZIPLN","BIC","0.08","0.726696","0.684221127461303","0.007","0.286","0.636","0.394","4.3128182888031"
"1399","24","300","50","preferential_attachment","species","species_4","PLN","BIC","0.17","0.518649","0.47445834768188","0","0",NA,"0","49.5714180469513"
"1400","24","300","50","preferential_attachment","species","species_4","ZIPLN","BIC","0.11","0.734832","0.659067994785132","0.009","0.204","0.5","0.29","4.78098201751709"
"1401","Error : inv_sympd(): matrix is singular or not positive definite
","Error : inv_sympd(): matrix is singular or not positive definite
","Error : inv_sympd(): matrix is singular or not positive definite
","Error : inv_sympd(): matrix is singular or not positive definite
","Error : inv_sympd(): matrix is singular or not positive definite
","Error : inv_sympd(): matrix is singular or not positive definite
","Error : inv_sympd(): matrix is singular or not positive definite
","Error : inv_sympd(): matrix is singular or not positive definite
","Error : inv_sympd(): matrix is singular or not positive definite
","Error : inv_sympd(): matrix is singular or not positive definite
","Error : inv_sympd(): matrix is singular or not positive definite
","Error : inv_sympd(): matrix is singular or not positive definite
","Error : inv_sympd(): matrix is singular or not positive definite
","Error : inv_sympd(): matrix is singular or not positive definite
","Error : inv_sympd(): matrix is singular or not positive definite
","Error : inv_sympd(): matrix is singular or not positive definite
"
"1402","26","300","50","preferential_attachment","species","species_4","PLN","BIC","0.15","0.5914685","0.579642689744527","0","0",NA,"0","17.7484090328217"
"1403","26","300","50","preferential_attachment","species","species_4","ZIPLN","BIC","0.09","0.4719125","0.709207735121855","0.001","0.02","0.5","0.039","3.95575642585754"
"1404","27","300","50","preferential_attachment","species","species_4","PLN","BIC","0.15","0.520795","0.560425115105453","0.002","0","0","0","20.271327495575"
"1405","27","300","50","preferential_attachment","species","species_4","ZIPLN","BIC","0.09","0.7364375","0.710376460926451","0","0.143","1","0.25","6.87735891342163"
"1406","Error : inv_sympd(): matrix is singular or not positive definite
","Error : inv_sympd(): matrix is singular or not positive definite
","Error : inv_sympd(): matrix is singular or not positive definite
","Error : inv_sympd(): matrix is singular or not positive definite
","Error : inv_sympd(): matrix is singular or not positive definite
","Error : inv_sympd(): matrix is singular or not positive definite
","Error : inv_sympd(): matrix is singular or not positive definite
","Error : inv_sympd(): matrix is singular or not positive definite
","Error : inv_sympd(): matrix is singular or not positive definite
","Error : inv_sympd(): matrix is singular or not positive definite
","Error : inv_sympd(): matrix is singular or not positive definite
","Error : inv_sympd(): matrix is singular or not positive definite
","Error : inv_sympd(): matrix is singular or not positive definite
","Error : inv_sympd(): matrix is singular or not positive definite
","Error : inv_sympd(): matrix is singular or not positive definite
","Error : inv_sympd(): matrix is singular or not positive definite
"
"1407","29","300","50","preferential_attachment","species","species_4","PLN","BIC","0.14","0.595107","0.467772757103048","0","0",NA,"0","17.9945755004883"
"1408","29","300","50","preferential_attachment","species","species_4","ZIPLN","BIC","0.08","0.6667965","0.608204542336396","0.003","0.184","0.75","0.295","4.4174976348877"
"1409","30","300","50","preferential_attachment","species","species_4","PLN","BIC","0.13","0.54034","0.489573900790033","0.002","0","0","0","16.335919380188"
"1410","30","300","50","preferential_attachment","species","species_4","ZIPLN","BIC","0.08","0.598553","0.613071199321132","0.011","0.163","0.381","0.229","3.74504351615906"
"1411","1","300","20","erdos_renyi","sites","sites_1","PLN","BIC","0.08","0.8350485","0.635418974224623","0.011","0.667","0.75","0.706","0.782885313034058"
"1412","1","300","20","erdos_renyi","sites","sites_1","ZIPLN","BIC","0.03","0.79021","0.735826726491682","0.028","0.667","0.545","0.6","23.8860809803009"
"1413","2","300","20","erdos_renyi","sites","sites_1","PLN","BIC","0.08","0.8908285","0.67310446671382","0.066","0.778","0.368","0.5","0.523061275482178"
"1414","2","300","20","erdos_renyi","sites","sites_1","ZIPLN","BIC","0.03","0.9162505","0.752127167844633","0.028","0.778","0.583","0.667","17.1156117916107"
"1415","3","300","20","erdos_renyi","sites","sites_1","PLN","BIC","0.09","0.8119295","0.647958184014633","0.011","0.273","0.6","0.375","0.868315458297729"
"1416","3","300","20","erdos_renyi","sites","sites_1","ZIPLN","BIC","0.04","0.8624535","0.78353181567463","0","0.636","1","0.778","23.843656539917"
"1417","4","300","20","erdos_renyi","sites","sites_1","PLN","BIC","0.06","0.809355","0.638183945542013","0.027","0.5","0.375","0.429","0.74573826789856"
"1418","4","300","20","erdos_renyi","sites","sites_1","ZIPLN","BIC","0.03","0.844576","0.729645508744833","0","0.5","1","0.667","24.1102373600006"
"1419","5","300","20","erdos_renyi","sites","sites_1","PLN","BIC","0.07","0.631904","0.631177080193674","0","0",NA,"0","0.754423856735229"
"1420","5","300","20","erdos_renyi","sites","sites_1","ZIPLN","BIC","0.02","0.832473","0.745885816907168","0.033","0.667","0.4","0.5","23.3754405975342"
"1421","6","300","20","erdos_renyi","sites","sites_1","PLN","BIC","0.11","0.821697","0.664233643473849","0.017","0.636","0.7","0.667","0.767329216003418"
"1422","6","300","20","erdos_renyi","sites","sites_1","ZIPLN","BIC","0.04","0.87347","0.823894883973082","0.028","0.727","0.615","0.667","22.8552105426788"
"1423","7","300","20","erdos_renyi","sites","sites_1","PLN","BIC","0.12","0.811361","0.677216244574196","0","0.4","1","0.571","0.727053165435791"
"1424","7","300","20","erdos_renyi","sites","sites_1","ZIPLN","BIC","0.06","0.937738","0.765905090719544","0.074","0.867","0.5","0.634","23.6888291835785"
"1425","8","300","20","erdos_renyi","sites","sites_1","PLN","BIC","0.1","0.897051","0.690348912019357","0.09","0.615","0.333","0.432","0.453900098800659"
"1426","8","300","20","erdos_renyi","sites","sites_1","ZIPLN","BIC","0.05","0.9218835","0.7349003991649","0.062","0.769","0.476","0.588","20.3904502391815"
"1427","9","300","20","erdos_renyi","sites","sites_1","PLN","BIC","0.08","0.8104","0.624780242876549","0","0.2","1","0.333","0.757924795150757"
"1428","9","300","20","erdos_renyi","sites","sites_1","ZIPLN","BIC","0.04","0.8708","0.716307264244678","0.032","0.8","0.4","0.533","23.6387760639191"
"1429","10","300","20","erdos_renyi","sites","sites_1","PLN","BIC","0.06","0.785176","0.640550667280381","0.027","0.5","0.375","0.429","0.678061962127686"
"1430","10","300","20","erdos_renyi","sites","sites_1","ZIPLN","BIC","0.03","0.8980035","0.719097867742396","0.016","0.667","0.571","0.615","23.4263038635254"
"1431","11","300","20","erdos_renyi","sites","sites_1","PLN","BIC","0.09","0.8282635","0.655338692830634","0.133","0.778","0.226","0.35","0.709380388259888"
"1432","11","300","20","erdos_renyi","sites","sites_1","ZIPLN","BIC","0.05","0.892549","0.71628787242586","0.006","0.667","0.857","0.75","23.6988162994385"
"1433","12","300","20","erdos_renyi","sites","sites_1","PLN","BIC","0.09","0.8202085","0.670001371380991","0.022","0.583","0.636","0.609","0.659197330474854"
"1434","12","300","20","erdos_renyi","sites","sites_1","ZIPLN","BIC","0.03","0.9093245","0.782762905306845","0.084","0.917","0.423","0.579","17.2609152793884"
"1435","13","300","20","erdos_renyi","sites","sites_1","PLN","BIC","0.09","0.83125","0.684284259858979","0","0.1","1","0.182","0.706831932067871"
"1436","13","300","20","erdos_renyi","sites","sites_1","ZIPLN","BIC","0.05","0.87625","0.811565640445872","0.039","0.7","0.5","0.583","24.0642683506012"
"1437","14","300","20","erdos_renyi","sites","sites_1","PLN","BIC","0.09","0.90941","0.644064263576455","0.022","0.667","0.6","0.632","0.692575931549072"
"1438","14","300","20","erdos_renyi","sites","sites_1","ZIPLN","BIC","0.04","0.943168","0.738476317026621","0.017","1","0.75","0.857","21.1329643726349"
"1439","15","300","20","erdos_renyi","sites","sites_1","PLN","BIC","0.05","0.73925","0.602470932219829","0.011","0.5","0.5","0.5","0.748051881790161"
"1440","15","300","20","erdos_renyi","sites","sites_1","ZIPLN","BIC","0.02","0.870875","0.671769337227258","0.022","0.75","0.429","0.545","23.7289288043976"
"1441","16","300","20","erdos_renyi","sites","sites_1","PLN","BIC","0.08","0.7829465","0.655652957275558","0.017","0.273","0.5","0.353","0.709359169006348"
"1442","16","300","20","erdos_renyi","sites","sites_1","ZIPLN","BIC","0.05","0.7916295","0.744362426736265","0.028","0.545","0.545","0.545","24.2638740539551"
"1443","17","300","20","erdos_renyi","sites","sites_1","PLN","BIC","0.11","0.7897255","0.664886578138423","0.023","0.462","0.6","0.522","0.637611150741577"
"1444","17","300","20","erdos_renyi","sites","sites_1","ZIPLN","BIC","0.04","0.891359","0.74951518922417","0.282","0.923","0.194","0.32","24.1039555072784"
"1445","18","300","20","erdos_renyi","sites","sites_1","PLN","BIC","0.09","0.8931875","0.693150915971442","0","0.5","1","0.667","0.456668853759766"
"1446","18","300","20","erdos_renyi","sites","sites_1","ZIPLN","BIC","0.04","0.8719375","0.752886054314594","0.082","0.75","0.286","0.414","17.6945044994354"
"1447","19","300","20","erdos_renyi","sites","sites_1","PLN","BIC","0.08","0.8919","0.623144215381615","0.027","0.8","0.444","0.571","0.683954954147339"
"1448","19","300","20","erdos_renyi","sites","sites_1","ZIPLN","BIC","0.03","0.8984","0.735940286186653","0.016","0.8","0.571","0.667","23.6012918949127"
"1449","20","300","20","erdos_renyi","sites","sites_1","PLN","BIC","0.09","0.8355625","0.608909264323867","0","0.125","1","0.222","0.510697841644287"
"1450","20","300","20","erdos_renyi","sites","sites_1","ZIPLN","BIC","0.04","0.9135625","0.691932179365193","0.016","0.75","0.667","0.706","16.754317522049"
"1451","21","300","20","erdos_renyi","sites","sites_1","PLN","BIC","0.09","0.853033","0.637452259616365","0.006","0.667","0.857","0.75","0.758664608001709"
"1452","21","300","20","erdos_renyi","sites","sites_1","ZIPLN","BIC","0.04","0.878233","0.735240835356869","0.094","0.778","0.292","0.424","23.4854507446289"
"1453","22","300","20","erdos_renyi","sites","sites_1","PLN","BIC","0.07","0.904336","0.654051544946847","0.016","0.667","0.571","0.615","0.670438528060913"
"1454","22","300","20","erdos_renyi","sites","sites_1","ZIPLN","BIC","0.03","0.912422","0.762373354345041","0.022","0.833","0.556","0.667","23.581983089447"
"1455","23","300","20","erdos_renyi","sites","sites_1","PLN","BIC","0.1","0.7623","0.67783405817016","0.033","0.5","0.455","0.476","0.741964817047119"
"1456","23","300","20","erdos_renyi","sites","sites_1","ZIPLN","BIC","0.05","0.8654","0.779567933780948","0.033","0.6","0.5","0.545","23.342866897583"
"1457","24","300","20","erdos_renyi","sites","sites_1","PLN","BIC","0.06","0.9","0.634757016522754","0","0.2","1","0.333","0.663823843002319"
"1458","24","300","20","erdos_renyi","sites","sites_1","ZIPLN","BIC","0.03","0.8","0.7389351655255","0.027","1","0.5","0.667","20.905214548111"
"1459","25","300","20","erdos_renyi","sites","sites_1","PLN","BIC","0.11","0.8227655","0.648470036417462","0.045","0.545","0.429","0.48","0.681852340698242"
"1460","25","300","20","erdos_renyi","sites","sites_1","ZIPLN","BIC","0.05","0.919934","0.750612855956512","0.123","0.909","0.312","0.465","17.9754612445831"
"1461","26","300","20","erdos_renyi","sites","sites_1","PLN","BIC","0.06","0.7898","0.614168383632678","0","0.4","1","0.571","0.450554370880127"
"1462","26","300","20","erdos_renyi","sites","sites_1","ZIPLN","BIC","0.03","0.7676","0.711192371852216","0.005","0.4","0.667","0.5","23.2801558971405"
"1463","27","300","20","erdos_renyi","sites","sites_1","PLN","BIC","0.08","0.857","0.640061069457355","0.016","1","0.7","0.824","0.691121816635132"
"1464","27","300","20","erdos_renyi","sites","sites_1","ZIPLN","BIC","0.04","0.9285","0.737707364064258","0","0.857","1","0.923","20.5562257766724"
"1465","28","300","20","erdos_renyi","sites","sites_1","PLN","BIC","0.03","0.4945","0.563159822267657","0","0",NA,"0","0.66567063331604"
"1466","28","300","20","erdos_renyi","sites","sites_1","ZIPLN","BIC","0.01","0.5","0.613788371935636","0","1","1","1","20.5190386772156"
"1467","29","300","20","erdos_renyi","sites","sites_1","PLN","BIC","0.12","0.9235605","0.646687540312809","0.034","0.714","0.625","0.667","0.648622035980225"
"1468","29","300","20","erdos_renyi","sites","sites_1","ZIPLN","BIC","0.05","0.8759015","0.754793651601224","0.062","0.786","0.5","0.611","17.7663812637329"
"1469","30","300","20","erdos_renyi","sites","sites_1","PLN","BIC","0.09","0.775","0.636549207026702","0.017","0.4","0.571","0.471","0.622262477874756"
"1470","30","300","20","erdos_renyi","sites","sites_1","ZIPLN","BIC","0.04","0.9066","0.750856971818344","0.033","0.8","0.571","0.667","21.8771269321442"
"1471","1","300","20","erdos_renyi","sites","sites_2","PLN","BIC","0.11","0.5312455","0.425421105709054","0","0",NA,"0","0.837100028991699"
"1472","1","300","20","erdos_renyi","sites","sites_2","ZIPLN","BIC","0.04","0.6850805","0.670924165331434","0","0.167","1","0.286","23.7632777690887"
"1473","2","300","20","erdos_renyi","sites","sites_2","PLN","BIC","0.15","0.6427885","0.44054199442775","0","0",NA,"0","0.773154258728027"
"1474","2","300","20","erdos_renyi","sites","sites_2","ZIPLN","BIC","0.07","0.9138","0.681385782230693","0.006","0.625","0.909","0.741","25.0869445800781"
"1475","3","300","20","erdos_renyi","sites","sites_2","PLN","BIC","0.12","0.7881875","0.430203244701772","0","0",NA,"0","0.542447566986084"
"1476","3","300","20","erdos_renyi","sites","sites_2","ZIPLN","BIC","0.05","0.8691875","0.666938799313002","0","0.375","1","0.545","22.0492105484009"
"1477","4","300","20","erdos_renyi","sites","sites_2","PLN","BIC","0.12","0.565703","0.41789949504336","0","0",NA,"0","0.779109001159668"
"1478","4","300","20","erdos_renyi","sites","sites_2","ZIPLN","BIC","0.05","0.764242","0.670552639182167","0","0.167","1","0.286","24.4371614456177"
"1479","5","300","20","erdos_renyi","sites","sites_2","PLN","BIC","0.15","0.5680495","0.429000526608937","0","0",NA,"0","0.832881450653076"
"1480","5","300","20","erdos_renyi","sites","sites_2","ZIPLN","BIC","0.06","0.8586615","0.638378451126721","0.051","0.857","0.571","0.686","23.4924886226654"
"1481","6","300","20","erdos_renyi","sites","sites_2","PLN","BIC","0.16","0.6590535","0.45504472940738","0.006","0.083","0.5","0.143","0.801022529602051"
"1482","6","300","20","erdos_renyi","sites","sites_2","ZIPLN","BIC","0.06","0.8423705","0.712234621952401","0.045","0.75","0.529","0.621","19.0274603366852"
"1483","7","300","20","erdos_renyi","sites","sites_2","PLN","BIC","0.17","0.5441905","0.427317310171042","0.006","0","0","0","0.705476999282837"
"1484","7","300","20","erdos_renyi","sites","sites_2","ZIPLN","BIC","0.07","0.88741","0.721581466835362","0.089","0.818","0.36","0.5","23.8286044597626"
"1485","8","300","20","erdos_renyi","sites","sites_2","PLN","BIC","0.13","0.6362","0.429326272754177","0","0",NA,"0","0.805957078933716"
"1486","8","300","20","erdos_renyi","sites","sites_2","ZIPLN","BIC","0.04","0.8976","0.690229576471361","0.033","0.8","0.571","0.667","23.7163021564484"
"1487","9","300","20","erdos_renyi","sites","sites_2","PLN","BIC","0.18","0.692939","0.454734032778304","0","0.071","1","0.133","0.8052978515625"
"1488","9","300","20","erdos_renyi","sites","sites_2","ZIPLN","BIC","0.08","0.7869965","0.738610497284136","0.006","0.5","0.875","0.636","23.7006893157959"
"1489","10","300","20","erdos_renyi","sites","sites_2","PLN","BIC","0.13","0.4313915","0.43444508488519","0","0",NA,"0","0.717072248458862"
"1490","10","300","20","erdos_renyi","sites","sites_2","ZIPLN","BIC","0.05","0.9134725","0.6761270415865","0.022","0.667","0.6","0.632","23.9897973537445"
"1491","11","300","20","erdos_renyi","sites","sites_2","PLN","BIC","0.14","0.6920095","0.44480303633102","0","0",NA,"0","0.75931191444397"
"1492","11","300","20","erdos_renyi","sites","sites_2","ZIPLN","BIC","0.05","0.9289485","0.670438301673687","0.116","0.889","0.276","0.421","22.4245953559875"
"1493","12","300","20","erdos_renyi","sites","sites_2","PLN","BIC","0.12","0.77975","0.43518818914717","0","0",NA,"0","0.504062652587891"
"1494","12","300","20","erdos_renyi","sites","sites_2","ZIPLN","BIC","0.05","0.867625","0.620840975739899","0.121","1","0.267","0.421","16.9837830066681"
"1495","13","300","20","erdos_renyi","sites","sites_2","PLN","BIC","0.1","0.4877475","0.447963602028917","0","0",NA,"0","0.746030807495117"
"1496","13","300","20","erdos_renyi","sites","sites_2","ZIPLN","BIC","0.04","0.8612375","0.645750613849178","0","0.286","1","0.444","23.5406510829926"
"1497","14","300","20","erdos_renyi","sites","sites_2","PLN","BIC","0.15","0.5147915","0.434743324250845","0","0",NA,"0","0.809199810028076"
"1498","14","300","20","erdos_renyi","sites","sites_2","ZIPLN","BIC","0.05","0.655323","0.747521755798779","0","0.182","1","0.308","23.4409708976746"
"1499","15","300","20","erdos_renyi","sites","sites_2","PLN","BIC","0.19","0.53225","0.438237247266296","0","0",NA,"0","0.75455641746521"
"1500","15","300","20","erdos_renyi","sites","sites_2","ZIPLN","BIC","0.08","0.785275","0.715268523667676","0.018","0.55","0.786","0.647","23.7825446128845"
"1501","16","300","20","erdos_renyi","sites","sites_2","PLN","BIC","0.15","0.70305","0.43359418402255","0","0",NA,"0","0.745636224746704"
"1502","16","300","20","erdos_renyi","sites","sites_2","ZIPLN","BIC","0.04","0.8547","0.725990611962585","0.044","0.7","0.467","0.56","23.5771803855896"
"1503","17","300","20","erdos_renyi","sites","sites_2","PLN","BIC","0.15","0.6669","0.418933061105653","0.006","0","0","0","0.712560892105103"
"1504","17","300","20","erdos_renyi","sites","sites_2","ZIPLN","BIC","0.05","0.8941","0.718431111516581","0.039","0.7","0.5","0.583","22.3718934059143"
"1505","18","300","20","erdos_renyi","sites","sites_2","PLN","BIC","0.1","0.614455","0.441720569478071","0.038","0","0","0","0.494004249572754"
"1506","18","300","20","erdos_renyi","sites","sites_2","ZIPLN","BIC","0.04","0.8518995","0.644212776032086","0.005","0.5","0.75","0.6","16.7377114295959"
"1507","19","300","20","erdos_renyi","sites","sites_2","PLN","BIC","0.15","0.637187","0.430348426757103","0","0",NA,"0","0.755718946456909"
"1508","19","300","20","erdos_renyi","sites","sites_2","ZIPLN","BIC","0.06","0.939222","0.691404088904924","0.039","1","0.562","0.72","22.9165234565735"
"1509","20","300","20","erdos_renyi","sites","sites_2","PLN","BIC","0.15","0.667639","0.436160453115564","0.073","0.182","0.133","0.154","0.762531042098999"
"1510","20","300","20","erdos_renyi","sites","sites_2","ZIPLN","BIC","0.06","0.9312525","0.682541291635424","0.089","0.909","0.385","0.541","23.305725812912"
"1511","21","300","20","erdos_renyi","sites","sites_2","PLN","BIC","0.11","0.6543095","0.420527276200842","0","0",NA,"0","0.729048252105713"
"1512","21","300","20","erdos_renyi","sites","sites_2","ZIPLN","BIC","0.05","0.854309","0.61530433296775","0","0.667","1","0.8","21.4556498527527"
"1513","22","300","20","erdos_renyi","sites","sites_2","PLN","BIC","0.14","0.5311965","0.438149585523555","0","0",NA,"0","0.761639356613159"
"1514","22","300","20","erdos_renyi","sites","sites_2","ZIPLN","BIC","0.07","0.874287","0.664484772183855","0.011","0.556","0.714","0.625","23.153475522995"
"1515","23","300","20","erdos_renyi","sites","sites_2","PLN","BIC","0.06","0.47075","0.437104126094918","0","0",NA,"0","0.747520923614502"
"1516","23","300","20","erdos_renyi","sites","sites_2","ZIPLN","BIC","0.02","0.508","0.573303861867294","0","0",NA,"0","23.1492459774017"
"1517","24","300","20","erdos_renyi","sites","sites_2","PLN","BIC","0.17","0.59669","0.429881723864634","0","0",NA,"0","0.498528957366943"
"1518","24","300","20","erdos_renyi","sites","sites_2","ZIPLN","BIC","0.05","0.957335","0.724172186029966","0.118","1","0.364","0.533","17.1649358272552"
"1519","25","300","20","erdos_renyi","sites","sites_2","PLN","BIC","0.11","0.5923125","0.458442498765579","0","0",NA,"0","0.766791343688965"
"1520","25","300","20","erdos_renyi","sites","sites_2","ZIPLN","BIC","0.05","0.805625","0.627869902601756","0","0.375","1","0.545","19.6984250545502"
"1521","26","300","20","erdos_renyi","sites","sites_2","PLN","BIC","0.12","0.56425","0.420959218348927","0","0",NA,"0","0.681862592697144"
"1522","26","300","20","erdos_renyi","sites","sites_2","ZIPLN","BIC","0.04","0.9220625","0.65061081823787","0.022","0.875","0.636","0.737","20.5087196826935"
"1523","27","300","20","erdos_renyi","sites","sites_2","PLN","BIC","0.14","0.49642","0.416442612815413","0","0",NA,"0","0.473905086517334"
"1524","27","300","20","erdos_renyi","sites","sites_2","ZIPLN","BIC","0.06","0.8719865","0.69464129108196","0","0.111","1","0.2","16.3164286613464"
"1525","28","300","20","erdos_renyi","sites","sites_2","PLN","BIC","0.15","0.6371135","0.439155396568217","0","0",NA,"0","0.708879232406616"
"1526","28","300","20","erdos_renyi","sites","sites_2","ZIPLN","BIC","0.07","0.9147635","0.682898256096567","0.011","0.455","0.714","0.556","20.5219874382019"
"1527","29","300","20","erdos_renyi","sites","sites_2","PLN","BIC","0.12","0.6621695","0.414149284492699","0","0",NA,"0","0.772164821624756"
"1528","29","300","20","erdos_renyi","sites","sites_2","ZIPLN","BIC","0.04","0.8578615","0.645641299322877","0.028","0.667","0.545","0.6","20.235719203949"
"1529","30","300","20","erdos_renyi","sites","sites_2","PLN","BIC","0.16","0.617742","0.441097598847228","0","0",NA,"0","0.503661155700684"
"1530","30","300","20","erdos_renyi","sites","sites_2","ZIPLN","BIC","0.07","0.8664775","0.667997663005864","0.121","0.824","0.4","0.538","17.6874220371246"
"1531","1","300","20","erdos_renyi","sites","sites_3","PLN","BIC","0.15","0.4041635","0.294526845581923","0.657","0.556","0.04","0.075","0.830633163452148"
"1532","1","300","20","erdos_renyi","sites","sites_3","ZIPLN","BIC","0.07","0.910753","0.586328888807311","0","0",NA,"0","23.9602694511414"
"1533","2","300","20","erdos_renyi","sites","sites_3","PLN","BIC","0.15","0.62895","0.298059130399632","0.606","0.9","0.076","0.141","0.85908842086792"
"1534","2","300","20","erdos_renyi","sites","sites_3","ZIPLN","BIC","0.06","0.75445","0.569220342155249","0","0",NA,"0","23.9240391254425"
"1535","3","300","20","erdos_renyi","sites","sites_3","PLN","BIC","0.16","0.4494395","0.298609686381564","0.603","0.455","0.044","0.081","0.608853101730347"
"1536","3","300","20","erdos_renyi","sites","sites_3","ZIPLN","BIC","0.07","0.8344105","0.583996106051486","0","0.364","1","0.533","17.3583211898804"
"1537","4","300","20","erdos_renyi","sites","sites_3","PLN","BIC","0.15","0.4789135","0.294363615206736","0.601","0.714","0.043","0.082","0.821277618408203"
"1538","4","300","20","erdos_renyi","sites","sites_3","ZIPLN","BIC","0.04","0.900062","0.594684703420034","0","0.143","1","0.25","23.9972352981567"
"1539","5","300","20","erdos_renyi","sites","sites_3","PLN","BIC","0.15","0.58509","0.310570911661862","0.624","0.667","0.067","0.122","0.822118759155273"
"1540","5","300","20","erdos_renyi","sites","sites_3","ZIPLN","BIC","0.07","0.74184","0.579482595956567","0","0",NA,"0","23.8919749259949"
"1541","6","300","20","erdos_renyi","sites","sites_3","PLN","BIC","0.16","0.3921835","0.295749353233049","0.569","0.444","0.037","0.069","0.84683895111084"
"1542","6","300","20","erdos_renyi","sites","sites_3","ZIPLN","BIC","0.06","0.863248","0.609021017066424","0","0",NA,"0","22.7484042644501"
"1543","7","300","20","erdos_renyi","sites","sites_3","PLN","BIC","0.15","0.576409","0.297309891765208","0.676","0.818","0.069","0.128","0.789817810058594"
"1544","7","300","20","erdos_renyi","sites","sites_3","ZIPLN","BIC","0.06","0.893976","0.575331559170789","0","0",NA,"0","24.1564915180206"
"1545","8","300","20","erdos_renyi","sites","sites_3","PLN","BIC","0.12","0.380717","0.299796924236136","0.669","0.444","0.032","0.06","0.759567499160767"
"1546","8","300","20","erdos_renyi","sites","sites_3","ZIPLN","BIC","0.06","0.8380095","0.511862305240615","0","0.111","1","0.2","23.836592912674"
"1547","9","300","20","erdos_renyi","sites","sites_3","PLN","BIC","0.16","0.534857","0.300799620328542","0.62","0.636","0.059","0.109","0.555104494094849"
"1548","9","300","20","erdos_renyi","sites","sites_3","ZIPLN","BIC","0.07","0.763767","0.597449288300876","0","0",NA,"0","16.8073947429657"
"1549","10","300","20","erdos_renyi","sites","sites_3","PLN","BIC","0.17","0.479223","0.289292287327457","0.646","0.5","0.05","0.09","0.750273942947388"
"1550","10","300","20","erdos_renyi","sites","sites_3","ZIPLN","BIC","0.08","0.8484905","0.592820769201501","0","0",NA,"0","23.9964265823364"
"1551","11","300","20","erdos_renyi","sites","sites_3","PLN","BIC","0.17","0.588151","0.296213775100993","0.596","0.833","0.086","0.156","0.730663299560547"
"1552","11","300","20","erdos_renyi","sites","sites_3","ZIPLN","BIC","0.08","0.706106","0.602910362555071","0","0",NA,"0","23.9228622913361"
"1553","12","300","20","erdos_renyi","sites","sites_3","PLN","BIC","0.15","0.659778","0.302746048146374","0.564","0.818","0.082","0.149","0.736727952957153"
"1554","12","300","20","erdos_renyi","sites","sites_3","ZIPLN","BIC","0.08","0.861967","0.533568012021618","0","0",NA,"0","22.2928080558777"
"1555","13","300","20","erdos_renyi","sites","sites_3","PLN","BIC","0.16","0.497534","0.295920154851494","0.62","0.545","0.051","0.094","0.745148420333862"
"1556","13","300","20","erdos_renyi","sites","sites_3","ZIPLN","BIC","0.08","0.83316","0.582534230766122","0","0",NA,"0","24.1149742603302"
"1557","14","300","20","erdos_renyi","sites","sites_3","PLN","BIC","0.15","0.6996","0.28181020932799","0.656","0.9","0.071","0.131","0.801100730895996"
"1558","14","300","20","erdos_renyi","sites","sites_3","ZIPLN","BIC","0.07","0.9367","0.546000828602602","0","0",NA,"0","22.9289064407349"
"1559","15","300","20","erdos_renyi","sites","sites_3","PLN","BIC","0.17","0.40795","0.315194883862274","0","0",NA,"0","1.22571492195129"
"1560","15","300","20","erdos_renyi","sites","sites_3","ZIPLN","BIC","0.06","0.7769","0.594781794567638","0","0",NA,"0","16.7537839412689"
"1561","16","300","20","erdos_renyi","sites","sites_3","PLN","BIC","0.12","0.308712","0.291863458511006","0.636","0.167","0.008","0.016","0.794049978256226"
"1562","16","300","20","erdos_renyi","sites","sites_3","ZIPLN","BIC","0.04","0.7285235","0.54068816414857","0","0",NA,"0","23.472883939743"
"1563","17","300","20","erdos_renyi","sites","sites_3","PLN","BIC","0.13","0.5749415","0.29445398886953","0.707","0.778","0.052","0.097","0.775156497955322"
"1564","17","300","20","erdos_renyi","sites","sites_3","ZIPLN","BIC","0.05","0.825167","0.582273414129752","0","0",NA,"0","22.8005969524384"
"1565","18","300","20","erdos_renyi","sites","sites_3","PLN","BIC","0.13","0.4962845","0.319997168780862","0.718","0.778","0.051","0.096","0.766392469406128"
"1566","18","300","20","erdos_renyi","sites","sites_3","ZIPLN","BIC","0.06","0.593746","0.524534980634457","0","0",NA,"0","22.425972700119"
"1567","19","300","20","erdos_renyi","sites","sites_3","PLN","BIC","0.14","0.4991175","0.287904563663833","0.646","0.667","0.049","0.091","0.811763525009155"
"1568","19","300","20","erdos_renyi","sites","sites_3","ZIPLN","BIC","0.06","0.8305555","0.560672681172468","0","0",NA,"0","22.4813981056213"
"1569","20","300","20","erdos_renyi","sites","sites_3","PLN","BIC","0.13","0.454627","0.270571111345112","0.641","0.5","0.025","0.047","1.34179997444153"
"1570","20","300","20","erdos_renyi","sites","sites_3","ZIPLN","BIC","0.04","0.8029445","0.587471186023923","0","0",NA,"0","23.8922910690308"
"1571","21","300","20","erdos_renyi","sites","sites_3","PLN","BIC","0.13","0.324625","0.302409644584248","0.667","0.5","0.016","0.031","0.552098751068115"
"1572","21","300","20","erdos_renyi","sites","sites_3","ZIPLN","BIC","0.04","0.869","0.567641148582461","0","0",NA,"0","18.4755980968475"
"1573","22","300","20","erdos_renyi","sites","sites_3","PLN","BIC","0.14","0.4904375","0.316333679929264","0.61","0.625","0.043","0.081","0.792018413543701"
"1574","22","300","20","erdos_renyi","sites","sites_3","ZIPLN","BIC","0.06","0.8830625","0.56004731308368","0","0",NA,"0","18.941903591156"
"1575","23","300","20","erdos_renyi","sites","sites_3","PLN","BIC","0.16","0.49735","0.30351329091115","0.661","0.6","0.048","0.089","0.791072368621826"
"1576","23","300","20","erdos_renyi","sites","sites_3","ZIPLN","BIC","0.07","0.8029","0.590141954944035","0","0",NA,"0","23.0610842704773"
"1577","24","300","20","erdos_renyi","sites","sites_3","PLN","BIC","0.15","0.4686295","0.290412079864746","0.646","0.444","0.033","0.062","0.796728134155273"
"1578","24","300","20","erdos_renyi","sites","sites_3","ZIPLN","BIC","0.06","0.602548","0.606814529850299","0","0.111","1","0.2","23.4183187484741"
"1579","25","300","20","erdos_renyi","sites","sites_3","PLN","BIC","0.13","0.441275","0.290896444940418","0.607","0.429","0.026","0.05","0.748056888580322"
"1580","25","300","20","erdos_renyi","sites","sites_3","ZIPLN","BIC","0.03","0.6746465","0.567060453777928","0","0.143","1","0.25","19.2657866477966"
"1581","26","300","20","erdos_renyi","sites","sites_3","PLN","BIC","0.12","0.579375","0.290554003825849","0.634","0.5","0.017","0.032","0.828467845916748"
"1582","26","300","20","erdos_renyi","sites","sites_3","ZIPLN","BIC","0.04","0.869","0.549045253541835","0","0",NA,"0","19.9490826129913"
"1583","27","300","20","erdos_renyi","sites","sites_3","PLN","BIC","0.12","0.5895805","0.292832407263346","0.636","0.5","0.025","0.048","0.814783811569214"
"1584","27","300","20","erdos_renyi","sites","sites_3","ZIPLN","BIC","0.04","0.7690815","0.552829283547606","0","0",NA,"0","22.7686851024628"
"1585","28","300","20","erdos_renyi","sites","sites_3","PLN","BIC","0.17","0.56975","0.286231512246049","0.643","0.75","0.049","0.092","0.522702217102051"
"1586","28","300","20","erdos_renyi","sites","sites_3","ZIPLN","BIC","0.05","0.501625","0.644866023801309","0","0",NA,"0","16.5368993282318"
"1587","29","300","20","erdos_renyi","sites","sites_3","PLN","BIC","0.17","0.377054","0.29929188491239","0.634","0.4","0.051","0.091","0.500641584396362"
"1588","29","300","20","erdos_renyi","sites","sites_3","ZIPLN","BIC","0.07","0.831119","0.588407753475847","0","0",NA,"0","16.6101694107056"
"1589","30","300","20","erdos_renyi","sites","sites_3","PLN","BIC","0.15","0.374945","0.290312648609953","0.641","0.333","0.025","0.047","0.766648054122925"
"1590","30","300","20","erdos_renyi","sites","sites_3","ZIPLN","BIC","0.05","0.818108","0.597165572771435","0","0",NA,"0","21.2939131259918"
"1591","1","300","20","erdos_renyi","sites","sites_4","PLN","BIC","0.18","0.5473","0.285382660423999","0.611","0.8","0.068","0.125","0.837074279785156"
"1592","1","300","20","erdos_renyi","sites","sites_4","ZIPLN","BIC","0.08","0.7467","0.609652185902675","0","0",NA,"0","20.3194420337677"
"1593","2","300","20","erdos_renyi","sites","sites_4","PLN","BIC","0.16","0.6116065","0.275614073754888","0.652","0.778","0.056","0.104","0.619022369384766"
"1594","2","300","20","erdos_renyi","sites","sites_4","ZIPLN","BIC","0.07","0.9249305","0.534461318210457","0","0",NA,"0","22.6443727016449"
"1595","3","300","20","erdos_renyi","sites","sites_4","PLN","BIC","0.13","0.3835515","0.275479901273484","0.685","0.833","0.038","0.073","0.935938596725464"
"1596","3","300","20","erdos_renyi","sites","sites_4","ZIPLN","BIC","0.05","0.895682","0.503822482670778","0","0",NA,"0","22.8381669521332"
"1597","4","300","20","erdos_renyi","sites","sites_4","PLN","BIC","0.13","0.2673315","0.285513989847978","0.717","0.167","0.008","0.014","1.27393269538879"
"1598","4","300","20","erdos_renyi","sites","sites_4","ZIPLN","BIC","0.04","0.90126","0.553192232021226","0","0",NA,"0","24.307648897171"
"1599","5","300","20","erdos_renyi","sites","sites_4","PLN","BIC","0.15","0.3379","0.280548022541911","0.022","0","0","0","2.97707748413086"
"1600","5","300","20","erdos_renyi","sites","sites_4","ZIPLN","BIC","0.07","0.86575","0.525065364735573","0","0",NA,"0","24.2331020832062"
"1601","6","300","20","erdos_renyi","sites","sites_4","PLN","BIC","0.15","0.4818125","0.300552956554477","0.604","0.625","0.043","0.081","0.889937162399292"
"1602","6","300","20","erdos_renyi","sites","sites_4","ZIPLN","BIC","0.06","0.6938125","0.528447960942929","0","0",NA,"0","22.0816330909729"
"1603","7","300","20","erdos_renyi","sites","sites_4","PLN","BIC","0.15","0.3770625","0.280541308714822","0.648","0.25","0.017","0.031","0.83345890045166"
"1604","7","300","20","erdos_renyi","sites","sites_4","ZIPLN","BIC","0.06","0.90225","0.559106919329702","0","0",NA,"0","23.4833483695984"
"1605","8","300","20","erdos_renyi","sites","sites_4","PLN","BIC","0.17","0.43475","0.27015330117334","0.694","0.7","0.053","0.099","0.872557401657104"
"1606","8","300","20","erdos_renyi","sites","sites_4","ZIPLN","BIC","0.08","0.90305","0.539416157402102","0","0.1","1","0.182","22.4983687400818"
"1607","9","300","20","erdos_renyi","sites","sites_4","PLN","BIC","0.17","0.5355","0.275058491474785","0.654","0.75","0.048","0.09","0.789824962615967"
"1608","9","300","20","erdos_renyi","sites","sites_4","ZIPLN","BIC","0.05","0.82075","0.585971840592447","0","0.125","1","0.222","23.4294533729553"
"1609","10","300","20","erdos_renyi","sites","sites_4","PLN","BIC","0.12","0.5099685","0.285350552188735","0.628","0.714","0.042","0.079","0.834911584854126"
"1610","10","300","20","erdos_renyi","sites","sites_4","ZIPLN","BIC","0.05","0.8066775","0.507688703476462","0","0",NA,"0","22.9698195457458"
"1611","11","300","20","erdos_renyi","sites","sites_4","PLN","BIC","0.17","0.3088125","0.268124825654104","0.302","0.125","0.018","0.031","2.95181393623352"
"1612","11","300","20","erdos_renyi","sites","sites_4","ZIPLN","BIC","0.07","0.900875","0.564128137594193","0","0",NA,"0","22.3676669597626"
"1613","12","300","20","erdos_renyi","sites","sites_4","PLN","BIC","0.18","0.5762795","0.272876749046405","0.725","0.833","0.072","0.132","0.547409534454346"
"1614","12","300","20","erdos_renyi","sites","sites_4","ZIPLN","BIC","0.08","0.8171175","0.591690570166304","0","0",NA,"0","23.423003911972"
"1615","13","300","20","erdos_renyi","sites","sites_4","PLN","BIC","0.15","0.5912965","0.282941954632185","0.652","0.667","0.048","0.09","0.741879224777222"
"1616","13","300","20","erdos_renyi","sites","sites_4","ZIPLN","BIC","0.07","0.9373905","0.54170347315827","0","0",NA,"0","23.7709336280823"
"1617","14","300","20","erdos_renyi","sites","sites_4","PLN","BIC","0.1","0.532958","0.280376662356038","0.652","0.667","0.016","0.031","0.852442264556885"
"1618","14","300","20","erdos_renyi","sites","sites_4","ZIPLN","BIC","0.03","0.8095","0.499258329988934","0","0",NA,"0","22.3807821273804"
"1619","15","300","20","erdos_renyi","sites","sites_4","PLN","BIC","0.15","0.4768125","0.290664284222469","0.637","0.75","0.049","0.092","0.842946767807007"
"1620","15","300","20","erdos_renyi","sites","sites_4","ZIPLN","BIC","0.05","0.8235625","0.57517446193003","0","0",NA,"0","23.8472390174866"
"1621","16","300","20","erdos_renyi","sites","sites_4","PLN","BIC","0.16","0.4066985","0.279634833643673","0.704","0.545","0.045","0.084","0.791586399078369"
"1622","16","300","20","erdos_renyi","sites","sites_4","ZIPLN","BIC","0.07","0.8812675","0.52812315446556","0","0",NA,"0","20.7885932922363"
"1623","17","300","20","erdos_renyi","sites","sites_4","PLN","BIC","0.14","0.5291175","0.286593536821484","0.617","0.714","0.042","0.08","0.655423164367676"
"1624","17","300","20","erdos_renyi","sites","sites_4","ZIPLN","BIC","0.06","0.8851735","0.542394120063612","0","0",NA,"0","23.601133108139"
"1625","18","300","20","erdos_renyi","sites","sites_4","PLN","BIC","0.17","0.3795085","0.282774535740119","0.635","0.417","0.042","0.077","0.758814811706543"
"1626","18","300","20","erdos_renyi","sites","sites_4","ZIPLN","BIC","0.07","0.823276","0.582036341972834","0","0",NA,"0","22.2694144248962"
"1627","19","300","20","erdos_renyi","sites","sites_4","PLN","BIC","0.18","0.391482","0.289024251189618","0.67","0.455","0.04","0.074","0.855714082717896"
"1628","19","300","20","erdos_renyi","sites","sites_4","ZIPLN","BIC","0.09","0.837983","0.579026180069177","0","0",NA,"0","23.8229253292084"
"1629","20","300","20","erdos_renyi","sites","sites_4","PLN","BIC","0.16","0.5688525","0.268754021699639","0.696","0.667","0.045","0.085","0.557487726211548"
"1630","20","300","20","erdos_renyi","sites","sites_4","ZIPLN","BIC","0.06","0.763226","0.586103189831024","0","0",NA,"0","17.1514163017273"
"1631","21","300","20","erdos_renyi","sites","sites_4","PLN","BIC","0.11","0.417009","0.277285207274556","0.717","0.5","0.022","0.043","0.868963718414307"
"1632","21","300","20","erdos_renyi","sites","sites_4","ZIPLN","BIC","0.04","0.912085","0.486101946998681","0","0",NA,"0","23.8413047790527"
"1633","22","300","20","erdos_renyi","sites","sites_4","PLN","BIC","0.16","0.5237","0.28876745684162","0.639","0.5","0.042","0.077","0.905149936676025"
"1634","22","300","20","erdos_renyi","sites","sites_4","ZIPLN","BIC","0.05","0.64615","0.595945364426092","0","0.1","1","0.182","23.9752912521362"
"1635","23","300","20","erdos_renyi","sites","sites_4","PLN","BIC","0.15","0.4127","0.283709890320061","0.633","0.5","0.042","0.078","0.797224283218384"
"1636","23","300","20","erdos_renyi","sites","sites_4","ZIPLN","BIC","0.06","0.6633","0.589092650887933","0","0",NA,"0","23.226676940918"
"1637","24","300","20","erdos_renyi","sites","sites_4","PLN","BIC","0.14","0.5156","0.287110911491742","0.711","0.7","0.052","0.097","0.830349683761597"
"1638","24","300","20","erdos_renyi","sites","sites_4","ZIPLN","BIC","0.07","0.795","0.517697540855942","0","0",NA,"0","22.2583947181702"
"1639","25","300","20","erdos_renyi","sites","sites_4","PLN","BIC","0.19","0.3739255","0.277278319636181","0.731","0.533","0.059","0.106","0.861225843429565"
"1640","25","300","20","erdos_renyi","sites","sites_4","ZIPLN","BIC","0.09","0.7835755","0.574383218688612","0","0",NA,"0","22.3830680847168"
"1641","26","300","20","erdos_renyi","sites","sites_4","PLN","BIC","0.15","0.528625","0.277883088542617","0.615","0.625","0.043","0.08","0.540321350097656"
"1642","26","300","20","erdos_renyi","sites","sites_4","ZIPLN","BIC","0.05","0.8785625","0.588849651933883","0","0",NA,"0","17.0693900585175"
"1643","27","300","20","erdos_renyi","sites","sites_4","PLN","BIC","0.13","0.423991","0.281372044151087","0.668","0.667","0.031","0.06","0.82608437538147"
"1644","27","300","20","erdos_renyi","sites","sites_4","ZIPLN","BIC","0.04","0.844241","0.543720588968612","0","0",NA,"0","21.5431022644043"
"1645","28","300","20","erdos_renyi","sites","sites_4","PLN","BIC","0.16","0.4473","0.272654210253027","0.667","0.5","0.04","0.074","0.870261669158936"
"1646","28","300","20","erdos_renyi","sites","sites_4","ZIPLN","BIC","0.07","0.91185","0.579033114529197","0","0",NA,"0","18.7365655899048"
"1647","29","300","20","erdos_renyi","sites","sites_4","PLN","BIC","0.15","0.5513125","0.295609071332175","0.681","0.75","0.046","0.087","0.845597982406616"
"1648","29","300","20","erdos_renyi","sites","sites_4","ZIPLN","BIC","0.06","0.862","0.555395609928271","0","0",NA,"0","16.8919334411621"
"1649","30","300","20","erdos_renyi","sites","sites_4","PLN","BIC","0.15","0.580468","0.281399103931418","0.635","0.556","0.042","0.078","0.792548894882202"
"1650","30","300","20","erdos_renyi","sites","sites_4","ZIPLN","BIC","0.07","0.8631895","0.520313808638725","0","0",NA,"0","21.9891912937164"
"1651","1","300","50","erdos_renyi","sites","sites_1","PLN","BIC","0.11","0.8754355","0.700878380301852","0.111","0.761","0.283","0.413","3.79622173309326"
"1652","1","300","50","erdos_renyi","sites","sites_1","ZIPLN","BIC","0.06","0.9231265","0.842775273222885","0.056","0.791","0.449","0.573","1.05312207539876"
"1653","2","300","50","erdos_renyi","sites","sites_1","PLN","BIC","0.09","0.8461935","0.690151513672464","0.087","0.615","0.284","0.388","2.3673791885376"
"1654","2","300","50","erdos_renyi","sites","sites_1","ZIPLN","BIC","0.05","0.9227365","0.809929470709593","0.041","0.677","0.484","0.564","51.3765642642975"
"1655","3","300","50","erdos_renyi","sites","sites_1","PLN","BIC","0.12","0.8703645","0.727794897387265","0.005","0.289","0.786","0.423","2.46394801139832"
"1656","3","300","50","erdos_renyi","sites","sites_1","ZIPLN","BIC","0.06","0.9103925","0.875618268581186","0.045","0.724","0.514","0.601","59.5257740020752"
"1657","4","300","50","erdos_renyi","sites","sites_1","PLN","BIC","0.1","0.8495505","0.708082855975338","0.008","0.438","0.757","0.554","3.16585445404053"
"1658","4","300","50","erdos_renyi","sites","sites_1","ZIPLN","BIC","0.06","0.931846","0.829641359613122","0.037","0.766","0.533","0.628","1.03096108436584"
"1659","5","300","50","erdos_renyi","sites","sites_1","PLN","BIC","0.1","0.861372","0.692006663919084","0.071","0.689","0.336","0.452","3.73410224914551"
"1660","5","300","50","erdos_renyi","sites","sites_1","ZIPLN","BIC","0.06","0.880196","0.826157254592668","0.061","0.721","0.383","0.5","58.8059506416321"
"1661","6","300","50","erdos_renyi","sites","sites_1","PLN","BIC","0.11","0.8479135","0.72756810459649","0.022","0.466","0.509","0.486","3.11573576927185"
"1662","6","300","50","erdos_renyi","sites","sites_1","ZIPLN","BIC","0.05","0.9035955","0.897525533878325","0.039","0.672","0.459","0.545","58.571170091629"
"1663","7","300","50","erdos_renyi","sites","sites_1","PLN","BIC","0.09","0.851763","0.703638976750337","0.018","0.375","0.5","0.429","3.21892929077148"
"1664","7","300","50","erdos_renyi","sites","sites_1","ZIPLN","BIC","0.04","0.9063555","0.838222296203584","0.053","0.732","0.398","0.516","1.09318443139394"
"1665","8","300","50","erdos_renyi","sites","sites_1","PLN","BIC","0.11","0.8628085","0.696125728559725","0.014","0.397","0.644","0.492","3.12700510025024"
"1666","8","300","50","erdos_renyi","sites","sites_1","ZIPLN","BIC","0.06","0.9365855","0.818012230835853","0.043","0.726","0.515","0.602","1.06222508748372"
"1667","9","300","50","erdos_renyi","sites","sites_1","PLN","BIC","0.12","0.8252895","0.719777041700417","0.026","0.477","0.508","0.492","2.96105265617371"
"1668","9","300","50","erdos_renyi","sites","sites_1","ZIPLN","BIC","0.07","0.882895","0.846286911252152","0.082","0.723","0.331","0.454","1.06554297208786"
"1669","10","300","50","erdos_renyi","sites","sites_1","PLN","BIC","0.1","0.932438","0.684448063612722","0.045","0.772","0.458","0.575","3.67082118988037"
"1670","10","300","50","erdos_renyi","sites","sites_1","ZIPLN","BIC","0.05","0.939002","0.822810917114386","0.076","0.842","0.35","0.495","1.05401595433553"
"1671","11","300","50","erdos_renyi","sites","sites_1","PLN","BIC","0.1","0.807806","0.706056555342429","0.021","0.446","0.5","0.472","2.40774202346802"
"1672","11","300","50","erdos_renyi","sites","sites_1","ZIPLN","BIC","0.05","0.9022115","0.832612436240952","0.056","0.732","0.387","0.506","49.9859042167664"
"1673","12","300","50","erdos_renyi","sites","sites_1","PLN","BIC","0.1","0.834626","0.729136733211708","0.017","0.483","0.583","0.528","3.62886452674866"
"1674","12","300","50","erdos_renyi","sites","sites_1","ZIPLN","BIC","0.05","0.9212545","0.857289196775394","0.028","0.672","0.542","0.6","1.18617510795593"
"1675","13","300","50","erdos_renyi","sites","sites_1","PLN","BIC","0.12","0.823448","0.766453573320882","0.028","0.424","0.467","0.444","3.80916333198547"
"1676","13","300","50","erdos_renyi","sites","sites_1","ZIPLN","BIC","0.06","0.9037235","0.928853236575007","0.049","0.697","0.447","0.544","1.01708051363627"
"1677","14","300","50","erdos_renyi","sites","sites_1","PLN","BIC","0.11","0.821286","0.723772166634124","0.024","0.403","0.509","0.45","3.53391265869141"
"1678","14","300","50","erdos_renyi","sites","sites_1","ZIPLN","BIC","0.06","0.8779065","0.854200588953334","0.105","0.722","0.301","0.424","1.06818427244822"
"1679","15","300","50","erdos_renyi","sites","sites_1","PLN","BIC","0.1","0.846057","0.711602922864435","0.029","0.576","0.5","0.535","3.69784998893738"
"1680","15","300","50","erdos_renyi","sites","sites_1","ZIPLN","BIC","0.05","0.891844","0.815923689099701","0.039","0.746","0.489","0.591","1.03054250876109"
"1681","16","300","50","erdos_renyi","sites","sites_1","PLN","BIC","0.1","0.864053","0.684833833364776","0.049","0.544","0.394","0.457","4.53978323936462"
"1682","16","300","50","erdos_renyi","sites","sites_1","ZIPLN","BIC","0.05","0.8999365","0.810585400123124","0.067","0.75","0.395","0.518","1.06638101736705"
"1683","17","300","50","erdos_renyi","sites","sites_1","PLN","BIC","0.09","0.85995","0.735216794060625","0.012","0.466","0.659","0.545","2.93484044075012"
"1684","17","300","50","erdos_renyi","sites","sites_1","ZIPLN","BIC","0.05","0.9024885","0.85479627397499","0.023","0.655","0.585","0.618","1.17999800443649"
"1685","18","300","50","erdos_renyi","sites","sites_1","PLN","BIC","0.1","0.9177755","0.731829733895466","0.032","0.683","0.537","0.601","3.75642991065979"
"1686","18","300","50","erdos_renyi","sites","sites_1","ZIPLN","BIC","0.05","0.9276865","0.853029133876076","0.04","0.81","0.52","0.634","1.05292785167694"
"1687","19","300","50","erdos_renyi","sites","sites_1","PLN","BIC","0.11","0.8504805","0.712873753707514","0.027","0.557","0.515","0.535","2.08882856369019"
"1688","19","300","50","erdos_renyi","sites","sites_1","ZIPLN","BIC","0.05","0.9102805","0.846922800415597","0.042","0.754","0.484","0.59","1.03125291665395"
"1689","20","300","50","erdos_renyi","sites","sites_1","PLN","BIC","0.11","0.877571","0.716917202793231","0.01","0.408","0.725","0.523","3.29557609558105"
"1690","20","300","50","erdos_renyi","sites","sites_1","ZIPLN","BIC","0.05","0.9099025","0.845449605628865","0.07","0.803","0.413","0.545","59.3806159496307"
"1691","21","300","50","erdos_renyi","sites","sites_1","PLN","BIC","0.1","0.9145455","0.688518903917194","0.025","0.731","0.567","0.639","3.65301728248596"
"1692","21","300","50","erdos_renyi","sites","sites_1","ZIPLN","BIC","0.05","0.944165","0.799161656263472","0.049","0.827","0.43","0.566","1.06019819577535"
"1693","22","300","50","erdos_renyi","sites","sites_1","PLN","BIC","0.1","0.864736","0.738819380016047","0.002","0.31","0.9","0.462","3.29749202728271"
"1694","22","300","50","erdos_renyi","sites","sites_1","ZIPLN","BIC","0.05","0.9148","0.882633945574531","0.026","0.655","0.559","0.603","1.05034342209498"
"1695","23","300","50","erdos_renyi","sites","sites_1","PLN","BIC","0.11","0.860314","0.709022306148166","0.014","0.385","0.556","0.455","3.0162205696106"
"1696","23","300","50","erdos_renyi","sites","sites_1","ZIPLN","BIC","0.06","0.913223","0.838978330391228","0.033","0.75","0.5","0.6","1.07372317711512"
"1697","24","300","50","erdos_renyi","sites","sites_1","PLN","BIC","0.1","0.9055035","0.679135935462724","0.096","0.75","0.287","0.415","3.40619111061096"
"1698","24","300","50","erdos_renyi","sites","sites_1","ZIPLN","BIC","0.05","0.9471325","0.812942353830544","0.074","0.817","0.363","0.503","52.665858745575"
"1699","25","300","50","erdos_renyi","sites","sites_1","PLN","BIC","0.12","0.7991395","0.702201868637409","0.063","0.515","0.318","0.393","3.49303698539734"
"1700","25","300","50","erdos_renyi","sites","sites_1","ZIPLN","BIC","0.07","0.877265","0.816790360165842","0.082","0.727","0.336","0.459","53.7493691444397"
"1701","26","300","50","erdos_renyi","sites","sites_1","PLN","BIC","0.11","0.881181","0.707067623047738","0.01","0.414","0.667","0.511","3.41698861122131"
"1702","26","300","50","erdos_renyi","sites","sites_1","ZIPLN","BIC","0.05","0.874316","0.827076196681253","0.065","0.759","0.367","0.494","51.5264971256256"
"1703","27","300","50","erdos_renyi","sites","sites_1","PLN","BIC","0.1","0.819315","0.726383410518774","0.007","0.364","0.667","0.471","3.4521005153656"
"1704","27","300","50","erdos_renyi","sites","sites_1","ZIPLN","BIC","0.05","0.8981145","0.87081538631657","0.036","0.705","0.425","0.53","53.0077874660492"
"1705","28","300","50","erdos_renyi","sites","sites_1","PLN","BIC","0.1","0.9142035","0.723729091129436","0.011","0.549","0.683","0.609","3.01884961128235"
"1706","28","300","50","erdos_renyi","sites","sites_1","ZIPLN","BIC","0.04","0.96992","0.851207859802792","0.052","0.941","0.44","0.6","53.8468136787415"
"1707","29","300","50","erdos_renyi","sites","sites_1","PLN","BIC","0.09","0.858975","0.726480606409299","0.009","0.382","0.677","0.488","3.46875333786011"
"1708","29","300","50","erdos_renyi","sites","sites_1","ZIPLN","BIC","0.05","0.903783","0.862624304974031","0.021","0.673","0.597","0.632","1.04974332253138"
"1709","30","300","50","erdos_renyi","sites","sites_1","PLN","BIC","0.1","0.858991","0.721905030564009","0.012","0.473","0.65","0.547","2.10957980155945"
"1710","30","300","50","erdos_renyi","sites","sites_1","ZIPLN","BIC","0.05","0.8936025","0.849339543282685","0.038","0.727","0.471","0.571","41.7440145015717"
"1711","1","300","50","erdos_renyi","sites","sites_2","PLN","BIC","0.14","0.6602725","0.491855421891052","0","0",NA,"0","5.16794586181641"
"1712","1","300","50","erdos_renyi","sites","sites_2","ZIPLN","BIC","0.06","0.8435695","0.814494905742816","0.02","0.576","0.596","0.586","1.04965731700261"
"1713","2","300","50","erdos_renyi","sites","sites_2","PLN","BIC","0.15","0.6130795","0.489784637655844","0","0",NA,"0","5.2782986164093"
"1714","2","300","50","erdos_renyi","sites","sites_2","ZIPLN","BIC","0.07","0.890576","0.777122201125244","0.026","0.552","0.552","0.552","1.02642993132273"
"1715","3","300","50","erdos_renyi","sites","sites_2","PLN","BIC","0.13","0.5876915","0.488749622819581","0","0",NA,"0","5.77057671546936"
"1716","3","300","50","erdos_renyi","sites","sites_2","ZIPLN","BIC","0.06","0.8905395","0.759103661010688","0.031","0.655","0.5","0.567","53.5500121116638"
"1717","4","300","50","erdos_renyi","sites","sites_2","PLN","BIC","0.15","0.6319755","0.488857178236297","0","0",NA,"0","6.96979141235352"
"1718","4","300","50","erdos_renyi","sites","sites_2","ZIPLN","BIC","0.06","0.8856235","0.803139180143036","0.031","0.585","0.463","0.517","1.12049850225449"
"1719","5","300","50","erdos_renyi","sites","sites_2","PLN","BIC","0.14","0.6671935","0.477239275664321","0","0.018","1","0.034","5.91169929504395"
"1720","5","300","50","erdos_renyi","sites","sites_2","ZIPLN","BIC","0.06","0.8792725","0.750955473136342","0.017","0.684","0.661","0.672","1.11579918464025"
"1721","6","300","50","erdos_renyi","sites","sites_2","PLN","BIC","0.12","0.65202","0.470232483366104","0","0",NA,"0","5.88148403167725"
"1722","6","300","50","erdos_renyi","sites","sites_2","ZIPLN","BIC","0.06","0.84273","0.733089844359406","0.035","0.58","0.414","0.483","1.10211600462596"
"1723","7","300","50","erdos_renyi","sites","sites_2","PLN","BIC","0.14","0.629216","0.477775420271402","0","0",NA,"0","4.64081692695618"
"1724","7","300","50","erdos_renyi","sites","sites_2","ZIPLN","BIC","0.07","0.891319","0.767621826484941","0.018","0.403","0.543","0.463","1.02209506034851"
"1725","8","300","50","erdos_renyi","sites","sites_2","PLN","BIC","0.17","0.647021","0.496151315316535","0.001","0.017","0.5","0.032","5.1001660823822"
"1726","8","300","50","erdos_renyi","sites","sites_2","ZIPLN","BIC","0.07","0.8572725","0.860343565313099","0.039","0.583","0.438","0.5","58.6677942276001"
"1727","9","300","50","erdos_renyi","sites","sites_2","PLN","BIC","0.14","0.6027255","0.47807297754132","0","0",NA,"0","5.73792958259583"
"1728","9","300","50","erdos_renyi","sites","sites_2","ZIPLN","BIC","0.06","0.883098","0.800521663580988","0.025","0.603","0.547","0.574","53.9458169937134"
"1729","10","300","50","erdos_renyi","sites","sites_2","PLN","BIC","0.13","0.61928","0.468129136907764","0","0.035","1","0.068","5.90721487998962"
"1730","10","300","50","erdos_renyi","sites","sites_2","ZIPLN","BIC","0.05","0.9039135","0.723020453587356","0.054","0.772","0.411","0.537","1.0277324795723"
"1731","11","300","50","erdos_renyi","sites","sites_2","PLN","BIC","0.13","0.600363","0.490361635892189","0","0",NA,"0","6.51543259620667"
"1732","11","300","50","erdos_renyi","sites","sites_2","ZIPLN","BIC","0.06","0.839989","0.761614434393317","0.03","0.569","0.485","0.524","1.04103136062622"
"1733","12","300","50","erdos_renyi","sites","sites_2","PLN","BIC","0.15","0.6170115","0.475885842602285","0","0",NA,"0","5.12821817398071"
"1734","12","300","50","erdos_renyi","sites","sites_2","ZIPLN","BIC","0.06","0.8744215","0.748428252944516","0.078","0.734","0.341","0.465","56.8381004333496"
"1735","13","300","50","erdos_renyi","sites","sites_2","PLN","BIC","0.15","0.6215045","0.486192287809898","0.002","0.032","0.5","0.061","6.04038572311401"
"1736","13","300","50","erdos_renyi","sites","sites_2","ZIPLN","BIC","0.07","0.891084","0.778408946199434","0.032","0.581","0.493","0.533","1.01489491860072"
"1737","14","300","50","erdos_renyi","sites","sites_2","PLN","BIC","0.15","0.690588","0.486777180281069","0","0",NA,"0","5.3882942199707"
"1738","14","300","50","erdos_renyi","sites","sites_2","ZIPLN","BIC","0.06","0.909508","0.772414431547958","0.045","0.688","0.458","0.55","58.775860786438"
"1739","15","300","50","erdos_renyi","sites","sites_2","PLN","BIC","0.12","0.7070955","0.47018852233253","0","0",NA,"0","5.43143033981323"
"1740","15","300","50","erdos_renyi","sites","sites_2","ZIPLN","BIC","0.05","0.927542","0.720182401788284","0.037","0.739","0.436","0.548","48.8406603336334"
"1741","16","300","50","erdos_renyi","sites","sites_2","PLN","BIC","0.14","0.6775785","0.485913458285933","0","0",NA,"0","5.6191873550415"
"1742","16","300","50","erdos_renyi","sites","sites_2","ZIPLN","BIC","0.06","0.8899255","0.743506108411467","0.03","0.706","0.507","0.59","56.4560782909393"
"1743","17","300","50","erdos_renyi","sites","sites_2","PLN","BIC","0.15","0.591837","0.492521939309559","0","0",NA,"0","4.68221879005432"
"1744","17","300","50","erdos_renyi","sites","sites_2","ZIPLN","BIC","0.07","0.819847","0.812472487765367","0.025","0.516","0.525","0.52","57.7144939899445"
"1745","18","300","50","erdos_renyi","sites","sites_2","PLN","BIC","0.14","0.575156","0.478661400985858","0","0",NA,"0","5.58967137336731"
"1746","18","300","50","erdos_renyi","sites","sites_2","ZIPLN","BIC","0.06","0.8863805","0.778706552614092","0.023","0.509","0.509","0.509","59.7971076965332"
"1747","19","300","50","erdos_renyi","sites","sites_2","PLN","BIC","0.13","0.6385835","0.479500134034921","0.002","0.018","0.333","0.034","5.17783737182617"
"1748","19","300","50","erdos_renyi","sites","sites_2","ZIPLN","BIC","0.06","0.9019125","0.729147317800985","0.031","0.661","0.507","0.574","54.4357259273529"
"1749","20","300","50","erdos_renyi","sites","sites_2","PLN","BIC","0.14","0.6417805","0.466331959274816","0","0",NA,"0","5.98466515541077"
"1750","20","300","50","erdos_renyi","sites","sites_2","ZIPLN","BIC","0.06","0.905627","0.741494660016457","0.05","0.673","0.359","0.468","57.0160984992981"
"1751","21","300","50","erdos_renyi","sites","sites_2","PLN","BIC","0.14","0.6397815","0.49475653790773","0","0",NA,"0","5.2891321182251"
"1752","21","300","50","erdos_renyi","sites","sites_2","ZIPLN","BIC","0.05","0.9138745","0.812374295810312","0.032","0.755","0.513","0.611","59.7392978668213"
"1753","22","300","50","erdos_renyi","sites","sites_2","PLN","BIC","0.13","0.6581025","0.475829791251773","0","0.02","1","0.04","5.57877850532532"
"1754","22","300","50","erdos_renyi","sites","sites_2","ZIPLN","BIC","0.06","0.8928185","0.722306240623222","0.024","0.612","0.517","0.561","1.01186963319778"
"1755","23","300","50","erdos_renyi","sites","sites_2","PLN","BIC","0.15","0.6601745","0.482530741381662","0","0.014","1","0.029","5.2262659072876"
"1756","23","300","50","erdos_renyi","sites","sites_2","ZIPLN","BIC","0.07","0.8711475","0.750227105517187","0.024","0.58","0.588","0.584","1.00746012528737"
"1757","24","300","50","erdos_renyi","sites","sites_2","PLN","BIC","0.15","0.6831435","0.493396536551926","0","0",NA,"0","5.93287014961243"
"1758","24","300","50","erdos_renyi","sites","sites_2","ZIPLN","BIC","0.07","0.8860545","0.729012346122963","0.053","0.632","0.413","0.5","57.6320869922638"
"1759","25","300","50","erdos_renyi","sites","sites_2","PLN","BIC","0.16","0.6229605","0.497081856731944","0","0",NA,"0","4.89687657356262"
"1760","25","300","50","erdos_renyi","sites","sites_2","ZIPLN","BIC","0.08","0.868861","0.77517521073005","0.037","0.566","0.506","0.534","46.1175289154053"
"1761","26","300","50","erdos_renyi","sites","sites_2","PLN","BIC","0.14","0.6230445","0.484810764836567","0","0.017","1","0.033","5.53427624702454"
"1762","26","300","50","erdos_renyi","sites","sites_2","ZIPLN","BIC","0.06","0.8726135","0.766121543661306","0.034","0.508","0.429","0.465","50.5668952465057"
"1763","27","300","50","erdos_renyi","sites","sites_2","PLN","BIC","0.16","0.639147","0.486715925496575","0","0",NA,"0","5.84683895111084"
"1764","27","300","50","erdos_renyi","sites","sites_2","ZIPLN","BIC","0.07","0.868862","0.815334372133381","0.02","0.473","0.603","0.53","59.9317362308502"
"1765","28","300","50","erdos_renyi","sites","sites_2","PLN","BIC","0.13","0.674123","0.484534960520456","0","0",NA,"0","6.46517372131348"
"1766","28","300","50","erdos_renyi","sites","sites_2","ZIPLN","BIC","0.06","0.868016","0.737010301066095","0.033","0.679","0.494","0.571","51.0936121940613"
"1767","29","300","50","erdos_renyi","sites","sites_2","PLN","BIC","0.16","0.607718","0.501453365067953","0","0",NA,"0","5.09938645362854"
"1768","29","300","50","erdos_renyi","sites","sites_2","ZIPLN","BIC","0.08","0.8861995","0.801585041996839","0.03","0.507","0.521","0.514","58.6919639110565"
"1769","30","300","50","erdos_renyi","sites","sites_2","PLN","BIC","0.15","0.662044","0.48427472841617","0","0",NA,"0","5.23997592926025"
"1770","30","300","50","erdos_renyi","sites","sites_2","ZIPLN","BIC","0.07","0.868631","0.809311616609252","0.016","0.523","0.654","0.581","51.2564084529877"
"1771","1","300","50","erdos_renyi","sites","sites_3","PLN","BIC","0.18","0.527163","0.280426568480715","0","0",NA,"0","18.2154388427734"
"1772","1","300","50","erdos_renyi","sites","sites_3","ZIPLN","BIC","0.1","0.876149","0.667713119727679","0","0",NA,"0","1.06529302199682"
"1773","2","300","50","erdos_renyi","sites","sites_3","PLN","BIC","0.15","0.552246","0.300509780091776","0","0",NA,"0","15.8223049640656"
"1774","2","300","50","erdos_renyi","sites","sites_3","ZIPLN","BIC","0.08","0.843632","0.683630402968815","0","0.031","1","0.061","1.05158103307088"
"1775","3","300","50","erdos_renyi","sites","sites_3","PLN","BIC","0.16","0.537391","0.299277206240173","0","0",NA,"0","14.8564431667328"
"1776","3","300","50","erdos_renyi","sites","sites_3","ZIPLN","BIC","0.09","0.8062955","0.668730930989156","0","0.016","1","0.031","1.05174944798152"
"1777","4","300","50","erdos_renyi","sites","sites_3","PLN","BIC","0.17","0.5256685","0.289642733913739","0","0",NA,"0","16.5195760726929"
"1778","4","300","50","erdos_renyi","sites","sites_3","ZIPLN","BIC","0.1","0.802608","0.630238274215431","0","0",NA,"0","1.07449739774068"
"1779","5","300","50","erdos_renyi","sites","sites_3","PLN","BIC","0.16","0.4975635","0.283563779661513","0","0",NA,"0","18.6549692153931"
"1780","5","300","50","erdos_renyi","sites","sites_3","ZIPLN","BIC","0.1","0.8733515","0.616729211590419","0","0",NA,"0","1.07254902521769"
"1781","6","300","50","erdos_renyi","sites","sites_3","PLN","BIC","0.13","0.56837","0.291826391724123","0","0",NA,"0","17.1083602905273"
"1782","6","300","50","erdos_renyi","sites","sites_3","ZIPLN","BIC","0.07","0.86227","0.589563722980749","0","0",NA,"0","1.05270721912384"
"1783","7","300","50","erdos_renyi","sites","sites_3","PLN","BIC","0.16","0.53388","0.309814053074299","0","0",NA,"0","11.7771573066711"
"1784","7","300","50","erdos_renyi","sites","sites_3","ZIPLN","BIC","0.08","0.8543115","0.68387246196181","0","0",NA,"0","1.04296360015869"
"1785","8","300","50","erdos_renyi","sites","sites_3","PLN","BIC","0.15","0.483941","0.289566068646998","0","0",NA,"0","15.0154569149017"
"1786","8","300","50","erdos_renyi","sites","sites_3","ZIPLN","BIC","0.08","0.8281385","0.658554773712533","0","0",NA,"0","51.3848197460175"
"1787","9","300","50","erdos_renyi","sites","sites_3","PLN","BIC","0.16","0.613727","0.298789660889043","0","0",NA,"0","15.0096457004547"
"1788","9","300","50","erdos_renyi","sites","sites_3","ZIPLN","BIC","0.08","0.8781415","0.664490705160463","0","0.182","1","0.308","1.05146328210831"
"1789","10","300","50","erdos_renyi","sites","sites_3","PLN","BIC","0.16","0.544576","0.307108977273016","0","0",NA,"0","14.9235022068024"
"1790","10","300","50","erdos_renyi","sites","sites_3","ZIPLN","BIC","0.09","0.8805155","0.686645951092348","0","0",NA,"0","1.00887413819631"
"1791","11","300","50","erdos_renyi","sites","sites_3","PLN","BIC","0.18","0.486135","0.299237878020629","0","0",NA,"0","12.8765428066254"
"1792","11","300","50","erdos_renyi","sites","sites_3","ZIPLN","BIC","0.1","0.824831","0.655254003841169","0","0",NA,"0","1.0454240600268"
"1793","12","300","50","erdos_renyi","sites","sites_3","PLN","BIC","0.18","0.498023","0.281947825724557","0","0",NA,"0","17.1410307884216"
"1794","12","300","50","erdos_renyi","sites","sites_3","ZIPLN","BIC","0.09","0.815673","0.685953272831601","0","0",NA,"0","57.8038082122803"
"1795","13","300","50","erdos_renyi","sites","sites_3","PLN","BIC","0.13","0.4637605","0.303181854999515","0","0",NA,"0","16.0543460845947"
"1796","13","300","50","erdos_renyi","sites","sites_3","ZIPLN","BIC","0.06","0.9104105","0.618728413798801","0.001","0.447","0.955","0.609","56.8219833374023"
"1797","14","300","50","erdos_renyi","sites","sites_3","PLN","BIC","0.19","0.5142985","0.279539942060466","0","0",NA,"0","19.4660706520081"
"1798","14","300","50","erdos_renyi","sites","sites_3","ZIPLN","BIC","0.1","0.87437","0.733359366258439","0","0",NA,"0","1.01785394350688"
"1799","15","300","50","erdos_renyi","sites","sites_3","PLN","BIC","0.16","0.486195","0.289522276557409","0","0",NA,"0","16.0756075382233"
"1800","15","300","50","erdos_renyi","sites","sites_3","ZIPLN","BIC","0.07","0.883518","0.712330454213571","0","0",NA,"0","1.02308211326599"
"1801","16","300","50","erdos_renyi","sites","sites_3","PLN","BIC","0.16","0.5065915","0.293823396072356","0.001","0","0","0","15.0074100494385"
"1802","16","300","50","erdos_renyi","sites","sites_3","ZIPLN","BIC","0.08","0.9102385","0.673035813658274","0","0",NA,"0","55.7536931037903"
"1803","17","300","50","erdos_renyi","sites","sites_3","PLN","BIC","0.16","0.5559895","0.292740312989396","0","0",NA,"0","14.8757381439209"
"1804","17","300","50","erdos_renyi","sites","sites_3","ZIPLN","BIC","0.08","0.812147","0.693736169880854","0","0",NA,"0","58.2801785469055"
"1805","18","300","50","erdos_renyi","sites","sites_3","PLN","BIC","0.15","0.479418","0.288468728467461","0","0",NA,"0","18.0070774555206"
"1806","18","300","50","erdos_renyi","sites","sites_3","ZIPLN","BIC","0.08","0.8287035","0.643430791460521","0","0.016","1","0.032","1.01076022783915"
"1807","19","300","50","erdos_renyi","sites","sites_3","PLN","BIC","0.14","0.48698","0.299111831482418","0","0",NA,"0","12.4033405780792"
"1808","19","300","50","erdos_renyi","sites","sites_3","ZIPLN","BIC","0.06","0.81228","0.686772530541307","0","0",NA,"0","1.0464782834053"
"1809","20","300","50","erdos_renyi","sites","sites_3","PLN","BIC","0.15","0.451927","0.288948028947331","0","0",NA,"0","16.4195234775543"
"1810","20","300","50","erdos_renyi","sites","sites_3","ZIPLN","BIC","0.07","0.8139325","0.713310481446701","0","0",NA,"0","1.02928070227305"
"1811","21","300","50","erdos_renyi","sites","sites_3","PLN","BIC","0.16","0.582697","0.303984061751366","0","0",NA,"0","13.8839309215546"
"1812","21","300","50","erdos_renyi","sites","sites_3","ZIPLN","BIC","0.09","0.8323175","0.667351308412371","0","0",NA,"0","1.02498855988185"
"1813","22","300","50","erdos_renyi","sites","sites_3","PLN","BIC","0.16","0.48749","0.283444784511617","0","0",NA,"0","13.4211626052856"
"1814","22","300","50","erdos_renyi","sites","sites_3","ZIPLN","BIC","0.08","0.8574645","0.698998434548059","0","0",NA,"0","59.7273414134979"
"1815","23","300","50","erdos_renyi","sites","sites_3","PLN","BIC","0.15","0.5152855","0.289688853018665","0","0",NA,"0","14.634156703949"
"1816","23","300","50","erdos_renyi","sites","sites_3","ZIPLN","BIC","0.08","0.8373625","0.666501930942572","0","0.053","1","0.1","1.04245671431224"
"1817","24","300","50","erdos_renyi","sites","sites_3","PLN","BIC","0.16","0.502797","0.297518926934967","0","0",NA,"0","14.3829786777496"
"1818","24","300","50","erdos_renyi","sites","sites_3","ZIPLN","BIC","0.09","0.852588","0.661938472840045","0","0",NA,"0","1.0477464556694"
"1819","25","300","50","erdos_renyi","sites","sites_3","PLN","BIC","0.17","0.5113255","0.283229573503449","0","0",NA,"0","17.7853734493256"
"1820","25","300","50","erdos_renyi","sites","sites_3","ZIPLN","BIC","0.09","0.823393","0.687557735346545","0","0",NA,"0","53.9668910503387"
"1821","26","300","50","erdos_renyi","sites","sites_3","PLN","BIC","0.17","0.520482","0.299135891356389","0","0",NA,"0","16.3770589828491"
"1822","26","300","50","erdos_renyi","sites","sites_3","ZIPLN","BIC","0.09","0.9024815","0.700844628147307","0","0",NA,"0","58.7244944572449"
"1823","27","300","50","erdos_renyi","sites","sites_3","PLN","BIC","0.16","0.533213","0.293614653055801","0","0",NA,"0","15.7846171855927"
"1824","27","300","50","erdos_renyi","sites","sites_3","ZIPLN","BIC","0.08","0.845561","0.67621039478491","0","0",NA,"0","43.0230793952942"
"1825","28","300","50","erdos_renyi","sites","sites_3","PLN","BIC","0.15","0.5130555","0.289187156750543","0","0",NA,"0","13.6544666290283"
"1826","28","300","50","erdos_renyi","sites","sites_3","ZIPLN","BIC","0.08","0.833393","0.636665985498181","0","0",NA,"0","1.03699305852254"
"1827","29","300","50","erdos_renyi","sites","sites_3","PLN","BIC","0.15","0.4676835","0.302943016969509","0","0",NA,"0","15.9708695411682"
"1828","29","300","50","erdos_renyi","sites","sites_3","ZIPLN","BIC","0.08","0.8472205","0.653814861355485","0","0",NA,"0","54.4872012138367"
"1829","30","300","50","erdos_renyi","sites","sites_3","PLN","BIC","0.15","0.5059725","0.291381850036279","0","0",NA,"0","16.5754096508026"
"1830","30","300","50","erdos_renyi","sites","sites_3","ZIPLN","BIC","0.08","0.8022495","0.642344568194133","0.002","0.276","0.889","0.421","46.3318681716919"
"1831","1","300","50","erdos_renyi","sites","sites_4","PLN","BIC","0.16","0.5140395","0.254037004843174","0","0",NA,"0","21.3785085678101"
"1832","1","300","50","erdos_renyi","sites","sites_4","ZIPLN","BIC","0.09","0.816063","0.61167204966584","0","0",NA,"0","1.00667439301809"
"1833","2","300","50","erdos_renyi","sites","sites_4","PLN","BIC","0.15","0.51305","0.261968047272683","0","0",NA,"0","19.1660938262939"
"1834","2","300","50","erdos_renyi","sites","sites_4","ZIPLN","BIC","0.08","0.8326185","0.623286991148445","0","0.104","1","0.189","56.7823679447174"
"1835","3","300","50","erdos_renyi","sites","sites_4","PLN","BIC","0.17","0.480117","0.273576091579338","0","0",NA,"0","16.8206989765167"
"1836","3","300","50","erdos_renyi","sites","sites_4","ZIPLN","BIC","0.09","0.819874","0.627548330413815","0","0.131","1","0.232","59.4228894710541"
"1837","4","300","50","erdos_renyi","sites","sites_4","PLN","BIC","0.16","0.491483","0.260420279427376","0","0",NA,"0","17.7893676757812"
"1838","4","300","50","erdos_renyi","sites","sites_4","ZIPLN","BIC","0.08","0.811798","0.650157558457419","0","0",NA,"0","1.00976748069127"
"1839","5","300","50","erdos_renyi","sites","sites_4","PLN","BIC","0.16","0.523292","0.271286985659813","0","0",NA,"0","19.2507998943329"
"1840","5","300","50","erdos_renyi","sites","sites_4","ZIPLN","BIC","0.08","0.8470075","0.667908721927076","0","0.017","1","0.033","1.062859694163"
"1841","6","300","50","erdos_renyi","sites","sites_4","PLN","BIC","0.16","0.4954545","0.277197314548206","0","0",NA,"0","20.3839027881622"
"1842","6","300","50","erdos_renyi","sites","sites_4","ZIPLN","BIC","0.08","0.7918465","0.633786909288776","0","0",NA,"0","1.04485180775324"
"1843","7","300","50","erdos_renyi","sites","sites_4","PLN","BIC","0.16","0.529052","0.261519564337141","0","0",NA,"0","17.0522465705872"
"1844","7","300","50","erdos_renyi","sites","sites_4","ZIPLN","BIC","0.08","0.882873","0.635110624077334","0","0",NA,"0","1.04054276148478"
"1845","8","300","50","erdos_renyi","sites","sites_4","PLN","BIC","0.16","0.504682","0.264301470383228","0","0",NA,"0","17.9622459411621"
"1846","8","300","50","erdos_renyi","sites","sites_4","ZIPLN","BIC","0.08","0.853246","0.639051507950633","0","0",NA,"0","1.06236289739609"
"1847","9","300","50","erdos_renyi","sites","sites_4","PLN","BIC","0.16","0.4595715","0.260378699238828","0","0",NA,"0","15.8014233112335"
"1848","9","300","50","erdos_renyi","sites","sites_4","ZIPLN","BIC","0.09","0.8838585","0.632968624168808","0","0",NA,"0","59.5184617042542"
"1849","10","300","50","erdos_renyi","sites","sites_4","PLN","BIC","0.15","0.5090375","0.268370689920257","0","0",NA,"0","18.312406539917"
"1850","10","300","50","erdos_renyi","sites","sites_4","ZIPLN","BIC","0.09","0.802332","0.582179731168558","0","0",NA,"0","1.08105595906576"
"1851","11","300","50","erdos_renyi","sites","sites_4","PLN","BIC","0.16","0.5327815","0.263577703468373","0","0",NA,"0","17.3056921958923"
"1852","11","300","50","erdos_renyi","sites","sites_4","ZIPLN","BIC","0.09","0.840865","0.608884035909753","0","0",NA,"0","59.922660112381"
"1853","12","300","50","erdos_renyi","sites","sites_4","PLN","BIC","0.16","0.531329","0.248023518513823","0","0",NA,"0","21.5386741161346"
"1854","12","300","50","erdos_renyi","sites","sites_4","ZIPLN","BIC","0.08","0.8398275","0.636853514036472","0","0",NA,"0","1.05675158500671"
"1855","13","300","50","erdos_renyi","sites","sites_4","PLN","BIC","0.17","0.532105","0.264348968728607","0","0",NA,"0","17.9551401138306"
"1856","13","300","50","erdos_renyi","sites","sites_4","ZIPLN","BIC","0.09","0.7832935","0.692147828085283","0","0",NA,"0","58.9804682731628"
"1857","14","300","50","erdos_renyi","sites","sites_4","PLN","BIC","0.16","0.452706","0.268953105027948","0","0",NA,"0","16.9508728981018"
"1858","14","300","50","erdos_renyi","sites","sites_4","ZIPLN","BIC","0.07","0.7928995","0.673638281337379","0","0",NA,"0","59.6700327396393"
"1859","15","300","50","erdos_renyi","sites","sites_4","PLN","BIC","0.16","0.4831525","0.269158128468638","0","0",NA,"0","19.3016500473022"
"1860","15","300","50","erdos_renyi","sites","sites_4","ZIPLN","BIC","0.08","0.7850795","0.648932150852518","0","0",NA,"0","58.1793358325958"
"1861","16","300","50","erdos_renyi","sites","sites_4","PLN","BIC","0.17","0.4748795","0.258886243406802","0","0",NA,"0","16.2243406772614"
"1862","16","300","50","erdos_renyi","sites","sites_4","ZIPLN","BIC","0.1","0.788201","0.597057709306177","0","0",NA,"0","1.05153166453044"
"1863","17","300","50","erdos_renyi","sites","sites_4","PLN","BIC","0.16","0.521514","0.266866884905559","0","0",NA,"0","17.8834080696106"
"1864","17","300","50","erdos_renyi","sites","sites_4","ZIPLN","BIC","0.08","0.815629","0.65520193073517","0","0.017","1","0.033","59.5472898483276"
"1865","18","300","50","erdos_renyi","sites","sites_4","PLN","BIC","0.16","0.439288","0.259869551990613","0","0",NA,"0","16.091912984848"
"1866","18","300","50","erdos_renyi","sites","sites_4","ZIPLN","BIC","0.08","0.8382235","0.662928884521179","0","0",NA,"0","52.926882982254"
"1867","19","300","50","erdos_renyi","sites","sites_4","PLN","BIC","0.16","0.4914035","0.280971992720194","0","0",NA,"0","16.5335104465485"
"1868","19","300","50","erdos_renyi","sites","sites_4","ZIPLN","BIC","0.08","0.798485","0.654367686158626","0","0",NA,"0","1.04858989715576"
"1869","20","300","50","erdos_renyi","sites","sites_4","PLN","BIC","0.16","0.5288775","0.277188957840224","0","0",NA,"0","17.0127329826355"
"1870","20","300","50","erdos_renyi","sites","sites_4","ZIPLN","BIC","0.08","0.8279525","0.644508306535121","0","0",NA,"0","1.00529455343882"
"1871","21","300","50","erdos_renyi","sites","sites_4","PLN","BIC","0.15","0.488692","0.269617546069741","0","0",NA,"0","16.8495781421661"
"1872","21","300","50","erdos_renyi","sites","sites_4","ZIPLN","BIC","0.08","0.826368","0.62445673897397","0","0",NA,"0","1.08582303524017"
"1873","22","300","50","erdos_renyi","sites","sites_4","PLN","BIC","0.15","0.436395","0.275902617179159","0","0",NA,"0","20.9143199920654"
"1874","22","300","50","erdos_renyi","sites","sites_4","ZIPLN","BIC","0.07","0.8759695","0.676506079091958","0","0",NA,"0","58.0723743438721"
"1875","23","300","50","erdos_renyi","sites","sites_4","PLN","BIC","0.16","0.533819","0.253363788733656","0","0",NA,"0","21.8800487518311"
"1876","23","300","50","erdos_renyi","sites","sites_4","ZIPLN","BIC","0.08","0.803284","0.621127001469954","0","0",NA,"0","1.01996873219808"
"1877","24","300","50","erdos_renyi","sites","sites_4","PLN","BIC","0.16","0.5364045","0.259104275323478","0.003","0","0","0","20.552280664444"
"1878","24","300","50","erdos_renyi","sites","sites_4","ZIPLN","BIC","0.09","0.838864","0.627910022693339","0","0",NA,"0","1.07595530748367"
"1879","25","300","50","erdos_renyi","sites","sites_4","PLN","BIC","0.16","0.5166455","0.270437972508344","0","0",NA,"0","16.8097863197327"
"1880","25","300","50","erdos_renyi","sites","sites_4","ZIPLN","BIC","0.08","0.8238995","0.626385944833254","0","0",NA,"0","47.0280802249908"
"1881","26","300","50","erdos_renyi","sites","sites_4","PLN","BIC","0.16","0.4827975","0.267412152248733","0","0",NA,"0","18.2953679561615"
"1882","26","300","50","erdos_renyi","sites","sites_4","ZIPLN","BIC","0.08","0.798577","0.661015051121876","0","0",NA,"0","1.00257565577825"
"1883","27","300","50","erdos_renyi","sites","sites_4","PLN","BIC","0.14","0.486745","0.259475565415503","0.003","0.024","0.25","0.043","15.5376098155975"
"1884","27","300","50","erdos_renyi","sites","sites_4","ZIPLN","BIC","0.06","0.803758","0.607087490861879","0","0",NA,"0","51.5158877372742"
"1885","28","300","50","erdos_renyi","sites","sites_4","PLN","BIC","0.15","0.523041","0.280887114758697","0","0",NA,"0","13.553013086319"
"1886","28","300","50","erdos_renyi","sites","sites_4","ZIPLN","BIC","0.09","0.8235205","0.617276801785765","0","0",NA,"0","48.98091340065"
"1887","29","300","50","erdos_renyi","sites","sites_4","PLN","BIC","0.15","0.4913375","0.252974624163488","0","0",NA,"0","19.8567378520966"
"1888","29","300","50","erdos_renyi","sites","sites_4","ZIPLN","BIC","0.07","0.826906","0.633893009888668","0","0",NA,"0","50.8683679103851"
"1889","30","300","50","erdos_renyi","sites","sites_4","PLN","BIC","0.16","0.5203335","0.263459651892283","0","0",NA,"0","15.1932587623596"
"1890","30","300","50","erdos_renyi","sites","sites_4","ZIPLN","BIC","0.09","0.86808","0.611434162088494","0","0",NA,"0","58.0360517501831"
"1891","1","300","20","community","sites","sites_1","PLN","BIC","0.08","0.787881","0.630759518588476","0.005","0.429","0.75","0.545","0.771379232406616"
"1892","1","300","20","community","sites","sites_1","ZIPLN","BIC","0.05","0.889461","0.724141568587548","0.038","0.714","0.417","0.526","24.4948711395264"
"1893","2","300","20","community","sites","sites_1","PLN","BIC","0.09","0.854712","0.668179428180389","0.005","0.714","0.833","0.769","0.770840883255005"
"1894","2","300","20","community","sites","sites_1","ZIPLN","BIC","0.04","0.9222795","0.782102382797345","0.027","0.857","0.545","0.667","21.4383969306946"
"1895","3","300","20","community","sites","sites_1","PLN","BIC","0.11","0.832696","0.705123270846865","0.028","0.615","0.615","0.615","0.526422023773193"
"1896","3","300","20","community","sites","sites_1","ZIPLN","BIC","0.06","0.8682285","0.790940290013588","0.045","0.615","0.5","0.552","19.5861575603485"
"1897","4","300","20","community","sites","sites_1","PLN","BIC","0.16","0.8760705","0.709132451837284","0.06","0.667","0.615","0.64","0.752982378005981"
"1898","4","300","20","community","sites","sites_1","ZIPLN","BIC","0.09","0.9168095","0.747198033597225","0.036","0.75","0.75","0.75","25.3675799369812"
"1899","5","300","20","community","sites","sites_1","PLN","BIC","0.12","0.7970315","0.6238282048182","0.006","0.312","0.833","0.455","0.79040002822876"
"1900","5","300","20","community","sites","sites_1","ZIPLN","BIC","0.06","0.848547","0.750243185226033","0.034","0.688","0.647","0.667","23.4308068752289"
"1901","6","300","20","community","sites","sites_1","PLN","BIC","0.11","0.835961","0.654776620619013","0.011","0.583","0.778","0.667","0.8147292137146"
"1902","6","300","20","community","sites","sites_1","ZIPLN","BIC","0.05","0.899892","0.773176221433483","0.028","0.583","0.583","0.583","24.0909008979797"
"1903","7","300","20","community","sites","sites_1","PLN","BIC","0.09","0.8793","0.667250485063097","0.078","0.6","0.3","0.4","0.712654113769531"
"1904","7","300","20","community","sites","sites_1","ZIPLN","BIC","0.05","0.88665","0.744160919467296","0.033","0.6","0.5","0.545","23.0626339912415"
"1905","8","300","20","community","sites","sites_1","PLN","BIC","0.08","0.8555","0.620598362723568","0.017","0.8","0.727","0.762","0.511372804641724"
"1906","8","300","20","community","sites","sites_1","ZIPLN","BIC","0.04","0.87765","0.709125902768554","0.017","0.7","0.7","0.7","21.9279808998108"
"1907","9","300","20","community","sites","sites_1","PLN","BIC","0.1","0.8591215","0.637911203296861","0.08","0.643","0.391","0.486","0.768177509307861"
"1908","9","300","20","community","sites","sites_1","ZIPLN","BIC","0.05","0.897706","0.731939686796073","0.193","0.929","0.277","0.426","19.8482830524445"
"1909","10","300","20","community","sites","sites_1","PLN","BIC","0.12","0.7759515","0.686163079512959","0","0.067","1","0.125","0.782976150512695"
"1910","10","300","20","community","sites","sites_1","ZIPLN","BIC","0.06","0.9157285","0.82058991910066","0.017","0.6","0.75","0.667","23.1327259540558"
"1911","11","300","20","community","sites","sites_1","PLN","BIC","0.1","0.56015","0.722696037902285","0","0",NA,"0","0.652016878128052"
"1912","11","300","20","community","sites","sites_1","ZIPLN","BIC","0.04","0.7339","0.874129135015908","0.017","0.1","0.25","0.143","22.436607837677"
"1913","12","300","20","community","sites","sites_1","PLN","BIC","0.1","0.864088","0.641886201169158","0","0.083","1","0.154","0.745589971542358"
"1914","12","300","20","community","sites","sites_1","ZIPLN","BIC","0.05","0.89964","0.725819117628687","0.045","0.833","0.556","0.667","24.1542887687683"
"1915","13","300","20","community","sites","sites_1","PLN","BIC","0.13","0.714725","0.692294210806941","0.088","0.4","0.348","0.372","0.718828678131104"
"1916","13","300","20","community","sites","sites_1","ZIPLN","BIC","0.06","0.824475","0.798780986301605","0.124","0.6","0.364","0.453","23.9165732860565"
"1917","14","300","20","community","sites","sites_1","PLN","BIC","0.1","0.8233","0.646199513030812","0.039","0.7","0.5","0.583","0.757240533828735"
"1918","14","300","20","community","sites","sites_1","ZIPLN","BIC","0.05","0.86915","0.737195469699554","0.05","0.7","0.438","0.538","23.3973100185394"
"1919","15","300","20","community","sites","sites_1","PLN","BIC","0.07","0.797756","0.650747220225714","0.022","0.286","0.333","0.308","0.693928956985474"
"1920","15","300","20","community","sites","sites_1","ZIPLN","BIC","0.03","0.818046","0.733156966043157","0.016","0.714","0.625","0.667","23.5286588668823"
"1921","16","300","20","community","sites","sites_1","PLN","BIC","0.14","0.8848445","0.720750811381989","0","0.421","1","0.593","0.687217473983765"
"1922","16","300","20","community","sites","sites_1","ZIPLN","BIC","0.06","0.8953155","0.852241534811187","0.158","0.842","0.372","0.516","23.7170729637146"
"1923","17","300","20","community","sites","sites_1","PLN","BIC","0.14","0.857722","0.650583794897208","0.197","0.765","0.277","0.406","0.766454696655273"
"1924","17","300","20","community","sites","sites_1","ZIPLN","BIC","0.08","0.892262","0.739444139073006","0.283","0.824","0.222","0.35","24.2656900882721"
"1925","18","300","20","community","sites","sites_1","PLN","BIC","0.1","0.898544","0.681504076090475","0.028","0.583","0.583","0.583","0.686891317367554"
"1926","18","300","20","community","sites","sites_1","ZIPLN","BIC","0.04","0.9472805","0.769378828796069","0.045","0.917","0.579","0.71","23.12331366539"
"1927","19","300","20","community","sites","sites_1","PLN","BIC","0.1","0.88425","0.639859518596778","0.011","0.5","0.667","0.571","0.701959371566772"
"1928","19","300","20","community","sites","sites_1","ZIPLN","BIC","0.04","0.9186875","0.751637292972412","0.044","0.875","0.467","0.609","23.5477035045624"
"1929","20","300","20","community","sites","sites_1","PLN","BIC","0.15","0.7651515","0.701163678292619","0.018","0.333","0.7","0.452","0.68362832069397"
"1930","20","300","20","community","sites","sites_1","ZIPLN","BIC","0.08","0.8711425","0.815375857708817","0.059","0.667","0.583","0.622","18.5939762592316"
"1931","21","300","20","community","sites","sites_1","PLN","BIC","0.12","0.799042","0.649885722702231","0.017","0.4","0.667","0.5","0.716556072235107"
"1932","21","300","20","community","sites","sites_1","ZIPLN","BIC","0.06","0.901297","0.734972397200913","0.114","0.867","0.394","0.542","23.4603502750397"
"1933","22","300","20","community","sites","sites_1","PLN","BIC","0.12","0.8449075","0.63098420770153","0.034","0.571","0.571","0.571","0.790007829666138"
"1934","22","300","20","community","sites","sites_1","ZIPLN","BIC","0.07","0.906362","0.776825141306496","0.085","0.857","0.444","0.585","23.5916962623596"
"1935","23","300","20","community","sites","sites_1","PLN","BIC","0.09","0.7778055","0.625786427985035","0.045","0.5","0.429","0.462","0.679489135742188"
"1936","23","300","20","community","sites","sites_1","ZIPLN","BIC","0.05","0.874308","0.682703767629376","0.034","0.667","0.571","0.615","23.2783100605011"
"1937","24","300","20","community","sites","sites_1","PLN","BIC","0.09","0.7843155","0.64551034049265","0.006","0.364","0.8","0.5","0.711881637573242"
"1938","24","300","20","community","sites","sites_1","ZIPLN","BIC","0.05","0.872836","0.722855683453006","0.056","0.636","0.412","0.5","23.3900730609894"
"1939","25","300","20","community","sites","sites_1","PLN","BIC","0.16","0.6956275","0.705771826074867","0.22","0.471","0.174","0.254","0.679978370666504"
"1940","25","300","20","community","sites","sites_1","ZIPLN","BIC","0.08","0.793079","0.858783517111978","0.561","0.824","0.126","0.219","21.1556522846222"
"1941","26","300","20","community","sites","sites_1","PLN","BIC","0.1","0.843701","0.668738695907321","0","0",NA,"0","0.453683376312256"
"1942","26","300","20","community","sites","sites_1","ZIPLN","BIC","0.04","0.907544","0.792888064160023","0.028","0.636","0.583","0.609","20.8747391700745"
"1943","27","300","20","community","sites","sites_1","PLN","BIC","0.07","0.73575","0.629329458092914","0","0.25","1","0.4","0.585780620574951"
"1944","27","300","20","community","sites","sites_1","ZIPLN","BIC","0.03","0.825375","0.715009384610425","0.066","0.625","0.294","0.4","23.1326680183411"
"1945","28","300","20","community","sites","sites_1","PLN","BIC","0.15","0.8588555","0.679547640476888","0.018","0.316","0.667","0.429","0.721904277801514"
"1946","28","300","20","community","sites","sites_1","ZIPLN","BIC","0.07","0.8759515","0.797377529440203","0.088","0.789","0.5","0.612","17.3066120147705"
"1947","29","300","20","community","sites","sites_1","PLN","BIC","0.13","0.8171035","0.661404544023032","0.057","0.625","0.5","0.556","0.697887897491455"
"1948","29","300","20","community","sites","sites_1","ZIPLN","BIC","0.07","0.838028","0.759617201430889","0.109","0.688","0.367","0.478","21.4882276058197"
"1949","30","300","20","community","sites","sites_1","PLN","BIC","0.15","0.805422","0.683814559771789","0.14","0.526","0.294","0.377","0.67435097694397"
"1950","30","300","20","community","sites","sites_1","ZIPLN","BIC","0.07","0.9295165","0.804723741849445","0.228","1","0.328","0.494","19.7843725681305"
"1951","1","300","20","community","sites","sites_2","PLN","BIC","0.19","0.647441","0.441602803916372","0.041","0.111","0.222","0.148","0.834444046020508"
"1952","1","300","20","community","sites","sites_2","ZIPLN","BIC","0.07","0.8496445","0.712932521284559","0.25","0.833","0.259","0.395","24.9096052646637"
"1953","2","300","20","community","sites","sites_2","PLN","BIC","0.15","0.429343","0.430167022212469","0.006","0","0","0","0.819324016571045"
"1954","2","300","20","community","sites","sites_2","ZIPLN","BIC","0.06","0.889994","0.683642623237728","0.028","0.833","0.667","0.741","23.2261257171631"
"1955","3","300","20","community","sites","sites_2","PLN","BIC","0.14","0.5430455","0.442096351945509","0.039","0.111","0.125","0.118","0.557028770446777"
"1956","3","300","20","community","sites","sites_2","ZIPLN","BIC","0.06","0.8861665","0.660010765599123","0.05","0.667","0.4","0.5","23.5685095787048"
"1957","4","300","20","community","sites","sites_2","PLN","BIC","0.17","0.5713235","0.427891697200258","0","0.154","1","0.267","0.82146143913269"
"1958","4","300","20","community","sites","sites_2","ZIPLN","BIC","0.07","0.920382","0.701974062619183","0.051","1","0.591","0.743","20.2616333961487"
"1959","5","300","20","community","sites","sites_2","PLN","BIC","0.17","0.5728025","0.434724595544458","0","0",NA,"0","0.905657052993774"
"1960","5","300","20","community","sites","sites_2","ZIPLN","BIC","0.06","0.7070725","0.74286903269358","0.006","0.375","0.857","0.522","22.7517330646515"
"1961","6","300","20","community","sites","sites_2","PLN","BIC","0.13","0.5293125","0.429297123804624","0.022","0","0","0","0.846889734268188"
"1962","6","300","20","community","sites","sites_2","ZIPLN","BIC","0.04","0.78025","0.68244249218899","0.016","0.625","0.625","0.625","22.6681830883026"
"1963","7","300","20","community","sites","sites_2","PLN","BIC","0.17","0.620541","0.415858957634039","0.029","0.4","0.545","0.462","0.836040258407593"
"1964","7","300","20","community","sites","sites_2","ZIPLN","BIC","0.06","0.877018","0.685157566196365","0.063","0.8","0.522","0.632","23.9464106559753"
"1965","8","300","20","community","sites","sites_2","PLN","BIC","0.09","0.62475","0.42460315047775","0","0",NA,"0","0.777167320251465"
"1966","8","300","20","community","sites","sites_2","ZIPLN","BIC","0.03","0.8815625","0.610505605176601","0","0.125","1","0.222","26.7887077331543"
"1967","9","300","20","community","sites","sites_2","PLN","BIC","0.16","0.5928765","0.426091468895637","0","0.091","1","0.167","0.757778406143188"
"1968","9","300","20","community","sites","sites_2","ZIPLN","BIC","0.04","0.909","0.749260595064604","0.028","0.818","0.643","0.72","19.8269209861755"
"1969","10","300","20","community","sites","sites_2","PLN","BIC","0.19","0.59773","0.428036978546275","0","0",NA,"0","0.903702735900879"
"1970","10","300","20","community","sites","sites_2","ZIPLN","BIC","0.1","0.862563","0.691540577692043","0.017","0.5","0.75","0.6","22.0716791152954"
"1971","11","300","20","community","sites","sites_2","PLN","BIC","0.2","0.5870725","0.43678840991949","0","0",NA,"0","0.680416584014893"
"1972","11","300","20","community","sites","sites_2","ZIPLN","BIC","0.1","0.90896","0.677407389335409","0.075","0.75","0.48","0.585","23.7013216018677"
"1973","12","300","20","community","sites","sites_2","PLN","BIC","0.15","0.5567","0.440686827417054","0","0",NA,"0","0.703735589981079"
"1974","12","300","20","community","sites","sites_2","ZIPLN","BIC","0.06","0.8751","0.730830407716365","0.022","0.6","0.6","0.6","22.319896697998"
"1975","13","300","20","community","sites","sites_2","PLN","BIC","0.13","0.58515","0.44860044521172","0","0",NA,"0","0.733441114425659"
"1976","13","300","20","community","sites","sites_2","ZIPLN","BIC","0.05","0.8983","0.703458261523606","0","0.4","1","0.571","22.5087230205536"
"1977","14","300","20","community","sites","sites_2","PLN","BIC","0.16","0.6400945","0.436008757098833","0","0",NA,"0","0.765994071960449"
"1978","14","300","20","community","sites","sites_2","ZIPLN","BIC","0.06","0.9256115","0.731079138539625","0.023","0.786","0.733","0.759","24.0431342124939"
"1979","15","300","20","community","sites","sites_2","PLN","BIC","0.16","0.53299","0.425098170147436","0","0",NA,"0","0.789397001266479"
"1980","15","300","20","community","sites","sites_2","ZIPLN","BIC","0.05","0.8472465","0.684147677936121","0.243","0.846","0.204","0.328","23.0078146457672"
"1981","16","300","20","community","sites","sites_2","PLN","BIC","0.17","0.62791","0.444900848782168","0","0",NA,"0","0.521759510040283"
"1982","16","300","20","community","sites","sites_2","ZIPLN","BIC","0.09","0.8508465","0.669277326226219","0.023","0.556","0.714","0.625","17.4351696968079"
"1983","17","300","20","community","sites","sites_2","PLN","BIC","0.12","0.6989375","0.426802755561068","0","0",NA,"0","0.732260942459106"
"1984","17","300","20","community","sites","sites_2","ZIPLN","BIC","0.04","0.8365","0.643735367402563","0.06","0.75","0.353","0.48","23.0863530635834"
"1985","18","300","20","community","sites","sites_2","PLN","BIC","0.18","0.610106","0.445275361746682","0","0",NA,"0","0.766212463378906"
"1986","18","300","20","community","sites","sites_2","ZIPLN","BIC","0.07","0.8956945","0.721622805303704","0.12","0.667","0.323","0.435","23.4751870632172"
"1987","19","300","20","community","sites","sites_2","PLN","BIC","0.17","0.693851","0.42741703409903","0","0",NA,"0","0.748897790908813"
"1988","19","300","20","community","sites","sites_2","ZIPLN","BIC","0.07","0.830891","0.685289657529488","0.068","0.643","0.429","0.514","20.6507720947266"
"1989","20","300","20","community","sites","sites_2","PLN","BIC","0.14","0.64845","0.433714121370495","0","0",NA,"0","0.79236364364624"
"1990","20","300","20","community","sites","sites_2","ZIPLN","BIC","0.05","0.863655","0.708765555008328","0.033","0.714","0.455","0.556","23.5096807479858"
"1991","21","300","20","community","sites","sites_2","PLN","BIC","0.12","0.6025625","0.428222227145457","0","0",NA,"0","0.750085592269897"
"1992","21","300","20","community","sites","sites_2","ZIPLN","BIC","0.05","0.7316875","0.663244929041504","0","0",NA,"0","23.9945356845856"
"1993","22","300","20","community","sites","sites_2","PLN","BIC","0.13","0.6459995","0.439772899341334","0","0",NA,"0","0.482019186019897"
"1994","22","300","20","community","sites","sites_2","ZIPLN","BIC","0.05","0.862735","0.668383819741717","0.034","0.727","0.571","0.64","20.1170616149902"
"1995","23","300","20","community","sites","sites_2","PLN","BIC","0.18","0.6064525","0.442310413420162","0","0",NA,"0","0.748357057571411"
"1996","23","300","20","community","sites","sites_2","ZIPLN","BIC","0.08","0.903881","0.662304311518275","0.121","1","0.447","0.618","22.7136459350586"
"1997","24","300","20","community","sites","sites_2","PLN","BIC","0.12","0.6349375","0.438574760313392","0","0",NA,"0","0.760970830917358"
"1998","24","300","20","community","sites","sites_2","ZIPLN","BIC","0.04","0.70225","0.700187012669995","0.016","0.625","0.625","0.625","23.1789176464081"
"1999","25","300","20","community","sites","sites_2","PLN","BIC","0.18","0.6121","0.44265100290124","0","0",NA,"0","0.502402544021606"
"2000","25","300","20","community","sites","sites_2","ZIPLN","BIC","0.08","0.87929","0.702357263656162","0.075","0.688","0.458","0.55","17.5427224636078"
"2001","26","300","20","community","sites","sites_2","PLN","BIC","0.17","0.689026","0.451340815179657","0.017","0.062","0.25","0.1","0.769542455673218"
"2002","26","300","20","community","sites","sites_2","ZIPLN","BIC","0.07","0.925983","0.668723541347372","0.121","0.938","0.417","0.577","19.830988407135"
"2003","27","300","20","community","sites","sites_2","PLN","BIC","0.12","0.6594005","0.445142154303912","0.027","0.167","0.167","0.167","0.76091194152832"
"2004","27","300","20","community","sites","sites_2","ZIPLN","BIC","0.04","0.8493315","0.673153372750558","0.027","0.667","0.444","0.533","18.737854719162"
"2005","28","300","20","community","sites","sites_2","PLN","BIC","0.19","0.6480235","0.42243859619477","0","0",NA,"0","0.497665166854858"
"2006","28","300","20","community","sites","sites_2","ZIPLN","BIC","0.08","0.881098","0.694348359751385","0.052","0.75","0.571","0.649","21.5761578083038"
"2007","29","300","20","community","sites","sites_2","PLN","BIC","0.15","0.657272","0.439439118340683","0","0",NA,"0","0.726633310317993"
"2008","29","300","20","community","sites","sites_2","ZIPLN","BIC","0.07","0.831508","0.674985078958915","0.034","0.6","0.6","0.6","20.3157832622528"
"2009","30","300","20","community","sites","sites_2","PLN","BIC","0.21","0.641625","0.440655650736467","0.012","0.05","0.333","0.087","0.757410287857056"
"2010","30","300","20","community","sites","sites_2","ZIPLN","BIC","0.08","0.944","0.703229105616165","0.247","0.95","0.311","0.469","21.8111546039581"
"2011","1","300","20","community","sites","sites_3","PLN","BIC","0.14","0.546375","0.293007463209201","0.621","0.625","0.042","0.079","0.571212768554688"
"2012","1","300","20","community","sites","sites_3","ZIPLN","BIC","0.06","0.8863125","0.550146405513049","0","0",NA,"0","23.068710565567"
"2013","2","300","20","community","sites","sites_3","PLN","BIC","0.16","0.4529","0.287978307968582","0.644","0.7","0.057","0.105","0.856591701507568"
"2014","2","300","20","community","sites","sites_3","ZIPLN","BIC","0.07","0.8317","0.596252962478519","0","0.2","1","0.333","20.4269397258759"
"2015","3","300","20","community","sites","sites_3","PLN","BIC","0.19","0.4962435","0.307659110350008","0.615","0.75","0.101","0.178","0.83811616897583"
"2016","3","300","20","community","sites","sites_3","ZIPLN","BIC","0.1","0.8437475","0.577406991269863","0","0",NA,"0","22.3692195415497"
"2017","4","300","20","community","sites","sites_3","PLN","BIC","0.16","0.40525","0.301578513468483","0.667","0.4","0.032","0.06","0.897552728652954"
"2018","4","300","20","community","sites","sites_3","ZIPLN","BIC","0.08","0.93805","0.556632880946648","0","0",NA,"0","21.9086711406708"
"2019","5","300","20","community","sites","sites_3","PLN","BIC","0.18","0.429943","0.303679979296327","0.667","0.5","0.065","0.114","0.94383716583252"
"2020","5","300","20","community","sites","sites_3","ZIPLN","BIC","0.08","0.786043","0.598279636008889","0","0",NA,"0","24.174649477005"
"2021","6","300","20","community","sites","sites_3","PLN","BIC","0.12","0.3491","0.292718573902072","0.665","0.2","0.008","0.016","0.862251758575439"
"2022","6","300","20","community","sites","sites_3","ZIPLN","BIC","0.05","0.8703","0.526480778091019","0","0",NA,"0","22.7426722049713"
"2023","7","300","20","community","sites","sites_3","PLN","BIC","0.15","0.432251","0.29698085270487","0.696","0.556","0.038","0.071","0.791663646697998"
"2024","7","300","20","community","sites","sites_3","ZIPLN","BIC","0.06","0.8630645","0.600167995152219","0","0",NA,"0","24.1614921092987"
"2025","8","300","20","community","sites","sites_3","PLN","BIC","0.22","0.5090825","0.290186278540475","0.617","0.733","0.092","0.164","0.779741048812866"
"2026","8","300","20","community","sites","sites_3","ZIPLN","BIC","0.09","0.7705125","0.687056633039979","0.011","0.2","0.6","0.3","21.2051956653595"
"2027","9","300","20","community","sites","sites_3","PLN","BIC","0.17","0.426795","0.291740819084265","0.65","0.538","0.057","0.104","0.800459384918213"
"2028","9","300","20","community","sites","sites_3","ZIPLN","BIC","0.08","0.9312945","0.594469534423432","0","0",NA,"0","24.0595290660858"
"2029","10","300","20","community","sites","sites_3","PLN","BIC","0.15","0.42615","0.306117821450979","0.622","0.4","0.034","0.063","0.502106189727783"
"2030","10","300","20","community","sites","sites_3","ZIPLN","BIC","0.07","0.84775","0.585787329280048","0","0.3","1","0.462","22.7012102603912"
"2031","11","300","20","community","sites","sites_3","PLN","BIC","0.17","0.429636","0.301116151377687","0.638","0.538","0.058","0.105","0.683382749557495"
"2032","11","300","20","community","sites","sites_3","ZIPLN","BIC","0.08","0.899188","0.60283296021954","0","0",NA,"0","24.3363792896271"
"2033","12","300","20","community","sites","sites_3","PLN","BIC","0.17","0.561007","0.283852547242837","0.665","0.818","0.07","0.129","0.764332294464111"
"2034","12","300","20","community","sites","sites_3","ZIPLN","BIC","0.08","0.797813","0.585189544880464","0","0.182","1","0.308","23.7872807979584"
"2035","13","300","20","community","sites","sites_3","PLN","BIC","0.14","0.585031","0.30468460711715","0.718","0.778","0.051","0.096","0.696806907653809"
"2036","13","300","20","community","sites","sites_3","ZIPLN","BIC","0.05","0.7445085","0.565391491090243","0","0",NA,"0","22.1906244754791"
"2037","14","300","20","community","sites","sites_3","PLN","BIC","0.16","0.466789","0.313246979314152","0.597","0.778","0.061","0.113","0.849694013595581"
"2038","14","300","20","community","sites","sites_3","ZIPLN","BIC","0.05","0.876765","0.638712704445207","0","0",NA,"0","24.5204305648804"
"2039","15","300","20","community","sites","sites_3","PLN","BIC","0.18","0.532414","0.307461813915709","0","0",NA,"0","1.73987770080566"
"2040","15","300","20","community","sites","sites_3","ZIPLN","BIC","0.09","0.7888705","0.58810045297716","0","0",NA,"0","24.4759955406189"
"2041","16","300","20","community","sites","sites_3","PLN","BIC","0.18","0.543814","0.293280567922148","0.59","0.588","0.089","0.155","1.00778079032898"
"2042","16","300","20","community","sites","sites_3","ZIPLN","BIC","0.09","0.898657","0.580562217473346","0","0",NA,"0","24.3165304660797"
"2043","17","300","20","community","sites","sites_3","PLN","BIC","0.17","0.5216895","0.30542750002058","0.749","0.8","0.084","0.152","0.855798482894897"
"2044","17","300","20","community","sites","sites_3","ZIPLN","BIC","0.09","0.916765","0.557843110205515","0","0.133","1","0.235","25.329026222229"
"2045","18","300","20","community","sites","sites_3","PLN","BIC","0.17","0.5227515","0.290312986056628","0.607","0.765","0.11","0.193","0.501784563064575"
"2046","18","300","20","community","sites","sites_3","ZIPLN","BIC","0.09","0.842033","0.559013651273897","0","0",NA,"0","22.7390587329865"
"2047","19","300","20","community","sites","sites_3","PLN","BIC","0.19","0.5724345","0.306943279292199","0.684","0.875","0.105","0.188","0.780728101730347"
"2048","19","300","20","community","sites","sites_3","ZIPLN","BIC","0.1","0.880648","0.598928141275374","0","0",NA,"0","24.0312962532043"
"2049","20","300","20","community","sites","sites_3","PLN","BIC","0.19","0.622831","0.291879789763453","0.634","0.733","0.09","0.161","0.804690599441528"
"2050","20","300","20","community","sites","sites_3","ZIPLN","BIC","0.1","0.7796245","0.602967497271173","0","0",NA,"0","24.7839698791504"
"2051","21","300","20","community","sites","sites_3","PLN","BIC","0.2","0.654417","0.294060299846119","0.571","0.733","0.099","0.175","1.10223484039307"
"2052","21","300","20","community","sites","sites_3","ZIPLN","BIC","0.1","0.8907075","0.613802736906116","0","0.133","1","0.235","22.8359444141388"
"2053","22","300","20","community","sites","sites_3","PLN","BIC","0.15","0.6407275","0.302982257472951","0.575","0.636","0.064","0.116","0.875827074050903"
"2054","22","300","20","community","sites","sites_3","ZIPLN","BIC","0.07","0.899354","0.543429106208139","0","0",NA,"0","19.4649331569672"
"2055","23","300","20","community","sites","sites_3","PLN","BIC","0.2","0.460295","0.291874271086382","0.626","0.625","0.084","0.148","0.718331575393677"
"2056","23","300","20","community","sites","sites_3","ZIPLN","BIC","0.09","0.7899605","0.631505195620723","0","0",NA,"0","23.033433675766"
"2057","24","300","20","community","sites","sites_3","PLN","BIC","0.12","0.5522505","0.312198499066069","0.617","0.857","0.05","0.095","0.893058061599731"
"2058","24","300","20","community","sites","sites_3","ZIPLN","BIC","0.05","0.794583","0.541483471977636","0","0",NA,"0","24.4931697845459"
"2059","25","300","20","community","sites","sites_3","PLN","BIC","0.21","0.47524","0.286804480215414","0.599","0.692","0.078","0.141","0.775312662124634"
"2060","25","300","20","community","sites","sites_3","ZIPLN","BIC","0.1","0.858849","0.649114542112508","0","0",NA,"0","22.9499039649963"
"2061","26","300","20","community","sites","sites_3","PLN","BIC","0.15","0.4919","0.297393389182103","0.672","0.7","0.055","0.101","0.77473258972168"
"2062","26","300","20","community","sites","sites_3","ZIPLN","BIC","0.06","0.8661","0.6003015131402","0","0",NA,"0","22.0813527107239"
"2063","27","300","20","community","sites","sites_3","PLN","BIC","0.19","0.452759","0.304846456770842","0.653","0.571","0.065","0.117","0.765336990356445"
"2064","27","300","20","community","sites","sites_3","ZIPLN","BIC","0.1","0.8138805","0.604772390609856","0","0",NA,"0","21.2947959899902"
"2065","28","300","20","community","sites","sites_3","PLN","BIC","0.19","0.485879","0.288533920985586","0.686","0.533","0.062","0.112","0.532467842102051"
"2066","28","300","20","community","sites","sites_3","ZIPLN","BIC","0.1","0.8010105","0.601589383657336","0","0",NA,"0","17.5707070827484"
"2067","29","300","20","community","sites","sites_3","PLN","BIC","0.17","0.6063295","0.29927967236241","0.763","0.846","0.075","0.138","0.766660690307617"
"2068","29","300","20","community","sites","sites_3","ZIPLN","BIC","0.08","0.863446","0.574669817791218","0","0",NA,"0","18.8774073123932"
"2069","30","300","20","community","sites","sites_3","PLN","BIC","0.17","0.553239","0.304956671749989","0.631","0.571","0.067","0.12","0.818174123764038"
"2070","30","300","20","community","sites","sites_3","ZIPLN","BIC","0.08","0.832218","0.591358151700435","0","0",NA,"0","20.1634724140167"
"2071","1","300","20","community","sites","sites_4","PLN","BIC","0.17","0.5653","0.280685494788736","0.589","0.7","0.062","0.114","0.925621032714844"
"2072","1","300","20","community","sites","sites_4","ZIPLN","BIC","0.06","0.71215","0.577244565628545","0","0",NA,"0","18.2895410060883"
"2073","2","300","20","community","sites","sites_4","PLN","BIC","0.17","0.6122","0.274896660749492","0.728","0.8","0.058","0.107","0.8312668800354"
"2074","2","300","20","community","sites","sites_4","ZIPLN","BIC","0.08","0.8569","0.552310390806643","0","0",NA,"0","24.5785279273987"
"2075","3","300","20","community","sites","sites_4","PLN","BIC","0.22","0.512696","0.286028714936417","0.645","0.611","0.09","0.157","0.768103361129761"
"2076","3","300","20","community","sites","sites_4","ZIPLN","BIC","0.12","0.8646965","0.600907065379534","0","0",NA,"0","22.9410092830658"
"2077","4","300","20","community","sites","sites_4","PLN","BIC","0.16","0.5591505","0.305183627697328","0.626","0.455","0.043","0.078","0.863739490509033"
"2078","4","300","20","community","sites","sites_4","ZIPLN","BIC","0.08","0.730823","0.53579258070586","0","0",NA,"0","24.3997564315796"
"2079","5","300","20","community","sites","sites_4","PLN","BIC","0.15","0.4558155","0.285914361575758","0","0",NA,"0","3.7291419506073"
"2080","5","300","20","community","sites","sites_4","ZIPLN","BIC","0.06","0.7045345","0.534461292673682","0","0",NA,"0","23.8226380348206"
"2081","6","300","20","community","sites","sites_4","PLN","BIC","0.17","0.4040465","0.284018007153319","0.637","0.455","0.042","0.077","0.890801906585693"
"2082","6","300","20","community","sites","sites_4","ZIPLN","BIC","0.07","0.86346","0.601883062498127","0","0",NA,"0","23.7798140048981"
"2083","7","300","20","community","sites","sites_4","PLN","BIC","0.21","0.549382","0.290797805862841","0.644","0.688","0.089","0.158","0.557667016983032"
"2084","7","300","20","community","sites","sites_4","ZIPLN","BIC","0.12","0.8901545","0.561181908113731","0","0",NA,"0","23.2299036979675"
"2085","8","300","20","community","sites","sites_4","PLN","BIC","0.17","0.5483","0.276817996915315","0.622","0.6","0.051","0.094","0.815099000930786"
"2086","8","300","20","community","sites","sites_4","ZIPLN","BIC","0.08","0.86865","0.556098168785465","0","0",NA,"0","23.771614074707"
"2087","9","300","20","community","sites","sites_4","PLN","BIC","0.16","0.395489","0.284966810213782","0.034","0","0","0","2.21508765220642"
"2088","9","300","20","community","sites","sites_4","ZIPLN","BIC","0.06","0.6770825","0.581214990813888","0","0",NA,"0","22.9914729595184"
"2089","10","300","20","community","sites","sites_4","PLN","BIC","0.15","0.707605","0.284350876400772","0.691","0.778","0.053","0.099","0.814773797988892"
"2090","10","300","20","community","sites","sites_4","ZIPLN","BIC","0.06","0.8874985","0.567131117921373","0","0",NA,"0","23.58185338974"
"2091","11","300","20","community","sites","sites_4","PLN","BIC","0.15","0.3385625","0.286018873353593","0.67","0.125","0.008","0.015","0.894056558609009"
"2092","11","300","20","community","sites","sites_4","ZIPLN","BIC","0.06","0.76","0.541859508782568","0","0",NA,"0","23.4008004665375"
"2093","12","300","20","community","sites","sites_4","PLN","BIC","0.17","0.5482805","0.303895149195027","0.648","0.5","0.058","0.104","0.753570079803467"
"2094","12","300","20","community","sites","sites_4","ZIPLN","BIC","0.09","0.9064095","0.560242705241377","0","0",NA,"0","23.7729110717773"
"2095","13","300","20","community","sites","sites_4","PLN","BIC","0.13","0.466375","0.282515077082792","0.652","0.5","0.024","0.047","0.793862342834473"
"2096","13","300","20","community","sites","sites_4","ZIPLN","BIC","0.04","0.7775435","0.533751057059686","0","0.167","1","0.286","23.7784929275513"
"2097","14","300","20","community","sites","sites_4","PLN","BIC","0.18","0.4853635","0.263217234549256","0.626","0.636","0.059","0.108","0.791851997375488"
"2098","14","300","20","community","sites","sites_4","ZIPLN","BIC","0.06","0.7206385","0.587375803671475","0","0",NA,"0","23.9635760784149"
"2099","15","300","20","community","sites","sites_4","PLN","BIC","0.18","0.4566375","0.269984276266908","0.657","0.5","0.049","0.089","0.796836376190186"
"2100","15","300","20","community","sites","sites_4","ZIPLN","BIC","0.07","0.8676535","0.6050768793904","0","0",NA,"0","23.4323816299438"
"2101","16","300","20","community","sites","sites_4","PLN","BIC","0.16","0.44515","0.301197882954663","0.678","0.5","0.039","0.073","0.902317523956299"
"2102","16","300","20","community","sites","sites_4","ZIPLN","BIC","0.08","0.9102","0.538408219823902","0","0",NA,"0","23.6279227733612"
"2103","17","300","20","community","sites","sites_4","PLN","BIC","0.14","0.42925","0.276323988771927","0.637","0.5","0.033","0.062","0.982243776321411"
"2104","17","300","20","community","sites","sites_4","ZIPLN","BIC","0.05","0.670625","0.53617041092131","0","0",NA,"0","23.8531584739685"
"2105","18","300","20","community","sites","sites_4","PLN","BIC","0.2","0.471256","0.284853812879725","0.333","0.231","0.048","0.08","2.12075853347778"
"2106","18","300","20","community","sites","sites_4","ZIPLN","BIC","0.09","0.7845675","0.622172590613226","0","0",NA,"0","23.7053380012512"
"2107","19","300","20","community","sites","sites_4","PLN","BIC","0.15","0.3697","0.271250032030884","0.644","0.3","0.025","0.047","0.844464302062988"
"2108","19","300","20","community","sites","sites_4","ZIPLN","BIC","0.05","0.7474","0.539518722242811","0","0",NA,"0","23.1712334156036"
"2109","20","300","20","community","sites","sites_4","PLN","BIC","0.17","0.526074","0.272700323153069","0.593","0.846","0.095","0.171","0.816444635391235"
"2110","20","300","20","community","sites","sites_4","ZIPLN","BIC","0.07","0.854608","0.583611973740096","0","0",NA,"0","23.5393068790436"
"2111","21","300","20","community","sites","sites_4","PLN","BIC","0.2","0.4637655","0.279005347344272","0.623","0.533","0.068","0.121","0.789857864379883"
"2112","21","300","20","community","sites","sites_4","ZIPLN","BIC","0.09","0.9055945","0.596657257366085","0","0",NA,"0","22.1439237594604"
"2113","22","300","20","community","sites","sites_4","PLN","BIC","0.15","0.48475","0.272893831681928","0.628","0.7","0.058","0.108","0.752886772155762"
"2114","22","300","20","community","sites","sites_4","ZIPLN","BIC","0.06","0.89555","0.548385786510936","0","0",NA,"0","23.5214107036591"
"2115","23","300","20","community","sites","sites_4","PLN","BIC","0.21","0.5126265","0.291442940139609","0.634","0.667","0.083","0.147","0.783427715301514"
"2116","23","300","20","community","sites","sites_4","ZIPLN","BIC","0.11","0.9373905","0.624730836308651","0","0",NA,"0","22.3545272350311"
"2117","24","300","20","community","sites","sites_4","PLN","BIC","0.14","0.4145225","0.27409057945855","0.221","0.333","0.07","0.115","3.02944087982178"
"2118","24","300","20","community","sites","sites_4","ZIPLN","BIC","0.06","0.909646","0.511281319902284","0","0",NA,"0","23.0806283950806"
"2119","25","300","20","community","sites","sites_4","PLN","BIC","0.18","0.327406","0.280600221674071","0.64","0.417","0.042","0.076","0.528689384460449"
"2120","25","300","20","community","sites","sites_4","ZIPLN","BIC","0.07","0.814729","0.602858092386592","0","0",NA,"0","22.0636479854584"
"2121","26","300","20","community","sites","sites_4","PLN","BIC","0.17","0.5038415","0.269352046925195","0.674","0.583","0.055","0.101","0.784248352050781"
"2122","26","300","20","community","sites","sites_4","ZIPLN","BIC","0.08","0.8552245","0.548873124576217","0","0",NA,"0","20.3038775920868"
"2123","27","300","20","community","sites","sites_4","PLN","BIC","0.19","0.516141","0.287264062976947","0.589","0.6","0.08","0.142","0.826414585113525"
"2124","27","300","20","community","sites","sites_4","ZIPLN","BIC","0.1","0.931159","0.579061684235843","0","0",NA,"0","22.3123190402985"
"2125","28","300","20","community","sites","sites_4","PLN","BIC","0.14","0.47175","0.281029949831977","0.633","0.5","0.042","0.078","0.870215177536011"
"2126","28","300","20","community","sites","sites_4","ZIPLN","BIC","0.06","0.65455","0.541086485091184","0","0",NA,"0","21.3838255405426"
"2127","29","300","20","community","sites","sites_4","PLN","BIC","0.17","0.48838","0.278730033889573","0.59","0.667","0.071","0.128","0.542935609817505"
"2128","29","300","20","community","sites","sites_4","ZIPLN","BIC","0.08","0.793245","0.563595190364134","0","0",NA,"0","17.016371011734"
"2129","30","300","20","community","sites","sites_4","PLN","BIC","0.18","0.632426","0.272443414451137","0.582","0.846","0.096","0.173","0.798139810562134"
"2130","30","300","20","community","sites","sites_4","ZIPLN","BIC","0.08","0.8316005","0.581718296954827","0","0",NA,"0","21.031147480011"
"2131","1","300","50","community","sites","sites_1","PLN","BIC","0.12","0.8277765","0.730148203459963","0.028","0.44","0.556","0.491","3.46212339401245"
"2132","1","300","50","community","sites","sites_1","ZIPLN","BIC","0.07","0.899849","0.87216700632128","0.054","0.714","0.516","0.599","1.0253603498141"
"2133","2","300","50","community","sites","sites_1","PLN","BIC","0.13","0.8536995","0.741227258760848","0.012","0.448","0.736","0.557","3.40157389640808"
"2134","2","300","50","community","sites","sites_1","ZIPLN","BIC","0.06","0.9012945","0.890234545606582","0.072","0.77","0.45","0.568","57.4474041461945"
"2135","3","300","50","community","sites","sites_1","PLN","BIC","0.14","0.773576","0.705874421598239","0.111","0.561","0.306","0.396","4.06280159950256"
"2136","3","300","50","community","sites","sites_1","ZIPLN","BIC","0.09","0.849712","0.858155972733804","0.088","0.633","0.385","0.479","1.02021636962891"
"2137","4","300","50","community","sites","sites_1","PLN","BIC","0.12","0.8722325","0.699169267266643","0.063","0.686","0.45","0.544","3.84850287437439"
"2138","4","300","50","community","sites","sites_1","ZIPLN","BIC","0.06","0.8746345","0.839405852956606","0.084","0.779","0.411","0.538","55.1417212486267"
"2139","5","300","50","community","sites","sites_1","PLN","BIC","0.1","0.8331905","0.757575610625522","0.02","0.462","0.566","0.508","3.32231163978577"
"2140","5","300","50","community","sites","sites_1","ZIPLN","BIC","0.05","0.894474","0.898096000580199","0.043","0.662","0.462","0.544","51.2900893688202"
"2141","6","300","50","community","sites","sites_1","PLN","BIC","0.12","0.869373","0.683877725092606","0.088","0.712","0.34","0.46","3.50878000259399"
"2142","6","300","50","community","sites","sites_1","ZIPLN","BIC","0.07","0.8874895","0.81136155428912","0.08","0.726","0.366","0.486","1.06357114712397"
"2143","7","300","50","community","sites","sites_1","PLN","BIC","0.11","0.871146","0.722758406373934","0.022","0.519","0.615","0.563","2.90556406974792"
"2144","7","300","50","community","sites","sites_1","ZIPLN","BIC","0.06","0.919995","0.843025192803684","0.073","0.792","0.421","0.55","56.2877376079559"
"2145","8","300","50","community","sites","sites_1","PLN","BIC","0.11","0.833897","0.720290634969158","0.031","0.462","0.514","0.487","3.91146755218506"
"2146","8","300","50","community","sites","sites_1","ZIPLN","BIC","0.05","0.9068795","0.869720438283504","0.086","0.8","0.395","0.529","1.01461226542791"
"2147","9","300","50","community","sites","sites_1","PLN","BIC","0.11","0.865188","0.711330161356207","0.035","0.592","0.512","0.549","3.13626861572266"
"2148","9","300","50","community","sites","sites_1","ZIPLN","BIC","0.06","0.8912405","0.871279923591256","0.062","0.775","0.437","0.558","50.0554115772247"
"2149","10","300","50","community","sites","sites_1","PLN","BIC","0.13","0.853821","0.701472438148915","0.048","0.686","0.462","0.552","3.99813628196716"
"2150","10","300","50","community","sites","sites_1","ZIPLN","BIC","0.07","0.8805795","0.8173228925717","0.138","0.814","0.264","0.399","1.05671527783076"
"2151","11","300","50","community","sites","sites_1","PLN","BIC","0.11","0.8152305","0.738965862318827","0.007","0.351","0.771","0.482","1.92329812049866"
"2152","11","300","50","community","sites","sites_1","ZIPLN","BIC","0.06","0.878576","0.886574192198309","0.035","0.701","0.574","0.632","1.08560362259547"
"2153","12","300","50","community","sites","sites_1","PLN","BIC","0.14","0.796452","0.68098505316625","0.061","0.488","0.378","0.426","3.4227876663208"
"2154","12","300","50","community","sites","sites_1","ZIPLN","BIC","0.08","0.879478","0.820817133218042","0.091","0.663","0.354","0.462","1.05469120343526"
"2155","13","300","50","community","sites","sites_1","PLN","BIC","0.11","0.858042","0.723866095502446","0.031","0.551","0.551","0.551","2.87922739982605"
"2156","13","300","50","community","sites","sites_1","ZIPLN","BIC","0.06","0.88817","0.856125247969695","0.054","0.718","0.475","0.571","48.0516519546509"
"2157","14","300","50","community","sites","sites_1","PLN","BIC","0.12","0.853777","0.719410793996825","0.03","0.538","0.553","0.545","2.30007886886597"
"2158","14","300","50","community","sites","sites_1","ZIPLN","BIC","0.06","0.8935835","0.851528182767947","0.039","0.731","0.559","0.633","43.1770756244659"
"2159","15","300","50","community","sites","sites_1","PLN","BIC","0.11","0.783911","0.725462328504002","0.046","0.548","0.43","0.482","1.9667866230011"
"2160","15","300","50","community","sites","sites_1","ZIPLN","BIC","0.06","0.895098","0.877612431813804","0.043","0.63","0.479","0.544","56.0044581890106"
"2161","16","300","50","community","sites","sites_1","PLN","BIC","0.12","0.868831","0.731830427894349","0.023","0.566","0.614","0.589","3.33480358123779"
"2162","16","300","50","community","sites","sites_1","ZIPLN","BIC","0.06","0.935337","0.866955965051428","0.037","0.737","0.571","0.644","59.4125969409943"
"2163","17","300","50","community","sites","sites_1","PLN","BIC","0.13","0.8431645","0.710975492967404","0.098","0.624","0.343","0.443","3.24324440956116"
"2164","17","300","50","community","sites","sites_1","ZIPLN","BIC","0.07","0.904331","0.852758726505083","0.061","0.731","0.496","0.591","57.6402769088745"
"2165","18","300","50","community","sites","sites_1","PLN","BIC","0.12","0.76668","0.739329546872624","0.034","0.437","0.494","0.463","3.27159857749939"
"2166","18","300","50","community","sites","sites_1","ZIPLN","BIC","0.07","0.837121","0.907735996717721","0.034","0.54","0.547","0.543","58.5993490219116"
"2167","19","300","50","community","sites","sites_1","PLN","BIC","0.11","0.7817765","0.736634894527742","0.016","0.342","0.591","0.433","2.36139416694641"
"2168","19","300","50","community","sites","sites_1","ZIPLN","BIC","0.05","0.89952","0.861114656077348","0.062","0.711","0.432","0.537","1.04088294903437"
"2169","20","300","50","community","sites","sites_1","PLN","BIC","0.14","0.8438775","0.727237944648485","0.054","0.529","0.43","0.474","2.78785991668701"
"2170","20","300","50","community","sites","sites_1","ZIPLN","BIC","0.07","0.893999","0.903915280100131","0.065","0.736","0.464","0.569","59.1905171871185"
"2171","21","300","50","community","sites","sites_1","PLN","BIC","0.14","0.8318085","0.760842151488082","0.003","0.215","0.87","0.345","3.4083526134491"
"2172","21","300","50","community","sites","sites_1","ZIPLN","BIC","0.08","0.9051255","0.922743402575929","0.035","0.667","0.608","0.636","49.1958599090576"
"2173","22","300","50","community","sites","sites_1","PLN","BIC","0.1","0.860433","0.701024582387086","0.044","0.507","0.4","0.447","3.56760931015015"
"2174","22","300","50","community","sites","sites_1","ZIPLN","BIC","0.06","0.9035225","0.826309522975608","0.044","0.657","0.463","0.543","1.03355029026667"
"2175","23","300","50","community","sites","sites_1","PLN","BIC","0.12","0.822164","0.674976625393557","0.05","0.538","0.424","0.475","3.65661787986755"
"2176","23","300","50","community","sites","sites_1","ZIPLN","BIC","0.08","0.8514465","0.807757245729068","0.043","0.603","0.49","0.54","1.01504592895508"
"2177","24","300","50","community","sites","sites_1","PLN","BIC","0.13","0.847212","0.703634304621818","0.052","0.587","0.478","0.527","3.34270238876343"
"2178","24","300","50","community","sites","sites_1","ZIPLN","BIC","0.06","0.9095005","0.862328879457737","0.077","0.826","0.466","0.596","1.01806229352951"
"2179","25","300","50","community","sites","sites_1","PLN","BIC","0.12","0.85294","0.697621269129785","0.081","0.631","0.366","0.463","3.68578004837036"
"2180","25","300","50","community","sites","sites_1","ZIPLN","BIC","0.07","0.9004595","0.829710514460589","0.089","0.75","0.384","0.508","56.4002277851105"
"2181","26","300","50","community","sites","sites_1","PLN","BIC","0.12","0.8213705","0.712768128706897","0.037","0.476","0.488","0.482","2.72522306442261"
"2182","26","300","50","community","sites","sites_1","ZIPLN","BIC","0.07","0.8809105","0.837030619183727","0.079","0.69","0.392","0.5","54.4203858375549"
"2183","27","300","50","community","sites","sites_1","PLN","BIC","0.13","0.8518165","0.769787891608662","0.018","0.372","0.604","0.46","2.42746138572693"
"2184","27","300","50","community","sites","sites_1","ZIPLN","BIC","0.06","0.8759035","0.947783200500729","0.089","0.733","0.384","0.504","55.7324969768524"
"2185","28","300","50","community","sites","sites_1","PLN","BIC","0.12","0.847393","0.718067700445991","0.039","0.488","0.488","0.488","3.00794124603271"
"2186","28","300","50","community","sites","sites_1","ZIPLN","BIC","0.07","0.887064","0.833648332547959","0.07","0.733","0.441","0.55","1.02901295026143"
"2187","29","300","50","community","sites","sites_1","PLN","BIC","0.12","0.873283","0.728704130602525","0.042","0.615","0.5","0.552","2.88399410247803"
"2188","29","300","50","community","sites","sites_1","ZIPLN","BIC","0.06","0.916876","0.885949794564681","0.053","0.769","0.496","0.603","57.6004936695099"
"2189","30","300","50","community","sites","sites_1","PLN","BIC","0.13","0.792375","0.740089324345904","0.087","0.598","0.357","0.447","2.29146790504456"
"2190","30","300","50","community","sites","sites_1","ZIPLN","BIC","0.07","0.8791725","0.919231450429227","0.07","0.707","0.451","0.551","42.955358505249"
"2191","1","300","50","community","sites","sites_2","PLN","BIC","0.15","0.6044255","0.483888807615482","0.001","0.056","0.8","0.105","5.39380168914795"
"2192","1","300","50","community","sites","sites_2","ZIPLN","BIC","0.07","0.8147755","0.762739858319611","0.045","0.549","0.429","0.481","59.2824897766113"
"2193","2","300","50","community","sites","sites_2","PLN","BIC","0.16","0.618202","0.486642671581988","0","0",NA,"0","5.56097435951233"
"2194","2","300","50","community","sites","sites_2","ZIPLN","BIC","0.08","0.906485","0.748298986017939","0.041","0.643","0.535","0.584","55.4130458831787"
"2195","3","300","50","community","sites","sites_2","PLN","BIC","0.15","0.648505","0.48308944094118","0","0",NA,"0","5.2116379737854"
"2196","3","300","50","community","sites","sites_2","ZIPLN","BIC","0.06","0.909014","0.770243436707161","0.052","0.714","0.455","0.556","1.014750512441"
"2197","4","300","50","community","sites","sites_2","PLN","BIC","0.17","0.6140825","0.482407417542622","0","0",NA,"0","5.63999938964844"
"2198","4","300","50","community","sites","sites_2","ZIPLN","BIC","0.08","0.863927","0.778209786675305","0.033","0.494","0.537","0.515","1.04778152306875"
"2199","5","300","50","community","sites","sites_2","PLN","BIC","0.16","0.536015","0.488156019212965","0","0",NA,"0","5.6633517742157"
"2200","5","300","50","community","sites","sites_2","ZIPLN","BIC","0.08","0.8316145","0.78732042489632","0.021","0.547","0.631","0.586","55.5081806182861"
"2201","6","300","50","community","sites","sites_2","PLN","BIC","0.16","0.6225595","0.48758311042145","0","0",NA,"0","5.49571990966797"
"2202","6","300","50","community","sites","sites_2","ZIPLN","BIC","0.07","0.899984","0.759891108444985","0.052","0.667","0.504","0.574","1.0078440507253"
"2203","7","300","50","community","sites","sites_2","PLN","BIC","0.16","0.626014","0.493594895763265","0.001","0","0","0","5.09299182891846"
"2204","7","300","50","community","sites","sites_2","ZIPLN","BIC","0.07","0.856517","0.79945979727965","0.054","0.706","0.496","0.583","59.3013501167297"
"2205","8","300","50","community","sites","sites_2","PLN","BIC","0.18","0.5484325","0.502422266887175","0","0",NA,"0","4.43491291999817"
"2206","8","300","50","community","sites","sites_2","ZIPLN","BIC","0.08","0.8751835","0.857050498262278","0.036","0.606","0.582","0.594","57.084930896759"
"2207","9","300","50","community","sites","sites_2","PLN","BIC","0.18","0.58325","0.488339982236155","0","0",NA,"0","4.6694221496582"
"2208","9","300","50","community","sites","sites_2","ZIPLN","BIC","0.08","0.847489","0.841415353326235","0.022","0.46","0.615","0.526","1.01741105715434"
"2209","10","300","50","community","sites","sites_2","PLN","BIC","0.16","0.6466405","0.501735119566625","0","0",NA,"0","4.99528980255127"
"2210","10","300","50","community","sites","sites_2","ZIPLN","BIC","0.06","0.9008445","0.828752327085208","0.036","0.667","0.512","0.579","1.01288975477219"
"2211","11","300","50","community","sites","sites_2","PLN","BIC","0.15","0.6593345","0.476347521842715","0","0",NA,"0","5.23601102828979"
"2212","11","300","50","community","sites","sites_2","ZIPLN","BIC","0.08","0.808846","0.727960562195812","0.031","0.521","0.514","0.517","47.4209094047546"
"2213","12","300","50","community","sites","sites_2","PLN","BIC","0.16","0.6307885","0.484040601154257","0","0",NA,"0","5.75682950019836"
"2214","12","300","50","community","sites","sites_2","ZIPLN","BIC","0.07","0.7887755","0.771397806682665","0.063","0.5","0.398","0.443","58.8619203567505"
"2215","13","300","50","community","sites","sites_2","PLN","BIC","0.17","0.6368","0.505911936752856","0","0.01","1","0.021","4.85451316833496"
"2216","13","300","50","community","sites","sites_2","ZIPLN","BIC","0.08","0.8594955","0.753690533581795","0.075","0.656","0.426","0.516","1.04876953363419"
"2217","14","300","50","community","sites","sites_2","PLN","BIC","0.16","0.6109455","0.481630486310898","0","0",NA,"0","3.96374726295471"
"2218","14","300","50","community","sites","sites_2","ZIPLN","BIC","0.07","0.875918","0.792757006116009","0.03","0.685","0.595","0.637","57.9236660003662"
"2219","15","300","50","community","sites","sites_2","PLN","BIC","0.14","0.5851425","0.477141380847917","0","0",NA,"0","5.27495670318604"
"2220","15","300","50","community","sites","sites_2","ZIPLN","BIC","0.06","0.8599915","0.747309561865934","0.066","0.677","0.367","0.476","1.02694174846013"
"2221","16","300","50","community","sites","sites_2","PLN","BIC","0.18","0.6572465","0.480116746383662","0.001","0.053","0.833","0.099","4.89092135429382"
"2222","16","300","50","community","sites","sites_2","ZIPLN","BIC","0.08","0.837732","0.787373885699357","0.085","0.684","0.404","0.508","56.1257970333099"
"2223","17","300","50","community","sites","sites_2","PLN","BIC","0.17","0.648004","0.505332179139976","0","0.013","1","0.025","4.97903895378113"
"2224","17","300","50","community","sites","sites_2","ZIPLN","BIC","0.08","0.839398","0.770327757463539","0.052","0.625","0.459","0.529","1.01632553736369"
"2225","18","300","50","community","sites","sites_2","PLN","BIC","0.16","0.6406745","0.488502947919819","0","0",NA,"0","6.01006770133972"
"2226","18","300","50","community","sites","sites_2","ZIPLN","BIC","0.08","0.856585","0.76488013475402","0.053","0.563","0.45","0.5","1.06267255147298"
"2227","19","300","50","community","sites","sites_2","PLN","BIC","0.19","0.5657855","0.483593361428997","0","0",NA,"0","5.66109299659729"
"2228","19","300","50","community","sites","sites_2","ZIPLN","BIC","0.09","0.838126","0.795914608915898","0.041","0.457","0.483","0.47","58.0440244674683"
"2229","20","300","50","community","sites","sites_2","PLN","BIC","0.14","0.610231","0.478562702952521","0","0",NA,"0","5.19425559043884"
"2230","20","300","50","community","sites","sites_2","ZIPLN","BIC","0.06","0.880335","0.776554051480024","0.062","0.691","0.395","0.503","1.0248628338178"
"2231","21","300","50","community","sites","sites_2","PLN","BIC","0.16","0.6339725","0.483959170886961","0","0",NA,"0","5.51824641227722"
"2232","21","300","50","community","sites","sites_2","ZIPLN","BIC","0.08","0.9142435","0.758265245477212","0.045","0.678","0.545","0.604","1.02799968322118"
"2233","22","300","50","community","sites","sites_2","PLN","BIC","0.14","0.5814585","0.472538130263863","0","0",NA,"0","5.46717834472656"
"2234","22","300","50","community","sites","sites_2","ZIPLN","BIC","0.06","0.8914105","0.751711709794834","0.017","0.688","0.688","0.688","56.9569981098175"
"2235","23","300","50","community","sites","sites_2","PLN","BIC","0.17","0.579401","0.482762518694747","0","0.011","1","0.021","5.51742601394653"
"2236","23","300","50","community","sites","sites_2","ZIPLN","BIC","0.08","0.84582","0.795004545257907","0.045","0.579","0.519","0.547","56.4123201370239"
"2237","24","300","50","community","sites","sites_2","PLN","BIC","0.17","0.6504285","0.495930578835333","0","0.012","1","0.024","3.24670624732971"
"2238","24","300","50","community","sites","sites_2","ZIPLN","BIC","0.08","0.883825","0.769107794605848","0.07","0.671","0.407","0.507","52.4689559936523"
"2239","25","300","50","community","sites","sites_2","PLN","BIC","0.17","0.6054685","0.513176355076328","0","0",NA,"0","3.34553575515747"
"2240","25","300","50","community","sites","sites_2","ZIPLN","BIC","0.08","0.906644","0.837583878385712","0.031","0.588","0.566","0.577","43.2211594581604"
"2241","26","300","50","community","sites","sites_2","PLN","BIC","0.14","0.667667","0.473066420932141","0.001","0.031","0.667","0.06","5.50422549247742"
"2242","26","300","50","community","sites","sites_2","ZIPLN","BIC","0.06","0.9001095","0.73125522516487","0.071","0.828","0.39","0.53","48.6916301250458"
"2243","27","300","50","community","sites","sites_2","PLN","BIC","0.16","0.6047775","0.50151269071755","0","0",NA,"0","5.28952479362488"
"2244","27","300","50","community","sites","sites_2","ZIPLN","BIC","0.07","0.868654","0.831461244711854","0.038","0.597","0.511","0.551","58.2665038108826"
"2245","28","300","50","community","sites","sites_2","PLN","BIC","0.15","0.7007355","0.476947837205853","0","0",NA,"0","5.05959153175354"
"2246","28","300","50","community","sites","sites_2","ZIPLN","BIC","0.06","0.8641375","0.769977312680454","0.082","0.691","0.331","0.448","59.8064696788788"
"2247","29","300","50","community","sites","sites_2","PLN","BIC","0.17","0.557024","0.496392635854645","0","0",NA,"0","5.38717246055603"
"2248","29","300","50","community","sites","sites_2","ZIPLN","BIC","0.08","0.857041","0.798605640527361","0.058","0.549","0.431","0.483","53.9416937828064"
"2249","30","300","50","community","sites","sites_2","PLN","BIC","0.15","0.698573","0.491921136103803","0","0",NA,"0","5.50882816314697"
"2250","30","300","50","community","sites","sites_2","ZIPLN","BIC","0.07","0.904094","0.719892977937825","0.059","0.762","0.477","0.587","47.4264328479767"
"2251","1","300","50","community","sites","sites_3","PLN","BIC","0.18","0.508456","0.295150446361299","0","0",NA,"0","14.421731710434"
"2252","1","300","50","community","sites","sites_3","ZIPLN","BIC","0.1","0.7981525","0.704312334623823","0","0",NA,"0","1.030970454216"
"2253","2","300","50","community","sites","sites_3","PLN","BIC","0.19","0.522401","0.301370525064938","0","0",NA,"0","13.7596125602722"
"2254","2","300","50","community","sites","sites_3","ZIPLN","BIC","0.11","0.854901","0.683457708636358","0","0",NA,"0","1.05540422201157"
"2255","3","300","50","community","sites","sites_3","PLN","BIC","0.18","0.5304975","0.302784608986112","0","0",NA,"0","15.2016544342041"
"2256","3","300","50","community","sites","sites_3","ZIPLN","BIC","0.11","0.8534","0.676463063661809","0","0",NA,"0","1.06322203477224"
"2257","4","300","50","community","sites","sites_3","PLN","BIC","0.17","0.4883345","0.286970981712742","0","0",NA,"0","18.630660533905"
"2258","4","300","50","community","sites","sites_3","ZIPLN","BIC","0.09","0.8262605","0.674099330105712","0","0",NA,"0","54.7260429859161"
"2259","5","300","50","community","sites","sites_3","PLN","BIC","0.19","0.5380425","0.292192704794131","0","0",NA,"0","12.2088038921356"
"2260","5","300","50","community","sites","sites_3","ZIPLN","BIC","0.1","0.7857265","0.717916727253017","0","0",NA,"0","50.7748188972473"
"2261","6","300","50","community","sites","sites_3","PLN","BIC","0.19","0.4952025","0.298418798546536","0","0",NA,"0","14.333340883255"
"2262","6","300","50","community","sites","sites_3","ZIPLN","BIC","0.1","0.8092125","0.702682619485046","0","0",NA,"0","58.9764914512634"
"2263","7","300","50","community","sites","sites_3","PLN","BIC","0.19","0.5100435","0.302257016376532","0","0",NA,"0","16.0920279026031"
"2264","7","300","50","community","sites","sites_3","ZIPLN","BIC","0.11","0.836918","0.704183805034784","0","0",NA,"0","47.7595539093018"
"2265","8","300","50","community","sites","sites_3","PLN","BIC","0.17","0.4472855","0.289128587157896","0","0",NA,"0","16.5870230197906"
"2266","8","300","50","community","sites","sites_3","ZIPLN","BIC","0.08","0.8264435","0.706971282960104","0","0",NA,"0","1.01705477635066"
"2267","9","300","50","community","sites","sites_3","PLN","BIC","0.19","0.508436","0.286507161407648","0","0",NA,"0","17.8129823207855"
"2268","9","300","50","community","sites","sites_3","ZIPLN","BIC","0.11","0.810305","0.686412552501757","0","0",NA,"0","1.03032490809759"
"2269","10","300","50","community","sites","sites_3","PLN","BIC","0.17","0.4650895","0.28807240377467","0","0",NA,"0","16.2778675556183"
"2270","10","300","50","community","sites","sites_3","ZIPLN","BIC","0.09","0.8398415","0.701835067814723","0","0",NA,"0","58.6984062194824"
"2271","11","300","50","community","sites","sites_3","PLN","BIC","0.17","0.589892","0.292178729155737","0","0",NA,"0","12.0565576553345"
"2272","11","300","50","community","sites","sites_3","ZIPLN","BIC","0.09","0.8562505","0.669502536393543","0","0",NA,"0","56.7113530635834"
"2273","12","300","50","community","sites","sites_3","PLN","BIC","0.18","0.497358","0.293162562938283","0","0",NA,"0","15.3444790840149"
"2274","12","300","50","community","sites","sites_3","ZIPLN","BIC","0.1","0.8104475","0.676642928879658","0","0",NA,"0","1.02846862872442"
"2275","13","300","50","community","sites","sites_3","PLN","BIC","0.19","0.5686965","0.288167791695372","0","0",NA,"0","16.1738295555115"
"2276","13","300","50","community","sites","sites_3","ZIPLN","BIC","0.11","0.7838695","0.660930878259123","0","0",NA,"0","1.04066391388575"
"2277","14","300","50","community","sites","sites_3","PLN","BIC","0.18","0.5169355","0.298353742813502","0","0",NA,"0","14.5903718471527"
"2278","14","300","50","community","sites","sites_3","ZIPLN","BIC","0.1","0.8422405","0.669495679127723","0.003","0.165","0.765","0.271","52.1529459953308"
"2279","15","300","50","community","sites","sites_3","PLN","BIC","0.19","0.506523","0.288891904752953","0","0",NA,"0","14.0476322174072"
"2280","15","300","50","community","sites","sites_3","ZIPLN","BIC","0.11","0.836995","0.680207991836028","0","0",NA,"0","1.02925356626511"
"2281","16","300","50","community","sites","sites_3","PLN","BIC","0.2","0.5738985","0.284981823952248","0","0",NA,"0","14.9044575691223"
"2282","16","300","50","community","sites","sites_3","ZIPLN","BIC","0.1","0.779871","0.734077875638499","0","0.011","1","0.022","56.6692833900452"
"2283","17","300","50","community","sites","sites_3","PLN","BIC","0.18","0.4747835","0.293604577686757","0","0",NA,"0","14.4932150840759"
"2284","17","300","50","community","sites","sites_3","ZIPLN","BIC","0.09","0.852641","0.713823458530031","0","0",NA,"0","1.0431433002154"
"2285","18","300","50","community","sites","sites_3","PLN","BIC","0.17","0.5485265","0.285035598017507","0","0",NA,"0","16.8401656150818"
"2286","18","300","50","community","sites","sites_3","ZIPLN","BIC","0.08","0.8114535","0.689305869106721","0.006","0.2","0.682","0.309","56.9169929027557"
"2287","19","300","50","community","sites","sites_3","PLN","BIC","0.18","0.484233","0.300652187519859","0","0",NA,"0","14.1323606967926"
"2288","19","300","50","community","sites","sites_3","ZIPLN","BIC","0.1","0.789026","0.685120516309542","0","0",NA,"0","57.9110026359558"
"2289","20","300","50","community","sites","sites_3","PLN","BIC","0.19","0.5745965","0.288476256986649","0","0",NA,"0","13.4141821861267"
"2290","20","300","50","community","sites","sites_3","ZIPLN","BIC","0.1","0.84149","0.684896939094052","0","0.011","1","0.021","57.630998134613"
"2291","21","300","50","community","sites","sites_3","PLN","BIC","0.18","0.505359","0.286355320061155","0.001","0","0","0","15.2189240455627"
"2292","21","300","50","community","sites","sites_3","ZIPLN","BIC","0.1","0.815226","0.64871098345216","0","0",NA,"0","59.6611711978912"
"2293","22","300","50","community","sites","sites_3","PLN","BIC","0.17","0.5261605","0.285777996300186","0","0",NA,"0","11.9016437530518"
"2294","22","300","50","community","sites","sites_3","ZIPLN","BIC","0.09","0.85286","0.682263761351735","0","0",NA,"0","49.7733421325684"
"2295","23","300","50","community","sites","sites_3","PLN","BIC","0.17","0.485262","0.298033138509221","0","0",NA,"0","12.987432718277"
"2296","23","300","50","community","sites","sites_3","ZIPLN","BIC","0.1","0.80574","0.659605840528332","0","0",NA,"0","1.00764838854472"
"2297","24","300","50","community","sites","sites_3","PLN","BIC","0.17","0.5437895","0.293656188597714","0","0",NA,"0","14.876428604126"
"2298","24","300","50","community","sites","sites_3","ZIPLN","BIC","0.09","0.8161055","0.691386337025127","0","0",NA,"0","1.04413437843323"
"2299","25","300","50","community","sites","sites_3","PLN","BIC","0.2","0.547721","0.288120138591546","0","0",NA,"0","15.7225604057312"
"2300","25","300","50","community","sites","sites_3","ZIPLN","BIC","0.11","0.797185","0.695465124950736","0","0",NA,"0","48.2309722900391"
"2301","26","300","50","community","sites","sites_3","PLN","BIC","0.21","0.5346575","0.294997669031984","0","0",NA,"0","14.9080407619476"
"2302","26","300","50","community","sites","sites_3","ZIPLN","BIC","0.12","0.78816","0.697929760087595","0","0.032","1","0.062","55.9510533809662"
"2303","27","300","50","community","sites","sites_3","PLN","BIC","0.18","0.5495145","0.280126449807637","0","0",NA,"0","18.293625831604"
"2304","27","300","50","community","sites","sites_3","ZIPLN","BIC","0.1","0.80095","0.66585619010709","0","0",NA,"0","51.114424943924"
"2305","28","300","50","community","sites","sites_3","PLN","BIC","0.19","0.5500145","0.302345890166728","0","0",NA,"0","14.7463941574097"
"2306","28","300","50","community","sites","sites_3","ZIPLN","BIC","0.11","0.825745","0.678302231967509","0","0.011","1","0.022","52.4360892772675"
"2307","29","300","50","community","sites","sites_3","PLN","BIC","0.16","0.5633965","0.298077248028171","0","0",NA,"0","14.0009942054749"
"2308","29","300","50","community","sites","sites_3","ZIPLN","BIC","0.08","0.809636","0.658553724664622","0.001","0.121","0.889","0.213","47.6429171562195"
"2309","30","300","50","community","sites","sites_3","PLN","BIC","0.2","0.487849","0.281938911731854","0","0",NA,"0","16.5799627304077"
"2310","30","300","50","community","sites","sites_3","ZIPLN","BIC","0.11","0.771574","0.689706028459647","0","0",NA,"0","42.3233954906464"
"2311","1","300","50","community","sites","sites_4","PLN","BIC","0.19","0.5114115","0.258566564666036","0","0",NA,"0","17.6784863471985"
"2312","1","300","50","community","sites","sites_4","ZIPLN","BIC","0.1","0.7610065","0.6749828173803","0","0",NA,"0","58.1054794788361"
"2313","2","300","50","community","sites","sites_4","PLN","BIC","0.18","0.495722","0.273398257704146","0","0",NA,"0","16.8843524456024"
"2314","2","300","50","community","sites","sites_4","ZIPLN","BIC","0.1","0.837949","0.68817465277451","0","0",NA,"0","58.6255304813385"
"2315","3","300","50","community","sites","sites_4","PLN","BIC","0.19","0.5076475","0.261969639846381","0","0",NA,"0","18.5577142238617"
"2316","3","300","50","community","sites","sites_4","ZIPLN","BIC","0.1","0.8143705","0.661127148440603","0","0",NA,"0","57.6420958042145"
"2317","4","300","50","community","sites","sites_4","PLN","BIC","0.19","0.5124915","0.26276889451425","0.002","0","0","0","17.2173316478729"
"2318","4","300","50","community","sites","sites_4","ZIPLN","BIC","0.1","0.8147815","0.702094883641388","0","0",NA,"0","1.03260446389516"
"2319","5","300","50","community","sites","sites_4","PLN","BIC","0.2","0.4416405","0.256059466966648","0","0",NA,"0","19.9323513507843"
"2320","5","300","50","community","sites","sites_4","ZIPLN","BIC","0.1","0.865387","0.714362351591175","0","0",NA,"0","54.9002456665039"
"2321","6","300","50","community","sites","sites_4","PLN","BIC","0.18","0.50688","0.265206344336306","0","0",NA,"0","19.5797936916351"
"2322","6","300","50","community","sites","sites_4","ZIPLN","BIC","0.1","0.8481265","0.64361331081989","0","0",NA,"0","54.7660231590271"
"2323","7","300","50","community","sites","sites_4","PLN","BIC","0.19","0.4852585","0.268777996486472","0","0",NA,"0","17.8240077495575"
"2324","7","300","50","community","sites","sites_4","ZIPLN","BIC","0.1","0.852798","0.692080446431152","0","0",NA,"0","1.04823460976283"
"2325","8","300","50","community","sites","sites_4","PLN","BIC","0.18","0.5083095","0.267909647606903","0","0",NA,"0","16.7551026344299"
"2326","8","300","50","community","sites","sites_4","ZIPLN","BIC","0.09","0.840677","0.668482116072754","0","0",NA,"0","1.03092772165934"
"2327","9","300","50","community","sites","sites_4","PLN","BIC","0.19","0.5065205","0.260337222726153","0","0",NA,"0","14.3020367622375"
"2328","9","300","50","community","sites","sites_4","ZIPLN","BIC","0.1","0.7941495","0.664125911720815","0","0",NA,"0","52.4036421775818"
"2329","10","300","50","community","sites","sites_4","PLN","BIC","0.19","0.4976255","0.264675168178769","0","0",NA,"0","21.242467880249"
"2330","10","300","50","community","sites","sites_4","ZIPLN","BIC","0.1","0.787229","0.675607295179613","0","0.024","1","0.047","1.01340622901916"
"2331","11","300","50","community","sites","sites_4","PLN","BIC","0.18","0.5062095","0.268280446332703","0","0",NA,"0","13.5956346988678"
"2332","11","300","50","community","sites","sites_4","ZIPLN","BIC","0.09","0.8153365","0.693136398075925","0","0",NA,"0","1.0058224717776"
"2333","12","300","50","community","sites","sites_4","PLN","BIC","0.18","0.548115","0.275090635818909","0","0",NA,"0","17.8217701911926"
"2334","12","300","50","community","sites","sites_4","ZIPLN","BIC","0.1","0.8578145","0.656445350392757","0","0",NA,"0","56.9039649963379"
"2335","13","300","50","community","sites","sites_4","PLN","BIC","0.18","0.532664","0.274288015265306","0","0",NA,"0","17.3401865959167"
"2336","13","300","50","community","sites","sites_4","ZIPLN","BIC","0.09","0.857403","0.678108379290044","0","0.085","1","0.156","56.9196975231171"
"2337","14","300","50","community","sites","sites_4","PLN","BIC","0.18","0.5208375","0.272545168925388","0","0",NA,"0","18.0118019580841"
"2338","14","300","50","community","sites","sites_4","ZIPLN","BIC","0.1","0.812558","0.670473650653703","0","0",NA,"0","58.4752593040466"
"2339","15","300","50","community","sites","sites_4","PLN","BIC","0.18","0.462343","0.271986132210572","0","0",NA,"0","18.6588208675385"
"2340","15","300","50","community","sites","sites_4","ZIPLN","BIC","0.09","0.7807985","0.670425589833276","0","0.023","1","0.044","48.8295800685883"
"2341","16","300","50","community","sites","sites_4","PLN","BIC","0.18","0.4760805","0.270640863493516","0.001","0","0","0","17.7071509361267"
"2342","16","300","50","community","sites","sites_4","ZIPLN","BIC","0.09","0.7709045","0.670346472794932","0","0",NA,"0","1.02587589820226"
"2343","17","300","50","community","sites","sites_4","PLN","BIC","0.19","0.540078","0.265309317465146","0","0",NA,"0","18.1306381225586"
"2344","17","300","50","community","sites","sites_4","ZIPLN","BIC","0.11","0.809367","0.645934415255376","0","0",NA,"0","59.3828411102295"
"2345","18","300","50","community","sites","sites_4","PLN","BIC","0.18","0.514182","0.262547835338449","0","0",NA,"0","19.6047534942627"
"2346","18","300","50","community","sites","sites_4","ZIPLN","BIC","0.09","0.8342215","0.658589417287382","0","0",NA,"0","57.9771726131439"
"2347","19","300","50","community","sites","sites_4","PLN","BIC","0.2","0.4749465","0.261226162116923","0","0",NA,"0","13.239134311676"
"2348","19","300","50","community","sites","sites_4","ZIPLN","BIC","0.11","0.778878","0.664155504174644","0","0",NA,"0","56.5949885845184"
"2349","20","300","50","community","sites","sites_4","PLN","BIC","0.18","0.556345","0.27629898909148","0","0",NA,"0","17.0706622600555"
"2350","20","300","50","community","sites","sites_4","ZIPLN","BIC","0.09","0.7963715","0.664886796671296","0","0",NA,"0","1.02361906369527"
"2351","21","300","50","community","sites","sites_4","PLN","BIC","0.19","0.475882","0.246701621760477","0","0",NA,"0","21.6515991687775"
"2352","21","300","50","community","sites","sites_4","ZIPLN","BIC","0.11","0.719299","0.629496025907442","0","0",NA,"0","52.5185658931732"
"2353","22","300","50","community","sites","sites_4","PLN","BIC","0.17","0.499778","0.261211329311638","0","0",NA,"0","18.8046534061432"
"2354","22","300","50","community","sites","sites_4","ZIPLN","BIC","0.08","0.8127555","0.679492402309835","0","0",NA,"0","1.04505916833878"
"2355","23","300","50","community","sites","sites_4","PLN","BIC","0.16","0.4247555","0.264150408167437","0","0",NA,"0","15.0556199550629"
"2356","23","300","50","community","sites","sites_4","ZIPLN","BIC","0.08","0.8099965","0.644616899341996","0","0.017","1","0.033","59.464542388916"
"2357","24","300","50","community","sites","sites_4","PLN","BIC","0.19","0.466088","0.259793780934031","0","0",NA,"0","18.4889764785767"
"2358","24","300","50","community","sites","sites_4","ZIPLN","BIC","0.11","0.7836625","0.632632211265373","0","0.011","1","0.021","1.05326433579127"
"2359","25","300","50","community","sites","sites_4","PLN","BIC","0.2","0.47884","0.280050013528242","0","0",NA,"0","16.9300091266632"
"2360","25","300","50","community","sites","sites_4","ZIPLN","BIC","0.11","0.797331","0.705529335631072","0","0",NA,"0","59.2873151302338"
"2361","26","300","50","community","sites","sites_4","PLN","BIC","0.19","0.5131975","0.258366391866547","0","0",NA,"0","17.1712846755981"
"2362","26","300","50","community","sites","sites_4","ZIPLN","BIC","0.11","0.8700175","0.636464696288241","0","0",NA,"0","45.5685470104218"
"2363","27","300","50","community","sites","sites_4","PLN","BIC","0.17","0.4933345","0.268181865710554","0","0",NA,"0","14.2462151050568"
"2364","27","300","50","community","sites","sites_4","ZIPLN","BIC","0.09","0.831031","0.658561269157242","0","0",NA,"0","49.9590666294098"
"2365","28","300","50","community","sites","sites_4","PLN","BIC","0.19","0.531193","0.259100109039076","0","0",NA,"0","23.5397992134094"
"2366","28","300","50","community","sites","sites_4","ZIPLN","BIC","0.1","0.870728","0.684161529003787","0","0",NA,"0","54.9586436748505"
"2367","29","300","50","community","sites","sites_4","PLN","BIC","0.18","0.5464235","0.262883022445645","0","0",NA,"0","21.0861444473267"
"2368","29","300","50","community","sites","sites_4","ZIPLN","BIC","0.11","0.788038","0.622285829856573","0","0",NA,"0","1.02920671701431"
"2369","30","300","50","community","sites","sites_4","PLN","BIC","0.19","0.536469","0.262049291402069","0","0",NA,"0","21.9121799468994"
"2370","30","300","50","community","sites","sites_4","ZIPLN","BIC","0.11","0.830316","0.650862357227089","0","0",NA,"0","53.8609762191772"
"2371","1","300","20","preferential_attachment","sites","sites_1","PLN","BIC","0.15","0.815973","0.697060497720555","0.041","0.579","0.611","0.595","0.728472232818604"
"2372","1","300","20","preferential_attachment","sites","sites_1","ZIPLN","BIC","0.06","0.9180185","0.823199757138653","0.082","0.842","0.533","0.653","24.3493161201477"
"2373","2","300","20","preferential_attachment","sites","sites_1","PLN","BIC","0.12","0.7859875","0.657274301523176","0.029","0.474","0.643","0.545","0.833900928497314"
"2374","2","300","20","preferential_attachment","sites","sites_1","ZIPLN","BIC","0.05","0.8886655","0.801235658762247","0.117","0.737","0.412","0.528","24.0970234870911"
"2375","3","300","20","preferential_attachment","sites","sites_1","PLN","BIC","0.15","0.77461","0.660663894623308","0.018","0.211","0.571","0.308","0.904512405395508"
"2376","3","300","20","preferential_attachment","sites","sites_1","ZIPLN","BIC","0.07","0.9130025","0.743781113324043","0.158","0.895","0.386","0.54","23.8840239048004"
"2377","4","300","20","preferential_attachment","sites","sites_1","PLN","BIC","0.14","0.879342","0.645031089253369","0.041","0.474","0.562","0.514","0.853209972381592"
"2378","4","300","20","preferential_attachment","sites","sites_1","ZIPLN","BIC","0.06","0.9342925","0.81279147232064","0.07","0.895","0.586","0.708","25.1014566421509"
"2379","5","300","20","preferential_attachment","sites","sites_1","PLN","BIC","0.15","0.8885515","0.668126612283813","0.082","0.789","0.517","0.625","0.774314641952515"
"2380","5","300","20","preferential_attachment","sites","sites_1","ZIPLN","BIC","0.07","0.9214155","0.822397426548852","0.14","0.842","0.4","0.542","25.1728503704071"
"2381","6","300","20","preferential_attachment","sites","sites_1","PLN","BIC","0.13","0.826953","0.686557132014377","0.129","0.737","0.389","0.509","0.774697780609131"
"2382","6","300","20","preferential_attachment","sites","sites_1","ZIPLN","BIC","0.07","0.816489","0.768643632219205","0.064","0.632","0.522","0.571","23.4792301654816"
"2383","7","300","20","preferential_attachment","sites","sites_1","PLN","BIC","0.16","0.6666665","0.724627450574298","0","0.053","1","0.1","0.687611818313599"
"2384","7","300","20","preferential_attachment","sites","sites_1","ZIPLN","BIC","0.07","0.866384","0.877824941715168","0.24","0.789","0.268","0.4","22.4279134273529"
"2385","8","300","20","preferential_attachment","sites","sites_1","PLN","BIC","0.15","0.783309","0.70121583125225","0.006","0.278","0.833","0.417","0.663311719894409"
"2386","8","300","20","preferential_attachment","sites","sites_1","ZIPLN","BIC","0.07","0.914032","0.856175634112447","0.076","0.833","0.536","0.652","22.7131743431091"
"2387","9","300","20","preferential_attachment","sites","sites_1","PLN","BIC","0.15","0.8207285","0.71200310614956","0.006","0.158","0.75","0.261","0.45940113067627"
"2388","9","300","20","preferential_attachment","sites","sites_1","ZIPLN","BIC","0.07","0.8609305","0.842008093607677","0.123","0.684","0.382","0.491","23.0669565200806"
"2389","10","300","20","preferential_attachment","sites","sites_1","PLN","BIC","0.15","0.8316725","0.686538421588238","0.035","0.474","0.6","0.529","0.738248348236084"
"2390","10","300","20","preferential_attachment","sites","sites_1","ZIPLN","BIC","0.07","0.876367","0.795518539912904","0.175","0.842","0.348","0.492","27.2030103206635"
"2391","11","300","20","preferential_attachment","sites","sites_1","PLN","BIC","0.14","0.877943","0.697740621561872","0.094","0.684","0.448","0.542","0.710679769515991"
"2392","11","300","20","preferential_attachment","sites","sites_1","ZIPLN","BIC","0.06","0.8815725","0.829253152327592","0.205","0.842","0.314","0.457","22.1825299263"
"2393","12","300","20","preferential_attachment","sites","sites_1","PLN","BIC","0.13","0.764749","0.717027482075991","0.018","0.474","0.75","0.581","0.682873249053955"
"2394","12","300","20","preferential_attachment","sites","sites_1","ZIPLN","BIC","0.06","0.813512","0.835002505572641","0.07","0.632","0.5","0.558","23.418815612793"
"2395","13","300","20","preferential_attachment","sites","sites_1","PLN","BIC","0.14","0.797252","0.649784007636169","0.035","0.529","0.6","0.562","0.730967283248901"
"2396","13","300","20","preferential_attachment","sites","sites_1","ZIPLN","BIC","0.06","0.932951","0.828318673030132","0.052","0.824","0.609","0.7","23.6877777576447"
"2397","14","300","20","preferential_attachment","sites","sites_1","PLN","BIC","0.15","0.732343","0.735779718046709","0.041","0.421","0.533","0.471","0.485657215118408"
"2398","14","300","20","preferential_attachment","sites","sites_1","ZIPLN","BIC","0.07","0.7380535","0.887103040879446","0.047","0.579","0.579","0.579","22.9690160751343"
"2399","15","300","20","preferential_attachment","sites","sites_1","PLN","BIC","0.15","0.729307","0.631102624635765","0.029","0.368","0.583","0.452","0.730952024459839"
"2400","15","300","20","preferential_attachment","sites","sites_1","ZIPLN","BIC","0.07","0.8760815","0.786313386551957","0.199","0.789","0.306","0.441","23.7230927944183"
"2401","16","300","20","preferential_attachment","sites","sites_1","PLN","BIC","0.15","0.909859","0.679979023777797","0.111","0.789","0.441","0.566","0.607850551605225"
"2402","16","300","20","preferential_attachment","sites","sites_1","ZIPLN","BIC","0.07","0.9170685","0.800467032405856","0.099","0.842","0.485","0.615","19.2676746845245"
"2403","17","300","20","preferential_attachment","sites","sites_1","PLN","BIC","0.14","0.817451","0.704911876742683","0.088","0.684","0.464","0.553","0.716862201690674"
"2404","17","300","20","preferential_attachment","sites","sites_1","ZIPLN","BIC","0.06","0.9220875","0.806894421750434","0.199","0.895","0.333","0.486","23.4202852249146"
"2405","18","300","20","preferential_attachment","sites","sites_1","PLN","BIC","0.15","0.8784845","0.698991273417865","0.018","0.474","0.75","0.581","0.410817861557007"
"2406","18","300","20","preferential_attachment","sites","sites_1","ZIPLN","BIC","0.06","0.948425","0.826068610367661","0.152","0.947","0.409","0.571","23.7778105735779"
"2407","19","300","20","preferential_attachment","sites","sites_1","PLN","BIC","0.13","0.850052","0.675268632622007","0.029","0.632","0.706","0.667","0.666081666946411"
"2408","19","300","20","preferential_attachment","sites","sites_1","ZIPLN","BIC","0.06","0.909671","0.782750543518946","0.181","0.842","0.34","0.485","21.0123035907745"
"2409","20","300","20","preferential_attachment","sites","sites_1","PLN","BIC","0.15","0.8037565","0.703551682356893","0.047","0.526","0.556","0.541","0.682885408401489"
"2410","20","300","20","preferential_attachment","sites","sites_1","ZIPLN","BIC","0.07","0.7713435","0.846101057408709","0.199","0.632","0.261","0.369","23.2717351913452"
"2411","21","300","20","preferential_attachment","sites","sites_1","PLN","BIC","0.14","0.807123","0.716262361423631","0","0.263","1","0.417","0.661511421203613"
"2412","21","300","20","preferential_attachment","sites","sites_1","ZIPLN","BIC","0.06","0.9229295","0.807399960352081","0.099","0.895","0.5","0.642","23.6852669715881"
"2413","22","300","20","preferential_attachment","sites","sites_1","PLN","BIC","0.15","0.803921","0.689508781041625","0.094","0.526","0.385","0.444","0.444875717163086"
"2414","22","300","20","preferential_attachment","sites","sites_1","ZIPLN","BIC","0.08","0.860846","0.761973975186615","0.088","0.737","0.483","0.583","21.7359404563904"
"2415","23","300","20","preferential_attachment","sites","sites_1","PLN","BIC","0.15","0.8501","0.714175447692982","0.023","0.526","0.714","0.606","0.647279500961304"
"2416","23","300","20","preferential_attachment","sites","sites_1","ZIPLN","BIC","0.06","0.942255","0.858693520275245","0.076","0.842","0.552","0.667","23.0572004318237"
"2417","24","300","20","preferential_attachment","sites","sites_1","PLN","BIC","0.15","0.876438","0.702208954802664","0.029","0.684","0.722","0.703","0.653112888336182"
"2418","24","300","20","preferential_attachment","sites","sites_1","ZIPLN","BIC","0.06","0.9192425","0.843663831042284","0.152","0.895","0.395","0.548","24.0887169837952"
"2419","25","300","20","preferential_attachment","sites","sites_1","PLN","BIC","0.15","0.8781215","0.638750181627759","0.012","0.526","0.833","0.645","0.75642466545105"
"2420","25","300","20","preferential_attachment","sites","sites_1","ZIPLN","BIC","0.07","0.9228415","0.808487843490049","0.064","0.789","0.577","0.667","22.7017893791199"
"2421","26","300","20","preferential_attachment","sites","sites_1","PLN","BIC","0.16","0.846356","0.717926788019559","0.058","0.579","0.524","0.55","0.669165372848511"
"2422","26","300","20","preferential_attachment","sites","sites_1","ZIPLN","BIC","0.08","0.8310745","0.847624433037263","0.047","0.579","0.579","0.579","22.4847640991211"
"2423","27","300","20","preferential_attachment","sites","sites_1","PLN","BIC","0.17","0.731055","0.726061876082829","0.099","0.278","0.227","0.25","0.689894437789917"
"2424","27","300","20","preferential_attachment","sites","sites_1","ZIPLN","BIC","0.06","0.839053","0.902866436402091","0.203","0.778","0.286","0.418","21.7450799942017"
"2425","28","300","20","preferential_attachment","sites","sites_1","PLN","BIC","0.18","0.683731","0.748028737023065","0.087","0.444","0.348","0.39","0.498081207275391"
"2426","28","300","20","preferential_attachment","sites","sites_1","ZIPLN","BIC","0.09","0.806473","0.943703276658361","0.32","0.722","0.191","0.302","23.0599420070648"
"2427","29","300","20","preferential_attachment","sites","sites_1","PLN","BIC","0.15","0.890783","0.730893726811089","0.058","0.737","0.583","0.651","0.699504613876343"
"2428","29","300","20","preferential_attachment","sites","sites_1","ZIPLN","BIC","0.07","0.902866","0.836032586407657","0.111","0.842","0.457","0.593","22.2499513626099"
"2429","30","300","20","preferential_attachment","sites","sites_1","PLN","BIC","0.13","0.796418","0.670260101260496","0.088","0.579","0.423","0.489","0.537296533584595"
"2430","30","300","20","preferential_attachment","sites","sites_1","ZIPLN","BIC","0.05","0.80485","0.776057667224086","0.193","0.789","0.312","0.448","23.1532406806946"
"2431","1","300","20","preferential_attachment","sites","sites_2","PLN","BIC","0.21","0.5795455","0.437304130150801","0","0",NA,"0","0.894538402557373"
"2432","1","300","20","preferential_attachment","sites","sites_2","ZIPLN","BIC","0.09","0.8485915","0.737333154678314","0.041","0.579","0.611","0.595","24.3408646583557"
"2433","2","300","20","preferential_attachment","sites","sites_2","PLN","BIC","0.24","0.488253","0.442233306336803","0.012","0.053","0.333","0.091","0.831754922866821"
"2434","2","300","20","preferential_attachment","sites","sites_2","ZIPLN","BIC","0.09","0.7474425","0.822125523533604","0.099","0.579","0.393","0.468","24.297976732254"
"2435","3","300","20","preferential_attachment","sites","sites_2","PLN","BIC","0.22","0.5515945","0.446076546710533","0.012","0.105","0.5","0.174","0.804489612579346"
"2436","3","300","20","preferential_attachment","sites","sites_2","ZIPLN","BIC","0.1","0.8392585","0.691174993086813","0.14","0.737","0.368","0.491","24.0337707996368"
"2437","4","300","20","preferential_attachment","sites","sites_2","PLN","BIC","0.22","0.573685","0.448919431820448","0","0",NA,"0","0.876320123672485"
"2438","4","300","20","preferential_attachment","sites","sites_2","ZIPLN","BIC","0.07","0.857432","0.81683071918498","0.105","0.737","0.438","0.549","21.1554696559906"
"2439","5","300","20","preferential_attachment","sites","sites_2","PLN","BIC","0.21","0.6815695","0.459628449503052","0.006","0.053","0.5","0.095","0.816529989242554"
"2440","5","300","20","preferential_attachment","sites","sites_2","ZIPLN","BIC","0.08","0.9040305","0.785163718472569","0.053","0.737","0.609","0.667","23.6631441116333"
"2441","6","300","20","preferential_attachment","sites","sites_2","PLN","BIC","0.22","0.5878995","0.445675268974364","0","0",NA,"0","0.576862812042236"
"2442","6","300","20","preferential_attachment","sites","sites_2","ZIPLN","BIC","0.08","0.864832","0.825897396398466","0.076","0.737","0.519","0.609","24.1920349597931"
"2443","7","300","20","preferential_attachment","sites","sites_2","PLN","BIC","0.2","0.528662","0.43522063833483","0.006","0","0","0","0.842554807662964"
"2444","7","300","20","preferential_attachment","sites","sites_2","ZIPLN","BIC","0.08","0.8789615","0.755587763728123","0.064","0.632","0.522","0.571","23.8608415126801"
"2445","8","300","20","preferential_attachment","sites","sites_2","PLN","BIC","0.2","0.4799975","0.448153135613251","0.012","0.105","0.5","0.174","0.781184196472168"
"2446","8","300","20","preferential_attachment","sites","sites_2","ZIPLN","BIC","0.09","0.828207","0.674178805702855","0.251","0.737","0.246","0.368","23.3819546699524"
"2447","9","300","20","preferential_attachment","sites","sites_2","PLN","BIC","0.2","0.5295755","0.427200886761692","0","0",NA,"0","0.779178857803345"
"2448","9","300","20","preferential_attachment","sites","sites_2","ZIPLN","BIC","0.07","0.8658485","0.748666973696139","0.117","0.737","0.412","0.528","23.7663173675537"
"2449","10","300","20","preferential_attachment","sites","sites_2","PLN","BIC","0.17","0.7261625","0.455971612324219","0","0",NA,"0","0.588587045669556"
"2450","10","300","20","preferential_attachment","sites","sites_2","ZIPLN","BIC","0.08","0.8696405","0.694145774395188","0.105","0.737","0.438","0.549","21.4736790657043"
"2451","11","300","20","preferential_attachment","sites","sites_2","PLN","BIC","0.18","0.617089","0.440194566816595","0","0",NA,"0","0.709404706954956"
"2452","11","300","20","preferential_attachment","sites","sites_2","ZIPLN","BIC","0.07","0.935262","0.723505726895857","0.152","0.947","0.409","0.571","22.9666724205017"
"2453","12","300","20","preferential_attachment","sites","sites_2","PLN","BIC","0.2","0.651468","0.438267356123301","0","0",NA,"0","0.683157920837402"
"2454","12","300","20","preferential_attachment","sites","sites_2","ZIPLN","BIC","0.07","0.880901","0.771275484723807","0.099","0.737","0.452","0.56","21.9972007274628"
"2455","13","300","20","preferential_attachment","sites","sites_2","PLN","BIC","0.23","0.4940045","0.440822673831187","0","0",NA,"0","0.836776733398438"
"2456","13","300","20","preferential_attachment","sites","sites_2","ZIPLN","BIC","0.09","0.806876","0.793317369100661","0.094","0.579","0.407","0.478","22.7706153392792"
"2457","14","300","20","preferential_attachment","sites","sites_2","PLN","BIC","0.19","0.564335","0.446587224646282","0.07","0.158","0.2","0.176","0.786610841751099"
"2458","14","300","20","preferential_attachment","sites","sites_2","ZIPLN","BIC","0.07","0.9193945","0.714375382990272","0.047","0.737","0.636","0.683","23.6480047702789"
"2459","15","300","20","preferential_attachment","sites","sites_2","PLN","BIC","0.21","0.5838485","0.434386153337711","0","0",NA,"0","0.799855709075928"
"2460","15","300","20","preferential_attachment","sites","sites_2","ZIPLN","BIC","0.09","0.796669","0.732341999775869","0.07","0.579","0.478","0.524","23.3735814094543"
"2461","16","300","20","preferential_attachment","sites","sites_2","PLN","BIC","0.22","0.5872685","0.424866360101595","0","0",NA,"0","0.810616731643677"
"2462","16","300","20","preferential_attachment","sites","sites_2","ZIPLN","BIC","0.07","0.9281645","0.783589260446699","0.339","0.947","0.237","0.379","23.8485660552979"
"2463","17","300","20","preferential_attachment","sites","sites_2","PLN","BIC","0.22","0.4572435","0.446950275128078","0","0",NA,"0","0.745047807693481"
"2464","17","300","20","preferential_attachment","sites","sites_2","ZIPLN","BIC","0.09","0.8135305","0.809441385095489","0.117","0.632","0.375","0.471","23.067066192627"
"2465","18","300","20","preferential_attachment","sites","sites_2","PLN","BIC","0.22","0.6385875","0.432948224200585","0","0",NA,"0","0.48542308807373"
"2466","18","300","20","preferential_attachment","sites","sites_2","ZIPLN","BIC","0.09","0.886358","0.788925827793396","0.035","0.737","0.7","0.718","19.5830049514771"
"2467","19","300","20","preferential_attachment","sites","sites_2","PLN","BIC","0.2","0.640237","0.443932058722393","0","0",NA,"0","0.563785314559937"
"2468","19","300","20","preferential_attachment","sites","sites_2","ZIPLN","BIC","0.07","0.8533215","0.764603286290716","0.076","0.737","0.519","0.609","21.6508748531342"
"2469","20","300","20","preferential_attachment","sites","sites_2","PLN","BIC","0.2","0.513059","0.436095481359621","0","0",NA,"0","0.745528936386108"
"2470","20","300","20","preferential_attachment","sites","sites_2","ZIPLN","BIC","0.07","0.797122","0.771929515505241","0.047","0.632","0.6","0.615","23.0019769668579"
"2471","21","300","20","preferential_attachment","sites","sites_2","PLN","BIC","0.18","0.5786145","0.428448019258657","0","0",NA,"0","0.789892673492432"
"2472","21","300","20","preferential_attachment","sites","sites_2","ZIPLN","BIC","0.08","0.8760365","0.659401994469218","0.181","0.842","0.34","0.485","23.5772898197174"
"2473","22","300","20","preferential_attachment","sites","sites_2","PLN","BIC","0.21","0.5043305","0.436490533894707","0","0",NA,"0","0.756244659423828"
"2474","22","300","20","preferential_attachment","sites","sites_2","ZIPLN","BIC","0.08","0.8584745","0.784264479505596","0.058","0.611","0.524","0.564","22.6541736125946"
"2475","23","300","20","preferential_attachment","sites","sites_2","PLN","BIC","0.18","0.506554","0.449115985144655","0","0",NA,"0","0.695002555847168"
"2476","23","300","20","preferential_attachment","sites","sites_2","ZIPLN","BIC","0.06","0.8183885","0.727225288028262","0.158","0.737","0.341","0.467","22.8989682197571"
"2477","24","300","20","preferential_attachment","sites","sites_2","PLN","BIC","0.2","0.6021975","0.442869920404082","0","0.053","1","0.1","0.669910907745361"
"2478","24","300","20","preferential_attachment","sites","sites_2","ZIPLN","BIC","0.07","0.89602","0.723433190062853","0.14","0.842","0.4","0.542","22.4812822341919"
"2479","25","300","20","preferential_attachment","sites","sites_2","PLN","BIC","0.2","0.5143205","0.440078395832808","0","0",NA,"0","0.609223127365112"
"2480","25","300","20","preferential_attachment","sites","sites_2","ZIPLN","BIC","0.07","0.8213795","0.688594279556305","0.474","0.895","0.173","0.291","21.2462456226349"
"2481","26","300","20","preferential_attachment","sites","sites_2","PLN","BIC","0.2","0.6111265","0.446117186520889","0","0",NA,"0","0.779295444488525"
"2482","26","300","20","preferential_attachment","sites","sites_2","ZIPLN","BIC","0.08","0.906279","0.710080796085856","0.123","0.789","0.417","0.545","21.7696139812469"
"2483","27","300","20","preferential_attachment","sites","sites_2","PLN","BIC","0.21","0.572825","0.429511341696643","0.012","0","0","0","0.735592842102051"
"2484","27","300","20","preferential_attachment","sites","sites_2","ZIPLN","BIC","0.09","0.8100645","0.732327708782564","0.07","0.632","0.5","0.558","22.2668085098267"
"2485","28","300","20","preferential_attachment","sites","sites_2","PLN","BIC","0.22","0.508712","0.434474747432401","0.076","0.053","0.071","0.061","0.719363451004028"
"2486","28","300","20","preferential_attachment","sites","sites_2","ZIPLN","BIC","0.08","0.7494715","0.800893890991709","0.064","0.526","0.476","0.5","22.0976185798645"
"2487","29","300","20","preferential_attachment","sites","sites_2","PLN","BIC","0.23","0.699151","0.428381993814813","0","0",NA,"0","0.704604387283325"
"2488","29","300","20","preferential_attachment","sites","sites_2","ZIPLN","BIC","0.06","0.8562295","0.832109434463834","0.029","0.632","0.706","0.667","21.6188232898712"
"2489","30","300","20","preferential_attachment","sites","sites_2","PLN","BIC","0.2","0.591746","0.43721703272123","0","0",NA,"0","0.825120687484741"
"2490","30","300","20","preferential_attachment","sites","sites_2","ZIPLN","BIC","0.08","0.8682455","0.756828964921016","0.029","0.632","0.706","0.667","23.7941448688507"
"2491","1","300","20","preferential_attachment","sites","sites_3","PLN","BIC","0.21","0.3997105","0.288734779572764","0","0",NA,"0","2.35813999176025"
"2492","1","300","20","preferential_attachment","sites","sites_3","ZIPLN","BIC","0.11","0.8481485","0.622248004143434","0","0",NA,"0","25.5713548660278"
"2493","2","300","20","preferential_attachment","sites","sites_3","PLN","BIC","0.21","0.524856","0.314033256503579","0.596","0.632","0.105","0.18","0.771011114120483"
"2494","2","300","20","preferential_attachment","sites","sites_3","ZIPLN","BIC","0.11","0.8992635","0.629200635228969","0","0",NA,"0","18.0993685722351"
"2495","3","300","20","preferential_attachment","sites","sites_3","PLN","BIC","0.2","0.524338","0.295476905277876","0.643","0.737","0.113","0.196","0.853334903717041"
"2496","3","300","20","preferential_attachment","sites","sites_3","ZIPLN","BIC","0.1","0.7747615","0.609688696587311","0","0",NA,"0","23.8341336250305"
"2497","4","300","20","preferential_attachment","sites","sites_3","PLN","BIC","0.21","0.4814505","0.297241886385946","0.626","0.526","0.085","0.147","0.865741014480591"
"2498","4","300","20","preferential_attachment","sites","sites_3","ZIPLN","BIC","0.09","0.880523","0.650488536264534","0","0",NA,"0","23.8703272342682"
"2499","5","300","20","preferential_attachment","sites","sites_3","PLN","BIC","0.22","0.5207955","0.294552187520421","0.292","0.316","0.107","0.16","1.64525675773621"
"2500","5","300","20","preferential_attachment","sites","sites_3","ZIPLN","BIC","0.12","0.87433","0.592674669163634","0","0",NA,"0","24.4123666286469"
"2501","6","300","20","preferential_attachment","sites","sites_3","PLN","BIC","0.22","0.5865775","0.281724856831027","0.591","0.684","0.114","0.195","0.78848671913147"
"2502","6","300","20","preferential_attachment","sites","sites_3","ZIPLN","BIC","0.09","0.730061","0.684901578465803","0","0",NA,"0","23.0151445865631"
"2503","7","300","20","preferential_attachment","sites","sites_3","PLN","BIC","0.22","0.521774","0.2923373357528","0.591","0.579","0.098","0.168","0.842766046524048"
"2504","7","300","20","preferential_attachment","sites","sites_3","ZIPLN","BIC","0.11","0.7851015","0.673728931561263","0","0",NA,"0","23.8264806270599"
"2505","8","300","20","preferential_attachment","sites","sites_3","PLN","BIC","0.19","0.5511425","0.308092119499138","0.661","0.632","0.096","0.167","0.579347610473633"
"2506","8","300","20","preferential_attachment","sites","sites_3","ZIPLN","BIC","0.1","0.79041","0.594792726611889","0","0",NA,"0","21.1181483268738"
"2507","9","300","20","preferential_attachment","sites","sites_3","PLN","BIC","0.25","0.607449","0.278284652473457","0.262","0.444","0.151","0.225","1.57715368270874"
"2508","9","300","20","preferential_attachment","sites","sites_3","ZIPLN","BIC","0.1","0.8726705","0.724711072799439","0","0",NA,"0","22.97092461586"
"2509","10","300","20","preferential_attachment","sites","sites_3","PLN","BIC","0.26","0.482896","0.302913963131973","0.62","0.789","0.124","0.214","0.765751838684082"
"2510","10","300","20","preferential_attachment","sites","sites_3","ZIPLN","BIC","0.1","0.6174475","0.751767930036713","0","0",NA,"0","20.7335183620453"
"2511","11","300","20","preferential_attachment","sites","sites_3","PLN","BIC","0.2","0.506274","0.298683671616602","0.608","0.737","0.119","0.204","0.867497682571411"
"2512","11","300","20","preferential_attachment","sites","sites_3","ZIPLN","BIC","0.09","0.690473","0.620782919394577","0","0.053","1","0.1","23.3571207523346"
"2513","12","300","20","preferential_attachment","sites","sites_3","PLN","BIC","0.24","0.520391","0.28941473245275","0.626","0.684","0.108","0.187","0.692779302597046"
"2514","12","300","20","preferential_attachment","sites","sites_3","ZIPLN","BIC","0.11","0.845725","0.656225980239031","0","0",NA,"0","21.8349347114563"
"2515","13","300","20","preferential_attachment","sites","sites_3","PLN","BIC","0.24","0.515055","0.289215602750135","0.661","0.632","0.096","0.167","0.760464668273926"
"2516","13","300","20","preferential_attachment","sites","sites_3","ZIPLN","BIC","0.11","0.8029545","0.678783095416514","0","0",NA,"0","23.6870028972626"
"2517","14","300","20","preferential_attachment","sites","sites_3","PLN","BIC","0.2","0.582514","0.286873429857282","0.614","0.579","0.095","0.163","0.817692995071411"
"2518","14","300","20","preferential_attachment","sites","sites_3","ZIPLN","BIC","0.09","0.820046","0.648758912069087","0","0",NA,"0","23.855758190155"
"2519","15","300","20","preferential_attachment","sites","sites_3","PLN","BIC","0.22","0.453461","0.292009096287166","0.626","0.579","0.093","0.161","0.780417919158936"
"2520","15","300","20","preferential_attachment","sites","sites_3","ZIPLN","BIC","0.12","0.7859315","0.610222703762386","0","0",NA,"0","22.7828886508942"
"2521","16","300","20","preferential_attachment","sites","sites_3","PLN","BIC","0.18","0.449102","0.293171852354017","0.62","0.526","0.086","0.148","0.827030181884766"
"2522","16","300","20","preferential_attachment","sites","sites_3","ZIPLN","BIC","0.09","0.912076","0.596485101923275","0","0",NA,"0","19.8167886734009"
"2523","17","300","20","preferential_attachment","sites","sites_3","PLN","BIC","0.2","0.484851","0.300227915870646","0.608","0.632","0.103","0.178","0.884594440460205"
"2524","17","300","20","preferential_attachment","sites","sites_3","ZIPLN","BIC","0.12","0.852514","0.561753537966101","0","0",NA,"0","22.7612812519073"
"2525","18","300","20","preferential_attachment","sites","sites_3","PLN","BIC","0.21","0.6059105","0.314880792670616","0.62","0.526","0.086","0.148","0.644912958145142"
"2526","18","300","20","preferential_attachment","sites","sites_3","ZIPLN","BIC","0.11","0.825763","0.606988262989942","0","0.105","1","0.19","22.5640139579773"
"2527","19","300","20","preferential_attachment","sites","sites_3","PLN","BIC","0.24","0.6372495","0.292902149108811","0.708","0.842","0.117","0.205","0.835187673568726"
"2528","19","300","20","preferential_attachment","sites","sites_3","ZIPLN","BIC","0.1","0.908719","0.723629697800866","0","0",NA,"0","20.9940474033356"
"2529","20","300","20","preferential_attachment","sites","sites_3","PLN","BIC","0.21","0.4665745","0.300757082567981","0.596","0.526","0.089","0.153","0.587056636810303"
"2530","20","300","20","preferential_attachment","sites","sites_3","ZIPLN","BIC","0.09","0.7961185","0.673203808372529","0","0",NA,"0","21.2493917942047"
"2531","21","300","20","preferential_attachment","sites","sites_3","PLN","BIC","0.23","0.5612035","0.280948259217445","0.661","0.737","0.11","0.192","0.810448408126831"
"2532","21","300","20","preferential_attachment","sites","sites_3","ZIPLN","BIC","0.1","0.893534","0.688170724358926","0","0",NA,"0","22.3274567127228"
"2533","22","300","20","preferential_attachment","sites","sites_3","PLN","BIC","0.21","0.5413895","0.310026256788341","0.649","0.789","0.119","0.207","0.822980165481567"
"2534","22","300","20","preferential_attachment","sites","sites_3","ZIPLN","BIC","0.1","0.8025985","0.645199233760965","0","0",NA,"0","22.8758826255798"
"2535","23","300","20","preferential_attachment","sites","sites_3","PLN","BIC","0.22","0.521489","0.296069592138527","0.602","0.737","0.12","0.206","0.790032863616943"
"2536","23","300","20","preferential_attachment","sites","sites_3","ZIPLN","BIC","0.11","0.797251","0.636333046343806","0","0",NA,"0","23.9130449295044"
"2537","24","300","20","preferential_attachment","sites","sites_3","PLN","BIC","0.22","0.4441555","0.285818865259348","0.614","0.474","0.079","0.135","0.861922740936279"
"2538","24","300","20","preferential_attachment","sites","sites_3","ZIPLN","BIC","0.11","0.8097515","0.625478225550725","0.006","0.158","0.75","0.261","22.6061947345734"
"2539","25","300","20","preferential_attachment","sites","sites_3","PLN","BIC","0.21","0.6193735","0.321005445674922","0.655","0.684","0.104","0.181","0.741822719573975"
"2540","25","300","20","preferential_attachment","sites","sites_3","ZIPLN","BIC","0.09","0.822491","0.674119169744873","0","0",NA,"0","20.0148859024048"
"2541","26","300","20","preferential_attachment","sites","sites_3","PLN","BIC","0.22","0.527045","0.286249415422244","0.708","0.579","0.083","0.146","0.874062061309814"
"2542","26","300","20","preferential_attachment","sites","sites_3","ZIPLN","BIC","0.11","0.849224","0.639129719103903","0","0",NA,"0","23.5704834461212"
"2543","27","300","20","preferential_attachment","sites","sites_3","PLN","BIC","0.24","0.6242055","0.285458996658347","0.596","0.737","0.121","0.207","0.765417098999023"
"2544","27","300","20","preferential_attachment","sites","sites_3","ZIPLN","BIC","0.11","0.9085425","0.685671227554209","0","0",NA,"0","20.9606995582581"
"2545","28","300","20","preferential_attachment","sites","sites_3","PLN","BIC","0.21","0.366531","0.288997068739922","0.713","0.526","0.076","0.132","0.536586284637451"
"2546","28","300","20","preferential_attachment","sites","sites_3","ZIPLN","BIC","0.1","0.8690945","0.652290726502621","0","0.158","1","0.273","22.4248070716858"
"2547","29","300","20","preferential_attachment","sites","sites_3","PLN","BIC","0.21","0.4768475","0.289463251880953","0.62","0.579","0.094","0.162","0.738604784011841"
"2548","29","300","20","preferential_attachment","sites","sites_3","ZIPLN","BIC","0.11","0.9384485","0.620035814586398","0","0",NA,"0","18.2152438163757"
"2549","30","300","20","preferential_attachment","sites","sites_3","PLN","BIC","0.21","0.520672","0.297785539287487","0.661","0.632","0.096","0.167","0.830035448074341"
"2550","30","300","20","preferential_attachment","sites","sites_3","ZIPLN","BIC","0.1","0.6809715","0.607566007586379","0","0",NA,"0","22.077525138855"
"2551","1","300","20","preferential_attachment","sites","sites_4","PLN","BIC","0.25","0.6901425","0.277694542496383","0.649","0.842","0.126","0.219","0.908760786056519"
"2552","1","300","20","preferential_attachment","sites","sites_4","ZIPLN","BIC","0.11","0.890347","0.663479592283834","0","0",NA,"0","23.7715241909027"
"2553","2","300","20","preferential_attachment","sites","sites_4","PLN","BIC","0.21","0.6963135","0.279012107564975","0.585","0.895","0.145","0.25","0.897528171539307"
"2554","2","300","20","preferential_attachment","sites","sites_4","ZIPLN","BIC","0.09","0.786488","0.605144087007453","0","0",NA,"0","23.8604357242584"
"2555","3","300","20","preferential_attachment","sites","sites_4","PLN","BIC","0.22","0.6643515","0.278808164984115","0.626","0.789","0.123","0.213","0.896174192428589"
"2556","3","300","20","preferential_attachment","sites","sites_4","ZIPLN","BIC","0.11","0.896747","0.598416679767797","0","0",NA,"0","23.0130841732025"
"2557","4","300","20","preferential_attachment","sites","sites_4","PLN","BIC","0.23","0.579888","0.263308986659641","0.193","0.211","0.108","0.143","2.80992674827576"
"2558","4","300","20","preferential_attachment","sites","sites_4","ZIPLN","BIC","0.11","0.8865555","0.61537127052839","0","0.053","1","0.1","22.5053551197052"
"2559","5","300","20","preferential_attachment","sites","sites_4","PLN","BIC","0.22","0.5610605","0.280038202586476","0.655","0.789","0.118","0.205","0.572892665863037"
"2560","5","300","20","preferential_attachment","sites","sites_4","ZIPLN","BIC","0.11","0.851402","0.629395493436662","0","0",NA,"0","23.1189694404602"
"2561","6","300","20","preferential_attachment","sites","sites_4","PLN","BIC","0.24","0.5803745","0.278124046003827","0.632","0.737","0.115","0.199","0.9473717212677"
"2562","6","300","20","preferential_attachment","sites","sites_4","ZIPLN","BIC","0.11","0.708181","0.66635393055114","0","0",NA,"0","20.3282089233398"
"2563","7","300","20","preferential_attachment","sites","sites_4","PLN","BIC","0.24","0.5657215","0.267020735108333","0.667","0.579","0.088","0.153","0.841855764389038"
"2564","7","300","20","preferential_attachment","sites","sites_4","ZIPLN","BIC","0.1","0.7558765","0.633130370237463","0","0",NA,"0","23.9762260913849"
"2565","8","300","20","preferential_attachment","sites","sites_4","PLN","BIC","0.24","0.466137","0.280292554157383","0.626","0.789","0.123","0.213","0.811912775039673"
"2566","8","300","20","preferential_attachment","sites","sites_4","ZIPLN","BIC","0.1","0.8520435","0.671694968302153","0","0",NA,"0","23.4601788520813"
"2567","9","300","20","preferential_attachment","sites","sites_4","PLN","BIC","0.21","0.4708575","0.252193198498859","0.661","0.526","0.081","0.141","0.963615894317627"
"2568","9","300","20","preferential_attachment","sites","sites_4","ZIPLN","BIC","0.12","0.827778","0.547594037805223","0","0",NA,"0","22.615736246109"
"2569","10","300","20","preferential_attachment","sites","sites_4","PLN","BIC","0.22","0.4305015","0.272873794038286","0.637","0.632","0.099","0.171","0.529842138290405"
"2570","10","300","20","preferential_attachment","sites","sites_4","ZIPLN","BIC","0.1","0.779672","0.603492749189129","0","0",NA,"0","21.0610961914062"
"2571","11","300","20","preferential_attachment","sites","sites_4","PLN","BIC","0.24","0.43738","0.27152994761326","0.614","0.684","0.11","0.19","0.773440837860107"
"2572","11","300","20","preferential_attachment","sites","sites_4","ZIPLN","BIC","0.12","0.762185","0.637073101649411","0","0",NA,"0","21.166806936264"
"2573","12","300","20","preferential_attachment","sites","sites_4","PLN","BIC","0.23","0.4816895","0.278955601773835","0.673","0.632","0.094","0.164","0.79718017578125"
"2574","12","300","20","preferential_attachment","sites","sites_4","ZIPLN","BIC","0.12","0.9297875","0.606041135320181","0","0",NA,"0","22.7109520435333"
"2575","13","300","20","preferential_attachment","sites","sites_4","PLN","BIC","0.21","0.538235","0.295690827836823","0.164","0.211","0.125","0.157","2.14076399803162"
"2576","13","300","20","preferential_attachment","sites","sites_4","ZIPLN","BIC","0.11","0.8472675","0.572355874537239","0","0.053","1","0.1","22.4372961521149"
"2577","14","300","20","preferential_attachment","sites","sites_4","PLN","BIC","0.24","0.4674385","0.278966464644943","0.657","0.611","0.089","0.155","0.806625366210938"
"2578","14","300","20","preferential_attachment","sites","sites_4","ZIPLN","BIC","0.1","0.8245415","0.65959554403446","0","0",NA,"0","23.2851250171661"
"2579","15","300","20","preferential_attachment","sites","sites_4","PLN","BIC","0.2","0.486839","0.263913387722818","0.643","0.632","0.098","0.17","0.797598838806152"
"2580","15","300","20","preferential_attachment","sites","sites_4","ZIPLN","BIC","0.1","0.78113","0.595066597702497","0","0",NA,"0","22.9634549617767"
"2581","16","300","20","preferential_attachment","sites","sites_4","PLN","BIC","0.22","0.3713625","0.275627997142819","0","0",NA,"0","2.64824509620667"
"2582","16","300","20","preferential_attachment","sites","sites_4","ZIPLN","BIC","0.1","0.84067","0.589530165983329","0","0",NA,"0","23.3989851474762"
"2583","17","300","20","preferential_attachment","sites","sites_4","PLN","BIC","0.21","0.5748475","0.269256390291008","0.622","0.667","0.101","0.175","0.821285724639893"
"2584","17","300","20","preferential_attachment","sites","sites_4","ZIPLN","BIC","0.1","0.7347365","0.610420530977686","0","0",NA,"0","22.5536651611328"
"2585","18","300","20","preferential_attachment","sites","sites_4","PLN","BIC","0.24","0.649951","0.284986096855781","0.643","0.842","0.127","0.221","0.818264722824097"
"2586","18","300","20","preferential_attachment","sites","sites_4","ZIPLN","BIC","0.12","0.8248235","0.640800494624391","0","0",NA,"0","19.030969619751"
"2587","19","300","20","preferential_attachment","sites","sites_4","PLN","BIC","0.22","0.4409225","0.270149689846822","0.678","0.579","0.087","0.151","0.840847730636597"
"2588","19","300","20","preferential_attachment","sites","sites_4","ZIPLN","BIC","0.12","0.7736405","0.576726190271354","0","0",NA,"0","23.234851360321"
"2589","20","300","20","preferential_attachment","sites","sites_4","PLN","BIC","0.22","0.474979","0.277415049936737","0.62","0.579","0.094","0.162","0.814323902130127"
"2590","20","300","20","preferential_attachment","sites","sites_4","ZIPLN","BIC","0.11","0.847601","0.578780846430086","0","0",NA,"0","19.3238370418549"
"2591","21","300","20","preferential_attachment","sites","sites_4","PLN","BIC","0.25","0.4196745","0.264684537580806","0.637","0.684","0.107","0.184","0.798330068588257"
"2592","21","300","20","preferential_attachment","sites","sites_4","ZIPLN","BIC","0.11","0.812139","0.678306962015153","0","0",NA,"0","22.3888309001923"
"2593","22","300","20","preferential_attachment","sites","sites_4","PLN","BIC","0.22","0.5610005","0.276614467490823","0.737","0.684","0.094","0.165","0.845208644866943"
"2594","22","300","20","preferential_attachment","sites","sites_4","ZIPLN","BIC","0.1","0.8354985","0.636731775364148","0","0.053","1","0.1","22.6992907524109"
"2595","23","300","20","preferential_attachment","sites","sites_4","PLN","BIC","0.2","0.525401","0.266313417561166","0.544","0.579","0.106","0.179","0.786749601364136"
"2596","23","300","20","preferential_attachment","sites","sites_4","ZIPLN","BIC","0.09","0.8219605","0.627579997273204","0","0",NA,"0","22.7625668048859"
"2597","24","300","20","preferential_attachment","sites","sites_4","PLN","BIC","0.23","0.4959735","0.273331397326072","0.637","0.579","0.092","0.158","0.788496494293213"
"2598","24","300","20","preferential_attachment","sites","sites_4","ZIPLN","BIC","0.11","0.8474575","0.636683376838859","0","0",NA,"0","22.214414358139"
"2599","25","300","20","preferential_attachment","sites","sites_4","PLN","BIC","0.24","0.5682035","0.26984481509217","0.673","0.632","0.094","0.164","0.829238653182983"
"2600","25","300","20","preferential_attachment","sites","sites_4","ZIPLN","BIC","0.11","0.868356","0.657392152237667","0","0",NA,"0","20.6889324188232"
"2601","26","300","20","preferential_attachment","sites","sites_4","PLN","BIC","0.24","0.6532045","0.27470290960708","0.62","0.895","0.138","0.239","0.628880500793457"
"2602","26","300","20","preferential_attachment","sites","sites_4","ZIPLN","BIC","0.11","0.7875775","0.652283642130495","0","0",NA,"0","21.4537491798401"
"2603","27","300","20","preferential_attachment","sites","sites_4","PLN","BIC","0.21","0.4679035","0.262411655053405","0.643","0.579","0.091","0.157","1.92929339408875"
"2604","27","300","20","preferential_attachment","sites","sites_4","ZIPLN","BIC","0.09","0.888951","0.626657054792214","0","0",NA,"0","21.1802446842194"
"2605","28","300","20","preferential_attachment","sites","sites_4","PLN","BIC","0.23","0.380079","0.27575590454501","0","0",NA,"0","1.97152495384216"
"2606","28","300","20","preferential_attachment","sites","sites_4","ZIPLN","BIC","0.1","0.816005","0.648824957762204","0","0",NA,"0","20.4701218605042"
"2607","29","300","20","preferential_attachment","sites","sites_4","PLN","BIC","0.22","0.5491055","0.282196576521618","0.626","0.737","0.116","0.2","0.78752326965332"
"2608","29","300","20","preferential_attachment","sites","sites_4","ZIPLN","BIC","0.1","0.7935115","0.647601166491295","0","0",NA,"0","21.7523753643036"
"2609","30","300","20","preferential_attachment","sites","sites_4","PLN","BIC","0.2","0.599352","0.28162791850453","0.678","0.895","0.128","0.224","0.875088214874268"
"2610","30","300","20","preferential_attachment","sites","sites_4","ZIPLN","BIC","0.09","0.813795","0.60780628535994","0","0",NA,"0","22.6668243408203"
"2611","1","300","50","preferential_attachment","sites","sites_1","PLN","BIC","0.1","0.8023565","0.758500778117578","0.008","0.347","0.654","0.453","3.62547564506531"
"2612","1","300","50","preferential_attachment","sites","sites_1","ZIPLN","BIC","0.05","0.9240895","0.927180023740206","0.066","0.735","0.316","0.442","55.2432589530945"
"2613","2","300","50","preferential_attachment","sites","sites_1","PLN","BIC","0.11","0.883754","0.777107814876125","0.007","0.449","0.733","0.557","3.08949565887451"
"2614","2","300","50","preferential_attachment","sites","sites_1","ZIPLN","BIC","0.04","0.9162155","0.976821848342655","0.03","0.796","0.527","0.634","58.4653720855713"
"2615","3","300","50","preferential_attachment","sites","sites_1","PLN","BIC","0.1","0.9139665","0.715516820901949","0.021","0.49","0.49","0.49","3.78354024887085"
"2616","3","300","50","preferential_attachment","sites","sites_1","ZIPLN","BIC","0.05","0.9466345","0.859022934641563","0.027","0.735","0.529","0.615","58.972017288208"
"2617","4","300","50","preferential_attachment","sites","sites_1","PLN","BIC","0.1","0.894472","0.761472730439921","0.009","0.347","0.63","0.447","2.71016764640808"
"2618","4","300","50","preferential_attachment","sites","sites_1","ZIPLN","BIC","0.04","0.920348","0.948649197918292","0.025","0.694","0.54","0.607","1.00413659016291"
"2619","5","300","50","preferential_attachment","sites","sites_1","PLN","BIC","0.1","0.7792385","0.769595857114882","0.008","0.292","0.609","0.394","3.22723436355591"
"2620","5","300","50","preferential_attachment","sites","sites_1","ZIPLN","BIC","0.04","0.87322","0.963929582074027","0.031","0.708","0.486","0.576","1.0157892982165"
"2621","6","300","50","preferential_attachment","sites","sites_1","PLN","BIC","0.11","0.845424","0.754241386596547","0.016","0.449","0.537","0.489","2.75805497169495"
"2622","6","300","50","preferential_attachment","sites","sites_1","ZIPLN","BIC","0.05","0.8982585","0.916009135859564","0.036","0.653","0.432","0.52","1.00716117223104"
"2623","7","300","50","preferential_attachment","sites","sites_1","PLN","BIC","0.1","0.7698255","0.748468681640467","0.007","0.327","0.667","0.438","3.26425409317017"
"2624","7","300","50","preferential_attachment","sites","sites_1","ZIPLN","BIC","0.04","0.9103455","0.923602035996432","0.017","0.673","0.623","0.647","1.02151476939519"
"2625","8","300","50","preferential_attachment","sites","sites_1","PLN","BIC","0.11","0.919649","0.750696778191569","0.02","0.571","0.538","0.554","2.71194744110107"
"2626","8","300","50","preferential_attachment","sites","sites_1","ZIPLN","BIC","0.04","0.952912","0.925935911628591","0.035","0.837","0.5","0.626","59.3845686912537"
"2627","9","300","50","preferential_attachment","sites","sites_1","PLN","BIC","0.1","0.909676","0.713966339585971","0.023","0.735","0.571","0.643","3.55319952964783"
"2628","9","300","50","preferential_attachment","sites","sites_1","ZIPLN","BIC","0.05","0.9606425","0.836592111504515","0.045","0.857","0.442","0.583","1.05916316906611"
"2629","10","300","50","preferential_attachment","sites","sites_1","PLN","BIC","0.12","0.871451","0.769598985667862","0.006","0.347","0.708","0.466","2.66171002388"
"2630","10","300","50","preferential_attachment","sites","sites_1","ZIPLN","BIC","0.05","0.93138","0.969232113142612","0.029","0.714","0.507","0.593","1.07128961881002"
"2631","11","300","50","preferential_attachment","sites","sites_1","PLN","BIC","0.11","0.819313","0.763992416696147","0.008","0.388","0.679","0.494","3.11468124389648"
"2632","11","300","50","preferential_attachment","sites","sites_1","ZIPLN","BIC","0.05","0.8530105","0.950188099063361","0.015","0.571","0.609","0.589","1.09149119456609"
"2633","12","300","50","preferential_attachment","sites","sites_1","PLN","BIC","0.11","0.8289125","0.781692708349229","0.003","0.367","0.857","0.514","2.90357637405396"
"2634","12","300","50","preferential_attachment","sites","sites_1","ZIPLN","BIC","0.05","0.909666","0.974596243468282","0.006","0.551","0.794","0.651","59.2600917816162"
"2635","13","300","50","preferential_attachment","sites","sites_1","PLN","BIC","0.1","0.8372235","0.734054774610325","0.008","0.417","0.667","0.513","3.84169888496399"
"2636","13","300","50","preferential_attachment","sites","sites_1","ZIPLN","BIC","0.04","0.8565425","0.897467885583302","0.028","0.625","0.476","0.541","1.08087865114212"
"2637","14","300","50","preferential_attachment","sites","sites_1","PLN","BIC","0.1","0.7628845","0.790331344003449","0","0.163","1","0.281","2.92958688735962"
"2638","14","300","50","preferential_attachment","sites","sites_1","ZIPLN","BIC","0.04","0.865289","0.989612527217472","0.018","0.551","0.562","0.557","1.00902528762817"
"2639","15","300","50","preferential_attachment","sites","sites_1","PLN","BIC","0.1","0.7878795","0.770511236192477","0.004","0.265","0.722","0.388","3.0315113067627"
"2640","15","300","50","preferential_attachment","sites","sites_1","ZIPLN","BIC","0.05","0.8699985","0.943033869791326","0.01","0.51","0.676","0.581","1.08479483524958"
"2641","16","300","50","preferential_attachment","sites","sites_1","PLN","BIC","0.15","0.834299","0.859932192635368","0.005","0.49","0.8","0.608","2.89289474487305"
"2642","16","300","50","preferential_attachment","sites","sites_1","ZIPLN","BIC","0.06","0.9156725","1.13560102584794","0.014","0.694","0.667","0.68","1.08553188641866"
"2643","17","300","50","preferential_attachment","sites","sites_1","PLN","BIC","0.1","0.8664985","0.780326166652074","0.006","0.408","0.741","0.526","4.47144174575806"
"2644","17","300","50","preferential_attachment","sites","sites_1","ZIPLN","BIC","0.04","0.913832","0.954424909036284","0.014","0.653","0.653","0.653","1.02446264028549"
"2645","18","300","50","preferential_attachment","sites","sites_1","PLN","BIC","0.12","0.90109","0.773098153427901","0.006","0.49","0.774","0.6","3.40395259857178"
"2646","18","300","50","preferential_attachment","sites","sites_1","ZIPLN","BIC","0.05","0.9141855","0.946900616421116","0.042","0.796","0.443","0.569","1.09361506700516"
"2647","19","300","50","preferential_attachment","sites","sites_1","PLN","BIC","0.11","0.8309235","0.76597224195637","0","0.306","1","0.469","2.90481877326965"
"2648","19","300","50","preferential_attachment","sites","sites_1","ZIPLN","BIC","0.06","0.868998","0.9341070022035","0.014","0.653","0.667","0.66","1.07773965994517"
"2649","20","300","50","preferential_attachment","sites","sites_1","PLN","BIC","0.11","0.839781","0.767894547799721","0.002","0.146","0.778","0.246","3.00254654884338"
"2650","20","300","50","preferential_attachment","sites","sites_1","ZIPLN","BIC","0.05","0.866842","0.940206575140799","0.031","0.646","0.456","0.534","58.555606842041"
"2651","21","300","50","preferential_attachment","sites","sites_1","PLN","BIC","0.1","0.8820565","0.763046749637438","0.009","0.388","0.633","0.481","3.24767661094666"
"2652","21","300","50","preferential_attachment","sites","sites_1","ZIPLN","BIC","0.05","0.9371085","0.919613577443914","0.015","0.592","0.617","0.604","1.00903258323669"
"2653","22","300","50","preferential_attachment","sites","sites_1","PLN","BIC","0.09","0.8625465","0.730992215232671","0.021","0.571","0.528","0.549","3.54245114326477"
"2654","22","300","50","preferential_attachment","sites","sites_1","ZIPLN","BIC","0.05","0.9625115","0.876061711586959","0.034","0.796","0.494","0.609","1.0356499950091"
"2655","23","300","50","preferential_attachment","sites","sites_1","PLN","BIC","0.11","0.8690075","0.783356040420269","0.003","0.367","0.818","0.507","3.16388154029846"
"2656","23","300","50","preferential_attachment","sites","sites_1","ZIPLN","BIC","0.05","0.891282","0.941014155186111","0.024","0.694","0.548","0.613","1.0116575717926"
"2657","24","300","50","preferential_attachment","sites","sites_1","PLN","BIC","0.11","0.867884","0.739752791646779","0.017","0.646","0.608","0.626","3.00227022171021"
"2658","24","300","50","preferential_attachment","sites","sites_1","ZIPLN","BIC","0.05","0.91242","0.873840269396484","0.04","0.792","0.447","0.571","1.02501905361811"
"2659","25","300","50","preferential_attachment","sites","sites_1","PLN","BIC","0.1","0.762161","0.763375695888065","0.017","0.49","0.545","0.516","3.1923131942749"
"2660","25","300","50","preferential_attachment","sites","sites_1","ZIPLN","BIC","0.05","0.879696","0.914596743521903","0.065","0.755","0.325","0.454","58.0633745193481"
"2661","26","300","50","preferential_attachment","sites","sites_1","PLN","BIC","0.11","0.85113","0.73708053990905","0.003","0.265","0.765","0.394","3.62567663192749"
"2662","26","300","50","preferential_attachment","sites","sites_1","ZIPLN","BIC","0.05","0.95259","0.900939244185445","0.031","0.755","0.507","0.607","1.04559429089228"
"2663","27","300","50","preferential_attachment","sites","sites_1","PLN","BIC","0.11","0.785122","0.77174131526045","0.001","0.184","0.9","0.305","3.10590934753418"
"2664","27","300","50","preferential_attachment","sites","sites_1","ZIPLN","BIC","0.05","0.9163015","0.966346962528846","0.022","0.735","0.581","0.649","54.1663198471069"
"2665","28","300","50","preferential_attachment","sites","sites_1","PLN","BIC","0.1","0.853794","0.731033840268185","0.009","0.551","0.73","0.628","2.87164783477783"
"2666","28","300","50","preferential_attachment","sites","sites_1","ZIPLN","BIC","0.05","0.9174575","0.875049677622104","0.04","0.735","0.434","0.545","59.5978746414185"
"2667","29","300","50","preferential_attachment","sites","sites_1","PLN","BIC","0.12","0.84767","0.803001029862891","0.004","0.327","0.762","0.457","3.32571411132812"
"2668","29","300","50","preferential_attachment","sites","sites_1","ZIPLN","BIC","0.04","0.9243315","1.02599968149929","0.018","0.755","0.638","0.692","57.8973939418793"
"2669","30","300","50","preferential_attachment","sites","sites_1","PLN","BIC","0.09","0.9044745","0.723139678411063","0.011","0.449","0.629","0.524","2.00603032112122"
"2670","30","300","50","preferential_attachment","sites","sites_1","ZIPLN","BIC","0.04","0.925822","0.857600934289892","0.041","0.776","0.442","0.563","59.2092981338501"
"2671","1","300","50","preferential_attachment","sites","sites_2","PLN","BIC","0.14","0.6006715","0.492641301260208","0","0",NA,"0","5.7924656867981"
"2672","1","300","50","preferential_attachment","sites","sites_2","ZIPLN","BIC","0.06","0.931349","0.836157591619622","0.001","0.458","0.957","0.62","1.09352433681488"
"2673","2","300","50","preferential_attachment","sites","sites_2","PLN","BIC","0.15","0.5962785","0.497011220630652","0","0",NA,"0","5.47354292869568"
"2674","2","300","50","preferential_attachment","sites","sites_2","ZIPLN","BIC","0.06","0.87068","0.819145437945497","0.023","0.551","0.5","0.524","1.08674112955729"
"2675","3","300","50","preferential_attachment","sites","sites_2","PLN","BIC","0.14","0.6812375","0.490091033414335","0","0",NA,"0","5.3194534778595"
"2676","3","300","50","preferential_attachment","sites","sites_2","ZIPLN","BIC","0.05","0.8632885","0.828365031717626","0.011","0.417","0.606","0.494","1.07052234808604"
"2677","4","300","50","preferential_attachment","sites","sites_2","PLN","BIC","0.14","0.620172","0.491706796703583","0","0",NA,"0","4.03262281417847"
"2678","4","300","50","preferential_attachment","sites","sites_2","ZIPLN","BIC","0.05","0.8895645","0.808156489639623","0.017","0.633","0.608","0.62","1.03492824633916"
"2679","5","300","50","preferential_attachment","sites","sites_2","PLN","BIC","0.15","0.5826075","0.478384122081566","0","0",NA,"0","5.39414644241333"
"2680","5","300","50","preferential_attachment","sites","sites_2","ZIPLN","BIC","0.06","0.8909645","0.86724066919242","0.003","0.521","0.893","0.658","1.08304537534714"
"2681","6","300","50","preferential_attachment","sites","sites_2","PLN","BIC","0.14","0.604086","0.49318924747981","0","0",NA,"0","5.75504994392395"
"2682","6","300","50","preferential_attachment","sites","sites_2","ZIPLN","BIC","0.05","0.8849975","0.801820954381267","0.019","0.673","0.6","0.635","1.06181878646215"
"2683","7","300","50","preferential_attachment","sites","sites_2","PLN","BIC","0.15","0.556267","0.487549287884994","0","0",NA,"0","4.23832035064697"
"2684","7","300","50","preferential_attachment","sites","sites_2","ZIPLN","BIC","0.06","0.936829","0.865530482424165","0.016","0.653","0.627","0.64","59.4211504459381"
"2685","8","300","50","preferential_attachment","sites","sites_2","PLN","BIC","0.16","0.673576","0.494542408028513","0.003","0","0","0","4.82455587387085"
"2686","8","300","50","preferential_attachment","sites","sites_2","ZIPLN","BIC","0.06","0.8785135","0.865813937589125","0.014","0.571","0.622","0.596","59.9573106765747"
"2687","9","300","50","preferential_attachment","sites","sites_2","PLN","BIC","0.16","0.637047","0.486001193686279","0.001","0.02","0.5","0.039","4.97182130813599"
"2688","9","300","50","preferential_attachment","sites","sites_2","ZIPLN","BIC","0.06","0.8797465","0.858074152428971","0.014","0.531","0.619","0.571","1.0469383597374"
"2689","10","300","50","preferential_attachment","sites","sites_2","PLN","BIC","0.15","0.624875","0.49213621652909","0","0",NA,"0","4.21899557113647"
"2690","10","300","50","preferential_attachment","sites","sites_2","ZIPLN","BIC","0.06","0.87826","0.827278968167227","0.028","0.714","0.515","0.598","1.01273499727249"
"2691","11","300","50","preferential_attachment","sites","sites_2","PLN","BIC","0.14","0.6725905","0.477940562913676","0","0",NA,"0","5.13686060905457"
"2692","11","300","50","preferential_attachment","sites","sites_2","ZIPLN","BIC","0.05","0.920852","0.806619038337261","0.023","0.688","0.55","0.611","1.00837414662043"
"2693","12","300","50","preferential_attachment","sites","sites_2","PLN","BIC","0.16","0.626351","0.513060383725477","0","0",NA,"0","4.72092032432556"
"2694","12","300","50","preferential_attachment","sites","sites_2","ZIPLN","BIC","0.06","0.917977","0.902995724476068","0.019","0.571","0.56","0.566","1.03323339621226"
"2695","13","300","50","preferential_attachment","sites","sites_2","PLN","BIC","0.15","0.568181","0.493551187257474","0.001","0.021","0.5","0.041","4.5902087688446"
"2696","13","300","50","preferential_attachment","sites","sites_2","ZIPLN","BIC","0.04","0.8753235","0.859306301151201","0.031","0.66","0.456","0.539","57.9330334663391"
"2697","14","300","50","preferential_attachment","sites","sites_2","PLN","BIC","0.16","0.6639515","0.476450536389526","0","0",NA,"0","5.40478014945984"
"2698","14","300","50","preferential_attachment","sites","sites_2","ZIPLN","BIC","0.06","0.891644","0.847004376188049","0.009","0.551","0.73","0.628","1.00854123830795"
"2699","15","300","50","preferential_attachment","sites","sites_2","PLN","BIC","0.13","0.6634865","0.490270199171444","0","0",NA,"0","5.20397877693176"
"2700","15","300","50","preferential_attachment","sites","sites_2","ZIPLN","BIC","0.05","0.9032585","0.781494343127172","0.031","0.694","0.479","0.567","59.5906000137329"
"2701","16","300","50","preferential_attachment","sites","sites_2","PLN","BIC","0.14","0.659918","0.500676486459953","0","0",NA,"0","3.06487202644348"
"2702","16","300","50","preferential_attachment","sites","sites_2","ZIPLN","BIC","0.06","0.869315","0.834848192419759","0.011","0.51","0.658","0.575","1.01023100614548"
"2703","17","300","50","preferential_attachment","sites","sites_2","PLN","BIC","0.15","0.578415","0.494921253415219","0","0",NA,"0","4.36213493347168"
"2704","17","300","50","preferential_attachment","sites","sites_2","ZIPLN","BIC","0.05","0.9032405","0.880950506294164","0.019","0.551","0.551","0.551","57.9001247882843"
"2705","18","300","50","preferential_attachment","sites","sites_2","PLN","BIC","0.14","0.690081","0.482268110031491","0","0",NA,"0","5.68139743804932"
"2706","18","300","50","preferential_attachment","sites","sites_2","ZIPLN","BIC","0.05","0.9618595","0.772640867693058","0.045","0.816","0.43","0.563","58.3781764507294"
"2707","19","300","50","preferential_attachment","sites","sites_2","PLN","BIC","0.16","0.625513","0.490778006348352","0","0",NA,"0","3.74070239067078"
"2708","19","300","50","preferential_attachment","sites","sites_2","ZIPLN","BIC","0.06","0.932974","0.862930221878117","0.021","0.653","0.561","0.604","1.00838657617569"
"2709","20","300","50","preferential_attachment","sites","sites_2","PLN","BIC","0.14","0.625627","0.484290679116566","0","0",NA,"0","5.06290292739868"
"2710","20","300","50","preferential_attachment","sites","sites_2","ZIPLN","BIC","0.06","0.87417","0.799629334618544","0.007","0.571","0.778","0.659","59.7162492275238"
"2711","21","300","50","preferential_attachment","sites","sites_2","PLN","BIC","0.15","0.555615","0.495564056986414","0","0",NA,"0","4.98876309394836"
"2712","21","300","50","preferential_attachment","sites","sites_2","ZIPLN","BIC","0.07","0.895442","0.822379450713231","0.02","0.583","0.538","0.56","1.07372533877691"
"2713","22","300","50","preferential_attachment","sites","sites_2","PLN","BIC","0.15","0.635624","0.487441181972553","0.001","0.041","0.667","0.077","5.32251787185669"
"2714","22","300","50","preferential_attachment","sites","sites_2","ZIPLN","BIC","0.05","0.8805775","0.85029531428981","0.037","0.735","0.45","0.558","1.03396643797557"
"2715","23","300","50","preferential_attachment","sites","sites_2","PLN","BIC","0.14","0.632087","0.505931013278539","0","0",NA,"0","4.97205543518066"
"2716","23","300","50","preferential_attachment","sites","sites_2","ZIPLN","BIC","0.05","0.8776405","0.83186376598916","0.024","0.646","0.525","0.579","59.899742603302"
"2717","24","300","50","preferential_attachment","sites","sites_2","PLN","BIC","0.15","0.6027535","0.482464142187361","0.001","0","0","0","5.09265828132629"
"2718","24","300","50","preferential_attachment","sites","sites_2","ZIPLN","BIC","0.06","0.925746","0.804430910602167","0.027","0.694","0.515","0.591","1.02390293677648"
"2719","25","300","50","preferential_attachment","sites","sites_2","PLN","BIC","0.15","0.5938115","0.489205247650725","0","0",NA,"0","5.02427315711975"
"2720","25","300","50","preferential_attachment","sites","sites_2","ZIPLN","BIC","0.05","0.893508","0.85115450109563","0.032","0.714","0.479","0.574","1.07189259529114"
"2721","26","300","50","preferential_attachment","sites","sites_2","PLN","BIC","0.13","0.7068675","0.488662681796034","0","0",NA,"0","4.95832300186157"
"2722","26","300","50","preferential_attachment","sites","sites_2","ZIPLN","BIC","0.06","0.915339","0.767622406767348","0.013","0.51","0.625","0.562","1.01465171178182"
"2723","27","300","50","preferential_attachment","sites","sites_2","PLN","BIC","0.15","0.6706","0.488404994915651","0","0",NA,"0","4.86912178993225"
"2724","27","300","50","preferential_attachment","sites","sites_2","ZIPLN","BIC","0.07","0.8911365","0.820906595154172","0.008","0.571","0.757","0.651","58.7182586193085"
"2725","28","300","50","preferential_attachment","sites","sites_2","PLN","BIC","0.15","0.6039375","0.488410927437738","0","0",NA,"0","4.603515625"
"2726","28","300","50","preferential_attachment","sites","sites_2","ZIPLN","BIC","0.06","0.9397745","0.826730485273594","0.031","0.673","0.478","0.559","1.02937039534251"
"2727","29","300","50","preferential_attachment","sites","sites_2","PLN","BIC","0.15","0.6696055","0.487742451798924","0","0",NA,"0","6.58665657043457"
"2728","29","300","50","preferential_attachment","sites","sites_2","ZIPLN","BIC","0.06","0.9132865","0.827049597847495","0.015","0.646","0.633","0.639","1.04727163712184"
"2729","30","300","50","preferential_attachment","sites","sites_2","PLN","BIC","0.18","0.585682","0.506623316109328","0","0",NA,"0","4.96515321731567"
"2730","30","300","50","preferential_attachment","sites","sites_2","ZIPLN","BIC","0.05","0.852896","0.954515328695325","0.023","0.612","0.526","0.566","59.1048190593719"
"2731","1","300","50","preferential_attachment","sites","sites_3","PLN","BIC","0.16","0.446003","0.292014270334615","0","0",NA,"0","16.1642351150513"
"2732","1","300","50","preferential_attachment","sites","sites_3","ZIPLN","BIC","0.07","0.8801025","0.724595282787403","0","0",NA,"0","1.01654974222183"
"2733","2","300","50","preferential_attachment","sites","sites_3","PLN","BIC","0.18","0.4996165","0.283922476231106","0","0",NA,"0","18.0542588233948"
"2734","2","300","50","preferential_attachment","sites","sites_3","ZIPLN","BIC","0.07","0.7912405","0.784816542232392","0","0",NA,"0","55.9013426303864"
"2735","3","300","50","preferential_attachment","sites","sites_3","PLN","BIC","0.16","0.487108","0.289093090877354","0","0",NA,"0","15.1611235141754"
"2736","3","300","50","preferential_attachment","sites","sites_3","ZIPLN","BIC","0.07","0.841583","0.727300049944113","0","0",NA,"0","1.01028343439102"
"2737","4","300","50","preferential_attachment","sites","sites_3","PLN","BIC","0.16","0.4665105","0.292674533061961","0","0",NA,"0","11.3705797195435"
"2738","4","300","50","preferential_attachment","sites","sites_3","ZIPLN","BIC","0.07","0.894399","0.722033630727387","0","0",NA,"0","57.3388125896454"
"2739","5","300","50","preferential_attachment","sites","sites_3","PLN","BIC","0.17","0.551803","0.283159406080021","0","0",NA,"0","18.8399450778961"
"2740","5","300","50","preferential_attachment","sites","sites_3","ZIPLN","BIC","0.07","0.8670975","0.728160840555461","0","0",NA,"0","1.0154088695844"
"2741","6","300","50","preferential_attachment","sites","sites_3","PLN","BIC","0.15","0.6027455","0.307843989378505","0","0",NA,"0","14.1023817062378"
"2742","6","300","50","preferential_attachment","sites","sites_3","ZIPLN","BIC","0.08","0.8799545","0.683929712251056","0","0",NA,"0","59.8947684764862"
"2743","7","300","50","preferential_attachment","sites","sites_3","PLN","BIC","0.17","0.47671","0.29120354707497","0","0",NA,"0","16.5996136665344"
"2744","7","300","50","preferential_attachment","sites","sites_3","ZIPLN","BIC","0.09","0.8996295","0.726104813428283","0","0",NA,"0","1.06204376618067"
"2745","8","300","50","preferential_attachment","sites","sites_3","PLN","BIC","0.2","0.604238","0.285517039308692","0","0",NA,"0","14.7060413360596"
"2746","8","300","50","preferential_attachment","sites","sites_3","ZIPLN","BIC","0.07","0.781949","0.801670890645199","0","0",NA,"0","56.5658729076385"
"2747","9","300","50","preferential_attachment","sites","sites_3","PLN","BIC","0.17","0.5114075","0.304865022476325","0","0",NA,"0","14.295934677124"
"2748","9","300","50","preferential_attachment","sites","sites_3","ZIPLN","BIC","0.08","0.8407535","0.711462177157527","0.003","0.286","0.824","0.424","1.05827724933624"
"2749","10","300","50","preferential_attachment","sites","sites_3","PLN","BIC","0.16","0.51468","0.2961702461249","0","0",NA,"0","14.713166475296"
"2750","10","300","50","preferential_attachment","sites","sites_3","ZIPLN","BIC","0.07","0.7979215","0.74537405262021","0","0",NA,"0","57.4916408061981"
"2751","11","300","50","preferential_attachment","sites","sites_3","PLN","BIC","0.14","0.5278565","0.28905644668334","0","0",NA,"0","16.5905148983002"
"2752","11","300","50","preferential_attachment","sites","sites_3","ZIPLN","BIC","0.07","0.82453","0.644042783814722","0","0",NA,"0","1.0113452911377"
"2753","12","300","50","preferential_attachment","sites","sites_3","PLN","BIC","0.19","0.511875","0.288318972357243","0.001","0","0","0","15.2069818973541"
"2754","12","300","50","preferential_attachment","sites","sites_3","ZIPLN","BIC","0.08","0.9072845","0.763727809607941","0","0",NA,"0","1.00235944588979"
"2755","13","300","50","preferential_attachment","sites","sites_3","PLN","BIC","0.17","0.5247255","0.292816832189311","0","0",NA,"0","15.4456639289856"
"2756","13","300","50","preferential_attachment","sites","sites_3","ZIPLN","BIC","0.07","0.806885","0.730151746815675","0","0",NA,"0","1.15592733224233"
"2757","14","300","50","preferential_attachment","sites","sites_3","PLN","BIC","0.17","0.551784","0.298873345824648","0.001","0","0","0","10.1379964351654"
"2758","14","300","50","preferential_attachment","sites","sites_3","ZIPLN","BIC","0.07","0.850496","0.726306259079855","0","0",NA,"0","1.09858935276667"
"2759","15","300","50","preferential_attachment","sites","sites_3","PLN","BIC","0.17","0.4778915","0.304740728593828","0","0",NA,"0","14.663950920105"
"2760","15","300","50","preferential_attachment","sites","sites_3","ZIPLN","BIC","0.07","0.8170475","0.761511037380442","0","0",NA,"0","1.12892199754715"
"2761","16","300","50","preferential_attachment","sites","sites_3","PLN","BIC","0.17","0.4996995","0.288409429214746","0","0",NA,"0","14.5099635124207"
"2762","16","300","50","preferential_attachment","sites","sites_3","ZIPLN","BIC","0.08","0.8483095","0.726836578678389","0","0",NA,"0","1.02547168334325"
"2763","17","300","50","preferential_attachment","sites","sites_3","PLN","BIC","0.18","0.521384","0.294009794884063","0","0",NA,"0","14.80646276474"
"2764","17","300","50","preferential_attachment","sites","sites_3","ZIPLN","BIC","0.08","0.8042205","0.760071262054954","0","0",NA,"0","1.15476162830989"
"2765","18","300","50","preferential_attachment","sites","sites_3","PLN","BIC","0.17","0.533866","0.282112835887881","0","0",NA,"0","14.6396958827972"
"2766","18","300","50","preferential_attachment","sites","sites_3","ZIPLN","BIC","0.08","0.8452385","0.720100956065585","0","0",NA,"0","1.12832685709"
"2767","19","300","50","preferential_attachment","sites","sites_3","PLN","BIC","0.16","0.4153945","0.300482590331631","0","0",NA,"0","16.2604002952576"
"2768","19","300","50","preferential_attachment","sites","sites_3","ZIPLN","BIC","0.07","0.8949785","0.714358082643525","0","0",NA,"0","59.8003227710724"
"2769","20","300","50","preferential_attachment","sites","sites_3","PLN","BIC","0.19","0.498092","0.279457306457067","0","0",NA,"0","16.0279994010925"
"2770","20","300","50","preferential_attachment","sites","sites_3","ZIPLN","BIC","0.08","0.8307185","0.790266653973631","0","0",NA,"0","1.0450661500295"
"2771","21","300","50","preferential_attachment","sites","sites_3","PLN","BIC","0.17","0.4892265","0.284473651861758","0","0",NA,"0","15.8991365432739"
"2772","21","300","50","preferential_attachment","sites","sites_3","ZIPLN","BIC","0.09","0.852565","0.709603669886104","0","0",NA,"0","1.00558877786001"
"2773","22","300","50","preferential_attachment","sites","sites_3","PLN","BIC","0.17","0.5026845","0.302111550150311","0","0",NA,"0","15.1125345230103"
"2774","22","300","50","preferential_attachment","sites","sites_3","ZIPLN","BIC","0.07","0.878977","0.771138975454601","0","0",NA,"0","1.02952236731847"
"2775","23","300","50","preferential_attachment","sites","sites_3","PLN","BIC","0.15","0.5451525","0.294655225113476","0","0",NA,"0","16.3226222991943"
"2776","23","300","50","preferential_attachment","sites","sites_3","ZIPLN","BIC","0.08","0.905678","0.685910986630088","0","0",NA,"0","1.05423624118169"
"2777","24","300","50","preferential_attachment","sites","sites_3","PLN","BIC","0.14","0.4650455","0.295981918815088","0","0",NA,"0","17.0006794929504"
"2778","24","300","50","preferential_attachment","sites","sites_3","ZIPLN","BIC","0.07","0.8835415","0.688392290185238","0","0",NA,"0","1.03062338829041"
"2779","25","300","50","preferential_attachment","sites","sites_3","PLN","BIC","0.16","0.572181","0.28855372798658","0","0",NA,"0","16.4750771522522"
"2780","25","300","50","preferential_attachment","sites","sites_3","ZIPLN","BIC","0.08","0.8078455","0.669755448908721","0","0",NA,"0","57.2100157737732"
"2781","26","300","50","preferential_attachment","sites","sites_3","PLN","BIC","0.16","0.443767","0.283651799549314","0","0",NA,"0","16.9999232292175"
"2782","26","300","50","preferential_attachment","sites","sites_3","ZIPLN","BIC","0.07","0.826139","0.697853094947245","0.001","0.122","0.857","0.214","1.01131089925766"
"2783","27","300","50","preferential_attachment","sites","sites_3","PLN","BIC","0.17","0.513286","0.289707913224021","0","0",NA,"0","10.7545986175537"
"2784","27","300","50","preferential_attachment","sites","sites_3","ZIPLN","BIC","0.08","0.8368825","0.728260696706824","0","0",NA,"0","1.01094579696655"
"2785","28","300","50","preferential_attachment","sites","sites_3","PLN","BIC","0.16","0.496273","0.289861814728318","0","0",NA,"0","16.0449297428131"
"2786","28","300","50","preferential_attachment","sites","sites_3","ZIPLN","BIC","0.08","0.876134","0.687435193649926","0","0",NA,"0","1.05732946395874"
"2787","29","300","50","preferential_attachment","sites","sites_3","PLN","BIC","0.17","0.439801","0.286615999873454","0","0",NA,"0","14.9203414916992"
"2788","29","300","50","preferential_attachment","sites","sites_3","ZIPLN","BIC","0.07","0.8276055","0.747548437123711","0","0",NA,"0","58.3854117393494"
"2789","30","300","50","preferential_attachment","sites","sites_3","PLN","BIC","0.17","0.473008","0.284387004910905","0","0",NA,"0","16.6597790718079"
"2790","30","300","50","preferential_attachment","sites","sites_3","ZIPLN","BIC","0.07","0.842117","0.747333564209276","0","0",NA,"0","1.02748586336772"
"2791","1","300","50","preferential_attachment","sites","sites_4","PLN","BIC","0.17","0.5312545","0.253509735481164","0","0",NA,"0","20.729311466217"
"2792","1","300","50","preferential_attachment","sites","sites_4","ZIPLN","BIC","0.08","0.8847295","0.665214536177372","0","0",NA,"0","1.07675742705663"
"2793","2","300","50","preferential_attachment","sites","sites_4","PLN","BIC","0.17","0.488852","0.260242780234167","0","0",NA,"0","18.154495716095"
"2794","2","300","50","preferential_attachment","sites","sites_4","ZIPLN","BIC","0.08","0.899315","0.668360229524876","0","0",NA,"0","1.02327973445257"
"2795","3","300","50","preferential_attachment","sites","sites_4","PLN","BIC","0.16","0.398877","0.258401605072118","0","0",NA,"0","17.8204090595245"
"2796","3","300","50","preferential_attachment","sites","sites_4","ZIPLN","BIC","0.07","0.8754665","0.694919403515485","0","0",NA,"0","1.06176719268163"
"2797","4","300","50","preferential_attachment","sites","sites_4","PLN","BIC","0.19","0.526426","0.256410856959888","0","0",NA,"0","24.4746389389038"
"2798","4","300","50","preferential_attachment","sites","sites_4","ZIPLN","BIC","0.08","0.71859","0.715864797336524","0","0",NA,"0","1.06314745744069"
"2799","5","300","50","preferential_attachment","sites","sites_4","PLN","BIC","0.15","0.4769335","0.260606688781525","0","0",NA,"0","23.5208947658539"
"2800","5","300","50","preferential_attachment","sites","sites_4","ZIPLN","BIC","0.07","0.815593","0.653454182272285","0","0",NA,"0","1.05606603225072"
"2801","6","300","50","preferential_attachment","sites","sites_4","PLN","BIC","0.16","0.463028","0.270269000293641","0","0",NA,"0","16.6110620498657"
"2802","6","300","50","preferential_attachment","sites","sites_4","ZIPLN","BIC","0.07","0.8548035","0.674480924317989","0","0",NA,"0","1.06985125541687"
"2803","7","300","50","preferential_attachment","sites","sites_4","PLN","BIC","0.17","0.5534825","0.257834743286547","0","0",NA,"0","21.0929253101349"
"2804","7","300","50","preferential_attachment","sites","sites_4","ZIPLN","BIC","0.08","0.8116475","0.688850473661387","0","0.02","1","0.04","1.02544689973195"
"2805","8","300","50","preferential_attachment","sites","sites_4","PLN","BIC","0.16","0.5599895","0.268874281528943","0","0",NA,"0","17.5635979175568"
"2806","8","300","50","preferential_attachment","sites","sites_4","ZIPLN","BIC","0.07","0.8223855","0.700700587959485","0","0",NA,"0","1.01522963444392"
"2807","9","300","50","preferential_attachment","sites","sites_4","PLN","BIC","0.17","0.532818","0.262726114307645","0","0",NA,"0","13.5928699970245"
"2808","9","300","50","preferential_attachment","sites","sites_4","ZIPLN","BIC","0.07","0.7707125","0.717446820739379","0","0",NA,"0","1.03219740788142"
"2809","10","300","50","preferential_attachment","sites","sites_4","PLN","BIC","0.15","0.475233","0.267253353430231","0","0",NA,"0","19.1702718734741"
"2810","10","300","50","preferential_attachment","sites","sites_4","ZIPLN","BIC","0.07","0.857686","0.685258762475132","0","0",NA,"0","59.4906690120697"
"2811","11","300","50","preferential_attachment","sites","sites_4","PLN","BIC","0.17","0.5124325","0.261902515255852","0","0",NA,"0","17.5904347896576"
"2812","11","300","50","preferential_attachment","sites","sites_4","ZIPLN","BIC","0.08","0.791305","0.660524074284944","0","0",NA,"0","1.0298447728157"
"2813","12","300","50","preferential_attachment","sites","sites_4","PLN","BIC","0.19","0.432438","0.26696371585723","0","0",NA,"0","17.834775686264"
"2814","12","300","50","preferential_attachment","sites","sites_4","ZIPLN","BIC","0.08","0.798456","0.760551312797314","0","0",NA,"0","51.0222880840302"
"2815","13","300","50","preferential_attachment","sites","sites_4","PLN","BIC","0.15","0.4839555","0.263465557920444","0","0",NA,"0","18.1710567474365"
"2816","13","300","50","preferential_attachment","sites","sites_4","ZIPLN","BIC","0.07","0.8981885","0.639415058201699","0","0",NA,"0","1.01247590780258"
"2817","14","300","50","preferential_attachment","sites","sites_4","PLN","BIC","0.17","0.442715","0.271056221927712","0","0",NA,"0","18.8719909191132"
"2818","14","300","50","preferential_attachment","sites","sites_4","ZIPLN","BIC","0.07","0.8586295","0.714610545347217","0","0",NA,"0","1.03237928152084"
"2819","15","300","50","preferential_attachment","sites","sites_4","PLN","BIC","0.17","0.4875685","0.256191621927983","0","0",NA,"0","20.3716359138489"
"2820","15","300","50","preferential_attachment","sites","sites_4","ZIPLN","BIC","0.08","0.7855015","0.674742825967007","0","0",NA,"0","1.06913754940033"
"2821","16","300","50","preferential_attachment","sites","sites_4","PLN","BIC","0.17","0.500886","0.259992912637235","0","0",NA,"0","20.2971134185791"
"2822","16","300","50","preferential_attachment","sites","sites_4","ZIPLN","BIC","0.08","0.8570675","0.669610492583505","0","0",NA,"0","1.05519422690074"
"2823","17","300","50","preferential_attachment","sites","sites_4","PLN","BIC","0.17","0.513869","0.272452578618698","0","0",NA,"0","14.50612616539"
"2824","17","300","50","preferential_attachment","sites","sites_4","ZIPLN","BIC","0.08","0.8250045","0.70438617068891","0","0",NA,"0","1.07179410060247"
"2825","18","300","50","preferential_attachment","sites","sites_4","PLN","BIC","0.16","0.594047","0.266849661168026","0","0",NA,"0","13.8821120262146"
"2826","18","300","50","preferential_attachment","sites","sites_4","ZIPLN","BIC","0.07","0.832606","0.657028753769611","0","0",NA,"0","1.04507989088694"
"2827","19","300","50","preferential_attachment","sites","sites_4","PLN","BIC","0.17","0.5073005","0.269561181662464","0","0",NA,"0","16.666335105896"
"2828","19","300","50","preferential_attachment","sites","sites_4","ZIPLN","BIC","0.08","0.86823","0.684112142901362","0","0.02","1","0.04","59.0592200756073"
"2829","20","300","50","preferential_attachment","sites","sites_4","PLN","BIC","0.18","0.449036","0.259844131833263","0","0",NA,"0","17.2011148929596"
"2830","20","300","50","preferential_attachment","sites","sites_4","ZIPLN","BIC","0.07","0.835167","0.724329082447161","0","0",NA,"0","53.7719583511353"
"2831","21","300","50","preferential_attachment","sites","sites_4","PLN","BIC","0.19","0.450515","0.259326886625721","0","0",NA,"0","17.3148822784424"
"2832","21","300","50","preferential_attachment","sites","sites_4","ZIPLN","BIC","0.07","0.776857","0.756800523427995","0","0",NA,"0","1.04550559918086"
"2833","22","300","50","preferential_attachment","sites","sites_4","PLN","BIC","0.17","0.529198","0.263620390038328","0","0",NA,"0","18.6836438179016"
"2834","22","300","50","preferential_attachment","sites","sites_4","ZIPLN","BIC","0.08","0.876563","0.684747709752212","0","0",NA,"0","1.03075600862503"
"2835","23","300","50","preferential_attachment","sites","sites_4","PLN","BIC","0.16","0.480809","0.27093372073596","0","0",NA,"0","18.2615323066711"
"2836","23","300","50","preferential_attachment","sites","sites_4","ZIPLN","BIC","0.08","0.8758335","0.687789042195432","0","0",NA,"0","55.2914969921112"
"2837","24","300","50","preferential_attachment","sites","sites_4","PLN","BIC","0.16","0.5127415","0.266874342064958","0","0",NA,"0","19.4159224033356"
"2838","24","300","50","preferential_attachment","sites","sites_4","ZIPLN","BIC","0.07","0.79025","0.681683595868724","0","0.02","1","0.04","1.01512021621068"
"2839","25","300","50","preferential_attachment","sites","sites_4","PLN","BIC","0.15","0.4838475","0.257955270123776","0","0",NA,"0","21.3319194316864"
"2840","25","300","50","preferential_attachment","sites","sites_4","ZIPLN","BIC","0.07","0.833248","0.635306065255683","0","0",NA,"0","57.4969577789307"
"2841","26","300","50","preferential_attachment","sites","sites_4","PLN","BIC","0.16","0.534806","0.269636608436259","0","0",NA,"0","19.093211889267"
"2842","26","300","50","preferential_attachment","sites","sites_4","ZIPLN","BIC","0.07","0.8756995","0.676544602165599","0","0.02","1","0.04","59.6586527824402"
"2843","27","300","50","preferential_attachment","sites","sites_4","PLN","BIC","0.18","0.5177375","0.266636446192701","0","0",NA,"0","17.2911956310272"
"2844","27","300","50","preferential_attachment","sites","sites_4","ZIPLN","BIC","0.08","0.8005455","0.713349058391645","0","0",NA,"0","1.01508879264196"
"2845","28","300","50","preferential_attachment","sites","sites_4","PLN","BIC","0.18","0.4577","0.254967826216575","0","0",NA,"0","19.9478986263275"
"2846","28","300","50","preferential_attachment","sites","sites_4","ZIPLN","BIC","0.08","0.900093","0.706549981844461","0","0",NA,"0","55.8064708709717"
"2847","29","300","50","preferential_attachment","sites","sites_4","PLN","BIC","0.17","0.5735915","0.267682471362473","0","0",NA,"0","16.9593424797058"
"2848","29","300","50","preferential_attachment","sites","sites_4","ZIPLN","BIC","0.08","0.8455595","0.701678529395265","0","0",NA,"0","58.8804817199707"
"2849","30","300","50","preferential_attachment","sites","sites_4","PLN","BIC","0.18","0.518199","0.265696423964968","0.002","0","0","0","18.7694001197815"
"2850","30","300","50","preferential_attachment","sites","sites_4","ZIPLN","BIC","0.08","0.894603","0.700079400615074","0","0",NA,"0","58.9282631874084"
"2851","1","300","20","erdos_renyi","covar","covar_1","PLN","BIC","0.14","0.24075","0.371653501875054","0.544","0","0","0","0.848174810409546"
"2852","1","300","20","erdos_renyi","covar","covar_1","ZIPLN","BIC","0.06","0.70485","0.632763605274884","0","0.4","1","0.571","3.53980588912964"
"2853","1","300","20","erdos_renyi","covar","covar_1","PLN_ZIvar","BIC","0.13","0.3349","0.427892951317968","0.2","0","0","0","1.25967979431152"
"2854","2","300","20","erdos_renyi","covar","covar_1","PLN","BIC","0.15","0.5311255","0.364998383188272","0.598","0.545","0.053","0.097","0.900284051895142"
"2855","2","300","20","erdos_renyi","covar","covar_1","ZIPLN","BIC","0.06","0.9061365","0.633923993481638","0","0",NA,"0","2.61336731910706"
"2856","2","300","20","erdos_renyi","covar","covar_1","PLN_ZIvar","BIC","0.15","0.5361315","0.413496101728169","0","0",NA,"0","2.47296404838562"
"2857","3","300","20","erdos_renyi","covar","covar_1","PLN","BIC","0.13","0.448769","0.42313312660798","0.475","0.444","0.044","0.081","0.938045740127563"
"2858","3","300","20","erdos_renyi","covar","covar_1","ZIPLN","BIC","0.05","0.7098055","0.640355937924917","0","0.222","1","0.364","4.13710021972656"
"2859","3","300","20","erdos_renyi","covar","covar_1","PLN_ZIvar","BIC","0.13","0.536593","0.446977069994363","0.006","0","0","0","2.77745294570923"
"2860","4","300","20","erdos_renyi","covar","covar_1","PLN","BIC","0.17","0.52105","0.372953338896421","0.6","0.6","0.053","0.097","0.846905946731567"
"2861","4","300","20","erdos_renyi","covar","covar_1","ZIPLN","BIC","0.06","0.9441","0.692605421036606","0.05","0.9","0.5","0.643","3.51054739952087"
"2862","4","300","20","erdos_renyi","covar","covar_1","PLN_ZIvar","BIC","0.17","0.5327","0.433589462160952","0","0",NA,"0","1.41274476051331"
"2863","5","300","20","erdos_renyi","covar","covar_1","PLN","BIC","0.15","0.537513","0.389593648038974","0.442","0.444","0.048","0.086","0.877114057540894"
"2864","5","300","20","erdos_renyi","covar","covar_1","ZIPLN","BIC","0.07","0.916023","0.632461440236977","0","0.444","1","0.615","4.34128952026367"
"2865","5","300","20","erdos_renyi","covar","covar_1","PLN_ZIvar","BIC","0.14","0.5556025","0.439972550015569","0","0",NA,"0","2.94843769073486"
"2866","6","300","20","erdos_renyi","covar","covar_1","PLN","BIC","0.15","0.564051","0.395894435072374","0.486","0.636","0.074","0.133","0.885723352432251"
"2867","6","300","20","erdos_renyi","covar","covar_1","ZIPLN","BIC","0.07","0.9021325","0.595538599340582","0.022","0.818","0.692","0.75","5.03529143333435"
"2868","6","300","20","erdos_renyi","covar","covar_1","PLN_ZIvar","BIC","0.15","0.7007455","0.442984311626475","0.045","0.182","0.2","0.19","1.57119202613831"
"2869","7","300","20","erdos_renyi","covar","covar_1","PLN","BIC","0.16","0.3156","0.394002534477145","0.417","0.1","0.013","0.023","0.968562602996826"
"2870","7","300","20","erdos_renyi","covar","covar_1","ZIPLN","BIC","0.07","0.8529","0.656788614821909","0","0.3","1","0.462","3.03773427009583"
"2871","7","300","20","erdos_renyi","covar","covar_1","PLN_ZIvar","BIC","0.16","0.5277","0.433403248125378","0","0",NA,"0","2.82433032989502"
"2872","8","300","20","erdos_renyi","covar","covar_1","PLN","BIC","0.14","0.563125","0.410244577144836","0.462","0.625","0.056","0.103","1.17924571037292"
"2873","8","300","20","erdos_renyi","covar","covar_1","ZIPLN","BIC","0.07","0.9276875","0.56675415731489","0.044","0.875","0.467","0.609","3.56709480285645"
"2874","8","300","20","erdos_renyi","covar","covar_1","PLN_ZIvar","BIC","0.14","0.5756875","0.433788016155911","0","0",NA,"0","1.51584315299988"
"2875","9","300","20","erdos_renyi","covar","covar_1","PLN","BIC","0.13","0.508","0.400771933969709","0.516","0.375","0.031","0.057","1.27260422706604"
"2876","9","300","20","erdos_renyi","covar","covar_1","ZIPLN","BIC","0.04","0.8445","0.629914419088371","0.049","0.75","0.4","0.522","3.25254344940186"
"2877","9","300","20","erdos_renyi","covar","covar_1","PLN_ZIvar","BIC","0.12","0.5649375","0.457436125595753","0.038","0.125","0.125","0.125","1.4650890827179"
"2878","10","300","20","erdos_renyi","covar","covar_1","PLN","BIC","0.13","0.5174375","0.381802800459158","0.341","0.375","0.046","0.082","1.38143062591553"
"2879","10","300","20","erdos_renyi","covar","covar_1","ZIPLN","BIC","0.05","0.8185","0.622450628992303","0.005","0.5","0.8","0.615","3.31005120277405"
"2880","10","300","20","erdos_renyi","covar","covar_1","PLN_ZIvar","BIC","0.12","0.5880625","0.437276289812192","0.005","0","0","0","1.69311046600342"
"2881","11","300","20","erdos_renyi","covar","covar_1","PLN","BIC","0.13","0.3709835","0.370371833665908","0.609","0.333","0.018","0.033","1.28576946258545"
"2882","11","300","20","erdos_renyi","covar","covar_1","ZIPLN","BIC","0.05","0.8362725","0.622025036304713","0.005","0.5","0.75","0.6","2.17237019538879"
"2883","11","300","20","erdos_renyi","covar","covar_1","PLN_ZIvar","BIC","0.12","0.595403","0.429538477182715","0.245","0.167","0.022","0.038","1.35234045982361"
"2884","12","300","20","erdos_renyi","covar","covar_1","PLN","BIC","0.09","0.60275","0.391402040226563","0.505","0.75","0.031","0.059","1.10415410995483"
"2885","12","300","20","erdos_renyi","covar","covar_1","ZIPLN","BIC","0.02","0.7525","0.598194584421314","0","0",NA,"0","2.38742184638977"
"2886","12","300","20","erdos_renyi","covar","covar_1","PLN_ZIvar","BIC","0.09","0.65925","0.445923942958022","0.059","0.25","0.083","0.125","0.999401807785034"
"2887","13","300","20","erdos_renyi","covar","covar_1","PLN","BIC","0.14","0.6838455","0.396868537764423","0.459","0.778","0.078","0.141","0.725825786590576"
"2888","13","300","20","erdos_renyi","covar","covar_1","ZIPLN","BIC","0.07","0.9199135","0.631812293063272","0.006","0.556","0.833","0.667","2.43326926231384"
"2889","13","300","20","erdos_renyi","covar","covar_1","PLN_ZIvar","BIC","0.14","0.6825275","0.441109996275073","0.16","0.333","0.094","0.146","1.30250668525696"
"2890","14","300","20","erdos_renyi","covar","covar_1","PLN","BIC","0.15","0.54065","0.397827438176251","0.472","0.4","0.045","0.081","0.717077493667603"
"2891","14","300","20","erdos_renyi","covar","covar_1","ZIPLN","BIC","0.08","0.94065","0.590539005111457","0.072","1","0.435","0.606","2.58786368370056"
"2892","14","300","20","erdos_renyi","covar","covar_1","PLN_ZIvar","BIC","0.15","0.63995","0.440800279604269","0.017","0","0","0","1.27918696403503"
"2893","15","300","20","erdos_renyi","covar","covar_1","PLN","BIC","0.09","0.607072","0.400299959876228","0.567","1","0.028","0.054","0.740183591842651"
"2894","15","300","20","erdos_renyi","covar","covar_1","ZIPLN","BIC","0.02","0.8335","0.593551437383944","0","1","1","1","2.4969789981842"
"2895","15","300","20","erdos_renyi","covar","covar_1","PLN_ZIvar","BIC","0.09","0.533157","0.438335159097222","0","0",NA,"0","0.982819557189941"
"2896","16","300","20","erdos_renyi","covar","covar_1","PLN","BIC","0.11","0.5025625","0.37971575409682","0.473","0.333","0.022","0.042","0.76845383644104"
"2897","16","300","20","erdos_renyi","covar","covar_1","ZIPLN","BIC","0.05","0.75","0.570642318483843","0","0.5","1","0.667","2.51309370994568"
"2898","16","300","20","erdos_renyi","covar","covar_1","PLN_ZIvar","BIC","0.11","0.480194","0.424832340184593","0.043","0","0","0","1.56939077377319"
"2899","17","300","20","erdos_renyi","covar","covar_1","PLN","BIC","0.16","0.4040015","0.404541825958938","0.579","0.5","0.055","0.099","0.756322383880615"
"2900","17","300","20","erdos_renyi","covar","covar_1","ZIPLN","BIC","0.06","0.8174095","0.620681769464446","0.197","0.75","0.205","0.321","2.22929739952087"
"2901","17","300","20","erdos_renyi","covar","covar_1","PLN_ZIvar","BIC","0.16","0.686648","0.445775725348588","0.006","0","0","0","1.14322686195374"
"2902","18","300","20","erdos_renyi","covar","covar_1","PLN","BIC","0.17","0.4594315","0.423749200787028","0.503","0.385","0.053","0.093","0.814155101776123"
"2903","18","300","20","erdos_renyi","covar","covar_1","ZIPLN","BIC","0.07","0.8788875","0.693801038692113","0.034","0.692","0.6","0.643","3.06839370727539"
"2904","18","300","20","erdos_renyi","covar","covar_1","PLN_ZIvar","BIC","0.16","0.426825","0.465249684347394","0.028","0.077","0.167","0.105","1.23664021492004"
"2905","19","300","20","erdos_renyi","covar","covar_1","PLN","BIC","0.14","0.5120095","0.399264679964708","0.453","0.545","0.069","0.122","0.871129274368286"
"2906","19","300","20","erdos_renyi","covar","covar_1","ZIPLN","BIC","0.07","0.8213215","0.593483261852549","0.011","0.636","0.778","0.7","2.09467601776123"
"2907","19","300","20","erdos_renyi","covar","covar_1","PLN_ZIvar","BIC","0.14","0.550427","0.437854621108733","0.128","0.091","0.042","0.057","1.31920790672302"
"2908","20","300","20","erdos_renyi","covar","covar_1","PLN","BIC","0.12","0.7807155","0.419290462487577","0.451","0.833","0.057","0.106","0.688677072525024"
"2909","20","300","20","erdos_renyi","covar","covar_1","ZIPLN","BIC","0.04","0.8384385","0.624603917430422","0.027","0.833","0.5","0.625","2.44916248321533"
"2910","20","300","20","erdos_renyi","covar","covar_1","PLN_ZIvar","BIC","0.12","0.8322935","0.451670140190794","0","0",NA,"0","1.1110098361969"
"2911","21","300","20","erdos_renyi","covar","covar_1","PLN","BIC","0.15","0.314659","0.37819385417408","0.628","0.286","0.017","0.032","0.781320571899414"
"2912","21","300","20","erdos_renyi","covar","covar_1","ZIPLN","BIC","0.05","0.899548","0.628083082507662","0.011","0.714","0.714","0.714","1.86002922058105"
"2913","21","300","20","erdos_renyi","covar","covar_1","PLN_ZIvar","BIC","0.14","0.467542","0.432482502482455","0.011","0","0","0","1.52200365066528"
"2914","22","300","20","erdos_renyi","covar","covar_1","PLN","BIC","0.13","0.257212","0.3975315115421","0.489","0.333","0.022","0.041","0.862460374832153"
"2915","22","300","20","erdos_renyi","covar","covar_1","ZIPLN","BIC","0.05","0.799751","0.636950603127535","0","0.5","1","0.667","2.16594338417053"
"2916","22","300","20","erdos_renyi","covar","covar_1","PLN_ZIvar","BIC","0.13","0.433106","0.445804629377818","0.141","0","0","0","1.08320116996765"
"2917","23","300","20","erdos_renyi","covar","covar_1","PLN","BIC","0.11","0.5816","0.408508620603195","0.443","0.6","0.035","0.067","0.715822458267212"
"2918","23","300","20","erdos_renyi","covar","covar_1","ZIPLN","BIC","0.03","0.8832","0.573593247539026","0.027","0.8","0.444","0.571","2.40560841560364"
"2919","23","300","20","erdos_renyi","covar","covar_1","PLN_ZIvar","BIC","0.1","0.7378","0.479163205950691","0","0",NA,"0","1.20620489120483"
"2920","24","300","20","erdos_renyi","covar","covar_1","PLN","BIC","0.17","0.502774","0.391665662663262","0.458","0.364","0.047","0.082","0.784065246582031"
"2921","24","300","20","erdos_renyi","covar","covar_1","ZIPLN","BIC","0.07","0.822046","0.698618077302871","0","0",NA,"0","2.07369899749756"
"2922","24","300","20","erdos_renyi","covar","covar_1","PLN_ZIvar","BIC","0.16","0.561463","0.433833505874862","0.011","0.091","0.333","0.143","1.22427487373352"
"2923","25","300","20","erdos_renyi","covar","covar_1","PLN","BIC","0.14","0.3626875","0.38321132167651","0.505","0.125","0.011","0.02","0.706181526184082"
"2924","25","300","20","erdos_renyi","covar","covar_1","ZIPLN","BIC","0.05","0.8190625","0.64739170711995","0.033","0.375","0.333","0.353","2.04499435424805"
"2925","25","300","20","erdos_renyi","covar","covar_1","PLN_ZIvar","BIC","0.14","0.6766875","0.434707229559294","0","0",NA,"0","1.9417872428894"
"2926","26","300","20","erdos_renyi","covar","covar_1","PLN","BIC","0.14","0.58905","0.397527616069237","0.467","0.7","0.077","0.139","0.776243448257446"
"2927","26","300","20","erdos_renyi","covar","covar_1","ZIPLN","BIC","0.07","0.78275","0.626892022499461","0","0.4","1","0.571","1.82057785987854"
"2928","26","300","20","erdos_renyi","covar","covar_1","PLN_ZIvar","BIC","0.14","0.5997","0.444278591600194","0.039","0.1","0.125","0.111","1.16679239273071"
"2929","27","300","20","erdos_renyi","covar","covar_1","PLN","BIC","0.11","0.548543","0.352676757153711","0.585","0.714","0.045","0.084","0.994840621948242"
"2930","27","300","20","erdos_renyi","covar","covar_1","ZIPLN","BIC","0.04","0.771975","0.596683357264831","0","0.286","1","0.444","1.36079001426697"
"2931","27","300","20","erdos_renyi","covar","covar_1","PLN_ZIvar","BIC","0.11","0.578816","0.426589716564007","0.082","0.143","0.062","0.087","1.32272911071777"
"2932","28","300","20","erdos_renyi","covar","covar_1","PLN","BIC","0.12","0.451432","0.428237693008063","0.547","0.333","0.029","0.054","0.645800828933716"
"2933","28","300","20","erdos_renyi","covar","covar_1","ZIPLN","BIC","0.05","0.9188315","0.603537454545046","0","0",NA,"0","2.13891696929932"
"2934","28","300","20","erdos_renyi","covar","covar_1","PLN_ZIvar","BIC","0.11","0.533092","0.437023438250211","0","0",NA,"0","1.42622470855713"
"2935","29","300","20","erdos_renyi","covar","covar_1","PLN","BIC","0.11","0.474721","0.394238078940199","0.554","0.333","0.019","0.036","0.787105083465576"
"2936","29","300","20","erdos_renyi","covar","covar_1","ZIPLN","BIC","0.04","0.711106","0.618076720644585","0","0.167","1","0.286","1.52132177352905"
"2937","29","300","20","erdos_renyi","covar","covar_1","PLN_ZIvar","BIC","0.11","0.659366","0.433724865552571","0","0",NA,"0","0.990194082260132"
"2938","30","300","20","erdos_renyi","covar","covar_1","PLN","BIC","0.1","0.485","0.405803782537903","0.382","0.5","0.027","0.052","0.843717098236084"
"2939","30","300","20","erdos_renyi","covar","covar_1","ZIPLN","BIC","0.03","0.806375","0.601745745709383","0","0.25","1","0.4","1.67325091362"
"2940","30","300","20","erdos_renyi","covar","covar_1","PLN_ZIvar","BIC","0.1","0.452125","0.440757295663761","0.005","0","0","0","1.38576984405518"
"2941","1","300","50","erdos_renyi","covar","covar_1","PLN","BIC","0.14","0.617629","0.402039757363115","0.311","0.46","0.074","0.128","10.7719209194183"
"2942","1","300","50","erdos_renyi","covar","covar_1","ZIPLN","BIC","0.07","0.8632845","0.66675774704953","0.05","0.603","0.396","0.478","10.6005623340607"
"2943","1","300","50","erdos_renyi","covar","covar_1","PLN_ZIvar","BIC","0.13","0.700332","0.458729828289172","0","0",NA,"0","14.3990666866302"
"2944","2","300","50","erdos_renyi","covar","covar_1","PLN","BIC","0.13","0.4847445","0.395184958226912","0.243","0.208","0.037","0.063","11.9373903274536"
"2945","2","300","50","erdos_renyi","covar","covar_1","ZIPLN","BIC","0.07","0.884796","0.673345584526681","0.01","0.434","0.657","0.523","9.39112162590027"
"2946","2","300","50","erdos_renyi","covar","covar_1","PLN_ZIvar","BIC","0.13","0.5569775","0.458758493318441","0","0",NA,"0","12.9016699790955"
"2947","3","300","50","erdos_renyi","covar","covar_1","PLN","BIC","0.17","0.5767735","0.425068162426014","0.09","0.1","0.063","0.077","6.81590604782104"
"2948","3","300","50","erdos_renyi","covar","covar_1","ZIPLN","BIC","0.09","0.8800705","0.709900923342297","0.054","0.671","0.431","0.525","10.8084537982941"
"2949","3","300","50","erdos_renyi","covar","covar_1","PLN_ZIvar","BIC","0.16","0.660125","0.477719083645792","0","0",NA,"0","10.2863206863403"
"2950","4","300","50","erdos_renyi","covar","covar_1","PLN","BIC","0.14","0.52143","0.433405873562925","0.141","0.046","0.018","0.026","6.18943309783936"
"2951","4","300","50","erdos_renyi","covar","covar_1","ZIPLN","BIC","0.08","0.891091","0.686432404599232","0.013","0.538","0.7","0.609","10.5144729614258"
"2952","4","300","50","erdos_renyi","covar","covar_1","PLN_ZIvar","BIC","0.14","0.643588","0.487282442802535","0","0",NA,"0","11.4147274494171"
"2953","5","300","50","erdos_renyi","covar","covar_1","PLN","BIC","0.15","0.60369","0.428409229020041","0.222","0.292","0.069","0.111","8.92283868789673"
"2954","5","300","50","erdos_renyi","covar","covar_1","ZIPLN","BIC","0.08","0.915793","0.754174548048333","0.024","0.662","0.606","0.632","10.4899203777313"
"2955","5","300","50","erdos_renyi","covar","covar_1","PLN_ZIvar","BIC","0.15","0.631899","0.492412724854155","0","0",NA,"0","14.0144274234772"
"2956","6","300","50","erdos_renyi","covar","covar_1","PLN","BIC","0.16","0.557963","0.389700834448671","0.129","0.177","0.068","0.099","11.3963904380798"
"2957","6","300","50","erdos_renyi","covar","covar_1","ZIPLN","BIC","0.09","0.910423","0.697896767316643","0.014","0.403","0.61","0.485","9.66028833389282"
"2958","6","300","50","erdos_renyi","covar","covar_1","PLN_ZIvar","BIC","0.16","0.701859","0.447909706162489","0","0",NA,"0","17.3817265033722"
"2959","7","300","50","erdos_renyi","covar","covar_1","PLN","BIC","0.16","0.5336285","0.42026454099866","0.194","0.167","0.047","0.073","9.35772180557251"
"2960","7","300","50","erdos_renyi","covar","covar_1","ZIPLN","BIC","0.08","0.833025","0.71071531668778","0.055","0.591","0.379","0.462","10.4135599136353"
"2961","7","300","50","erdos_renyi","covar","covar_1","PLN_ZIvar","BIC","0.16","0.6148715","0.474039637959199","0","0",NA,"0","16.4114427566528"
"2962","8","300","50","erdos_renyi","covar","covar_1","PLN","BIC","0.15","0.553008","0.399917583251243","0.371","0.452","0.061","0.107","10.1936316490173"
"2963","8","300","50","erdos_renyi","covar","covar_1","ZIPLN","BIC","0.08","0.8799515","0.672645929184885","0.02","0.581","0.61","0.595","11.6342360973358"
"2964","8","300","50","erdos_renyi","covar","covar_1","PLN_ZIvar","BIC","0.15","0.5917545","0.447832230645457","0","0",NA,"0","16.8541738986969"
"2965","9","300","50","erdos_renyi","covar","covar_1","PLN","BIC","0.13","0.492753","0.390161764347885","0.354","0.298","0.039","0.07","10.7280957698822"
"2966","9","300","50","erdos_renyi","covar","covar_1","ZIPLN","BIC","0.07","0.9168815","0.672099341324561","0.021","0.474","0.519","0.495","8.84485244750977"
"2967","9","300","50","erdos_renyi","covar","covar_1","PLN_ZIvar","BIC","0.13","0.610005","0.450573470582542","0","0",NA,"0","15.3301694393158"
"2968","10","300","50","erdos_renyi","covar","covar_1","PLN","BIC","0.15","0.505499","0.400272666205349","0.402","0.482","0.054","0.098","11.0028390884399"
"2969","10","300","50","erdos_renyi","covar","covar_1","ZIPLN","BIC","0.08","0.812291","0.691058688085731","0.003","0.143","0.727","0.239","12.7043857574463"
"2970","10","300","50","erdos_renyi","covar","covar_1","PLN_ZIvar","BIC","0.14","0.567533","0.445875726987697","0","0",NA,"0","19.2616863250732"
"2971","11","300","50","erdos_renyi","covar","covar_1","PLN","BIC","0.13","0.5203275","0.430455599771605","0.201","0.167","0.041","0.066","9.24657559394836"
"2972","11","300","50","erdos_renyi","covar","covar_1","ZIPLN","BIC","0.07","0.829143","0.692425274803099","0.027","0.483","0.475","0.479","9.23736500740051"
"2973","11","300","50","erdos_renyi","covar","covar_1","PLN_ZIvar","BIC","0.13","0.573027","0.491777761034274","0","0.033","1","0.065","12.662389755249"
"2974","12","300","50","erdos_renyi","covar","covar_1","PLN","BIC","0.16","0.57767","0.380843070845337","0.269","0.343","0.069","0.114","12.767674446106"
"2975","12","300","50","erdos_renyi","covar","covar_1","ZIPLN","BIC","0.08","0.8690935","0.656684490564244","0.071","0.687","0.359","0.472","8.43367528915405"
"2976","12","300","50","erdos_renyi","covar","covar_1","PLN_ZIvar","BIC","0.15","0.667234","0.442269620406859","0","0",NA,"0","14.4337830543518"
"2977","13","300","50","erdos_renyi","covar","covar_1","PLN","BIC","0.16","0.592739","0.398497616726184","0.317","0.333","0.054","0.093","10.6823713779449"
"2978","13","300","50","erdos_renyi","covar","covar_1","ZIPLN","BIC","0.09","0.899702","0.666156719540789","0.041","0.683","0.473","0.558","11.9901211261749"
"2979","13","300","50","erdos_renyi","covar","covar_1","PLN_ZIvar","BIC","0.16","0.663448","0.458722989860893","0","0",NA,"0","15.4879326820374"
"2980","14","300","50","erdos_renyi","covar","covar_1","PLN","BIC","0.17","0.4823945","0.386641097886234","0.002","0","0","0","16.3169901371002"
"2981","14","300","50","erdos_renyi","covar","covar_1","ZIPLN","BIC","0.09","0.868147","0.6934618885378","0.021","0.377","0.52","0.437","10.5677387714386"
"2982","14","300","50","erdos_renyi","covar","covar_1","PLN_ZIvar","BIC","0.16","0.6073445","0.441856243172226","0","0",NA,"0","21.2687902450562"
"2983","15","300","50","erdos_renyi","covar","covar_1","PLN","BIC","0.13","0.5845665","0.422080302218621","0.284","0.321","0.051","0.089","9.55191397666931"
"2984","15","300","50","erdos_renyi","covar","covar_1","ZIPLN","BIC","0.07","0.842307","0.674370624399408","0.013","0.375","0.583","0.457","12.6680707931519"
"2985","15","300","50","erdos_renyi","covar","covar_1","PLN_ZIvar","BIC","0.12","0.6500365","0.475112995170324","0","0",NA,"0","13.5712943077087"
"2986","16","300","50","erdos_renyi","covar","covar_1","PLN","BIC","0.14","0.604276","0.374932978260721","0.244","0.312","0.066","0.109","15.2133796215057"
"2987","16","300","50","erdos_renyi","covar","covar_1","ZIPLN","BIC","0.08","0.8624355","0.646527406672392","0.019","0.375","0.522","0.436","8.17418837547302"
"2988","16","300","50","erdos_renyi","covar","covar_1","PLN_ZIvar","BIC","0.14","0.705963","0.438833707124681","0","0.016","1","0.031","15.1223728656769"
"2989","17","300","50","erdos_renyi","covar","covar_1","PLN","BIC","0.16","0.6077675","0.408278732477617","0.271","0.333","0.062","0.105","12.251580953598"
"2990","17","300","50","erdos_renyi","covar","covar_1","ZIPLN","BIC","0.09","0.8541245","0.681780337381132","0.023","0.54","0.557","0.548","12.1035974025726"
"2991","17","300","50","erdos_renyi","covar","covar_1","PLN_ZIvar","BIC","0.15","0.646139","0.463106308990321","0","0",NA,"0","16.5966696739197"
"2992","18","300","50","erdos_renyi","covar","covar_1","PLN","BIC","0.15","0.572339","0.427010125323408","0.322","0.365","0.048","0.085","8.57055711746216"
"2993","18","300","50","erdos_renyi","covar","covar_1","ZIPLN","BIC","0.07","0.871194","0.735272292099772","0.019","0.5","0.542","0.52","12.5743999481201"
"2994","18","300","50","erdos_renyi","covar","covar_1","PLN_ZIvar","BIC","0.14","0.6185335","0.471595353602094","0","0",NA,"0","17.4624545574188"
"2995","19","300","50","erdos_renyi","covar","covar_1","PLN","BIC","0.15","0.464891","0.396635501395345","0.397","0.316","0.037","0.067","13.9739179611206"
"2996","19","300","50","erdos_renyi","covar","covar_1","ZIPLN","BIC","0.08","0.829791","0.709452546254926","0.021","0.509","0.537","0.523","11.6716504096985"
"2997","19","300","50","erdos_renyi","covar","covar_1","PLN_ZIvar","BIC","0.15","0.5118145","0.457471994371194","0","0",NA,"0","15.756758928299"
"2998","20","300","50","erdos_renyi","covar","covar_1","PLN","BIC","0.15","0.548109","0.380931841802022","0.282","0.35","0.06","0.102","12.4835839271545"
"2999","20","300","50","erdos_renyi","covar","covar_1","ZIPLN","BIC","0.08","0.8215415","0.703423870584854","0.018","0.467","0.571","0.514","12.6266760826111"
"3000","20","300","50","erdos_renyi","covar","covar_1","PLN_ZIvar","BIC","0.15","0.6209375","0.442958175129754","0.002","0.017","0.333","0.032","17.6291811466217"
"3001","21","300","50","erdos_renyi","covar","covar_1","PLN","BIC","0.15","0.6365575","0.396607527935306","0.34","0.548","0.079","0.138","9.96550631523132"
"3002","21","300","50","erdos_renyi","covar","covar_1","ZIPLN","BIC","0.08","0.8481755","0.69970837911773","0.019","0.339","0.488","0.4","10.5751330852509"
"3003","21","300","50","erdos_renyi","covar","covar_1","PLN_ZIvar","BIC","0.15","0.6659895","0.457896581486116","0","0",NA,"0","16.1336076259613"
"3004","22","300","50","erdos_renyi","covar","covar_1","PLN","BIC","0.16","0.516822","0.422428118754702","0.062","0.051","0.04","0.045","9.92462635040283"
"3005","22","300","50","erdos_renyi","covar","covar_1","ZIPLN","BIC","0.08","0.8070975","0.716793990373585","0.018","0.424","0.543","0.476","12.7433707714081"
"3006","22","300","50","erdos_renyi","covar","covar_1","PLN_ZIvar","BIC","0.15","0.6730455","0.472385383750161","0","0",NA,"0","16.2225639820099"
"3007","23","300","50","erdos_renyi","covar","covar_1","PLN","BIC","0.14","0.4788755","0.410578715391661","0.163","0.111","0.03","0.048","10.4505708217621"
"3008","23","300","50","erdos_renyi","covar","covar_1","ZIPLN","BIC","0.07","0.874635","0.690841901244919","0.026","0.537","0.483","0.509","9.97405576705933"
"3009","23","300","50","erdos_renyi","covar","covar_1","PLN_ZIvar","BIC","0.14","0.5644995","0.456201849255541","0","0",NA,"0","14.3089878559113"
"3010","24","300","50","erdos_renyi","covar","covar_1","PLN","BIC","0.18","0.5227995","0.38136185773718","0.196","0.164","0.05","0.077","13.1418735980988"
"3011","24","300","50","erdos_renyi","covar","covar_1","ZIPLN","BIC","0.09","0.8785335","0.734438036389412","0.014","0.493","0.692","0.576","14.039867401123"
"3012","24","300","50","erdos_renyi","covar","covar_1","PLN_ZIvar","BIC","0.17","0.6108805","0.441535121984631","0","0",NA,"0","21.6998944282532"
"3013","25","300","50","erdos_renyi","covar","covar_1","PLN","BIC","0.15","0.6040665","0.420588950696396","0.265","0.317","0.061","0.102","12.4880867004395"
"3014","25","300","50","erdos_renyi","covar","covar_1","ZIPLN","BIC","0.08","0.828446","0.672205341069208","0.035","0.508","0.438","0.471","14.2252175807953"
"3015","25","300","50","erdos_renyi","covar","covar_1","PLN_ZIvar","BIC","0.14","0.6485635","0.471616807453056","0","0",NA,"0","16.0091509819031"
"3016","26","300","50","erdos_renyi","covar","covar_1","PLN","BIC","0.13","0.5863945","0.412760265009127","0.301","0.333","0.046","0.081","13.0174088478088"
"3017","26","300","50","erdos_renyi","covar","covar_1","ZIPLN","BIC","0.07","0.8800175","0.677853471553484","0.014","0.451","0.59","0.511","5.33009934425354"
"3018","26","300","50","erdos_renyi","covar","covar_1","PLN_ZIvar","BIC","0.13","0.6889095","0.470368295509478","0","0",NA,"0","11.5918011665344"
"3019","27","300","50","erdos_renyi","covar","covar_1","PLN","BIC","0.15","0.5846785","0.400972649095033","0.303","0.358","0.064","0.109","11.5505926609039"
"3020","27","300","50","erdos_renyi","covar","covar_1","ZIPLN","BIC","0.09","0.875982","0.685176622580454","0.015","0.418","0.622","0.5","11.4236214160919"
"3021","27","300","50","erdos_renyi","covar","covar_1","PLN_ZIvar","BIC","0.15","0.675221","0.456110233057773","0","0",NA,"0","18.7329993247986"
"3022","28","300","50","erdos_renyi","covar","covar_1","PLN","BIC","0.16","0.5013115","0.383478290421233","0.351","0.355","0.051","0.089","16.8029787540436"
"3023","28","300","50","erdos_renyi","covar","covar_1","ZIPLN","BIC","0.08","0.8245495","0.720417175338441","0.04","0.484","0.39","0.432","5.38952994346619"
"3024","28","300","50","erdos_renyi","covar","covar_1","PLN_ZIvar","BIC","0.16","0.5589525","0.443153745767325","0","0",NA,"0","14.988484621048"
"3025","29","300","50","erdos_renyi","covar","covar_1","PLN","BIC","0.14","0.5259635","0.405022517720171","0.296","0.298","0.047","0.081","13.8911447525024"
"3026","29","300","50","erdos_renyi","covar","covar_1","ZIPLN","BIC","0.08","0.873093","0.67364917065174","0.015","0.509","0.63","0.563","6.71227669715881"
"3027","29","300","50","erdos_renyi","covar","covar_1","PLN_ZIvar","BIC","0.14","0.660795","0.463255114636158","0","0",NA,"0","16.5882291793823"
"3028","30","300","50","erdos_renyi","covar","covar_1","PLN","BIC","0.14","0.50144","0.406231351195503","0.341","0.3","0.036","0.064","12.0447525978088"
"3029","30","300","50","erdos_renyi","covar","covar_1","ZIPLN","BIC","0.07","0.85231","0.71264104767344","0.017","0.48","0.545","0.511","5.93419289588928"
"3030","30","300","50","erdos_renyi","covar","covar_1","PLN_ZIvar","BIC","0.14","0.59794","0.460240914338806","0","0",NA,"0","17.9104242324829"
"3031","1","300","20","community","covar","covar_1","PLN","BIC","0.2","0.397897","0.419349806644936","0.543","0.4","0.059","0.103","0.86982798576355"
"3032","1","300","20","community","covar","covar_1","ZIPLN","BIC","0.08","0.9049275","0.676037947170231","0.263","0.867","0.22","0.351","3.12456274032593"
"3033","1","300","20","community","covar","covar_1","PLN_ZIvar","BIC","0.2","0.511882","0.449854108237589","0","0",NA,"0","1.71331524848938"
"3034","2","300","20","community","covar","covar_1","PLN","BIC","0.13","0.459438","0.39447921483042","0.602","0.667","0.052","0.097","0.80073356628418"
"3035","2","300","20","community","covar","covar_1","ZIPLN","BIC","0.05","0.829282","0.611517364210031","0.011","0.667","0.75","0.706","2.86092567443848"
"3036","2","300","20","community","covar","covar_1","PLN_ZIvar","BIC","0.13","0.6311625","0.446513041596225","0","0",NA,"0","1.49878835678101"
"3037","3","300","20","community","covar","covar_1","PLN","BIC","0.15","0.342","0.378444021698436","0.511","0.25","0.021","0.039","0.837653160095215"
"3038","3","300","20","community","covar","covar_1","ZIPLN","BIC","0.05","0.6875625","0.657993841970834","0","0",NA,"0","1.88059830665588"
"3039","3","300","20","community","covar","covar_1","PLN_ZIvar","BIC","0.14","0.3448125","0.428711718256278","0","0",NA,"0","1.77382183074951"
"3040","4","300","20","community","covar","covar_1","PLN","BIC","0.13","0.5158125","0.388411374516558","0.467","0.5","0.045","0.082","0.806319236755371"
"3041","4","300","20","community","covar","covar_1","ZIPLN","BIC","0.06","0.92275","0.576107706296613","0.011","0.875","0.778","0.824","2.34700036048889"
"3042","4","300","20","community","covar","covar_1","PLN_ZIvar","BIC","0.13","0.667","0.437917843658753","0.121","0.375","0.12","0.182","1.83530783653259"
"3043","5","300","20","community","covar","covar_1","PLN","BIC","0.16","0.5217725","0.4026970541419","0.534","0.5","0.069","0.122","0.57169246673584"
"3044","5","300","20","community","covar","covar_1","ZIPLN","BIC","0.07","0.783311","0.642995950902914","0.011","0.571","0.8","0.667","2.24077916145325"
"3045","5","300","20","community","covar","covar_1","PLN_ZIvar","BIC","0.16","0.567851","0.446927332106182","0.006","0","0","0","1.53384804725647"
"3046","6","300","20","community","covar","covar_1","PLN","BIC","0.18","0.436023","0.393341102409399","0.596","0.5","0.054","0.097","0.835896968841553"
"3047","6","300","20","community","covar","covar_1","ZIPLN","BIC","0.07","0.854121","0.672993864111652","0.011","0.75","0.818","0.783","2.74222540855408"
"3048","6","300","20","community","covar","covar_1","PLN_ZIvar","BIC","0.17","0.6709605","0.440845981403724","0.079","0.167","0.125","0.143","1.60608530044556"
"3049","7","300","20","community","covar","covar_1","PLN","BIC","0.2","0.5491245","0.379777708817265","0.584","0.765","0.114","0.198","0.786182880401611"
"3050","7","300","20","community","covar","covar_1","ZIPLN","BIC","0.09","0.8410035","0.639066481054334","0.179","0.765","0.295","0.426","3.04789590835571"
"3051","7","300","20","community","covar","covar_1","PLN_ZIvar","BIC","0.2","0.6074635","0.441693421414078","0.017","0.059","0.25","0.095","0.891871690750122"
"3052","8","300","20","community","covar","covar_1","PLN","BIC","0.14","0.54994","0.424029356424467","0.41","0.333","0.052","0.09","0.749555826187134"
"3053","8","300","20","community","covar","covar_1","ZIPLN","BIC","0.07","0.902778","0.615453159827901","0.051","0.667","0.471","0.552","2.43161058425903"
"3054","8","300","20","community","covar","covar_1","PLN_ZIvar","BIC","0.14","0.50336","0.458646422777333","0","0",NA,"0","1.26042366027832"
"3055","9","300","20","community","covar","covar_1","PLN","BIC","0.21","0.6208125","0.404418554757862","0.387","0.545","0.156","0.242","0.774035215377808"
"3056","9","300","20","community","covar","covar_1","ZIPLN","BIC","0.11","0.816012","0.675406637343338","0.018","0.455","0.769","0.571","2.82255172729492"
"3057","9","300","20","community","covar","covar_1","PLN_ZIvar","BIC","0.21","0.624855","0.443935743140637","0","0",NA,"0","1.56666469573975"
"3058","10","300","20","community","covar","covar_1","PLN","BIC","0.2","0.602528","0.406910413897195","0.444","0.524","0.128","0.206","0.711354970932007"
"3059","10","300","20","community","covar","covar_1","ZIPLN","BIC","0.1","0.8168015","0.616664865147064","0.148","0.762","0.39","0.516","2.7088520526886"
"3060","10","300","20","community","covar","covar_1","PLN_ZIvar","BIC","0.2","0.628895","0.436124580922448","0","0",NA,"0","1.49456429481506"
"3061","11","300","20","community","covar","covar_1","PLN","BIC","0.16","0.438212","0.384391964272062","0.42","0.222","0.026","0.046","0.584601640701294"
"3062","11","300","20","community","covar","covar_1","ZIPLN","BIC","0.07","0.8712625","0.676584878224124","0","0.333","1","0.5","1.4171826839447"
"3063","11","300","20","community","covar","covar_1","PLN_ZIvar","BIC","0.16","0.541705","0.431943067582068","0","0",NA,"0","1.1335461139679"
"3064","12","300","20","community","covar","covar_1","PLN","BIC","0.18","0.473804","0.430936808393498","0.385","0.381","0.11","0.17","0.670364618301392"
"3065","12","300","20","community","covar","covar_1","ZIPLN","BIC","0.1","0.7946885","0.65969154667707","0","0",NA,"0","2.57228326797485"
"3066","12","300","20","community","covar","covar_1","PLN_ZIvar","BIC","0.18","0.5533035","0.480587630261951","0","0",NA,"0","0.859800815582275"
"3067","13","300","20","community","covar","covar_1","PLN","BIC","0.14","0.46575","0.406697877068899","0.473","0.625","0.055","0.101","0.768346309661865"
"3068","13","300","20","community","covar","covar_1","ZIPLN","BIC","0.05","0.887125","0.658515302410053","0","0.5","1","0.667","5.29512333869934"
"3069","13","300","20","community","covar","covar_1","PLN_ZIvar","BIC","0.13","0.563125","0.452478760633822","0.038","0","0","0","1.68272638320923"
"3070","14","300","20","community","covar","covar_1","PLN","BIC","0.18","0.370808","0.394043284582247","0.588","0.308","0.037","0.066","0.694606065750122"
"3071","14","300","20","community","covar","covar_1","ZIPLN","BIC","0.09","0.9399015","0.648287718827546","0.017","0.692","0.75","0.72","1.6231153011322"
"3072","14","300","20","community","covar","covar_1","PLN_ZIvar","BIC","0.18","0.538047","0.426374281365827","0","0",NA,"0","1.02302527427673"
"3073","15","300","20","community","covar","covar_1","PLN","BIC","0.15","0.5318145","0.412602211712909","0.369","0.273","0.043","0.075","0.759700775146484"
"3074","15","300","20","community","covar","covar_1","ZIPLN","BIC","0.07","0.872716","0.620769550020815","0.011","0.364","0.667","0.471","2.23026919364929"
"3075","15","300","20","community","covar","covar_1","PLN_ZIvar","BIC","0.14","0.5130735","0.445070254976731","0.341","0.364","0.062","0.105","1.10976481437683"
"3076","16","300","20","community","covar","covar_1","PLN","BIC","0.18","0.4449725","0.374136274892365","0.61","0.538","0.061","0.109","0.730956554412842"
"3077","16","300","20","community","covar","covar_1","ZIPLN","BIC","0.07","0.8067345","0.708686514894772","0.011","0.231","0.6","0.333","2.29627871513367"
"3078","16","300","20","community","covar","covar_1","PLN_ZIvar","BIC","0.18","0.402826","0.421666946267295","0.056","0.077","0.091","0.083","1.31142091751099"
"3079","17","300","20","community","covar","covar_1","PLN","BIC","0.2","0.469391","0.420576149558117","0.436","0.389","0.085","0.14","0.489656448364258"
"3080","17","300","20","community","covar","covar_1","ZIPLN","BIC","0.12","0.829371","0.630969747545504","0","0.389","1","0.56","2.04424142837524"
"3081","17","300","20","community","covar","covar_1","PLN_ZIvar","BIC","0.2","0.5624135","0.460144144991009","0.035","0.056","0.143","0.08","0.704069137573242"
"3082","18","300","20","community","covar","covar_1","PLN","BIC","0.19","0.4335055","0.39157952936975","0.554","0.385","0.049","0.086","0.729635953903198"
"3083","18","300","20","community","covar","covar_1","ZIPLN","BIC","0.08","0.8699085","0.702493474252978","0.051","0.692","0.5","0.581","2.53435587882996"
"3084","18","300","20","community","covar","covar_1","PLN_ZIvar","BIC","0.18","0.433353","0.438927718574573","0","0",NA,"0","1.10448002815247"
"3085","19","300","20","community","covar","covar_1","PLN","BIC","0.19","0.4791295","0.393383925530691","0.545","0.357","0.05","0.087","0.712306499481201"
"3086","19","300","20","community","covar","covar_1","ZIPLN","BIC","0.1","0.8112735","0.675974605546287","0","0",NA,"0","1.60116982460022"
"3087","19","300","20","community","covar","covar_1","PLN_ZIvar","BIC","0.19","0.5235495","0.434488187086574","0.028","0.071","0.167","0.1","0.60266637802124"
"3088","20","300","20","community","covar","covar_1","PLN","BIC","0.16","0.436769","0.426089784012946","0.483","0.438","0.077","0.131","0.542689323425293"
"3089","20","300","20","community","covar","covar_1","ZIPLN","BIC","0.08","0.866047","0.62770572200186","0.029","0.688","0.688","0.688","2.01665091514587"
"3090","20","300","20","community","covar","covar_1","PLN_ZIvar","BIC","0.16","0.42592","0.457784809650017","0","0",NA,"0","0.930012464523315"
"3091","21","300","20","community","covar","covar_1","PLN","BIC","0.15","0.379151","0.392101462765699","0.508","0.308","0.043","0.075","0.7491774559021"
"3092","21","300","20","community","covar","covar_1","ZIPLN","BIC","0.07","0.95619","0.645772699127514","0.006","0.769","0.909","0.833","2.2563898563385"
"3093","21","300","20","community","covar","covar_1","PLN_ZIvar","BIC","0.15","0.4460475","0.455550238606186","0.045","0","0","0","1.02924704551697"
"3094","22","300","20","community","covar","covar_1","PLN","BIC","0.15","0.4809985","0.424071343371947","0.486","0.545","0.065","0.115","0.708490610122681"
"3095","22","300","20","community","covar","covar_1","ZIPLN","BIC","0.07","0.888047","0.632858827631154","0.034","0.636","0.538","0.583","3.09264969825745"
"3096","22","300","20","community","covar","covar_1","PLN_ZIvar","BIC","0.15","0.557324","0.456284916071106","0","0",NA,"0","1.04717826843262"
"3097","23","300","20","community","covar","covar_1","PLN","BIC","0.22","0.478308","0.388634565254846","0.544","0.526","0.097","0.164","0.722364902496338"
"3098","23","300","20","community","covar","covar_1","ZIPLN","BIC","0.09","0.7959875","0.698577501042917","0.082","0.579","0.44","0.5","2.81843280792236"
"3099","23","300","20","community","covar","covar_1","PLN_ZIvar","BIC","0.21","0.5091405","0.431829132165127","0.041","0.053","0.125","0.074","1.92071413993835"
"3100","24","300","20","community","covar","covar_1","PLN","BIC","0.14","0.56915","0.396228338698748","0.5","0.6","0.062","0.113","0.754065752029419"
"3101","24","300","20","community","covar","covar_1","ZIPLN","BIC","0.05","0.92505","0.633273861347399","0.044","0.8","0.5","0.615","2.55512356758118"
"3102","24","300","20","community","covar","covar_1","PLN_ZIvar","BIC","0.14","0.6249","0.446802651524803","0.006","0","0","0","1.15449094772339"
"3103","25","300","20","community","covar","covar_1","PLN","BIC","0.16","0.4728035","0.412597767936492","0.551","0.643","0.085","0.15","0.490769863128662"
"3104","25","300","20","community","covar","covar_1","ZIPLN","BIC","0.08","0.9398195","0.652563662556282","0.028","0.571","0.615","0.593","1.69656157493591"
"3105","25","300","20","community","covar","covar_1","PLN_ZIvar","BIC","0.16","0.598867","0.463092059078916","0","0",NA,"0","0.676076889038086"
"3106","26","300","20","community","covar","covar_1","PLN","BIC","0.21","0.521885","0.403874083954713","0.556","0.579","0.104","0.176","0.491686105728149"
"3107","26","300","20","community","covar","covar_1","ZIPLN","BIC","0.1","0.815648","0.695456042025299","0.058","0.368","0.412","0.389","2.10052108764648"
"3108","26","300","20","community","covar","covar_1","PLN_ZIvar","BIC","0.2","0.5495115","0.46121877205384","0.187","0.158","0.086","0.111","0.70380711555481"
"3109","27","300","20","community","covar","covar_1","PLN","BIC","0.17","0.6204905","0.388914467779866","0.52","0.6","0.09","0.157","0.562248468399048"
"3110","27","300","20","community","covar","covar_1","ZIPLN","BIC","0.09","0.8900115","0.622116991992876","0.006","0.667","0.909","0.769","1.5828275680542"
"3111","27","300","20","community","covar","covar_1","PLN_ZIvar","BIC","0.17","0.7043295","0.448190701647309","0","0",NA,"0","1.09113597869873"
"3112","28","300","20","community","covar","covar_1","PLN","BIC","0.18","0.595362","0.386548298208639","0.483","0.562","0.097","0.165","0.713463068008423"
"3113","28","300","20","community","covar","covar_1","ZIPLN","BIC","0.09","0.854182","0.668959931573296","0.006","0.438","0.875","0.583","1.93284487724304"
"3114","28","300","20","community","covar","covar_1","PLN_ZIvar","BIC","0.18","0.5331875","0.437284910586612","0.006","0","0","0","1.17941617965698"
"3115","29","300","20","community","covar","covar_1","PLN","BIC","0.19","0.513787","0.377382922464962","0.494","0.5","0.096","0.161","0.735354900360107"
"3116","29","300","20","community","covar","covar_1","ZIPLN","BIC","0.1","0.853779","0.626001774378101","0.076","0.722","0.5","0.591","2.56581950187683"
"3117","29","300","20","community","covar","covar_1","PLN_ZIvar","BIC","0.19","0.6071265","0.427143723435672","0","0",NA,"0","1.18934988975525"
"3118","30","300","20","community","covar","covar_1","PLN","BIC","0.14","0.51465","0.40684532426587","0.511","0.6","0.061","0.111","0.76604151725769"
"3119","30","300","20","community","covar","covar_1","ZIPLN","BIC","0.07","0.8756","0.614581607244245","0","0.1","1","0.182","1.79509472846985"
"3120","30","300","20","community","covar","covar_1","PLN_ZIvar","BIC","0.14","0.4526","0.448465949373891","0","0",NA,"0","1.50304675102234"
"3121","1","300","50","community","covar","covar_1","PLN","BIC","0.18","0.4768905","0.404797576385226","0.368","0.325","0.06","0.102","9.75274515151978"
"3122","1","300","50","community","covar","covar_1","ZIPLN","BIC","0.1","0.8406765","0.761892890338511","0.02","0.422","0.603","0.496","9.72670030593872"
"3123","1","300","50","community","covar","covar_1","PLN_ZIvar","BIC","0.18","0.5517655","0.461563520082176","0","0",NA,"0","11.565691947937"
"3124","2","300","50","community","covar","covar_1","PLN","BIC","0.18","0.5035725","0.379195341485354","0.334","0.302","0.071","0.116","10.589649438858"
"3125","2","300","50","community","covar","covar_1","ZIPLN","BIC","0.11","0.7819545","0.6902687616777","0.062","0.479","0.397","0.434","11.141921043396"
"3126","2","300","50","community","covar","covar_1","PLN_ZIvar","BIC","0.18","0.575791","0.446369253172755","0","0",NA,"0","14.2320067882538"
"3127","3","300","50","community","covar","covar_1","PLN","BIC","0.19","0.5610555","0.371068577421535","0.344","0.35","0.066","0.112","10.9153907299042"
"3128","3","300","50","community","covar","covar_1","ZIPLN","BIC","0.1","0.8724285","0.736965806816921","0.044","0.5","0.444","0.471","9.38997006416321"
"3129","3","300","50","community","covar","covar_1","PLN_ZIvar","BIC","0.18","0.6195605","0.439075761293103","0","0",NA,"0","17.2179279327393"
"3130","4","300","50","community","covar","covar_1","PLN","BIC","0.18","0.566415","0.409674731279289","0.393","0.449","0.082","0.139","9.20613503456116"
"3131","4","300","50","community","covar","covar_1","ZIPLN","BIC","0.1","0.837428","0.685989865804541","0.067","0.539","0.387","0.451","11.4386525154114"
"3132","4","300","50","community","covar","covar_1","PLN_ZIvar","BIC","0.18","0.6938295","0.465302537142548","0","0.022","1","0.044","13.9281167984009"
"3133","5","300","50","community","covar","covar_1","PLN","BIC","0.17","0.591013","0.462279484028639","0.303","0.432","0.092","0.151","9.29887533187866"
"3134","5","300","50","community","covar","covar_1","ZIPLN","BIC","0.1","0.809946","0.715345405151688","0.047","0.593","0.471","0.525","12.9086940288544"
"3135","5","300","50","community","covar","covar_1","PLN_ZIvar","BIC","0.17","0.646402","0.506081598209203","0","0",NA,"0","13.8152530193329"
"3136","6","300","50","community","covar","covar_1","PLN","BIC","0.17","0.54383","0.389383146802853","0.058","0.085","0.096","0.09","10.1894795894623"
"3137","6","300","50","community","covar","covar_1","ZIPLN","BIC","0.09","0.832184","0.684200426436549","0.035","0.512","0.512","0.512","10.0470159053802"
"3138","6","300","50","community","covar","covar_1","PLN_ZIvar","BIC","0.16","0.606742","0.449740068988561","0","0",NA,"0","15.4182336330414"
"3139","7","300","50","community","covar","covar_1","PLN","BIC","0.19","0.533298","0.395672097603956","0.214","0.141","0.051","0.075","11.6374506950378"
"3140","7","300","50","community","covar","covar_1","ZIPLN","BIC","0.11","0.7984645","0.767110426003803","0.007","0.196","0.692","0.305","13.6455631256104"
"3141","7","300","50","community","covar","covar_1","PLN_ZIvar","BIC","0.19","0.5765885","0.453097768457828","0","0",NA,"0","17.0963749885559"
"3142","8","300","50","community","covar","covar_1","PLN","BIC","0.14","0.571404","0.408403767900443","0","0",NA,"0","8.30558800697327"
"3143","8","300","50","community","covar","covar_1","ZIPLN","BIC","0.07","0.8547635","0.68279196945958","0.053","0.604","0.34","0.435","10.9133234024048"
"3144","8","300","50","community","covar","covar_1","PLN_ZIvar","BIC","0.14","0.6162355","0.459500957673083","0","0",NA,"0","10.7283389568329"
"3145","9","300","50","community","covar","covar_1","PLN","BIC","0.18","0.528454","0.355717273653419","0.281","0.247","0.065","0.102","9.59839081764221"
"3146","9","300","50","community","covar","covar_1","ZIPLN","BIC","0.11","0.8683225","0.686159692463506","0.015","0.483","0.717","0.577","10.1204876899719"
"3147","9","300","50","community","covar","covar_1","PLN_ZIvar","BIC","0.18","0.600619","0.41583060197982","0","0",NA,"0","18.3168127536774"
"3148","10","300","50","community","covar","covar_1","PLN","BIC","0.18","0.575625","0.421253809241356","0.327","0.385","0.086","0.141","9.20129656791687"
"3149","10","300","50","community","covar","covar_1","ZIPLN","BIC","0.11","0.810462","0.704364500358399","0.045","0.451","0.446","0.448","12.1208701133728"
"3150","10","300","50","community","covar","covar_1","PLN_ZIvar","BIC","0.18","0.630621","0.478121930166174","0","0",NA,"0","15.759715795517"
"3151","11","300","50","community","covar","covar_1","PLN","BIC","0.17","0.524632","0.402841364874056","0.381","0.423","0.07","0.12","8.42580628395081"
"3152","11","300","50","community","covar","covar_1","ZIPLN","BIC","0.1","0.823289","0.759230250290004","0.007","0.218","0.68","0.33","10.7206981182098"
"3153","11","300","50","community","covar","covar_1","PLN_ZIvar","BIC","0.17","0.6515535","0.453874312662959","0","0",NA,"0","12.2266297340393"
"3154","12","300","50","community","covar","covar_1","PLN","BIC","0.17","0.599326","0.411312981372822","0.289","0.417","0.083","0.138","8.38979554176331"
"3155","12","300","50","community","covar","covar_1","ZIPLN","BIC","0.08","0.8416485","0.757710714229018","0.038","0.486","0.443","0.464","10.0533874034882"
"3156","12","300","50","community","covar","covar_1","PLN_ZIvar","BIC","0.17","0.6047955","0.487582004599927","0.004","0.042","0.375","0.075","13.8516278266907"
"3157","13","300","50","community","covar","covar_1","PLN","BIC","0.17","0.554108","0.385971867113686","0.297","0.337","0.079","0.128","8.57950687408447"
"3158","13","300","50","community","covar","covar_1","ZIPLN","BIC","0.1","0.8249395","0.747193257184122","0.001","0.035","0.75","0.067","10.4063653945923"
"3159","13","300","50","community","covar","covar_1","PLN_ZIvar","BIC","0.17","0.65405","0.444945944607064","0","0",NA,"0","14.8912839889526"
"3160","14","300","50","community","covar","covar_1","PLN","BIC","0.16","0.594508","0.402164174270711","0.314","0.425","0.079","0.133","9.64286947250366"
"3161","14","300","50","community","covar","covar_1","ZIPLN","BIC","0.08","0.871011","0.691399543466494","0.023","0.507","0.587","0.544","11.2017278671265"
"3162","14","300","50","community","covar","covar_1","PLN_ZIvar","BIC","0.15","0.647186","0.462219937776744","0","0",NA,"0","16.3572490215302"
"3163","15","300","50","community","covar","covar_1","PLN","BIC","0.19","0.5774035","0.398415127260506","0.319","0.309","0.074","0.12","11.2906429767609"
"3164","15","300","50","community","covar","covar_1","ZIPLN","BIC","0.11","0.817771","0.716165624579416","0.051","0.511","0.453","0.48","8.5576319694519"
"3165","15","300","50","community","covar","covar_1","PLN_ZIvar","BIC","0.18","0.6539635","0.462207760166234","0","0",NA,"0","14.7398383617401"
"3166","16","300","50","community","covar","covar_1","PLN","BIC","0.17","0.5558525","0.432974456786833","0","0",NA,"0","8.73060512542725"
"3167","16","300","50","community","covar","covar_1","ZIPLN","BIC","0.09","0.8778995","0.721765916361572","0.024","0.525","0.6","0.56","10.0268571376801"
"3168","16","300","50","community","covar","covar_1","PLN_ZIvar","BIC","0.16","0.60496","0.476849113567992","0","0",NA,"0","16.3034100532532"
"3169","17","300","50","community","covar","covar_1","PLN","BIC","0.16","0.6194615","0.437327662032164","0.288","0.395","0.083","0.137","10.5086398124695"
"3170","17","300","50","community","covar","covar_1","ZIPLN","BIC","0.09","0.8315075","0.738067340402015","0.034","0.408","0.443","0.425","8.85038256645203"
"3171","17","300","50","community","covar","covar_1","PLN_ZIvar","BIC","0.16","0.67914","0.500073875421725","0","0",NA,"0","10.9842324256897"
"3172","18","300","50","community","covar","covar_1","PLN","BIC","0.16","0.5684645","0.440737608492244","0.059","0.054","0.056","0.055","8.04283571243286"
"3173","18","300","50","community","covar","covar_1","ZIPLN","BIC","0.08","0.8680415","0.70321386367877","0.033","0.608","0.542","0.573","11.4155111312866"
"3174","18","300","50","community","covar","covar_1","PLN_ZIvar","BIC","0.15","0.6228495","0.4882252127412","0","0",NA,"0","12.9518117904663"
"3175","19","300","50","community","covar","covar_1","PLN","BIC","0.17","0.494952","0.425174637529256","0.336","0.355","0.065","0.11","12.4000909328461"
"3176","19","300","50","community","covar","covar_1","ZIPLN","BIC","0.1","0.813022","0.75645163703771","0.021","0.329","0.51","0.4","8.38702368736267"
"3177","19","300","50","community","covar","covar_1","PLN_ZIvar","BIC","0.17","0.559301","0.481036959852715","0","0",NA,"0","16.4068176746368"
"3178","20","300","50","community","covar","covar_1","PLN","BIC","0.17","0.582125","0.413701992370054","0.289","0.353","0.083","0.135","10.7643961906433"
"3179","20","300","50","community","covar","covar_1","ZIPLN","BIC","0.09","0.855507","0.695995528808495","0.085","0.624","0.353","0.451","7.87997794151306"
"3180","20","300","50","community","covar","covar_1","PLN_ZIvar","BIC","0.17","0.638289","0.470072640566325","0","0",NA,"0","17.3604476451874"
"3181","21","300","50","community","covar","covar_1","PLN","BIC","0.16","0.5666355","0.394138912953603","0.266","0.265","0.055","0.091","10.3892688751221"
"3182","21","300","50","community","covar","covar_1","ZIPLN","BIC","0.09","0.886427","0.639125836732593","0.052","0.691","0.439","0.537","7.56909441947937"
"3183","21","300","50","community","covar","covar_1","PLN_ZIvar","BIC","0.16","0.663461","0.45430330859734","0","0",NA,"0","10.8282008171082"
"3184","22","300","50","community","covar","covar_1","PLN","BIC","0.17","0.573231","0.436503109558217","0.309","0.362","0.065","0.111","7.74374294281006"
"3185","22","300","50","community","covar","covar_1","ZIPLN","BIC","0.09","0.886524","0.727799168716489","0.021","0.464","0.571","0.512","10.873352766037"
"3186","22","300","50","community","covar","covar_1","PLN_ZIvar","BIC","0.16","0.5664535","0.486845471825234","0","0",NA,"0","15.044068813324"
"3187","23","300","50","community","covar","covar_1","PLN","BIC","0.16","0.591838","0.432630056751745","0.303","0.324","0.059","0.1","8.66223287582397"
"3188","23","300","50","community","covar","covar_1","ZIPLN","BIC","0.09","0.827341","0.72818228804569","0.058","0.574","0.368","0.448","6.22419261932373"
"3189","23","300","50","community","covar","covar_1","PLN_ZIvar","BIC","0.16","0.6577265","0.489422075717112","0","0",NA,"0","11.6904757022858"
"3190","24","300","50","community","covar","covar_1","PLN","BIC","0.17","0.5168635","0.398891281693859","0.303","0.286","0.054","0.091","11.2773578166962"
"3191","24","300","50","community","covar","covar_1","ZIPLN","BIC","0.09","0.855243","0.75670144293639","0.016","0.371","0.591","0.456","11.0925993919373"
"3192","24","300","50","community","covar","covar_1","PLN_ZIvar","BIC","0.17","0.585254","0.462042254219872","0","0",NA,"0","14.4464840888977"
"3193","25","300","50","community","covar","covar_1","PLN","BIC","0.16","0.563136","0.424925582376121","0.003","0","0","0","10.3014447689056"
"3194","25","300","50","community","covar","covar_1","ZIPLN","BIC","0.09","0.8721755","0.700598045209054","0.04","0.603","0.505","0.55","8.81017374992371"
"3195","25","300","50","community","covar","covar_1","PLN_ZIvar","BIC","0.16","0.6325985","0.47957413770523","0","0",NA,"0","16.3237290382385"
"3196","26","300","50","community","covar","covar_1","PLN","BIC","0.18","0.5094395","0.379560095805005","0.327","0.318","0.068","0.111","7.36133909225464"
"3197","26","300","50","community","covar","covar_1","ZIPLN","BIC","0.11","0.8192315","0.697326426529175","0.016","0.388","0.647","0.485","6.68521189689636"
"3198","26","300","50","community","covar","covar_1","PLN_ZIvar","BIC","0.17","0.569512","0.453149539184755","0","0",NA,"0","13.0029776096344"
"3199","27","300","50","community","covar","covar_1","PLN","BIC","0.17","0.571203","0.406038176072027","0","0",NA,"0","8.0411422252655"
"3200","27","300","50","community","covar","covar_1","ZIPLN","BIC","0.1","0.8260135","0.736598501499537","0.013","0.345","0.659","0.453","6.80333209037781"
"3201","27","300","50","community","covar","covar_1","PLN_ZIvar","BIC","0.17","0.6477265","0.463765706327598","0","0",NA,"0","9.36068177223206"
"3202","28","300","50","community","covar","covar_1","PLN","BIC","0.18","0.5129855","0.407316778506482","0.339","0.333","0.072","0.119","10.0412724018097"
"3203","28","300","50","community","covar","covar_1","ZIPLN","BIC","0.11","0.841003","0.736502461450296","0.024","0.367","0.55","0.44","10.4556782245636"
"3204","28","300","50","community","covar","covar_1","PLN_ZIvar","BIC","0.18","0.5551405","0.467004219527077","0","0",NA,"0","14.0734400749207"
"3205","29","300","50","community","covar","covar_1","PLN","BIC","0.18","0.5616225","0.401661296371205","0","0",NA,"0","5.33376789093018"
"3206","29","300","50","community","covar","covar_1","ZIPLN","BIC","0.1","0.898285","0.699916522334714","0.053","0.603","0.435","0.505","6.48607230186462"
"3207","29","300","50","community","covar","covar_1","PLN_ZIvar","BIC","0.17","0.6766535","0.456548774747952","0","0",NA,"0","7.70950436592102"
"3208","30","300","50","community","covar","covar_1","PLN","BIC","0.19","0.5385615","0.425845042393973","0.277","0.264","0.071","0.112","7.63719964027405"
"3209","30","300","50","community","covar","covar_1","ZIPLN","BIC","0.1","0.840049","0.737574975183478","0.059","0.604","0.451","0.516","10.1533694267273"
"3210","30","300","50","community","covar","covar_1","PLN_ZIvar","BIC","0.18","0.632657","0.488624557970385","0","0",NA,"0","16.7892572879791"
"3211","1","300","20","preferential_attachment","covar","covar_1","PLN","BIC","0.2","0.369729","0.392574250503917","0.591","0.316","0.056","0.095","0.873228073120117"
"3212","1","300","20","preferential_attachment","covar","covar_1","ZIPLN","BIC","0.09","0.861535","0.68774148039521","0.094","0.789","0.484","0.6","2.73177146911621"
"3213","1","300","20","preferential_attachment","covar","covar_1","PLN_ZIvar","BIC","0.2","0.5371075","0.437719221417408","0","0",NA,"0","1.28438973426819"
"3214","2","300","20","preferential_attachment","covar","covar_1","PLN","BIC","0.21","0.4572035","0.395606203616754","0.45","0.421","0.094","0.154","0.771761178970337"
"3215","2","300","20","preferential_attachment","covar","covar_1","ZIPLN","BIC","0.11","0.8383725","0.722452014249708","0","0.263","1","0.417","3.21608257293701"
"3216","2","300","20","preferential_attachment","covar","covar_1","PLN_ZIvar","BIC","0.21","0.584318","0.449304224359909","0","0",NA,"0","1.93787622451782"
"3217","3","300","20","preferential_attachment","covar","covar_1","PLN","BIC","0.19","0.4624435","0.427931140335376","0.556","0.474","0.087","0.146","0.862428188323975"
"3218","3","300","20","preferential_attachment","covar","covar_1","ZIPLN","BIC","0.08","0.882919","0.656185017429658","0.135","0.789","0.395","0.526","1.91642355918884"
"3219","3","300","20","preferential_attachment","covar","covar_1","PLN_ZIvar","BIC","0.19","0.4726405","0.435289582292284","0.012","0","0","0","1.14579224586487"
"3220","4","300","20","preferential_attachment","covar","covar_1","PLN","BIC","0.19","0.399155","0.387176231094692","0.567","0.316","0.058","0.098","0.850528717041016"
"3221","4","300","20","preferential_attachment","covar","covar_1","ZIPLN","BIC","0.09","0.894378","0.642183604358677","0.029","0.737","0.737","0.737","2.83107447624207"
"3222","4","300","20","preferential_attachment","covar","covar_1","PLN_ZIvar","BIC","0.19","0.5267535","0.428132350754233","0","0",NA,"0","2.04553771018982"
"3223","5","300","20","preferential_attachment","covar","covar_1","PLN","BIC","0.2","0.567517","0.398036026544684","0.456","0.579","0.124","0.204","0.884506702423096"
"3224","5","300","20","preferential_attachment","covar","covar_1","ZIPLN","BIC","0.1","0.803647","0.672406770718167","0.012","0.368","0.778","0.5","3.47628927230835"
"3225","5","300","20","preferential_attachment","covar","covar_1","PLN_ZIvar","BIC","0.2","0.7032575","0.445468271483191","0.012","0","0","0","1.64588069915771"
"3226","6","300","20","preferential_attachment","covar","covar_1","PLN","BIC","0.18","0.5513745","0.451427082964756","0.401","0.5","0.115","0.188","0.833453416824341"
"3227","6","300","20","preferential_attachment","covar","covar_1","ZIPLN","BIC","0.09","0.915164","0.682158199183922","0.052","0.778","0.609","0.683","3.36402416229248"
"3228","6","300","20","preferential_attachment","covar","covar_1","PLN_ZIvar","BIC","0.17","0.6420835","0.476539471675381","0","0",NA,"0","1.68094706535339"
"3229","7","300","20","preferential_attachment","covar","covar_1","PLN","BIC","0.2","0.435493","0.438955707164475","0.526","0.474","0.091","0.153","0.748292207717896"
"3230","7","300","20","preferential_attachment","covar","covar_1","ZIPLN","BIC","0.12","0.744736","0.67023391730858","0","0",NA,"0","2.86703586578369"
"3231","7","300","20","preferential_attachment","covar","covar_1","PLN_ZIvar","BIC","0.2","0.482251","0.473044704605018","0","0",NA,"0","0.933947801589966"
"3232","8","300","20","preferential_attachment","covar","covar_1","PLN","BIC","0.22","0.430392","0.406829813092145","0.468","0.368","0.08","0.132","0.738907814025879"
"3233","8","300","20","preferential_attachment","covar","covar_1","ZIPLN","BIC","0.1","0.924046","0.677243193974887","0.123","0.895","0.447","0.596","2.52787089347839"
"3234","8","300","20","preferential_attachment","covar","covar_1","PLN_ZIvar","BIC","0.21","0.60634","0.453801889869089","0","0",NA,"0","1.00702524185181"
"3235","9","300","20","preferential_attachment","covar","covar_1","PLN","BIC","0.22","0.452681","0.388208378117754","0.515","0.421","0.083","0.139","0.476168394088745"
"3236","9","300","20","preferential_attachment","covar","covar_1","ZIPLN","BIC","0.08","0.866169","0.738761406343881","0.07","0.632","0.5","0.558","1.95799088478088"
"3237","9","300","20","preferential_attachment","covar","covar_1","PLN_ZIvar","BIC","0.21","0.506838","0.444144612160452","0.064","0.053","0.083","0.065","0.803577184677124"
"3238","10","300","20","preferential_attachment","covar","covar_1","PLN","BIC","0.22","0.4335115","0.401555742167671","0.491","0.421","0.087","0.144","0.758885622024536"
"3239","10","300","20","preferential_attachment","covar","covar_1","ZIPLN","BIC","0.09","0.830371","0.7032668376893","0.105","0.684","0.419","0.52","2.97617483139038"
"3240","10","300","20","preferential_attachment","covar","covar_1","PLN_ZIvar","BIC","0.21","0.4887035","0.441461403336167","0.006","0","0","0","1.85007286071777"
"3241","11","300","20","preferential_attachment","covar","covar_1","PLN","BIC","0.22","0.5268805","0.418105597559547","0.415","0.474","0.112","0.182","0.766632556915283"
"3242","11","300","20","preferential_attachment","covar","covar_1","ZIPLN","BIC","0.08","0.80052","0.713173376868415","0.199","0.737","0.292","0.418","3.4526469707489"
"3243","11","300","20","preferential_attachment","covar","covar_1","PLN_ZIvar","BIC","0.22","0.563448","0.45255252166508","0.006","0","0","0","1.36691284179688"
"3244","12","300","20","preferential_attachment","covar","covar_1","PLN","BIC","0.19","0.52583","0.4120934719696","0.503","0.684","0.131","0.22","0.72901177406311"
"3245","12","300","20","preferential_attachment","covar","covar_1","ZIPLN","BIC","0.06","0.9490345","0.702905072521818","0.012","0.842","0.889","0.865","2.42979645729065"
"3246","12","300","20","preferential_attachment","covar","covar_1","PLN_ZIvar","BIC","0.18","0.5232575","0.457784201456087","0.006","0","0","0","1.152663230896"
"3247","13","300","20","preferential_attachment","covar","covar_1","PLN","BIC","0.21","0.518218","0.35232577918652","0.292","0.211","0.074","0.11","1.24860954284668"
"3248","13","300","20","preferential_attachment","covar","covar_1","ZIPLN","BIC","0.12","0.849585","0.643928157706397","0","0.053","1","0.1","2.89886474609375"
"3249","13","300","20","preferential_attachment","covar","covar_1","PLN_ZIvar","BIC","0.2","0.611284","0.421968126379296","0.006","0","0","0","2.09534645080566"
"3250","14","300","20","preferential_attachment","covar","covar_1","PLN","BIC","0.23","0.4684025","0.397432524536097","0.462","0.526","0.112","0.185","0.573907136917114"
"3251","14","300","20","preferential_attachment","covar","covar_1","ZIPLN","BIC","0.09","0.827958","0.743863195297028","0.041","0.632","0.632","0.632","1.9781641960144"
"3252","14","300","20","preferential_attachment","covar","covar_1","PLN_ZIvar","BIC","0.22","0.538385","0.448357565008001","0.076","0.053","0.071","0.061","0.778593301773071"
"3253","15","300","20","preferential_attachment","covar","covar_1","PLN","BIC","0.21","0.4727975","0.427936261642812","0.433","0.421","0.098","0.158","0.474608421325684"
"3254","15","300","20","preferential_attachment","covar","covar_1","ZIPLN","BIC","0.1","0.8058785","0.669056829738539","0.053","0.421","0.471","0.444","2.07900595664978"
"3255","15","300","20","preferential_attachment","covar","covar_1","PLN_ZIvar","BIC","0.2","0.580859","0.479895627428648","0","0.053","1","0.1","0.790248155593872"
"3256","16","300","20","preferential_attachment","covar","covar_1","PLN","BIC","0.17","0.480642","0.395877692247552","0.48","0.316","0.068","0.112","0.751554250717163"
"3257","16","300","20","preferential_attachment","covar","covar_1","ZIPLN","BIC","0.09","0.8451895","0.618862380028834","0.035","0.474","0.6","0.529","2.3028085231781"
"3258","16","300","20","preferential_attachment","covar","covar_1","PLN_ZIvar","BIC","0.17","0.5616765","0.444480216475376","0.035","0.053","0.143","0.077","0.925786972045898"
"3259","17","300","20","preferential_attachment","covar","covar_1","PLN","BIC","0.2","0.525126","0.389261875616916","0.474","0.474","0.1","0.165","0.732347726821899"
"3260","17","300","20","preferential_attachment","covar","covar_1","ZIPLN","BIC","0.09","0.918469","0.673570805390031","0.053","0.737","0.609","0.667","2.39590954780579"
"3261","17","300","20","preferential_attachment","covar","covar_1","PLN_ZIvar","BIC","0.2","0.636215","0.437810727382987","0","0",NA,"0","0.926011562347412"
"3262","18","300","20","preferential_attachment","covar","covar_1","PLN","BIC","0.21","0.601035","0.411584348123965","0.43","0.556","0.119","0.196","0.742110967636108"
"3263","18","300","20","preferential_attachment","covar","covar_1","ZIPLN","BIC","0.09","0.851115","0.695276319049744","0.017","0.722","0.812","0.765","2.47059941291809"
"3264","18","300","20","preferential_attachment","covar","covar_1","PLN_ZIvar","BIC","0.2","0.640658","0.463989222201884","0.012","0","0","0","1.44809699058533"
"3265","19","300","20","preferential_attachment","covar","covar_1","PLN","BIC","0.17","0.5636095","0.402792711034972","0.526","0.474","0.091","0.153","0.792280912399292"
"3266","19","300","20","preferential_attachment","covar","covar_1","ZIPLN","BIC","0.08","0.8135695","0.634180352170384","0.023","0.474","0.692","0.562","2.94903945922852"
"3267","19","300","20","preferential_attachment","covar","covar_1","PLN_ZIvar","BIC","0.17","0.571883","0.442012003345958","0","0",NA,"0","1.0742199420929"
"3268","20","300","20","preferential_attachment","covar","covar_1","PLN","BIC","0.21","0.4235465","0.371609383524183","0.544","0.421","0.079","0.133","0.520416975021362"
"3269","20","300","20","preferential_attachment","covar","covar_1","ZIPLN","BIC","0.11","0.812228","0.626753149703398","0.023","0.474","0.692","0.562","1.95222043991089"
"3270","20","300","20","preferential_attachment","covar","covar_1","PLN_ZIvar","BIC","0.2","0.5002625","0.419244251561043","0","0",NA,"0","1.20748066902161"
"3271","21","300","20","preferential_attachment","covar","covar_1","PLN","BIC","0.23","0.47831","0.388055027467202","0.515","0.368","0.074","0.123","0.685466051101685"
"3272","21","300","20","preferential_attachment","covar","covar_1","ZIPLN","BIC","0.08","0.9169265","0.754660755925299","0.088","0.789","0.5","0.612","2.82695817947388"
"3273","21","300","20","preferential_attachment","covar","covar_1","PLN_ZIvar","BIC","0.23","0.611088","0.437878934043892","0.117","0.211","0.167","0.186","1.05375671386719"
"3274","22","300","20","preferential_attachment","covar","covar_1","PLN","BIC","0.2","0.4608745","0.375691112791237","0.515","0.421","0.083","0.139","0.758442640304565"
"3275","22","300","20","preferential_attachment","covar","covar_1","ZIPLN","BIC","0.09","0.89995","0.70133054257535","0.018","0.421","0.727","0.533","2.43682909011841"
"3276","22","300","20","preferential_attachment","covar","covar_1","PLN_ZIvar","BIC","0.2","0.4645405","0.434024501999719","0.094","0.158","0.158","0.158","1.53075814247131"
"3277","23","300","20","preferential_attachment","covar","covar_1","PLN","BIC","0.19","0.492174","0.371737876356549","0.587","0.667","0.106","0.183","0.722511291503906"
"3278","23","300","20","preferential_attachment","covar","covar_1","ZIPLN","BIC","0.09","0.904382","0.630249142934792","0.076","0.833","0.536","0.652","2.53113269805908"
"3279","23","300","20","preferential_attachment","covar","covar_1","PLN_ZIvar","BIC","0.19","0.559321","0.429872856579228","0.006","0.056","0.5","0.1","0.943761348724365"
"3280","24","300","20","preferential_attachment","covar","covar_1","PLN","BIC","0.18","0.6343625","0.381014796262074","0.585","0.789","0.13","0.224","0.746585845947266"
"3281","24","300","20","preferential_attachment","covar","covar_1","ZIPLN","BIC","0.09","0.823351","0.625406545676354","0.012","0.579","0.846","0.688","2.75292658805847"
"3282","24","300","20","preferential_attachment","covar","covar_1","PLN_ZIvar","BIC","0.18","0.634192","0.40940297605721","0.006","0","0","0","1.57238674163818"
"3283","25","300","20","preferential_attachment","covar","covar_1","PLN","BIC","0.22","0.4579675","0.398372658210277","0.538","0.474","0.089","0.15","0.750619888305664"
"3284","25","300","20","preferential_attachment","covar","covar_1","ZIPLN","BIC","0.09","0.7694245","0.768708692144047","0","0",NA,"0","1.86259865760803"
"3285","25","300","20","preferential_attachment","covar","covar_1","PLN_ZIvar","BIC","0.21","0.545697","0.453834721304607","0","0",NA,"0","1.37938737869263"
"3286","26","300","20","preferential_attachment","covar","covar_1","PLN","BIC","0.21","0.471956","0.396998492966261","0.561","0.474","0.086","0.145","0.490336656570435"
"3287","26","300","20","preferential_attachment","covar","covar_1","ZIPLN","BIC","0.11","0.74739","0.640961931313381","0.187","0.526","0.238","0.328","1.7813892364502"
"3288","26","300","20","preferential_attachment","covar","covar_1","PLN_ZIvar","BIC","0.21","0.6518555","0.457385568081152","0.064","0.053","0.083","0.065","0.800323724746704"
"3289","27","300","20","preferential_attachment","covar","covar_1","PLN","BIC","0.22","0.4938005","0.380575070718606","0.593","0.5","0.081","0.14","0.73080849647522"
"3290","27","300","20","preferential_attachment","covar","covar_1","ZIPLN","BIC","0.09","0.8574165","0.731727349072678","0.099","0.556","0.37","0.444","3.15517663955688"
"3291","27","300","20","preferential_attachment","covar","covar_1","PLN_ZIvar","BIC","0.22","0.585992","0.426098271316923","0","0",NA,"0","1.26583290100098"
"3292","28","300","20","preferential_attachment","covar","covar_1","PLN","BIC","0.2","0.4690455","0.399067322698737","0.52","0.579","0.11","0.185","0.704288244247437"
"3293","28","300","20","preferential_attachment","covar","covar_1","ZIPLN","BIC","0.07","0.8130315","0.701233535643345","0.129","0.632","0.353","0.453","1.5294451713562"
"3294","28","300","20","preferential_attachment","covar","covar_1","PLN_ZIvar","BIC","0.2","0.5433145","0.44290439166591","0","0",NA,"0","0.884723424911499"
"3295","29","300","20","preferential_attachment","covar","covar_1","PLN","BIC","0.21","0.5575695","0.420538468350443","0.433","0.526","0.119","0.194","0.817980289459229"
"3296","29","300","20","preferential_attachment","covar","covar_1","ZIPLN","BIC","0.12","0.816578","0.69805757709573","0.018","0.368","0.7","0.483","1.92599177360535"
"3297","29","300","20","preferential_attachment","covar","covar_1","PLN_ZIvar","BIC","0.21","0.560635","0.468792257143505","0","0.053","1","0.1","0.983607769012451"
"3298","30","300","20","preferential_attachment","covar","covar_1","PLN","BIC","0.19","0.50679","0.445283342418313","0.444","0.474","0.106","0.173","0.738786458969116"
"3299","30","300","20","preferential_attachment","covar","covar_1","ZIPLN","BIC","0.07","0.884587","0.755189000846294","0.058","0.579","0.524","0.55","1.76104736328125"
"3300","30","300","20","preferential_attachment","covar","covar_1","PLN_ZIvar","BIC","0.18","0.584535","0.482682964550871","0","0",NA,"0","0.900713682174683"
"3301","1","300","50","preferential_attachment","covar","covar_1","PLN","BIC","0.19","0.538577","0.385853279559218","0.172","0.082","0.019","0.031","11.5246000289917"
"3302","1","300","50","preferential_attachment","covar","covar_1","ZIPLN","BIC","0.07","0.821923","0.858989804371899","0.004","0.286","0.737","0.412","7.58351802825928"
"3303","1","300","50","preferential_attachment","covar","covar_1","PLN_ZIvar","BIC","0.18","0.555698","0.450544087314973","0","0",NA,"0","17.706107378006"
"3304","2","300","50","preferential_attachment","covar","covar_1","PLN","BIC","0.14","0.5115885","0.408256597332365","0.365","0.417","0.044","0.08","9.07427310943604"
"3305","2","300","50","preferential_attachment","covar","covar_1","ZIPLN","BIC","0.08","0.8412245","0.692546328979705","0.03","0.479","0.397","0.434","14.2362544536591"
"3306","2","300","50","preferential_attachment","covar","covar_1","PLN_ZIvar","BIC","0.14","0.639044","0.460668784076918","0","0",NA,"0","16.2896144390106"
"3307","3","300","50","preferential_attachment","covar","covar_1","PLN","BIC","0.13","0.544511","0.411698934496651","0.268","0.184","0.028","0.048","13.0114698410034"
"3308","3","300","50","preferential_attachment","covar","covar_1","ZIPLN","BIC","0.07","0.881711","0.681289677495842","0.014","0.531","0.619","0.571","9.53602123260498"
"3309","3","300","50","preferential_attachment","covar","covar_1","PLN_ZIvar","BIC","0.13","0.6130235","0.463787715321674","0","0",NA,"0","16.4525270462036"
"3310","4","300","50","preferential_attachment","covar","covar_1","PLN","BIC","0.17","0.543812","0.410245450666553","0.354","0.347","0.039","0.071","11.9243347644806"
"3311","4","300","50","preferential_attachment","covar","covar_1","ZIPLN","BIC","0.08","0.844253","0.77078980199126","0.015","0.449","0.55","0.494","9.89682292938232"
"3312","4","300","50","preferential_attachment","covar","covar_1","PLN_ZIvar","BIC","0.16","0.6403365","0.465252124252295","0","0",NA,"0","16.5527620315552"
"3313","5","300","50","preferential_attachment","covar","covar_1","PLN","BIC","0.16","0.555993","0.430408152073076","0.316","0.388","0.049","0.086","11.1694755554199"
"3314","5","300","50","preferential_attachment","covar","covar_1","ZIPLN","BIC","0.07","0.862718","0.773631935168887","0.014","0.51","0.595","0.549","10.512247800827"
"3315","5","300","50","preferential_attachment","covar","covar_1","PLN_ZIvar","BIC","0.15","0.6500735","0.478365046906604","0","0",NA,"0","18.0279002189636"
"3316","6","300","50","preferential_attachment","covar","covar_1","PLN","BIC","0.17","0.583468","0.44478352587018","0.374","0.551","0.058","0.105","8.7791953086853"
"3317","6","300","50","preferential_attachment","covar","covar_1","ZIPLN","BIC","0.08","0.9220565","0.827629187748403","0.004","0.347","0.773","0.479","6.7826783657074"
"3318","6","300","50","preferential_attachment","covar","covar_1","PLN_ZIvar","BIC","0.16","0.7190035","0.510061926276998","0","0.041","1","0.078","9.81536793708801"
"3319","7","300","50","preferential_attachment","covar","covar_1","PLN","BIC","0.16","0.590857","0.423262960780375","0.304","0.367","0.048","0.085","8.30462241172791"
"3320","7","300","50","preferential_attachment","covar","covar_1","ZIPLN","BIC","0.07","0.8687525","0.782293913569904","0.019","0.571","0.56","0.566","6.93639183044434"
"3321","7","300","50","preferential_attachment","covar","covar_1","PLN_ZIvar","BIC","0.15","0.6331755","0.488976301448397","0","0",NA,"0","10.590336561203"
"3322","8","300","50","preferential_attachment","covar","covar_1","PLN","BIC","0.15","0.4755195","0.414238875327288","0.297","0.204","0.028","0.049","11.1673073768616"
"3323","8","300","50","preferential_attachment","covar","covar_1","ZIPLN","BIC","0.08","0.8723455","0.703917725853322","0.044","0.551","0.342","0.422","11.3585336208344"
"3324","8","300","50","preferential_attachment","covar","covar_1","PLN_ZIvar","BIC","0.15","0.5348935","0.470808776290373","0","0",NA,"0","14.2940719127655"
"3325","9","300","50","preferential_attachment","covar","covar_1","PLN","BIC","0.17","0.4993675","0.405934661372536","0.29","0.347","0.047","0.084","10.0200109481812"
"3326","9","300","50","preferential_attachment","covar","covar_1","ZIPLN","BIC","0.07","0.872237","0.838046995939419","0.015","0.531","0.591","0.559","9.29769015312195"
"3327","9","300","50","preferential_attachment","covar","covar_1","PLN_ZIvar","BIC","0.16","0.515237","0.480896909831604","0","0",NA,"0","17.1100881099701"
"3328","10","300","50","preferential_attachment","covar","covar_1","PLN","BIC","0.14","0.5201835","0.412269510833835","0","0",NA,"0","10.130951166153"
"3329","10","300","50","preferential_attachment","covar","covar_1","ZIPLN","BIC","0.07","0.9067915","0.708417546338243","0.004","0.327","0.762","0.457","9.36917591094971"
"3330","10","300","50","preferential_attachment","covar","covar_1","PLN_ZIvar","BIC","0.13","0.5663045","0.469744888041162","0","0",NA,"0","14.5081331729889"
"3331","11","300","50","preferential_attachment","covar","covar_1","PLN","BIC","0.18","0.5178445","0.414977836452193","0.29","0.306","0.042","0.074","11.8456771373749"
"3332","11","300","50","preferential_attachment","covar","covar_1","ZIPLN","BIC","0.08","0.8806885","0.832727865386793","0.008","0.429","0.7","0.532","6.24065160751343"
"3333","11","300","50","preferential_attachment","covar","covar_1","PLN_ZIvar","BIC","0.17","0.6048565","0.475639282445923","0","0",NA,"0","13.9752912521362"
"3334","12","300","50","preferential_attachment","covar","covar_1","PLN","BIC","0.16","0.5220985","0.431501572665855","0.256","0.265","0.041","0.072","11.0151093006134"
"3335","12","300","50","preferential_attachment","covar","covar_1","ZIPLN","BIC","0.07","0.851383","0.819066256799496","0.014","0.49","0.6","0.539","9.88694524765015"
"3336","12","300","50","preferential_attachment","covar","covar_1","PLN_ZIvar","BIC","0.16","0.618144","0.497707812549453","0","0",NA,"0","12.8790605068207"
"3337","13","300","50","preferential_attachment","covar","covar_1","PLN","BIC","0.15","0.5599525","0.411851509963327","0.161","0.146","0.036","0.057","11.0374100208282"
"3338","13","300","50","preferential_attachment","covar","covar_1","ZIPLN","BIC","0.07","0.930813","0.742691196269178","0.022","0.667","0.552","0.604","9.59628534317017"
"3339","13","300","50","preferential_attachment","covar","covar_1","PLN_ZIvar","BIC","0.15","0.6378575","0.472726183414362","0","0",NA,"0","15.083997964859"
"3340","14","300","50","preferential_attachment","covar","covar_1","PLN","BIC","0.15","0.540173","0.415073149873827","0.344","0.367","0.043","0.076","11.3605127334595"
"3341","14","300","50","preferential_attachment","covar","covar_1","ZIPLN","BIC","0.07","0.8176545","0.761680712157139","0.009","0.367","0.621","0.462","9.05925154685974"
"3342","14","300","50","preferential_attachment","covar","covar_1","PLN_ZIvar","BIC","0.14","0.636151","0.466809381806251","0","0",NA,"0","14.3386745452881"
"3343","15","300","50","preferential_attachment","covar","covar_1","PLN","BIC","0.16","0.5228795","0.438251982766057","0.375","0.367","0.039","0.071","8.03697443008423"
"3344","15","300","50","preferential_attachment","covar","covar_1","ZIPLN","BIC","0.07","0.895965","0.796212194363256","0.005","0.449","0.786","0.571","11.1527559757233"
"3345","15","300","50","preferential_attachment","covar","covar_1","PLN_ZIvar","BIC","0.15","0.6227625","0.492537675369971","0","0",NA,"0","13.1874976158142"
"3346","16","300","50","preferential_attachment","covar","covar_1","PLN","BIC","0.17","0.4983415","0.400937688524607","0.236","0.204","0.035","0.06","10.4810652732849"
"3347","16","300","50","preferential_attachment","covar","covar_1","ZIPLN","BIC","0.08","0.9360785","0.828945823330799","0.014","0.51","0.61","0.556","8.10200500488281"
"3348","16","300","50","preferential_attachment","covar","covar_1","PLN_ZIvar","BIC","0.17","0.5287565","0.465616391067808","0","0",NA,"0","11.2933168411255"
"3349","17","300","50","preferential_attachment","covar","covar_1","PLN","BIC","0.15","0.572476","0.379216298675462","0.338","0.347","0.041","0.073","6.55340218544006"
"3350","17","300","50","preferential_attachment","covar","covar_1","ZIPLN","BIC","0.08","0.844612","0.72404819449283","0.007","0.347","0.68","0.459","9.44532775878906"
"3351","17","300","50","preferential_attachment","covar","covar_1","PLN_ZIvar","BIC","0.15","0.5949815","0.433416658459699","0","0",NA,"0","11.976811170578"
"3352","18","300","50","preferential_attachment","covar","covar_1","PLN","BIC","0.15","0.5450745","0.420035254330757","0.187","0.122","0.027","0.044","10.6027007102966"
"3353","18","300","50","preferential_attachment","covar","covar_1","ZIPLN","BIC","0.07","0.8640675","0.754636762675167","0.009","0.306","0.6","0.405","8.94366955757141"
"3354","18","300","50","preferential_attachment","covar","covar_1","PLN_ZIvar","BIC","0.15","0.6136685","0.479763328542949","0","0",NA,"0","15.2925486564636"
"3355","19","300","50","preferential_attachment","covar","covar_1","PLN","BIC","0.14","0.6106465","0.427488534129702","0.257","0.354","0.053","0.093","8.63250207901001"
"3356","19","300","50","preferential_attachment","covar","covar_1","ZIPLN","BIC","0.06","0.899374","0.7178773618909","0.003","0.562","0.9","0.692","9.30041813850403"
"3357","19","300","50","preferential_attachment","covar","covar_1","PLN_ZIvar","BIC","0.13","0.718961","0.480202220203711","0","0",NA,"0","13.8504328727722"
"3358","20","300","50","preferential_attachment","covar","covar_1","PLN","BIC","0.15","0.546015","0.420769331260307","0.237","0.286","0.048","0.082","11.2956080436707"
"3359","20","300","50","preferential_attachment","covar","covar_1","ZIPLN","BIC","0.07","0.815417","0.757721769822551","0.005","0.265","0.684","0.382","10.0174930095673"
"3360","20","300","50","preferential_attachment","covar","covar_1","PLN_ZIvar","BIC","0.14","0.578375","0.48330946776924","0","0",NA,"0","15.3229956626892"
"3361","21","300","50","preferential_attachment","covar","covar_1","PLN","BIC","0.15","0.585805","0.44144818997511","0.09","0.102","0.045","0.062","9.22357416152954"
"3362","21","300","50","preferential_attachment","covar","covar_1","ZIPLN","BIC","0.07","0.889997","0.741364130726073","0.016","0.449","0.537","0.489","10.7322993278503"
"3363","21","300","50","preferential_attachment","covar","covar_1","PLN_ZIvar","BIC","0.14","0.6360235","0.500345173924522","0","0",NA,"0","11.2910466194153"
"3364","22","300","50","preferential_attachment","covar","covar_1","PLN","BIC","0.16","0.4974825","0.426247532885084","0.299","0.224","0.03","0.053","12.0522141456604"
"3365","22","300","50","preferential_attachment","covar","covar_1","ZIPLN","BIC","0.08","0.884963","0.808369076038949","0.001","0.265","0.929","0.413","8.98932337760925"
"3366","22","300","50","preferential_attachment","covar","covar_1","PLN_ZIvar","BIC","0.16","0.5983275","0.477596330567809","0","0",NA,"0","17.3627443313599"
"3367","23","300","50","preferential_attachment","covar","covar_1","PLN","BIC","0.16","0.511765","0.417068261353708","0.234","0.125","0.021","0.036","12.5035519599915"
"3368","23","300","50","preferential_attachment","covar","covar_1","ZIPLN","BIC","0.07","0.893676","0.79794546912903","0.003","0.333","0.8","0.471","9.61701273918152"
"3369","23","300","50","preferential_attachment","covar","covar_1","PLN_ZIvar","BIC","0.15","0.536858","0.474239382465872","0","0",NA,"0","13.6482412815094"
"3370","24","300","50","preferential_attachment","covar","covar_1","PLN","BIC","0.16","0.492089","0.384110391815672","0.44","0.449","0.041","0.075","13.0553421974182"
"3371","24","300","50","preferential_attachment","covar","covar_1","ZIPLN","BIC","0.08","0.886548","0.728739639433438","0.003","0.327","0.842","0.471","7.36673712730408"
"3372","24","300","50","preferential_attachment","covar","covar_1","PLN_ZIvar","BIC","0.15","0.548022","0.43374795595547","0","0",NA,"0","20.5945148468018"
"3373","25","300","50","preferential_attachment","covar","covar_1","PLN","BIC","0.16","0.5500965","0.447323687187816","0.376","0.531","0.056","0.101","7.95654559135437"
"3374","25","300","50","preferential_attachment","covar","covar_1","ZIPLN","BIC","0.08","0.8567605","0.7897375918252","0.036","0.571","0.4","0.471","10.6981673240662"
"3375","25","300","50","preferential_attachment","covar","covar_1","PLN_ZIvar","BIC","0.16","0.6334455","0.501481620701216","0","0",NA,"0","13.0724744796753"
"3376","26","300","50","preferential_attachment","covar","covar_1","PLN","BIC","0.14","0.562131","0.393911843468176","0.274","0.327","0.047","0.083","11.0308794975281"
"3377","26","300","50","preferential_attachment","covar","covar_1","ZIPLN","BIC","0.08","0.904622","0.68319864535984","0.011","0.408","0.606","0.488","6.0021665096283"
"3378","26","300","50","preferential_attachment","covar","covar_1","PLN_ZIvar","BIC","0.14","0.684483","0.451377367028746","0","0",NA,"0","15.6927945613861"
"3379","27","300","50","preferential_attachment","covar","covar_1","PLN","BIC","0.14","0.555775","0.429832959295617","0.234","0.208","0.035","0.06","9.68233442306519"
"3380","27","300","50","preferential_attachment","covar","covar_1","ZIPLN","BIC","0.07","0.8491675","0.725215354780769","0.008","0.458","0.71","0.557","10.5227210521698"
"3381","27","300","50","preferential_attachment","covar","covar_1","PLN_ZIvar","BIC","0.14","0.7108275","0.478959569226939","0","0",NA,"0","12.5389921665192"
"3382","28","300","50","preferential_attachment","covar","covar_1","PLN","BIC","0.16","0.5902415","0.44976951038055","0.288","0.327","0.045","0.079","11.145339012146"
"3383","28","300","50","preferential_attachment","covar","covar_1","ZIPLN","BIC","0.08","0.887297","0.788343271387018","0.002","0.408","0.909","0.563","7.99290180206299"
"3384","28","300","50","preferential_attachment","covar","covar_1","PLN_ZIvar","BIC","0.16","0.664042","0.498930299147725","0","0",NA,"0","13.644871711731"
"3385","29","300","50","preferential_attachment","covar","covar_1","PLN","BIC","0.16","0.5375745","0.409268353387019","0.312","0.408","0.052","0.092","9.07188367843628"
"3386","29","300","50","preferential_attachment","covar","covar_1","ZIPLN","BIC","0.07","0.848001","0.792414240504756","0.014","0.51","0.595","0.549","9.47094345092773"
"3387","29","300","50","preferential_attachment","covar","covar_1","PLN_ZIvar","BIC","0.16","0.5726465","0.467866384499354","0","0",NA,"0","14.8130571842194"
"3388","30","300","50","preferential_attachment","covar","covar_1","PLN","BIC","0.16","0.550271","0.397210848686965","0.293","0.245","0.034","0.059","10.4428777694702"
"3389","30","300","50","preferential_attachment","covar","covar_1","ZIPLN","BIC","0.08","0.8704615","0.710295051131108","0.008","0.449","0.71","0.55","8.26211929321289"
"3390","30","300","50","preferential_attachment","covar","covar_1","PLN_ZIvar","BIC","0.15","0.673015","0.457438071205841","0","0",NA,"0","17.1811332702637"
"3391","1","300","20","erdos_renyi","covar","covar_2","PLN","BIC","0.14","0.3635625","0.290142467471654","0.571","0.375","0.028","0.052","1.86108660697937"
"3392","1","300","20","erdos_renyi","covar","covar_2","ZIPLN","BIC","0.06","0.8655","0.586192060412916","0","0",NA,"0","2.40316367149353"
"3393","1","300","20","erdos_renyi","covar","covar_2","PLN_ZIvar","BIC","0.12","0.5565","0.424640048505817","0.368","0.5","0.056","0.101","2.25482702255249"
"3394","2","300","20","erdos_renyi","covar","covar_2","PLN","BIC","0.14","0.46325","0.327134484745417","0.769","0.875","0.048","0.09","2.10833239555359"
"3395","2","300","20","erdos_renyi","covar","covar_2","ZIPLN","BIC","0.06","0.905","0.603996308016892","0.016","0.5","0.571","0.533","2.63809180259705"
"3396","2","300","20","erdos_renyi","covar","covar_2","PLN_ZIvar","BIC","0.14","0.6188125","0.457301241692985","0","0",NA,"0","2.88520216941833"
"3397","3","300","20","erdos_renyi","covar","covar_2","PLN","BIC","0.15","0.5684275","0.331311206633761","0.678","0.769","0.077","0.14","0.999622583389282"
"3398","3","300","20","erdos_renyi","covar","covar_2","ZIPLN","BIC","0.07","0.857135","0.599467146321001","0.034","0.769","0.625","0.69","3.24947690963745"
"3399","3","300","20","erdos_renyi","covar","covar_2","PLN_ZIvar","BIC","0.14","0.601142","0.460779237475267","0.277","0.462","0.109","0.176","1.88889122009277"
"3400","4","300","20","erdos_renyi","covar","covar_2","PLN","BIC","0.1","0.5563125","0.391146648770777","0.632","1","0.065","0.122","1.70220708847046"
"3401","4","300","20","erdos_renyi","covar","covar_2","ZIPLN","BIC","0.04","0.8788125","0.577174137612062","0.038","0.75","0.462","0.571","2.74808359146118"
"3402","4","300","20","erdos_renyi","covar","covar_2","PLN_ZIvar","BIC","0.1","0.7148125","0.480196030694277","0.33","0.875","0.104","0.187","1.79554128646851"
"3403","5","300","20","erdos_renyi","covar","covar_2","PLN","BIC","0.19","0.664714","0.347766242123547","0.435","0.692","0.105","0.182","1.23086977005005"
"3404","5","300","20","erdos_renyi","covar","covar_2","ZIPLN","BIC","0.09","0.8941835","0.662995614666874","0.006","0.385","0.833","0.526","2.86469888687134"
"3405","5","300","20","erdos_renyi","covar","covar_2","PLN_ZIvar","BIC","0.18","0.762165","0.450673427788758","0.294","0.615","0.133","0.219","2.33077120780945"
"3406","6","300","20","erdos_renyi","covar","covar_2","PLN","BIC","0.13","0.661989","0.324934710559807","0.517","0.917","0.107","0.191","2.31992816925049"
"3407","6","300","20","erdos_renyi","covar","covar_2","ZIPLN","BIC","0.05","0.8036335","0.584885400407411","0.006","0.25","0.75","0.375","3.00623059272766"
"3408","6","300","20","erdos_renyi","covar","covar_2","PLN_ZIvar","BIC","0.12","0.569482","0.451019923904083","0.18","0.333","0.111","0.167","2.23216032981873"
"3409","7","300","20","erdos_renyi","covar","covar_2","PLN","BIC","0.14","0.735625","0.326078051419285","0.505","0.75","0.061","0.113","1.83985424041748"
"3410","7","300","20","erdos_renyi","covar","covar_2","ZIPLN","BIC","0.06","0.815375","0.632630537742759","0","0",NA,"0","2.94678783416748"
"3411","7","300","20","erdos_renyi","covar","covar_2","PLN_ZIvar","BIC","0.13","0.650875","0.46806542260426","0.269","0.5","0.075","0.131","2.54229331016541"
"3412","8","300","20","erdos_renyi","covar","covar_2","PLN","BIC","0.12","0.5825","0.314585628054874","0.626","0.75","0.05","0.094","2.10072565078735"
"3413","8","300","20","erdos_renyi","covar","covar_2","ZIPLN","BIC","0.05","0.8261875","0.564585301551863","0","0",NA,"0","2.41240072250366"
"3414","8","300","20","erdos_renyi","covar","covar_2","PLN_ZIvar","BIC","0.11","0.482875","0.440846874765195","0.044","0","0","0","1.79432940483093"
"3415","9","300","20","erdos_renyi","covar","covar_2","PLN","BIC","0.12","0.6043785","0.365586270866529","0.431","0.556","0.06","0.109","1.0693666934967"
"3416","9","300","20","erdos_renyi","covar","covar_2","ZIPLN","BIC","0.04","0.63322","0.617737693649945","0.006","0.444","0.8","0.571","3.19073438644409"
"3417","9","300","20","erdos_renyi","covar","covar_2","PLN_ZIvar","BIC","0.11","0.6953225","0.475860389917099","0.022","0","0","0","3.10480809211731"
"3418","10","300","20","erdos_renyi","covar","covar_2","PLN","BIC","0.13","0.5048775","0.35968957313578","0.543","0.833","0.048","0.09","1.07754421234131"
"3419","10","300","20","erdos_renyi","covar","covar_2","ZIPLN","BIC","0.04","0.7455735","0.666988375033155","0.022","0.667","0.5","0.571","2.80443024635315"
"3420","10","300","20","erdos_renyi","covar","covar_2","PLN_ZIvar","BIC","0.12","0.429137","0.485860778750499","0.027","0","0","0","1.08626341819763"
"3421","11","300","20","erdos_renyi","covar","covar_2","PLN","BIC","0.12","0.5724","0.327718369453584","0.661","0.8","0.063","0.117","4.22877812385559"
"3422","11","300","20","erdos_renyi","covar","covar_2","ZIPLN","BIC","0.06","0.8122","0.549805264408625","0","0",NA,"0","2.19091773033142"
"3423","11","300","20","erdos_renyi","covar","covar_2","PLN_ZIvar","BIC","0.11","0.38625","0.431312485859073","0.394","0.3","0.041","0.071","2.34693002700806"
"3424","12","300","20","erdos_renyi","covar","covar_2","PLN","BIC","0.12","0.6129","0.30437519761974","0.616","0.6","0.026","0.049","3.10491800308228"
"3425","12","300","20","erdos_renyi","covar","covar_2","ZIPLN","BIC","0.04","0.8746","0.558572527989773","0","0.2","1","0.333","1.97586274147034"
"3426","12","300","20","erdos_renyi","covar","covar_2","PLN_ZIvar","BIC","0.11","0.7654","0.436161409915409","0.314","0.8","0.065","0.119","2.22799825668335"
"3427","13","300","20","erdos_renyi","covar","covar_2","PLN","BIC","0.16","0.6238625","0.291212022997619","0.605","0.692","0.078","0.14","1.56430649757385"
"3428","13","300","20","erdos_renyi","covar","covar_2","ZIPLN","BIC","0.07","0.8914085","0.61012324629378","0.006","0.462","0.857","0.6","3.4543182849884"
"3429","13","300","20","erdos_renyi","covar","covar_2","PLN_ZIvar","BIC","0.15","0.6114175","0.424292237406428","0.305","0.462","0.1","0.164","2.15274834632874"
"3430","14","300","20","erdos_renyi","covar","covar_2","PLN","BIC","0.13","0.3705625","0.318949547817704","0.489","0.25","0.022","0.04","1.2513964176178"
"3431","14","300","20","erdos_renyi","covar","covar_2","ZIPLN","BIC","0.04","0.7964375","0.60558751885122","0.011","0.625","0.714","0.667","2.87978005409241"
"3432","14","300","20","erdos_renyi","covar","covar_2","PLN_ZIvar","BIC","0.12","0.372125","0.465023055159686","0.192","0","0","0","1.81772017478943"
"3433","15","300","20","erdos_renyi","covar","covar_2","PLN","BIC","0.1","0.774385","0.390004144397255","0.375","1","0.08","0.148","1.28095698356628"
"3434","15","300","20","erdos_renyi","covar","covar_2","ZIPLN","BIC","0.04","0.9089175","0.594355282583466","0.005","0.5","0.75","0.6","2.27641487121582"
"3435","15","300","20","erdos_renyi","covar","covar_2","PLN_ZIvar","BIC","0.09","0.63523","0.491546513025321","0","0",NA,"0","1.77037572860718"
"3436","16","300","20","erdos_renyi","covar","covar_2","PLN","BIC","0.14","0.685953","0.313247235760274","0.636","0.667","0.033","0.063","1.48417592048645"
"3437","16","300","20","erdos_renyi","covar","covar_2","ZIPLN","BIC","0.05","0.864846","0.60340832404298","0.011","0.5","0.6","0.545","2.40970516204834"
"3438","16","300","20","erdos_renyi","covar","covar_2","PLN_ZIvar","BIC","0.13","0.6331585","0.435073259659291","0","0",NA,"0","1.8961706161499"
"3439","17","300","20","erdos_renyi","covar","covar_2","PLN","BIC","0.15","0.4840325","0.361447279937363","0.429","0.4","0.074","0.125","1.05880093574524"
"3440","17","300","20","erdos_renyi","covar","covar_2","ZIPLN","BIC","0.07","0.713405","0.630219455064041","0","0.333","1","0.5","4.17056155204773"
"3441","17","300","20","erdos_renyi","covar","covar_2","PLN_ZIvar","BIC","0.14","0.642985","0.469753167546202","0.011","0","0","0","1.27740526199341"
"3442","18","300","20","erdos_renyi","covar","covar_2","PLN","BIC","0.14","0.35165","0.299066312477568","0.661","0.4","0.033","0.06","1.75417041778564"
"3443","18","300","20","erdos_renyi","covar","covar_2","ZIPLN","BIC","0.07","0.77915","0.571587627844178","0.039","0.5","0.417","0.455","3.57920455932617"
"3444","18","300","20","erdos_renyi","covar","covar_2","PLN_ZIvar","BIC","0.13","0.4494","0.426108993875778","0.339","0.2","0.032","0.055","1.87894916534424"
"3445","19","300","20","erdos_renyi","covar","covar_2","PLN","BIC","0.17","0.5798125","0.396856186328336","0.523","0.688","0.108","0.186","0.921833038330078"
"3446","19","300","20","erdos_renyi","covar","covar_2","ZIPLN","BIC","0.09","0.865223","0.612943037113508","0","0.188","1","0.316","2.97535014152527"
"3447","19","300","20","erdos_renyi","covar","covar_2","PLN_ZIvar","BIC","0.17","0.607791","0.455156161211646","0.224","0.438","0.152","0.226","2.48940467834473"
"3448","20","300","20","erdos_renyi","covar","covar_2","PLN","BIC","0.17","0.3992375","0.311426561686905","0.52","0.545","0.061","0.109","3.20184779167175"
"3449","20","300","20","erdos_renyi","covar","covar_2","ZIPLN","BIC","0.08","0.9080075","0.60294105148931","0.006","0.364","0.8","0.5","2.83791923522949"
"3450","20","300","20","erdos_renyi","covar","covar_2","PLN_ZIvar","BIC","0.16","0.5884715","0.437401030468109","0.268","0.364","0.077","0.127","2.06948614120483"
"3451","21","300","20","erdos_renyi","covar","covar_2","PLN","BIC","0.15","0.6009455","0.303983369470056","0.663","0.778","0.055","0.103","2.63569569587708"
"3452","21","300","20","erdos_renyi","covar","covar_2","ZIPLN","BIC","0.08","0.7649415","0.600147980293732","0","0",NA,"0","2.84662103652954"
"3453","21","300","20","erdos_renyi","covar","covar_2","PLN_ZIvar","BIC","0.14","0.801435","0.437699596069754","0.26","0.778","0.13","0.222","2.77720308303833"
"3454","22","300","20","erdos_renyi","covar","covar_2","PLN","BIC","0.06","0.2405","0.327362045908446","0.418","0","0","0","2.5805983543396"
"3455","22","300","20","erdos_renyi","covar","covar_2","ZIPLN","BIC","0.01","0.217","0.496411720831023","0","0",NA,"0","2.71091079711914"
"3456","22","300","20","erdos_renyi","covar","covar_2","PLN_ZIvar","BIC","0.05","0.4525","0.442312024327883","0","0",NA,"0","3.37464475631714"
"3457","23","300","20","erdos_renyi","covar","covar_2","PLN","BIC","0.11","0.59","0.316902122358677","0.484","0.5","0.022","0.042","1.41736793518066"
"3458","23","300","20","erdos_renyi","covar","covar_2","ZIPLN","BIC","0.04","0.800375","0.572804435133723","0","0.5","1","0.667","2.23336410522461"
"3459","23","300","20","erdos_renyi","covar","covar_2","PLN_ZIvar","BIC","0.1","0.77625","0.446480814206192","0.005","0.25","0.5","0.333","2.76802802085876"
"3460","24","300","20","erdos_renyi","covar","covar_2","PLN","BIC","0.14","0.3901585","0.3638332259269","0.503","0.222","0.022","0.039","2.31561613082886"
"3461","24","300","20","erdos_renyi","covar","covar_2","ZIPLN","BIC","0.05","0.798752","0.611214376982324","0","0.111","1","0.2","2.38697242736816"
"3462","24","300","20","erdos_renyi","covar","covar_2","PLN_ZIvar","BIC","0.13","0.521576","0.429879655608382","0.315","0.444","0.066","0.114","2.10749173164368"
"3463","25","300","20","erdos_renyi","covar","covar_2","PLN","BIC","0.12","0.571454","0.40506794534414","0.464","0.571","0.045","0.083","1.32102227210999"
"3464","25","300","20","erdos_renyi","covar","covar_2","ZIPLN","BIC","0.04","0.8262215","0.642137244631233","0","0.286","1","0.444","3.40961289405823"
"3465","25","300","20","erdos_renyi","covar","covar_2","PLN_ZIvar","BIC","0.11","0.5031935","0.489853966660803","0.311","0.429","0.05","0.09","1.7110447883606"
"3466","26","300","20","erdos_renyi","covar","covar_2","PLN","BIC","0.13","0.55575","0.292822293750281","0.591","0.75","0.027","0.051","1.78495955467224"
"3467","26","300","20","erdos_renyi","covar","covar_2","ZIPLN","BIC","0.04","0.81725","0.54930210895683","0","0.75","1","0.857","2.34189867973328"
"3468","26","300","20","erdos_renyi","covar","covar_2","PLN_ZIvar","BIC","0.11","0.63375","0.418332636004394","0.452","1","0.045","0.087","2.20560121536255"
"3469","27","300","20","erdos_renyi","covar","covar_2","PLN","BIC","0.13","0.547","0.308900165308471","0.577","0.625","0.045","0.085","1.39240193367004"
"3470","27","300","20","erdos_renyi","covar","covar_2","ZIPLN","BIC","0.06","0.8395","0.576341456311904","0.005","0.125","0.5","0.2","3.43627500534058"
"3471","27","300","20","erdos_renyi","covar","covar_2","PLN_ZIvar","BIC","0.11","0.609625","0.454909554748002","0","0",NA,"0","1.79008960723877"
"3472","28","300","20","erdos_renyi","covar","covar_2","PLN","BIC","0.11","0.451375","0.338644291528856","0.626","0.5","0.034","0.063","1.20577883720398"
"3473","28","300","20","erdos_renyi","covar","covar_2","ZIPLN","BIC","0.04","0.706","0.602371896595179","0","0",NA,"0","2.48400449752808"
"3474","28","300","20","erdos_renyi","covar","covar_2","PLN_ZIvar","BIC","0.1","0.5038125","0.473845188994483","0.011","0","0","0","1.91941285133362"
"3475","29","300","20","erdos_renyi","covar","covar_2","PLN","BIC","0.1","0.6264375","0.27525279476102","0.505","0.625","0.052","0.095","1.18041896820068"
"3476","29","300","20","erdos_renyi","covar","covar_2","ZIPLN","BIC","0.03","0.715","0.528355699091024","0","0",NA,"0","2.20585989952087"
"3477","29","300","20","erdos_renyi","covar","covar_2","PLN_ZIvar","BIC","0.08","0.63125","0.432901573357303","0.28","0.5","0.073","0.127","2.18754267692566"
"3478","30","300","20","erdos_renyi","covar","covar_2","PLN","BIC","0.15","0.482929","0.335963635200562","0.541","0.444","0.039","0.072","1.27338743209839"
"3479","30","300","20","erdos_renyi","covar","covar_2","ZIPLN","BIC","0.05","0.644091","0.639364689760329","0.05","0.444","0.308","0.364","2.77200150489807"
"3480","30","300","20","erdos_renyi","covar","covar_2","PLN_ZIvar","BIC","0.13","0.768782","0.466994180080401","0","0",NA,"0","3.25770282745361"
"3481","1","300","50","erdos_renyi","covar","covar_2","PLN","BIC","0.12","0.522239","0.315030591916652","0.319","0.352","0.048","0.085","19.0048010349274"
"3482","1","300","50","erdos_renyi","covar","covar_2","ZIPLN","BIC","0.07","0.8400055","0.586106748597901","0.025","0.389","0.42","0.404","9.53616142272949"
"3483","1","300","50","erdos_renyi","covar","covar_2","PLN_ZIvar","BIC","0.12","0.6572715","0.429375751073203","0.002","0.037","0.5","0.069","16.333948135376"
"3484","2","300","50","erdos_renyi","covar","covar_2","PLN","BIC","0.15","0.56167","0.414093015658266","0.283","0.348","0.066","0.11","16.8566658496857"
"3485","2","300","50","erdos_renyi","covar","covar_2","ZIPLN","BIC","0.09","0.8380265","0.702884867910558","0.011","0.424","0.683","0.523","10.5136954784393"
"3486","2","300","50","erdos_renyi","covar","covar_2","PLN_ZIvar","BIC","0.15","0.6590145","0.498254986938185","0","0",NA,"0","13.1777529716492"
"3487","3","300","50","erdos_renyi","covar","covar_2","PLN","BIC","0.16","0.594147","0.354115400505501","0.417","0.6","0.069","0.124","26.0993852615356"
"3488","3","300","50","erdos_renyi","covar","covar_2","ZIPLN","BIC","0.09","0.816183","0.666817960316836","0.018","0.3","0.462","0.364","9.81790494918823"
"3489","3","300","50","erdos_renyi","covar","covar_2","PLN_ZIvar","BIC","0.15","0.6211685","0.447044518432653","0","0",NA,"0","24.1143710613251"
"3490","4","300","50","erdos_renyi","covar","covar_2","PLN","BIC","0.16","0.4884025","0.309566581346946","0.352","0.255","0.031","0.055","23.2286007404327"
"3491","4","300","50","erdos_renyi","covar","covar_2","ZIPLN","BIC","0.08","0.77358","0.664910882489242","0.002","0.176","0.818","0.29","9.84403109550476"
"3492","4","300","50","erdos_renyi","covar","covar_2","PLN_ZIvar","BIC","0.15","0.585624","0.416727167736075","0","0",NA,"0","27.8112678527832"
"3493","5","300","50","erdos_renyi","covar","covar_2","PLN","BIC","0.15","0.5267675","0.347723712204299","0.448","0.458","0.049","0.089","19.340311050415"
"3494","5","300","50","erdos_renyi","covar","covar_2","ZIPLN","BIC","0.09","0.8615035","0.636063412560702","0.01","0.424","0.676","0.521","10.3950302600861"
"3495","5","300","50","erdos_renyi","covar","covar_2","PLN_ZIvar","BIC","0.14","0.7017645","0.450765645018204","0","0",NA,"0","22.4943075180054"
"3496","6","300","50","erdos_renyi","covar","covar_2","PLN","BIC","0.15","0.5479365","0.36449436420943","0.386","0.442","0.048","0.087","22.9191019535065"
"3497","6","300","50","erdos_renyi","covar","covar_2","ZIPLN","BIC","0.09","0.773077","0.652636765106123","0.003","0.212","0.733","0.328","8.55848407745361"
"3498","6","300","50","erdos_renyi","covar","covar_2","PLN_ZIvar","BIC","0.15","0.584494","0.444581071200471","0","0",NA,"0","20.8410325050354"
"3499","7","300","50","erdos_renyi","covar","covar_2","PLN","BIC","0.16","0.5177325","0.350920879863863","0.318","0.227","0.039","0.067","22.2636060714722"
"3500","7","300","50","erdos_renyi","covar","covar_2","ZIPLN","BIC","0.09","0.7676425","0.671959820116209","0.004","0.167","0.688","0.268","11.498984336853"
"3501","7","300","50","erdos_renyi","covar","covar_2","PLN_ZIvar","BIC","0.15","0.6597145","0.478745653160762","0","0",NA,"0","15.9509108066559"
"3502","8","300","50","erdos_renyi","covar","covar_2","PLN","BIC","0.14","0.575983","0.354458590590888","0.524","0.707","0.063","0.115","19.6862416267395"
"3503","8","300","50","erdos_renyi","covar","covar_2","ZIPLN","BIC","0.08","0.826468","0.658463460498341","0.011","0.379","0.629","0.473","8.61213707923889"
"3504","8","300","50","erdos_renyi","covar","covar_2","PLN_ZIvar","BIC","0.13","0.628094","0.449024996235295","0","0",NA,"0","21.9915890693665"
"3505","9","300","50","erdos_renyi","covar","covar_2","PLN","BIC","0.12","0.5061165","0.316329102466736","0.39","0.426","0.042","0.076","22.7456653118134"
"3506","9","300","50","erdos_renyi","covar","covar_2","ZIPLN","BIC","0.06","0.834447","0.613202018114643","0","0.043","1","0.082","8.73484206199646"
"3507","9","300","50","erdos_renyi","covar","covar_2","PLN_ZIvar","BIC","0.11","0.60507","0.424585180713661","0.001","0","0","0","24.5950582027435"
"3508","10","300","50","erdos_renyi","covar","covar_2","PLN","BIC","0.14","0.55767","0.395281020327538","0.368","0.433","0.064","0.111","15.6232600212097"
"3509","10","300","50","erdos_renyi","covar","covar_2","ZIPLN","BIC","0.08","0.9046335","0.669178662745747","0.008","0.269","0.667","0.383","6.94709849357605"
"3510","10","300","50","erdos_renyi","covar","covar_2","PLN_ZIvar","BIC","0.13","0.6876825","0.491378863219441","0","0",NA,"0","12.3020799160004"
"3511","11","300","50","erdos_renyi","covar","covar_2","PLN","BIC","0.14","0.5109465","0.306443174097649","0.403","0.385","0.041","0.073","21.900484085083"
"3512","11","300","50","erdos_renyi","covar","covar_2","ZIPLN","BIC","0.08","0.8597395","0.59596695098557","0.01","0.385","0.625","0.476","10.0278432369232"
"3513","11","300","50","erdos_renyi","covar","covar_2","PLN_ZIvar","BIC","0.13","0.700359","0.420935815530905","0","0",NA,"0","15.880425453186"
"3514","12","300","50","erdos_renyi","covar","covar_2","PLN","BIC","0.15","0.5067645","0.33918567476878","0.407","0.418","0.046","0.083","19.8798053264618"
"3515","12","300","50","erdos_renyi","covar","covar_2","ZIPLN","BIC","0.09","0.793935","0.660387390101318","0.001","0.018","0.5","0.035","7.54240441322327"
"3516","12","300","50","erdos_renyi","covar","covar_2","PLN_ZIvar","BIC","0.14","0.5765425","0.435015761008678","0","0",NA,"0","20.8149433135986"
"3517","13","300","50","erdos_renyi","covar","covar_2","PLN","BIC","0.14","0.5411415","0.343990915517071","0.317","0.339","0.049","0.085","15.0000965595245"
"3518","13","300","50","erdos_renyi","covar","covar_2","ZIPLN","BIC","0.08","0.823519","0.645110573378971","0.018","0.5","0.571","0.533","12.4090945720673"
"3519","13","300","50","erdos_renyi","covar","covar_2","PLN_ZIvar","BIC","0.13","0.6703335","0.463944367840664","0","0",NA,"0","19.9998183250427"
"3520","14","300","50","erdos_renyi","covar","covar_2","PLN","BIC","0.17","0.5332595","0.304562707342942","0.358","0.4","0.063","0.109","21.4301700592041"
"3521","14","300","50","erdos_renyi","covar","covar_2","ZIPLN","BIC","0.1","0.818616","0.660524749649873","0.008","0.286","0.69","0.404","10.4807085990906"
"3522","14","300","50","erdos_renyi","covar","covar_2","PLN_ZIvar","BIC","0.16","0.653695","0.430161074445139","0","0",NA,"0","22.4843997955322"
"3523","15","300","50","erdos_renyi","covar","covar_2","PLN","BIC","0.14","0.57242","0.373848788252543","0.379","0.5","0.053","0.096","14.0763297080994"
"3524","15","300","50","erdos_renyi","covar","covar_2","ZIPLN","BIC","0.08","0.89962","0.618366318609215","0.022","0.44","0.458","0.449","12.0093262195587"
"3525","15","300","50","erdos_renyi","covar","covar_2","PLN_ZIvar","BIC","0.13","0.7594","0.466904691077725","0","0",NA,"0","15.8187239170074"
"3526","16","300","50","erdos_renyi","covar","covar_2","PLN","BIC","0.15","0.5339045","0.343349527549163","0.386","0.444","0.059","0.104","20.1060593128204"
"3527","16","300","50","erdos_renyi","covar","covar_2","ZIPLN","BIC","0.08","0.7938755","0.707642150680744","0.014","0.413","0.619","0.495","9.68099689483643"
"3528","16","300","50","erdos_renyi","covar","covar_2","PLN_ZIvar","BIC","0.15","0.654458","0.449979043788834","0","0",NA,"0","13.7343652248383"
"3529","17","300","50","erdos_renyi","covar","covar_2","PLN","BIC","0.14","0.5547355","0.32638854374235","0.307","0.426","0.06","0.105","17.5093743801117"
"3530","17","300","50","erdos_renyi","covar","covar_2","ZIPLN","BIC","0.07","0.8643025","0.658036557225177","0.005","0.389","0.778","0.519","9.89907836914062"
"3531","17","300","50","erdos_renyi","covar","covar_2","PLN_ZIvar","BIC","0.13","0.714527","0.450964923543921","0.001","0","0","0","14.0871534347534"
"3532","18","300","50","erdos_renyi","covar","covar_2","PLN","BIC","0.14","0.554475","0.330343705373455","0.343","0.305","0.043","0.075","21.4144670963287"
"3533","18","300","50","erdos_renyi","covar","covar_2","ZIPLN","BIC","0.09","0.786132","0.590481288270923","0.003","0.102","0.667","0.176","10.3206567764282"
"3534","18","300","50","erdos_renyi","covar","covar_2","PLN_ZIvar","BIC","0.13","0.6708415","0.42622786476635","0","0",NA,"0","16.1451404094696"
"3535","19","300","50","erdos_renyi","covar","covar_2","PLN","BIC","0.13","0.4960655","0.330497056347073","0.299","0.245","0.033","0.058","26.4910736083984"
"3536","19","300","50","erdos_renyi","covar","covar_2","ZIPLN","BIC","0.08","0.806411","0.633138420124649","0","0",NA,"0","9.11931872367859"
"3537","19","300","50","erdos_renyi","covar","covar_2","PLN_ZIvar","BIC","0.12","0.5882055","0.423193620367875","0","0",NA,"0","25.2373549938202"
"3538","20","300","50","erdos_renyi","covar","covar_2","PLN","BIC","0.14","0.5460085","0.384972071251654","0.299","0.286","0.049","0.084","21.0847198963165"
"3539","20","300","50","erdos_renyi","covar","covar_2","ZIPLN","BIC","0.08","0.8524495","0.664029407211686","0.025","0.476","0.508","0.492","8.82562065124512"
"3540","20","300","50","erdos_renyi","covar","covar_2","PLN_ZIvar","BIC","0.14","0.662273","0.458112586796768","0","0",NA,"0","19.7288599014282"
"3541","21","300","50","erdos_renyi","covar","covar_2","PLN","BIC","0.16","0.56295","0.317951702904942","0.376","0.484","0.064","0.113","29.025815486908"
"3542","21","300","50","erdos_renyi","covar","covar_2","ZIPLN","BIC","0.09","0.846031","0.638447008672729","0.007","0.371","0.742","0.495","5.85327649116516"
"3543","21","300","50","erdos_renyi","covar","covar_2","PLN_ZIvar","BIC","0.15","0.6283005","0.427857825113259","0","0",NA,"0","29.4434335231781"
"3544","22","300","50","erdos_renyi","covar","covar_2","PLN","BIC","0.14","0.485073","0.339093284615951","0.352","0.232","0.031","0.054","25.4403405189514"
"3545","22","300","50","erdos_renyi","covar","covar_2","ZIPLN","BIC","0.08","0.828704","0.624573029586106","0.001","0.125","0.875","0.219","12.986526966095"
"3546","22","300","50","erdos_renyi","covar","covar_2","PLN_ZIvar","BIC","0.13","0.663782","0.426442849737742","0","0",NA,"0","22.1000552177429"
"3547","23","300","50","erdos_renyi","covar","covar_2","PLN","BIC","0.14","0.5294","0.360134835120324","0.395","0.42","0.043","0.079","28.2942640781403"
"3548","23","300","50","erdos_renyi","covar","covar_2","ZIPLN","BIC","0.07","0.801","0.698307991868057","0.002","0.3","0.882","0.448","10.3568925857544"
"3549","23","300","50","erdos_renyi","covar","covar_2","PLN_ZIvar","BIC","0.13","0.48951","0.457146321008926","0","0",NA,"0","30.5563840866089"
"3550","24","300","50","erdos_renyi","covar","covar_2","PLN","BIC","0.17","0.576926","0.3486489787503","0.287","0.348","0.065","0.109","24.0900602340698"
"3551","24","300","50","erdos_renyi","covar","covar_2","ZIPLN","BIC","0.1","0.8482255","0.674495155871022","0.026","0.424","0.483","0.452","12.560781955719"
"3552","24","300","50","erdos_renyi","covar","covar_2","PLN_ZIvar","BIC","0.16","0.66132","0.461858543444497","0","0",NA,"0","17.6617798805237"
"3553","25","300","50","erdos_renyi","covar","covar_2","PLN","BIC","0.14","0.5032965","0.344435508033308","0.501","0.508","0.049","0.089","22.3823776245117"
"3554","25","300","50","erdos_renyi","covar","covar_2","ZIPLN","BIC","0.09","0.8391945","0.644573169074927","0.001","0.068","0.8","0.125","7.74193572998047"
"3555","25","300","50","erdos_renyi","covar","covar_2","PLN_ZIvar","BIC","0.14","0.604902","0.433428540308335","0","0",NA,"0","26.3587982654572"
"3556","26","300","50","erdos_renyi","covar","covar_2","PLN","BIC","0.14","0.469342","0.341918789870673","0.402","0.327","0.037","0.066","24.1319589614868"
"3557","26","300","50","erdos_renyi","covar","covar_2","ZIPLN","BIC","0.07","0.8315355","0.704903967800584","0.003","0.309","0.85","0.453","4.57545375823975"
"3558","26","300","50","erdos_renyi","covar","covar_2","PLN_ZIvar","BIC","0.13","0.5984305","0.435546408649537","0","0",NA,"0","18.4154624938965"
"3559","27","300","50","erdos_renyi","covar","covar_2","PLN","BIC","0.15","0.6045155","0.338793204127598","0.297","0.452","0.088","0.147","14.8194925785065"
"3560","27","300","50","erdos_renyi","covar","covar_2","ZIPLN","BIC","0.08","0.8408125","0.630008803788535","0.023","0.466","0.567","0.511","6.71482300758362"
"3561","27","300","50","erdos_renyi","covar","covar_2","PLN_ZIvar","BIC","0.14","0.6575065","0.436674576887779","0","0",NA,"0","12.982574224472"
"3562","28","300","50","erdos_renyi","covar","covar_2","PLN","BIC","0.15","0.5398415","0.362956497610146","0.349","0.393","0.051","0.091","19.9619133472443"
"3563","28","300","50","erdos_renyi","covar","covar_2","ZIPLN","BIC","0.09","0.811374","0.683821624155405","0.003","0.25","0.778","0.378","16.8799154758453"
"3564","28","300","50","erdos_renyi","covar","covar_2","PLN_ZIvar","BIC","0.14","0.635239","0.4641622680363","0","0",NA,"0","23.2473833560944"
"3565","29","300","50","erdos_renyi","covar","covar_2","PLN","BIC","0.15","0.4590275","0.348701574433083","0.345","0.279","0.041","0.071","33.2025890350342"
"3566","29","300","50","erdos_renyi","covar","covar_2","ZIPLN","BIC","0.08","0.8209395","0.695940023490805","0.004","0.246","0.75","0.37","5.86689114570618"
"3567","29","300","50","erdos_renyi","covar","covar_2","PLN_ZIvar","BIC","0.14","0.585805","0.463041881488203","0.003","0.033","0.333","0.06","17.7925486564636"
"3568","30","300","50","erdos_renyi","covar","covar_2","PLN","BIC","0.15","0.4887705","0.326061734508465","0.378","0.266","0.037","0.065","17.7900812625885"
"3569","30","300","50","erdos_renyi","covar","covar_2","ZIPLN","BIC","0.08","0.831804","0.703845737323367","0.003","0.219","0.778","0.341","10.6827666759491"
"3570","30","300","50","erdos_renyi","covar","covar_2","PLN_ZIvar","BIC","0.14","0.5767105","0.436412058433276","0","0",NA,"0","24.5714566707611"
"3571","1","300","20","community","covar","covar_2","PLN","BIC","0.22","0.4564485","0.329321812233027","0.754","0.737","0.098","0.173","1.72298669815063"
"3572","1","300","20","community","covar","covar_2","ZIPLN","BIC","0.11","0.858592","0.671760545630582","0.012","0.368","0.778","0.5","3.04708170890808"
"3573","1","300","20","community","covar","covar_2","PLN_ZIvar","BIC","0.21","0.4386285","0.446597339288517","0.316","0.211","0.069","0.104","2.67950081825256"
"3574","2","300","20","community","covar","covar_2","PLN","BIC","0.15","0.48832","0.40079520169028","0.584","0.583","0.063","0.114","0.651381015777588"
"3575","2","300","20","community","covar","covar_2","ZIPLN","BIC","0.07","0.9024175","0.577394279045184","0.028","0.667","0.615","0.64","1.84559988975525"
"3576","2","300","20","community","covar","covar_2","PLN_ZIvar","BIC","0.14","0.5556805","0.450024468055043","0","0",NA,"0","1.54906535148621"
"3577","3","300","20","community","covar","covar_2","PLN","BIC","0.17","0.5855605","0.378515722727453","0.58","0.625","0.09","0.157","0.934526205062866"
"3578","3","300","20","community","covar","covar_2","ZIPLN","BIC","0.1","0.866488","0.591006798180833","0.006","0.188","0.75","0.3","2.74901723861694"
"3579","3","300","20","community","covar","covar_2","PLN_ZIvar","BIC","0.17","0.511765","0.431492987726473","0.207","0.188","0.077","0.109","2.149817943573"
"3580","4","300","20","community","covar","covar_2","PLN","BIC","0.19","0.5574845","0.373323757203276","0.529","0.556","0.099","0.168","1.13666677474976"
"3581","4","300","20","community","covar","covar_2","ZIPLN","BIC","0.09","0.808789","0.651985180631921","0.203","0.667","0.255","0.369","2.41939234733582"
"3582","4","300","20","community","covar","covar_2","PLN_ZIvar","BIC","0.19","0.6203715","0.499097158535271","0.058","0.056","0.091","0.069","2.01184320449829"
"3583","5","300","20","community","covar","covar_2","PLN","BIC","0.2","0.438965","0.319940241920612","0.538","0.421","0.08","0.134","1.37139344215393"
"3584","5","300","20","community","covar","covar_2","ZIPLN","BIC","0.1","0.796624","0.585250253633212","0.111","0.579","0.367","0.449","3.24508619308472"
"3585","5","300","20","community","covar","covar_2","PLN_ZIvar","BIC","0.18","0.665412","0.445542298087593","0.211","0.263","0.122","0.167","2.15835547447205"
"3586","6","300","20","community","covar","covar_2","PLN","BIC","0.16","0.4353","0.304036143404559","0.617","0.6","0.051","0.094","1.66142725944519"
"3587","6","300","20","community","covar","covar_2","ZIPLN","BIC","0.06","0.85225","0.592686788203953","0.072","0.6","0.316","0.414","3.08018040657043"
"3588","6","300","20","community","covar","covar_2","PLN_ZIvar","BIC","0.15","0.5295","0.442320342026769","0.011","0","0","0","2.00189399719238"
"3589","7","300","20","community","covar","covar_2","PLN","BIC","0.21","0.4811755","0.400408753314804","0.532","0.471","0.08","0.137","0.799167156219482"
"3590","7","300","20","community","covar","covar_2","ZIPLN","BIC","0.08","0.772617","0.721845828836254","0.035","0.294","0.455","0.357","2.54888415336609"
"3591","7","300","20","community","covar","covar_2","PLN_ZIvar","BIC","0.2","0.4804015","0.475532269178677","0.04","0","0","0","2.40857672691345"
"3592","8","300","20","community","covar","covar_2","PLN","BIC","0.15","0.6059","0.286396241985345","0.589","0.6","0.054","0.098","1.15245532989502"
"3593","8","300","20","community","covar","covar_2","ZIPLN","BIC","0.07","0.9074","0.631790980019626","0","0.1","1","0.182","1.2440938949585"
"3594","8","300","20","community","covar","covar_2","PLN_ZIvar","BIC","0.14","0.6105","0.44897951108545","0.072","0.3","0.188","0.231","1.22538495063782"
"3595","9","300","20","community","covar","covar_2","PLN","BIC","0.16","0.52803","0.379035173728011","0.449","0.583","0.08","0.141","1.8638551235199"
"3596","9","300","20","community","covar","covar_2","ZIPLN","BIC","0.07","0.7438395","0.676727891893037","0","0.083","1","0.154","2.54006719589233"
"3597","9","300","20","community","covar","covar_2","PLN_ZIvar","BIC","0.15","0.543973","0.469858944179165","0.14","0.083","0.038","0.053","1.3817663192749"
"3598","10","300","20","community","covar","covar_2","PLN","BIC","0.18","0.4004105","0.3137385998221","0.655","0.526","0.082","0.142","1.8168773651123"
"3599","10","300","20","community","covar","covar_2","ZIPLN","BIC","0.09","0.7660215","0.615652555858075","0.035","0.579","0.647","0.611","1.58177876472473"
"3600","10","300","20","community","covar","covar_2","PLN_ZIvar","BIC","0.17","0.4981865","0.433742947392177","0.292","0.263","0.091","0.135","1.425696849823"
"3601","11","300","20","community","covar","covar_2","PLN","BIC","0.17","0.47556","0.31732602365137","0.659","0.571","0.065","0.116","1.85765075683594"
"3602","11","300","20","community","covar","covar_2","ZIPLN","BIC","0.09","0.795356","0.577188244285531","0","0.214","1","0.353","2.59393930435181"
"3603","11","300","20","community","covar","covar_2","PLN_ZIvar","BIC","0.16","0.3852615","0.431858794772273","0.341","0.071","0.016","0.027","1.63955855369568"
"3604","12","300","20","community","covar","covar_2","PLN","BIC","0.17","0.375539","0.393751529520713","0.483","0.333","0.044","0.078","1.01202082633972"
"3605","12","300","20","community","covar","covar_2","ZIPLN","BIC","0.08","0.894477","0.621506299804799","0.006","0.333","0.8","0.471","2.40658068656921"
"3606","12","300","20","community","covar","covar_2","PLN_ZIvar","BIC","0.16","0.276714","0.441566148581477","0.404","0.083","0.014","0.024","1.1499764919281"
"3607","13","300","20","community","covar","covar_2","PLN","BIC","0.17","0.5934645","0.314119641578116","0.657","0.5","0.049","0.089","1.06028294563293"
"3608","13","300","20","community","covar","covar_2","ZIPLN","BIC","0.08","0.923795","0.63829833841345","0.062","0.75","0.45","0.563","2.66626477241516"
"3609","13","300","20","community","covar","covar_2","PLN_ZIvar","BIC","0.16","0.6003215","0.457276427427426","0.219","0.25","0.071","0.111","1.9773576259613"
"3610","14","300","20","community","covar","covar_2","PLN","BIC","0.18","0.497443","0.302396859689526","0.591","0.571","0.071","0.127","1.58101344108582"
"3611","14","300","20","community","covar","covar_2","ZIPLN","BIC","0.08","0.7919495","0.628508679768506","0","0.071","1","0.133","2.33241844177246"
"3612","14","300","20","community","covar","covar_2","PLN_ZIvar","BIC","0.16","0.442425","0.428563144571986","0.028","0","0","0","2.41133785247803"
"3613","15","300","20","community","covar","covar_2","PLN","BIC","0.16","0.4743535","0.321691075572931","0.531","0.538","0.069","0.123","1.4958553314209"
"3614","15","300","20","community","covar","covar_2","ZIPLN","BIC","0.08","0.914852","0.590010085438471","0.034","0.692","0.6","0.643","2.45841813087463"
"3615","15","300","20","community","covar","covar_2","PLN_ZIvar","BIC","0.16","0.596364","0.440632737216623","0.153","0.154","0.069","0.095","2.15131878852844"
"3616","16","300","20","community","covar","covar_2","PLN","BIC","0.17","0.456373","0.398290484395672","0.655","0.692","0.072","0.13","0.512075662612915"
"3617","16","300","20","community","covar","covar_2","ZIPLN","BIC","0.09","0.7999955","0.62304172035007","0.006","0.538","0.875","0.667","2.10741519927979"
"3618","16","300","20","community","covar","covar_2","PLN_ZIvar","BIC","0.16","0.652539","0.460699115001784","0","0",NA,"0","1.38537359237671"
"3619","17","300","20","community","covar","covar_2","PLN","BIC","0.14","0.4433165","0.343327406263643","0.59","0.417","0.045","0.082","0.973512172698975"
"3620","17","300","20","community","covar","covar_2","ZIPLN","BIC","0.07","0.8252895","0.549909968897171","0.017","0.583","0.7","0.636","2.6653151512146"
"3621","17","300","20","community","covar","covar_2","PLN_ZIvar","BIC","0.13","0.5627365","0.441030498548162","0.253","0.333","0.082","0.131","2.11810970306396"
"3622","18","300","20","community","covar","covar_2","PLN","BIC","0.14","0.532111","0.336955295523785","0.421","0.333","0.051","0.088","1.62610387802124"
"3623","18","300","20","community","covar","covar_2","ZIPLN","BIC","0.05","0.833457","0.566093764996189","0.034","0.583","0.538","0.56","2.49711346626282"
"3624","18","300","20","community","covar","covar_2","PLN_ZIvar","BIC","0.13","0.643096","0.458232997078387","0","0",NA,"0","2.3341863155365"
"3625","19","300","20","community","covar","covar_2","PLN","BIC","0.14","0.567477","0.32669036745965","0.514","0.667","0.061","0.111","1.34161567687988"
"3626","19","300","20","community","covar","covar_2","ZIPLN","BIC","0.06","0.9155845","0.616643491955872","0.006","0.556","0.833","0.667","2.24484634399414"
"3627","19","300","20","community","covar","covar_2","PLN_ZIvar","BIC","0.13","0.506976","0.461693710573131","0.094","0.111","0.056","0.074","1.57405352592468"
"3628","20","300","20","community","covar","covar_2","PLN","BIC","0.17","0.4960105","0.372882063504048","0.632","0.562","0.076","0.133","0.610063076019287"
"3629","20","300","20","community","covar","covar_2","ZIPLN","BIC","0.08","0.845152","0.627787647228022","0.029","0.312","0.5","0.385","2.50891876220703"
"3630","20","300","20","community","covar","covar_2","PLN_ZIvar","BIC","0.17","0.5917675","0.453787198444753","0.161","0.25","0.125","0.167","2.41294193267822"
"3631","21","300","20","community","covar","covar_2","PLN","BIC","0.16","0.5027845","0.341306849970637","0.385","0.364","0.055","0.095","1.32166910171509"
"3632","21","300","20","community","covar","covar_2","ZIPLN","BIC","0.07","0.923298","0.601933794959745","0.017","0.727","0.727","0.727","2.6541633605957"
"3633","21","300","20","community","covar","covar_2","PLN_ZIvar","BIC","0.15","0.598466","0.45173025439001","0.011","0","0","0","2.07544159889221"
"3634","22","300","20","community","covar","covar_2","PLN","BIC","0.17","0.4277245","0.384189855300104","0.644","0.692","0.073","0.132","0.602713346481323"
"3635","22","300","20","community","covar","covar_2","ZIPLN","BIC","0.07","0.856242","0.620986727861861","0.051","0.615","0.471","0.533","1.77524924278259"
"3636","22","300","20","community","covar","covar_2","PLN_ZIvar","BIC","0.17","0.523587","0.461701190490684","0.384","0.385","0.068","0.116","1.06381273269653"
"3637","23","300","20","community","covar","covar_2","PLN","BIC","0.17","0.31235","0.285262086497608","0.794","0.7","0.047","0.088","1.00739860534668"
"3638","23","300","20","community","covar","covar_2","ZIPLN","BIC","0.06","0.8795","0.65685363824491","0.022","0.6","0.6","0.6","1.74865913391113"
"3639","23","300","20","community","covar","covar_2","PLN_ZIvar","BIC","0.16","0.43365","0.446269943972467","0.333","0.2","0.032","0.056","1.66926670074463"
"3640","24","300","20","community","covar","covar_2","PLN","BIC","0.15","0.532369","0.375389036329512","0.486","0.545","0.065","0.115","0.771769285202026"
"3641","24","300","20","community","covar","covar_2","ZIPLN","BIC","0.06","0.827489","0.583326962789706","0.028","0.636","0.583","0.609","2.44218111038208"
"3642","24","300","20","community","covar","covar_2","PLN_ZIvar","BIC","0.15","0.663195","0.420084636494739","0","0",NA,"0","1.82756328582764"
"3643","25","300","20","community","covar","covar_2","PLN","BIC","0.14","0.3951","0.329212778949711","0.544","0.3","0.03","0.054","1.46353769302368"
"3644","25","300","20","community","covar","covar_2","ZIPLN","BIC","0.06","0.82295","0.592703036746973","0","0.1","1","0.182","1.34671783447266"
"3645","25","300","20","community","covar","covar_2","PLN_ZIvar","BIC","0.13","0.4676","0.435686238057311","0.3","0.4","0.069","0.118","1.26988005638123"
"3646","26","300","20","community","covar","covar_2","PLN","BIC","0.16","0.5812415","0.350372903594868","0.452","0.692","0.101","0.176","1.48379397392273"
"3647","26","300","20","community","covar","covar_2","ZIPLN","BIC","0.08","0.8290245","0.597701881066193","0.006","0.231","0.75","0.353","2.24118804931641"
"3648","26","300","20","community","covar","covar_2","PLN_ZIvar","BIC","0.15","0.62978","0.455709826983412","0.203","0.308","0.1","0.151","1.82670068740845"
"3649","27","300","20","community","covar","covar_2","PLN","BIC","0.16","0.510208","0.296421039351615","0.736","0.75","0.064","0.118","0.955311059951782"
"3650","27","300","20","community","covar","covar_2","ZIPLN","BIC","0.06","0.8823565","0.674918227495728","0","0.333","1","0.5","1.76849842071533"
"3651","27","300","20","community","covar","covar_2","PLN_ZIvar","BIC","0.15","0.6130635","0.48037894167003","0.084","0.083","0.062","0.071","1.26086068153381"
"3652","28","300","20","community","covar","covar_2","PLN","BIC","0.17","0.364","0.276049977191013","0.722","0.571","0.059","0.107","1.17743992805481"
"3653","28","300","20","community","covar","covar_2","ZIPLN","BIC","0.09","0.818815","0.576645440091781","0.023","0.357","0.556","0.435","1.72215890884399"
"3654","28","300","20","community","covar","covar_2","PLN_ZIvar","BIC","0.16","0.494337","0.417666491830434","0.131","0.071","0.042","0.053","1.59434151649475"
"3655","29","300","20","community","covar","covar_2","PLN","BIC","0.13","0.386558","0.296766319868058","0.484","0.167","0.011","0.021","1.25412464141846"
"3656","29","300","20","community","covar","covar_2","ZIPLN","BIC","0.05","0.8983025","0.580460648600538","0.016","0.833","0.625","0.714","1.50609588623047"
"3657","29","300","20","community","covar","covar_2","PLN_ZIvar","BIC","0.12","0.6526905","0.441854422398104","0.011","0.167","0.333","0.222","2.28993272781372"
"3658","30","300","20","community","covar","covar_2","PLN","BIC","0.17","0.3829365","0.331301935833804","0.425","0.188","0.039","0.065","1.70394849777222"
"3659","30","300","20","community","covar","covar_2","ZIPLN","BIC","0.09","0.8059255","0.565242601784998","0.069","0.625","0.455","0.526","1.57755255699158"
"3660","30","300","20","community","covar","covar_2","PLN_ZIvar","BIC","0.16","0.5642675","0.462316354789752","0.195","0.312","0.128","0.182","1.25182223320007"
"3661","1","300","50","community","covar","covar_2","PLN","BIC","0.17","0.5443555","0.355033312768194","0.336","0.375","0.08","0.131","17.2522330284119"
"3662","1","300","50","community","covar","covar_2","ZIPLN","BIC","0.1","0.8022735","0.735270659862143","0","0",NA,"0","8.26241278648376"
"3663","1","300","50","community","covar","covar_2","PLN_ZIvar","BIC","0.16","0.6438435","0.471349670304062","0.003","0","0","0","22.0042545795441"
"3664","2","300","50","community","covar","covar_2","PLN","BIC","0.18","0.5493745","0.355919403478975","0.371","0.418","0.072","0.123","17.1258156299591"
"3665","2","300","50","community","covar","covar_2","ZIPLN","BIC","0.1","0.8124495","0.710398908169271","0.024","0.304","0.462","0.366","9.86124777793884"
"3666","2","300","50","community","covar","covar_2","PLN_ZIvar","BIC","0.17","0.618266","0.447687167701139","0","0.013","1","0.025","20.6615304946899"
"3667","3","300","50","community","covar","covar_2","PLN","BIC","0.17","0.5239025","0.34946214971127","0.406","0.43","0.074","0.126","18.6650886535645"
"3668","3","300","50","community","covar","covar_2","ZIPLN","BIC","0.1","0.820276","0.635216829180393","0.052","0.5","0.422","0.457","9.70055294036865"
"3669","3","300","50","community","covar","covar_2","PLN_ZIvar","BIC","0.16","0.6399585","0.435465168837711","0","0",NA,"0","16.7879886627197"
"3670","4","300","50","community","covar","covar_2","PLN","BIC","0.17","0.496594","0.333636567116286","0.359","0.286","0.055","0.093","21.6489429473877"
"3671","4","300","50","community","covar","covar_2","ZIPLN","BIC","0.1","0.784205","0.683303048199977","0.004","0.107","0.643","0.184","11.0316507816315"
"3672","4","300","50","community","covar","covar_2","PLN_ZIvar","BIC","0.16","0.621245","0.432027058977573","0","0",NA,"0","19.7671759128571"
"3673","5","300","50","community","covar","covar_2","PLN","BIC","0.18","0.573392","0.375774054293665","0.378","0.461","0.087","0.147","18.4894819259644"
"3674","5","300","50","community","covar","covar_2","ZIPLN","BIC","0.11","0.799666","0.693828193408414","0.02","0.36","0.582","0.444","10.6046187877655"
"3675","5","300","50","community","covar","covar_2","PLN_ZIvar","BIC","0.17","0.620894","0.469530773661603","0","0",NA,"0","18.7827730178833"
"3676","6","300","50","community","covar","covar_2","PLN","BIC","0.18","0.5339815","0.364714750837717","0.308","0.308","0.074","0.12","12.5498046875"
"3677","6","300","50","community","covar","covar_2","ZIPLN","BIC","0.11","0.8314165","0.689909781021923","0.034","0.429","0.5","0.462","9.29719161987305"
"3678","6","300","50","community","covar","covar_2","PLN_ZIvar","BIC","0.17","0.6226065","0.479304756127129","0","0",NA,"0","12.5060760974884"
"3679","7","300","50","community","covar","covar_2","PLN","BIC","0.17","0.496626","0.357721107966674","0.403","0.392","0.063","0.108","19.3957130908966"
"3680","7","300","50","community","covar","covar_2","ZIPLN","BIC","0.1","0.873005","0.666658566402595","0.013","0.304","0.615","0.407","9.47510528564453"
"3681","7","300","50","community","covar","covar_2","PLN_ZIvar","BIC","0.16","0.6577945","0.446843770503326","0","0",NA,"0","25.6400454044342"
"3682","8","300","50","community","covar","covar_2","PLN","BIC","0.17","0.522258","0.373863977026441","0.342","0.359","0.067","0.112","22.5087809562683"
"3683","8","300","50","community","covar","covar_2","ZIPLN","BIC","0.1","0.7629655","0.673433861774606","0.022","0.321","0.5","0.391","11.6862568855286"
"3684","8","300","50","community","covar","covar_2","PLN_ZIvar","BIC","0.17","0.6319645","0.452310491471106","0","0",NA,"0","21.21528840065"
"3685","9","300","50","community","covar","covar_2","PLN","BIC","0.16","0.6225155","0.400341416492881","0.289","0.412","0.096","0.156","15.9942388534546"
"3686","9","300","50","community","covar","covar_2","ZIPLN","BIC","0.09","0.803836","0.685424451878219","0.036","0.518","0.518","0.518","7.0983715057373"
"3687","9","300","50","community","covar","covar_2","PLN_ZIvar","BIC","0.15","0.6557515","0.479081185552546","0","0.012","1","0.023","21.7191081047058"
"3688","10","300","50","community","covar","covar_2","PLN","BIC","0.16","0.535945","0.32825721304955","0.399","0.506","0.084","0.145","29.5297300815582"
"3689","10","300","50","community","covar","covar_2","ZIPLN","BIC","0.11","0.777598","0.608185702265605","0.001","0.012","0.5","0.024","10.0795202255249"
"3690","10","300","50","community","covar","covar_2","PLN_ZIvar","BIC","0.15","0.625267","0.433412868471292","0","0",NA,"0","24.1574335098267"
"3691","11","300","50","community","covar","covar_2","PLN","BIC","0.16","0.532541","0.328492683242808","0.362","0.338","0.061","0.104","22.4442958831787"
"3692","11","300","50","community","covar","covar_2","ZIPLN","BIC","0.1","0.8442705","0.613354158775937","0.013","0.312","0.625","0.417","10.0528664588928"
"3693","11","300","50","community","covar","covar_2","PLN_ZIvar","BIC","0.16","0.625232","0.4108139091143","0","0",NA,"0","31.9003221988678"
"3694","12","300","50","community","covar","covar_2","PLN","BIC","0.18","0.5378685","0.333605448985098","0.357","0.409","0.086","0.142","17.4601726531982"
"3695","12","300","50","community","covar","covar_2","ZIPLN","BIC","0.1","0.810555","0.684636166771027","0.01","0.28","0.703","0.4","12.8371741771698"
"3696","12","300","50","community","covar","covar_2","PLN_ZIvar","BIC","0.17","0.634377","0.451209436064384","0","0",NA,"0","15.9433104991913"
"3697","13","300","50","community","covar","covar_2","PLN","BIC","0.16","0.562446","0.343075097714705","0.304","0.394","0.074","0.124","17.9238550662994"
"3698","13","300","50","community","covar","covar_2","ZIPLN","BIC","0.1","0.871862","0.655817809489998","0.014","0.465","0.673","0.55","10.6085243225098"
"3699","13","300","50","community","covar","covar_2","PLN_ZIvar","BIC","0.15","0.6916285","0.449836801723233","0","0",NA,"0","16.2913343906403"
"3700","14","300","50","community","covar","covar_2","PLN","BIC","0.18","0.571161","0.319087359416175","0.305","0.402","0.086","0.142","25.2907824516296"
"3701","14","300","50","community","covar","covar_2","ZIPLN","BIC","0.11","0.7990195","0.637298112677849","0.039","0.439","0.444","0.442","8.95509552955627"
"3702","14","300","50","community","covar","covar_2","PLN_ZIvar","BIC","0.17","0.620874","0.430386055070772","0.001","0.012","0.5","0.024","21.2257485389709"
"3703","15","300","50","community","covar","covar_2","PLN","BIC","0.16","0.475629","0.313242951812786","0.325","0.234","0.046","0.077","14.7277619838715"
"3704","15","300","50","community","covar","covar_2","ZIPLN","BIC","0.1","0.7906075","0.661814341065832","0.005","0.195","0.714","0.306","6.41239666938782"
"3705","15","300","50","community","covar","covar_2","PLN_ZIvar","BIC","0.15","0.6336325","0.44618572619575","0.003","0","0","0","13.4323689937592"
"3706","16","300","50","community","covar","covar_2","PLN","BIC","0.18","0.5769515","0.388267596482753","0.412","0.598","0.1","0.171","19.3783040046692"
"3707","16","300","50","community","covar","covar_2","ZIPLN","BIC","0.12","0.7929295","0.636466902586956","0.035","0.471","0.506","0.488","12.0272626876831"
"3708","16","300","50","community","covar","covar_2","PLN_ZIvar","BIC","0.17","0.566213","0.476248477899383","0.003","0.023","0.4","0.043","22.1284387111664"
"3709","17","300","50","community","covar","covar_2","PLN","BIC","0.16","0.578101","0.372354403934775","0.278","0.308","0.07","0.114","18.3621098995209"
"3710","17","300","50","community","covar","covar_2","ZIPLN","BIC","0.1","0.826379","0.686696473853447","0.016","0.333","0.591","0.426","10.0583152770996"
"3711","17","300","50","community","covar","covar_2","PLN_ZIvar","BIC","0.15","0.6514395","0.467597669380596","0","0",NA,"0","21.5766749382019"
"3712","18","300","50","community","covar","covar_2","PLN","BIC","0.18","0.476848","0.349305645084061","0.353","0.299","0.061","0.101","15.3642611503601"
"3713","18","300","50","community","covar","covar_2","ZIPLN","BIC","0.11","0.8148865","0.667053908509388","0.032","0.494","0.544","0.518","10.8899450302124"
"3714","18","300","50","community","covar","covar_2","PLN_ZIvar","BIC","0.17","0.6213485","0.447990694521202","0","0",NA,"0","30.5335602760315"
"3715","19","300","50","community","covar","covar_2","PLN","BIC","0.17","0.5238245","0.392599860679252","0.386","0.407","0.074","0.125","21.2031450271606"
"3716","19","300","50","community","covar","covar_2","ZIPLN","BIC","0.11","0.836674","0.658978358849199","0.02","0.349","0.566","0.432","10.1969590187073"
"3717","19","300","50","community","covar","covar_2","PLN_ZIvar","BIC","0.16","0.6591885","0.47350538282903","0","0",NA,"0","15.837194442749"
"3718","20","300","50","community","covar","covar_2","PLN","BIC","0.15","0.5527475","0.346845240552517","0.32","0.329","0.059","0.099","20.542849779129"
"3719","20","300","50","community","covar","covar_2","ZIPLN","BIC","0.09","0.7823315","0.644258085276644","0.01","0.314","0.667","0.427","10.1267876625061"
"3720","20","300","50","community","covar","covar_2","PLN_ZIvar","BIC","0.15","0.6222305","0.464486294134854","0","0",NA,"0","13.2943952083588"
"3721","21","300","50","community","covar","covar_2","PLN","BIC","0.16","0.583311","0.391396591531578","0.346","0.487","0.085","0.145","16.9103705883026"
"3722","21","300","50","community","covar","covar_2","ZIPLN","BIC","0.11","0.8118505","0.656399253451065","0.017","0.303","0.548","0.39","8.89325785636902"
"3723","21","300","50","community","covar","covar_2","PLN_ZIvar","BIC","0.16","0.6138945","0.472763111520688","0.022","0.105","0.242","0.147","10.9789617061615"
"3724","22","300","50","community","covar","covar_2","PLN","BIC","0.16","0.469683","0.310317395056006","0.317","0.232","0.042","0.071","27.7493073940277"
"3725","22","300","50","community","covar","covar_2","ZIPLN","BIC","0.09","0.855283","0.637162527412912","0.025","0.493","0.54","0.515","7.44715476036072"
"3726","22","300","50","community","covar","covar_2","PLN_ZIvar","BIC","0.15","0.616618","0.441698167447225","0.003","0.058","0.571","0.105","16.8819901943207"
"3727","23","300","50","community","covar","covar_2","PLN","BIC","0.15","0.546542","0.396017897738511","0.251","0.194","0.043","0.07","16.6001663208008"
"3728","23","300","50","community","covar","covar_2","ZIPLN","BIC","0.09","0.8104505","0.66965470449482","0.009","0.313","0.677","0.429","9.10231590270996"
"3729","23","300","50","community","covar","covar_2","PLN_ZIvar","BIC","0.14","0.6310375","0.489441763762604","0","0",NA,"0","16.239355802536"
"3730","24","300","50","community","covar","covar_2","PLN","BIC","0.17","0.497721","0.344547663899728","0.345","0.273","0.043","0.074","19.935254573822"
"3731","24","300","50","community","covar","covar_2","ZIPLN","BIC","0.09","0.787435","0.726281428148111","0","0",NA,"0","9.01433539390564"
"3732","24","300","50","community","covar","covar_2","PLN_ZIvar","BIC","0.16","0.5346235","0.464812411551972","0","0",NA,"0","22.2492706775665"
"3733","25","300","50","community","covar","covar_2","PLN","BIC","0.15","0.5342505","0.367797642667788","0.41","0.425","0.062","0.108","22.5716762542725"
"3734","25","300","50","community","covar","covar_2","ZIPLN","BIC","0.1","0.8494135","0.637555503959484","0.015","0.37","0.614","0.462","5.71644949913025"
"3735","25","300","50","community","covar","covar_2","PLN_ZIvar","BIC","0.15","0.658038","0.440201834419362","0","0",NA,"0","15.9346060752869"
"3736","26","300","50","community","covar","covar_2","PLN","BIC","0.18","0.534914","0.388635333282599","0.348","0.404","0.088","0.144","19.3993763923645"
"3737","26","300","50","community","covar","covar_2","ZIPLN","BIC","0.12","0.762473","0.681280587082346","0.021","0.319","0.556","0.405","9.53474259376526"
"3738","26","300","50","community","covar","covar_2","PLN_ZIvar","BIC","0.18","0.620886","0.491271368094884","0","0",NA,"0","13.1844208240509"
"3739","27","300","50","community","covar","covar_2","PLN","BIC","0.17","0.568705","0.364467450091513","0.371","0.436","0.074","0.127","22.3128573894501"
"3740","27","300","50","community","covar","covar_2","ZIPLN","BIC","0.11","0.8452255","0.650357388439061","0.026","0.449","0.538","0.49","10.2263081073761"
"3741","27","300","50","community","covar","covar_2","PLN_ZIvar","BIC","0.16","0.6795105","0.466133074756468","0","0.013","1","0.025","17.6048486232758"
"3742","28","300","50","community","covar","covar_2","PLN","BIC","0.17","0.5663235","0.369829585669465","0.471","0.651","0.091","0.16","13.063675403595"
"3743","28","300","50","community","covar","covar_2","ZIPLN","BIC","0.11","0.793745","0.699320064183093","0","0",NA,"0","5.99644231796265"
"3744","28","300","50","community","covar","covar_2","PLN_ZIvar","BIC","0.17","0.621558","0.445462358039874","0","0",NA,"0","13.0183527469635"
"3745","29","300","50","community","covar","covar_2","PLN","BIC","0.2","0.513468","0.33931113935072","0.319","0.278","0.07","0.112","17.2803728580475"
"3746","29","300","50","community","covar","covar_2","ZIPLN","BIC","0.13","0.7415675","0.650045736754238","0.021","0.258","0.51","0.342","6.4672954082489"
"3747","29","300","50","community","covar","covar_2","PLN_ZIvar","BIC","0.19","0.5942465","0.455360332574999","0","0",NA,"0","16.573513507843"
"3748","30","300","50","community","covar","covar_2","PLN","BIC","0.16","0.5933575","0.348106118014498","0.333","0.392","0.07","0.119","12.136590719223"
"3749","30","300","50","community","covar","covar_2","ZIPLN","BIC","0.1","0.8385335","0.661880421547955","0.015","0.378","0.622","0.471","7.43057012557983"
"3750","30","300","50","community","covar","covar_2","PLN_ZIvar","BIC","0.15","0.6928225","0.458281415209062","0","0",NA,"0","10.8180816173553"
"3751","1","300","20","preferential_attachment","covar","covar_2","PLN","BIC","0.2","0.5471905","0.313815273661889","0.591","0.684","0.114","0.195","1.68061542510986"
"3752","1","300","20","preferential_attachment","covar","covar_2","ZIPLN","BIC","0.11","0.7448925","0.63639872876259","0.006","0.263","0.833","0.4","3.11116003990173"
"3753","1","300","20","preferential_attachment","covar","covar_2","PLN_ZIvar","BIC","0.19","0.6626905","0.454952219246567","0.187","0.368","0.179","0.241","2.1441478729248"
"3754","2","300","20","preferential_attachment","covar","covar_2","PLN","BIC","0.17","0.5926875","0.395802707273909","0.544","0.684","0.123","0.208","0.859570264816284"
"3755","2","300","20","preferential_attachment","covar","covar_2","ZIPLN","BIC","0.11","0.8733005","0.559048492948568","0.006","0.368","0.875","0.519","2.90170669555664"
"3756","2","300","20","preferential_attachment","covar","covar_2","PLN_ZIvar","BIC","0.17","0.691384","0.447715029881867","0.094","0.211","0.2","0.205","2.61510300636292"
"3757","3","300","20","preferential_attachment","covar","covar_2","PLN","BIC","0.19","0.50062","0.336204979144407","0.532","0.526","0.099","0.167","1.93462824821472"
"3758","3","300","20","preferential_attachment","covar","covar_2","ZIPLN","BIC","0.09","0.815525","0.674759570219137","0","0",NA,"0","3.07493853569031"
"3759","3","300","20","preferential_attachment","covar","covar_2","PLN_ZIvar","BIC","0.18","0.599505","0.467367075102236","0.076","0","0","0","2.09926962852478"
"3760","4","300","20","preferential_attachment","covar","covar_2","PLN","BIC","0.23","0.4266215","0.314457499576705","0.585","0.526","0.091","0.155","1.67774319648743"
"3761","4","300","20","preferential_attachment","covar","covar_2","ZIPLN","BIC","0.14","0.818421","0.609210223602581","0.047","0.579","0.579","0.579","3.5382091999054"
"3762","4","300","20","preferential_attachment","covar","covar_2","PLN_ZIvar","BIC","0.22","0.455058","0.469695198128671","0.398","0.263","0.068","0.109","1.5373067855835"
"3763","5","300","20","preferential_attachment","covar","covar_2","PLN","BIC","0.23","0.46284","0.344794849608517","0.509","0.632","0.121","0.203","2.23420000076294"
"3764","5","300","20","preferential_attachment","covar","covar_2","ZIPLN","BIC","0.12","0.684855","0.712654793155322","0","0",NA,"0","3.14139676094055"
"3765","5","300","20","preferential_attachment","covar","covar_2","PLN_ZIvar","BIC","0.22","0.457021","0.462806571308745","0.333","0.158","0.05","0.076","2.53021860122681"
"3766","6","300","20","preferential_attachment","covar","covar_2","PLN","BIC","0.19","0.5317775","0.276558574068704","0.667","0.632","0.095","0.166","1.73038077354431"
"3767","6","300","20","preferential_attachment","covar","covar_2","ZIPLN","BIC","0.1","0.8183475","0.597783652560138","0.035","0.474","0.6","0.529","3.03841114044189"
"3768","6","300","20","preferential_attachment","covar","covar_2","PLN_ZIvar","BIC","0.18","0.5349385","0.44930407482855","0.404","0.474","0.115","0.186","2.76269912719727"
"3769","7","300","20","preferential_attachment","covar","covar_2","PLN","BIC","0.2","0.44197","0.332730122670397","0.69","0.632","0.092","0.161","1.65070962905884"
"3770","7","300","20","preferential_attachment","covar","covar_2","ZIPLN","BIC","0.1","0.876875","0.638775404452819","0.035","0.579","0.647","0.611","2.23739409446716"
"3771","7","300","20","preferential_attachment","covar","covar_2","PLN_ZIvar","BIC","0.19","0.604085","0.443386739626894","0","0",NA,"0","2.18534851074219"
"3772","8","300","20","preferential_attachment","covar","covar_2","PLN","BIC","0.18","0.378857","0.396087493085414","0.661","0.526","0.081","0.141","0.830872058868408"
"3773","8","300","20","preferential_attachment","covar","covar_2","ZIPLN","BIC","0.11","0.7567365","0.577123149735204","0.041","0.316","0.462","0.375","2.27626180648804"
"3774","8","300","20","preferential_attachment","covar","covar_2","PLN_ZIvar","BIC","0.18","0.4627025","0.454166511381964","0","0",NA,"0","1.62568616867065"
"3775","9","300","20","preferential_attachment","covar","covar_2","PLN","BIC","0.22","0.545023","0.287098977828759","0.731","0.789","0.107","0.189","2.23212075233459"
"3776","9","300","20","preferential_attachment","covar","covar_2","ZIPLN","BIC","0.1","0.7730665","0.683291795003528","0","0",NA,"0","2.4241406917572"
"3777","9","300","20","preferential_attachment","covar","covar_2","PLN_ZIvar","BIC","0.21","0.4876395","0.444630017252614","0.006","0.053","0.5","0.095","1.63780236244202"
"3778","10","300","20","preferential_attachment","covar","covar_2","PLN","BIC","0.21","0.310507","0.285737342916926","0.667","0.579","0.088","0.153","1.4738712310791"
"3779","10","300","20","preferential_attachment","covar","covar_2","ZIPLN","BIC","0.09","0.8661695","0.630627551222556","0.094","0.737","0.467","0.571","3.00978136062622"
"3780","10","300","20","preferential_attachment","covar","covar_2","PLN_ZIvar","BIC","0.19","0.4721765","0.463536336438221","0.474","0.421","0.09","0.148","1.05466175079346"
"3781","11","300","20","preferential_attachment","covar","covar_2","PLN","BIC","0.19","0.479525","0.338389886307775","0.48","0.579","0.118","0.196","1.0604031085968"
"3782","11","300","20","preferential_attachment","covar","covar_2","ZIPLN","BIC","0.08","0.8852065","0.648388574267798","0.076","0.789","0.536","0.638","2.2292377948761"
"3783","11","300","20","preferential_attachment","covar","covar_2","PLN_ZIvar","BIC","0.17","0.578246","0.480078408187947","0.187","0.211","0.111","0.145","1.69558095932007"
"3784","12","300","20","preferential_attachment","covar","covar_2","PLN","BIC","0.23","0.482371","0.413325194951621","0.526","0.632","0.118","0.198","1.01748466491699"
"3785","12","300","20","preferential_attachment","covar","covar_2","ZIPLN","BIC","0.12","0.850984","0.728312392199793","0.012","0.105","0.5","0.174","4.36639451980591"
"3786","12","300","20","preferential_attachment","covar","covar_2","PLN_ZIvar","BIC","0.23","0.5562215","0.476796948467792","0.205","0.158","0.079","0.105","2.13215041160583"
"3787","13","300","20","preferential_attachment","covar","covar_2","PLN","BIC","0.19","0.4717765","0.345850141557158","0.515","0.474","0.093","0.155","1.17499995231628"
"3788","13","300","20","preferential_attachment","covar","covar_2","ZIPLN","BIC","0.11","0.795868","0.572174872192574","0.094","0.684","0.448","0.542","3.1320788860321"
"3789","13","300","20","preferential_attachment","covar","covar_2","PLN_ZIvar","BIC","0.18","0.624503","0.471100419410628","0","0",NA,"0","2.20280289649963"
"3790","14","300","20","preferential_attachment","covar","covar_2","PLN","BIC","0.19","0.465172","0.346781299483447","0.585","0.526","0.091","0.155","0.912890195846558"
"3791","14","300","20","preferential_attachment","covar","covar_2","ZIPLN","BIC","0.08","0.867837","0.656488129432029","0.082","0.789","0.517","0.625","2.69528579711914"
"3792","14","300","20","preferential_attachment","covar","covar_2","PLN_ZIvar","BIC","0.18","0.626833","0.481667764145281","0.152","0.316","0.188","0.235","1.79025769233704"
"3793","15","300","20","preferential_attachment","covar","covar_2","PLN","BIC","0.2","0.496942","0.385079362504734","0.587","0.722","0.114","0.197","0.918835401535034"
"3794","15","300","20","preferential_attachment","covar","covar_2","ZIPLN","BIC","0.08","0.846391","0.637544680085492","0.105","0.667","0.4","0.5","1.38514971733093"
"3795","15","300","20","preferential_attachment","covar","covar_2","PLN_ZIvar","BIC","0.19","0.552397","0.43663586618063","0.262","0.333","0.118","0.174","1.48392248153687"
"3796","16","300","20","preferential_attachment","covar","covar_2","PLN","BIC","0.2","0.421152","0.351240040018378","0.649","0.737","0.112","0.194","2.20271635055542"
"3797","16","300","20","preferential_attachment","covar","covar_2","ZIPLN","BIC","0.12","0.7461175","0.604132570997138","0.029","0.368","0.583","0.452","3.00852370262146"
"3798","16","300","20","preferential_attachment","covar","covar_2","PLN_ZIvar","BIC","0.19","0.6214055","0.474289897821047","0.146","0.211","0.138","0.167","2.00554823875427"
"3799","17","300","20","preferential_attachment","covar","covar_2","PLN","BIC","0.22","0.4100495","0.292452160244717","0.544","0.526","0.097","0.164","1.11355590820312"
"3800","17","300","20","preferential_attachment","covar","covar_2","ZIPLN","BIC","0.09","0.904936","0.696168068467938","0","0.421","1","0.593","2.86982798576355"
"3801","17","300","20","preferential_attachment","covar","covar_2","PLN_ZIvar","BIC","0.21","0.392207","0.444356662986868","0.275","0.158","0.06","0.087","1.70394420623779"
"3802","18","300","20","preferential_attachment","covar","covar_2","PLN","BIC","0.2","0.483885","0.380474252949334","0.503","0.526","0.104","0.174","1.55737352371216"
"3803","18","300","20","preferential_attachment","covar","covar_2","ZIPLN","BIC","0.09","0.7589755","0.645770861924989","0.064","0.421","0.421","0.421","2.83494281768799"
"3804","18","300","20","preferential_attachment","covar","covar_2","PLN_ZIvar","BIC","0.19","0.6464555","0.462321105969087","0.433","0.632","0.14","0.229","1.23614883422852"
"3805","19","300","20","preferential_attachment","covar","covar_2","PLN","BIC","0.19","0.492189","0.322230399833808","0.544","0.474","0.088","0.149","2.0126588344574"
"3806","19","300","20","preferential_attachment","covar","covar_2","ZIPLN","BIC","0.09","0.83612","0.60625535941299","0.064","0.684","0.542","0.605","2.83608031272888"
"3807","19","300","20","preferential_attachment","covar","covar_2","PLN_ZIvar","BIC","0.17","0.6278985","0.463586197927031","0","0",NA,"0","2.02261209487915"
"3808","20","300","20","preferential_attachment","covar","covar_2","PLN","BIC","0.2","0.4908545","0.306215949255477","0.667","0.632","0.095","0.166","2.6402268409729"
"3809","20","300","20","preferential_attachment","covar","covar_2","ZIPLN","BIC","0.11","0.786326","0.59949638196963","0.047","0.368","0.467","0.412","2.51284384727478"
"3810","20","300","20","preferential_attachment","covar","covar_2","PLN_ZIvar","BIC","0.19","0.533998","0.441641512138743","0.351","0.368","0.104","0.163","2.15755009651184"
"3811","21","300","20","preferential_attachment","covar","covar_2","PLN","BIC","0.2","0.5317175","0.285981557869097","0.55","0.579","0.105","0.177","0.920863389968872"
"3812","21","300","20","preferential_attachment","covar","covar_2","ZIPLN","BIC","0.09","0.781807","0.681046297810229","0","0",NA,"0","3.68070673942566"
"3813","21","300","20","preferential_attachment","covar","covar_2","PLN_ZIvar","BIC","0.18","0.5516425","0.462030439906285","0","0",NA,"0","1.66128301620483"
"3814","22","300","20","preferential_attachment","covar","covar_2","PLN","BIC","0.22","0.446708","0.304714231637538","0.532","0.421","0.081","0.136","0.765603303909302"
"3815","22","300","20","preferential_attachment","covar","covar_2","ZIPLN","BIC","0.11","0.943725","0.66358787580804","0.041","0.684","0.65","0.667","2.42792105674744"
"3816","22","300","20","preferential_attachment","covar","covar_2","PLN_ZIvar","BIC","0.21","0.5003035","0.472751250738478","0.228","0.105","0.049","0.067","2.24436545372009"
"3817","23","300","20","preferential_attachment","covar","covar_2","PLN","BIC","0.21","0.3102235","0.342508427491036","0.614","0.421","0.071","0.121","0.958105325698853"
"3818","23","300","20","preferential_attachment","covar","covar_2","ZIPLN","BIC","0.1","0.734637","0.687824871040751","0.035","0.316","0.5","0.387","1.45579624176025"
"3819","23","300","20","preferential_attachment","covar","covar_2","PLN_ZIvar","BIC","0.2","0.6277195","0.474979318419616","0.053","0.105","0.182","0.133","1.27878069877625"
"3820","24","300","20","preferential_attachment","covar","covar_2","PLN","BIC","0.25","0.3311415","0.355695227257499","0.602","0.421","0.072","0.123","1.10371947288513"
"3821","24","300","20","preferential_attachment","covar","covar_2","ZIPLN","BIC","0.1","0.8723415","0.767288327797732","0.018","0.579","0.786","0.667","3.02240371704102"
"3822","24","300","20","preferential_attachment","covar","covar_2","PLN_ZIvar","BIC","0.24","0.546269","0.48922778320675","0.175","0.158","0.091","0.115","2.15821981430054"
"3823","25","300","20","preferential_attachment","covar","covar_2","PLN","BIC","0.21","0.4642495","0.294600839613051","0.515","0.368","0.074","0.123","1.09109616279602"
"3824","25","300","20","preferential_attachment","covar","covar_2","ZIPLN","BIC","0.12","0.858004","0.581541845827652","0.018","0.421","0.727","0.533","1.49615740776062"
"3825","25","300","20","preferential_attachment","covar","covar_2","PLN_ZIvar","BIC","0.19","0.527115","0.450418153318155","0.193","0.263","0.132","0.175","1.83726119995117"
"3826","26","300","20","preferential_attachment","covar","covar_2","PLN","BIC","0.21","0.3952125","0.332647474760769","0.591","0.421","0.073","0.125","1.52458000183105"
"3827","26","300","20","preferential_attachment","covar","covar_2","ZIPLN","BIC","0.1","0.7587925","0.667397647542244","0.012","0.316","0.75","0.444","1.75130462646484"
"3828","26","300","20","preferential_attachment","covar","covar_2","PLN_ZIvar","BIC","0.2","0.4276105","0.479272705417303","0.351","0.263","0.077","0.119","2.54993033409119"
"3829","27","300","20","preferential_attachment","covar","covar_2","PLN","BIC","0.21","0.475236","0.370099546334257","0.538","0.421","0.08","0.134","1.18848586082458"
"3830","27","300","20","preferential_attachment","covar","covar_2","ZIPLN","BIC","0.11","0.79645","0.652825521876644","0.035","0.368","0.538","0.438","2.88648676872253"
"3831","27","300","20","preferential_attachment","covar","covar_2","PLN_ZIvar","BIC","0.19","0.472905","0.491184211721357","0.228","0.105","0.049","0.067","1.79189252853394"
"3832","28","300","20","preferential_attachment","covar","covar_2","PLN","BIC","0.2","0.360318","0.292966282872942","0.696","0.526","0.078","0.135","0.936196327209473"
"3833","28","300","20","preferential_attachment","covar","covar_2","ZIPLN","BIC","0.1","0.6602815","0.643850960298813","0","0",NA,"0","1.99130582809448"
"3834","28","300","20","preferential_attachment","covar","covar_2","PLN_ZIvar","BIC","0.19","0.4295145","0.448999629075773","0.52","0.368","0.073","0.122","1.88273572921753"
"3835","29","300","20","preferential_attachment","covar","covar_2","PLN","BIC","0.22","0.3506235","0.323041562673736","0.602","0.421","0.072","0.123","0.908803224563599"
"3836","29","300","20","preferential_attachment","covar","covar_2","ZIPLN","BIC","0.11","0.913104","0.701245370108061","0","0.263","1","0.417","2.22814559936523"
"3837","29","300","20","preferential_attachment","covar","covar_2","PLN_ZIvar","BIC","0.21","0.6053635","0.461024884227771","0.234","0.316","0.13","0.185","1.46838092803955"
"3838","30","300","20","preferential_attachment","covar","covar_2","PLN","BIC","0.21","0.3203365","0.2993311980223","0.766","0.579","0.077","0.137","1.7617073059082"
"3839","30","300","20","preferential_attachment","covar","covar_2","ZIPLN","BIC","0.11","0.713538","0.636478703338182","0","0.053","1","0.1","1.29861807823181"
"3840","30","300","20","preferential_attachment","covar","covar_2","PLN_ZIvar","BIC","0.19","0.392858","0.443231263430684","0.573","0.316","0.058","0.098","1.59747695922852"
"3841","1","300","50","preferential_attachment","covar","covar_2","PLN","BIC","0.15","0.580423","0.342228134904009","0.323","0.286","0.036","0.063","21.4018723964691"
"3842","1","300","50","preferential_attachment","covar","covar_2","ZIPLN","BIC","0.08","0.873959","0.678458980359617","0.009","0.429","0.677","0.525","9.98023843765259"
"3843","1","300","50","preferential_attachment","covar","covar_2","PLN_ZIvar","BIC","0.14","0.625826","0.452286037919753","0","0",NA,"0","23.4053320884705"
"3844","2","300","50","preferential_attachment","covar","covar_2","PLN","BIC","0.17","0.469043","0.302965692123666","0.321","0.184","0.023","0.041","28.560781955719"
"3845","2","300","50","preferential_attachment","covar","covar_2","ZIPLN","BIC","0.08","0.776921","0.705850692956292","0.004","0.245","0.706","0.364","10.2875635623932"
"3846","2","300","50","preferential_attachment","covar","covar_2","PLN_ZIvar","BIC","0.16","0.662418","0.440225218331112","0","0",NA,"0","28.8518812656403"
"3847","3","300","50","preferential_attachment","covar","covar_2","PLN","BIC","0.14","0.582727","0.336354539130088","0.32","0.408","0.051","0.09","19.9222049713135"
"3848","3","300","50","preferential_attachment","covar","covar_2","ZIPLN","BIC","0.08","0.8511365","0.658159558821539","0","0.184","1","0.31","9.55689382553101"
"3849","3","300","50","preferential_attachment","covar","covar_2","PLN_ZIvar","BIC","0.13","0.764695","0.457047015609175","0","0",NA,"0","21.0284268856049"
"3850","4","300","50","preferential_attachment","covar","covar_2","PLN","BIC","0.15","0.555942","0.318283418090269","0.37","0.449","0.048","0.087","19.1556146144867"
"3851","4","300","50","preferential_attachment","covar","covar_2","ZIPLN","BIC","0.07","0.813057","0.701612988451575","0.018","0.388","0.475","0.427","9.91133689880371"
"3852","4","300","50","preferential_attachment","covar","covar_2","PLN_ZIvar","BIC","0.14","0.644649","0.459601359929277","0","0",NA,"0","16.1606516838074"
"3853","5","300","50","preferential_attachment","covar","covar_2","PLN","BIC","0.15","0.553109","0.353341942488124","0.392","0.49","0.049","0.09","23.7683463096619"
"3854","5","300","50","preferential_attachment","covar","covar_2","ZIPLN","BIC","0.08","0.7911965","0.699361406454075","0.001","0.143","0.875","0.246","9.69478058815002"
"3855","5","300","50","preferential_attachment","covar","covar_2","PLN_ZIvar","BIC","0.14","0.6086805","0.446264683278511","0","0",NA,"0","18.7057852745056"
"3856","6","300","50","preferential_attachment","covar","covar_2","PLN","BIC","0.14","0.523598","0.366147488995808","0.332","0.306","0.037","0.066","19.1536140441895"
"3857","6","300","50","preferential_attachment","covar","covar_2","ZIPLN","BIC","0.07","0.8753585","0.690525933950835","0.011","0.347","0.567","0.43","8.99145793914795"
"3858","6","300","50","preferential_attachment","covar","covar_2","PLN_ZIvar","BIC","0.13","0.6890575","0.459361242842966","0","0",NA,"0","22.2413194179535"
"3859","7","300","50","preferential_attachment","covar","covar_2","PLN","BIC","0.18","0.456547","0.308503738228563","0.396","0.184","0.019","0.034","20.0061411857605"
"3860","7","300","50","preferential_attachment","covar","covar_2","ZIPLN","BIC","0.08","0.779589","0.762777163533728","0.003","0.286","0.778","0.418","9.32767987251282"
"3861","7","300","50","preferential_attachment","covar","covar_2","PLN_ZIvar","BIC","0.16","0.6417615","0.454551905090203","0","0",NA,"0","19.7895729541779"
"3862","8","300","50","preferential_attachment","covar","covar_2","PLN","BIC","0.17","0.4401795","0.339993798284881","0.474","0.408","0.035","0.064","22.4349751472473"
"3863","8","300","50","preferential_attachment","covar","covar_2","ZIPLN","BIC","0.09","0.806455","0.700529968396847","0.004","0.327","0.762","0.457","11.0607252120972"
"3864","8","300","50","preferential_attachment","covar","covar_2","PLN_ZIvar","BIC","0.16","0.606857","0.438282780810873","0","0",NA,"0","22.0036399364471"
"3865","9","300","50","preferential_attachment","covar","covar_2","PLN","BIC","0.15","0.472706","0.360171894987055","0.289","0.184","0.026","0.045","21.6454815864563"
"3866","9","300","50","preferential_attachment","covar","covar_2","ZIPLN","BIC","0.09","0.812145","0.677988317995696","0.003","0.163","0.667","0.262","9.56136703491211"
"3867","9","300","50","preferential_attachment","covar","covar_2","PLN_ZIvar","BIC","0.14","0.648088","0.480091753164711","0.001","0.02","0.5","0.039","13.2584710121155"
"3868","10","300","50","preferential_attachment","covar","covar_2","PLN","BIC","0.16","0.5081705","0.346023696084231","0.359","0.34","0.036","0.066","21.6140360832214"
"3869","10","300","50","preferential_attachment","covar","covar_2","ZIPLN","BIC","0.09","0.8391535","0.724514232982029","0","0.128","1","0.226","11.4352283477783"
"3870","10","300","50","preferential_attachment","covar","covar_2","PLN_ZIvar","BIC","0.15","0.6490505","0.472803576377424","0","0",NA,"0","20.7972402572632"
"3871","11","300","50","preferential_attachment","covar","covar_2","PLN","BIC","0.16","0.54664","0.316969275929761","0.403","0.449","0.044","0.081","28.5606398582458"
"3872","11","300","50","preferential_attachment","covar","covar_2","ZIPLN","BIC","0.08","0.808079","0.723857713171769","0","0.143","1","0.25","9.77025270462036"
"3873","11","300","50","preferential_attachment","covar","covar_2","PLN_ZIvar","BIC","0.15","0.6370265","0.442447185557547","0","0",NA,"0","21.2961378097534"
"3874","12","300","50","preferential_attachment","covar","covar_2","PLN","BIC","0.15","0.4936555","0.317194478102109","0.361","0.224","0.025","0.045","19.0879547595978"
"3875","12","300","50","preferential_attachment","covar","covar_2","ZIPLN","BIC","0.08","0.8513625","0.683771310972048","0.022","0.531","0.5","0.515","8.48757767677307"
"3876","12","300","50","preferential_attachment","covar","covar_2","PLN_ZIvar","BIC","0.14","0.6814605","0.446659921377029","0.001","0","0","0","21.9754354953766"
"3877","13","300","50","preferential_attachment","covar","covar_2","PLN","BIC","0.15","0.5291305","0.3322318296895","0.355","0.408","0.046","0.082","28.5653967857361"
"3878","13","300","50","preferential_attachment","covar","covar_2","ZIPLN","BIC","0.07","0.8129","0.719435340342174","0","0",NA,"0","9.04069852828979"
"3879","13","300","50","preferential_attachment","covar","covar_2","PLN_ZIvar","BIC","0.14","0.5732865","0.431695006662519","0","0",NA,"0","28.021525144577"
"3880","14","300","50","preferential_attachment","covar","covar_2","PLN","BIC","0.17","0.491242","0.350554077408359","0.302","0.25","0.033","0.058","22.3202455043793"
"3881","14","300","50","preferential_attachment","covar","covar_2","ZIPLN","BIC","0.09","0.86342","0.733968418280167","0.001","0.271","0.929","0.419","8.90752816200256"
"3882","14","300","50","preferential_attachment","covar","covar_2","PLN_ZIvar","BIC","0.15","0.6587955","0.473185750505395","0.009","0.062","0.214","0.097","19.6355633735657"
"3883","15","300","50","preferential_attachment","covar","covar_2","PLN","BIC","0.17","0.503374","0.350209089045059","0.416","0.429","0.041","0.075","26.169549703598"
"3884","15","300","50","preferential_attachment","covar","covar_2","ZIPLN","BIC","0.08","0.778724","0.743259050342813","0","0.041","1","0.078","11.2574152946472"
"3885","15","300","50","preferential_attachment","covar","covar_2","PLN_ZIvar","BIC","0.16","0.554785","0.452338627786706","0","0",NA,"0","16.8369569778442"
"3886","16","300","50","preferential_attachment","covar","covar_2","PLN","BIC","0.15","0.5177975","0.388247678809076","0.42","0.429","0.041","0.074","22.7835185527802"
"3887","16","300","50","preferential_attachment","covar","covar_2","ZIPLN","BIC","0.08","0.8127565","0.726003693584796","0","0.02","1","0.04","9.53840517997742"
"3888","16","300","50","preferential_attachment","covar","covar_2","PLN_ZIvar","BIC","0.14","0.547747","0.479922139771891","0","0",NA,"0","15.0109770298004"
"3889","17","300","50","preferential_attachment","covar","covar_2","PLN","BIC","0.15","0.536122","0.313321746494243","0.344","0.327","0.038","0.068","25.0392849445343"
"3890","17","300","50","preferential_attachment","covar","covar_2","ZIPLN","BIC","0.08","0.855849","0.697832930848259","0.003","0.306","0.833","0.448","8.6308274269104"
"3891","17","300","50","preferential_attachment","covar","covar_2","PLN_ZIvar","BIC","0.14","0.6121535","0.421095098289392","0.034","0.061","0.07","0.065","23.4861233234406"
"3892","18","300","50","preferential_attachment","covar","covar_2","PLN","BIC","0.15","0.4846045","0.33584003319937","0.378","0.306","0.033","0.059","19.872593164444"
"3893","18","300","50","preferential_attachment","covar","covar_2","ZIPLN","BIC","0.08","0.873434","0.695072225294715","0","0",NA,"0","9.23719811439514"
"3894","18","300","50","preferential_attachment","covar","covar_2","PLN_ZIvar","BIC","0.14","0.6216515","0.423788280138872","0","0",NA,"0","27.7514612674713"
"3895","19","300","50","preferential_attachment","covar","covar_2","PLN","BIC","0.15","0.500643","0.362423425466653","0.304","0.224","0.03","0.053","28.0080771446228"
"3896","19","300","50","preferential_attachment","covar","covar_2","ZIPLN","BIC","0.08","0.8478085","0.718299618086853","0","0",NA,"0","12.792286157608"
"3897","19","300","50","preferential_attachment","covar","covar_2","PLN_ZIvar","BIC","0.14","0.5493695","0.459154948651273","0","0",NA,"0","28.8930239677429"
"3898","20","300","50","preferential_attachment","covar","covar_2","PLN","BIC","0.15","0.5602315","0.361074854192932","0.323","0.438","0.052","0.094","18.9344279766083"
"3899","20","300","50","preferential_attachment","covar","covar_2","ZIPLN","BIC","0.08","0.8569845","0.689671212197568","0.003","0.312","0.833","0.455","14.1549525260925"
"3900","20","300","50","preferential_attachment","covar","covar_2","PLN_ZIvar","BIC","0.14","0.6932605","0.485194179359142","0","0",NA,"0","18.529205083847"
"3901","21","300","50","preferential_attachment","covar","covar_2","PLN","BIC","0.15","0.5142285","0.395014809885081","0.304","0.265","0.035","0.062","20.4655156135559"
"3902","21","300","50","preferential_attachment","covar","covar_2","ZIPLN","BIC","0.07","0.6752145","0.746331751091087","0.001","0.02","0.5","0.039","13.0438983440399"
"3903","21","300","50","preferential_attachment","covar","covar_2","PLN_ZIvar","BIC","0.14","0.621792","0.495522625433453","0","0",NA,"0","20.6437842845917"
"3904","22","300","50","preferential_attachment","covar","covar_2","PLN","BIC","0.16","0.5597265","0.320131708917531","0.32","0.265","0.033","0.059","24.5244193077087"
"3905","22","300","50","preferential_attachment","covar","covar_2","ZIPLN","BIC","0.09","0.890567","0.669451139871966","0.01","0.408","0.625","0.494","11.2418093681335"
"3906","22","300","50","preferential_attachment","covar","covar_2","PLN_ZIvar","BIC","0.14","0.708775","0.453085613309915","0","0.02","1","0.04","20.867876291275"
"3907","23","300","50","preferential_attachment","covar","covar_2","PLN","BIC","0.14","0.578705","0.374824526527575","0.458","0.673","0.058","0.106","17.021755695343"
"3908","23","300","50","preferential_attachment","covar","covar_2","ZIPLN","BIC","0.09","0.8148875","0.64412654637488","0.009","0.245","0.522","0.333","13.2143275737762"
"3909","23","300","50","preferential_attachment","covar","covar_2","PLN_ZIvar","BIC","0.13","0.6792715","0.461770662240534","0","0.02","1","0.04","22.8003284931183"
"3910","24","300","50","preferential_attachment","covar","covar_2","PLN","BIC","0.15","0.477497","0.354270676136375","0.384","0.388","0.04","0.073","21.4085011482239"
"3911","24","300","50","preferential_attachment","covar","covar_2","ZIPLN","BIC","0.07","0.7701315","0.746404253070132","0.002","0.082","0.667","0.145","8.47000861167908"
"3912","24","300","50","preferential_attachment","covar","covar_2","PLN_ZIvar","BIC","0.14","0.587629","0.477916231761283","0.001","0","0","0","15.6453590393066"
"3913","25","300","50","preferential_attachment","covar","covar_2","PLN","BIC","0.14","0.5362105","0.388699638966862","0.274","0.188","0.027","0.047","15.4807465076447"
"3914","25","300","50","preferential_attachment","covar","covar_2","ZIPLN","BIC","0.07","0.837975","0.732875341572728","0","0.062","1","0.118","6.38598346710205"
"3915","25","300","50","preferential_attachment","covar","covar_2","PLN_ZIvar","BIC","0.13","0.615892","0.494263106775502","0","0",NA,"0","13.2622883319855"
"3916","26","300","50","preferential_attachment","covar","covar_2","PLN","BIC","0.16","0.4923665","0.323265400858182","0.347","0.245","0.029","0.051","25.9956703186035"
"3917","26","300","50","preferential_attachment","covar","covar_2","ZIPLN","BIC","0.09","0.8166185","0.66084470363666","0","0.041","1","0.078","6.19073271751404"
"3918","26","300","50","preferential_attachment","covar","covar_2","PLN_ZIvar","BIC","0.15","0.645406","0.444641768444109","0","0",NA,"0","22.1342170238495"
"3919","27","300","50","preferential_attachment","covar","covar_2","PLN","BIC","0.14","0.52074","0.380059622311516","0.327","0.388","0.047","0.084","27.8175430297852"
"3920","27","300","50","preferential_attachment","covar","covar_2","ZIPLN","BIC","0.08","0.798428","0.658798288321918","0.014","0.347","0.515","0.415","8.23651933670044"
"3921","27","300","50","preferential_attachment","covar","covar_2","PLN_ZIvar","BIC","0.14","0.6732125","0.468818184350373","0","0",NA,"0","15.6926000118256"
"3922","28","300","50","preferential_attachment","covar","covar_2","PLN","BIC","0.16","0.508471","0.318231538714241","0.356","0.312","0.035","0.062","25.6570839881897"
"3923","28","300","50","preferential_attachment","covar","covar_2","ZIPLN","BIC","0.08","0.853749","0.698255140944142","0.003","0.271","0.765","0.4","6.83090925216675"
"3924","28","300","50","preferential_attachment","covar","covar_2","PLN_ZIvar","BIC","0.15","0.617837","0.434945742990881","0.002","0","0","0","30.2629404067993"
"3925","29","300","50","preferential_attachment","covar","covar_2","PLN","BIC","0.18","0.468585","0.351519082768908","0.298","0.265","0.036","0.063","23.7051179409027"
"3926","29","300","50","preferential_attachment","covar","covar_2","ZIPLN","BIC","0.09","0.858974","0.790522394170667","0.001","0.082","0.8","0.148","6.86277675628662"
"3927","29","300","50","preferential_attachment","covar","covar_2","PLN_ZIvar","BIC","0.17","0.6430485","0.476813126489214","0","0",NA,"0","19.808806180954"
"3928","30","300","50","preferential_attachment","covar","covar_2","PLN","BIC","0.15","0.5035","0.368568350180599","0.305","0.245","0.032","0.057","28.8275759220123"
"3929","30","300","50","preferential_attachment","covar","covar_2","ZIPLN","BIC","0.09","0.842934","0.686051475137262","0.006","0.306","0.682","0.423","9.60370779037476"
"3930","30","300","50","preferential_attachment","covar","covar_2","PLN_ZIvar","BIC","0.14","0.6303275","0.480898823221461","0","0",NA,"0","23.2878680229187"
"3931","1","300","20","erdos_renyi","covar","covar_3","PLN","BIC","0.13","0.627272","0.343255367952613","0.448","0.667","0.069","0.125","2.95061898231506"
"3932","1","300","20","erdos_renyi","covar","covar_3","ZIPLN","BIC","0.07","0.8954325","0.550581976763511","0","0",NA,"0","3.4811372756958"
"3933","1","300","20","erdos_renyi","covar","covar_3","PLN_ZIvar","BIC","0.12","0.8088865","0.468662991230704","0.243","0.889","0.154","0.262","3.21924543380737"
"3934","2","300","20","erdos_renyi","covar","covar_3","PLN","BIC","0.11","0.5981895","0.314596841083803","0.658","0.667","0.032","0.061","2.90424966812134"
"3935","2","300","20","erdos_renyi","covar","covar_3","ZIPLN","BIC","0.04","0.823278","0.560419398062494","0","0.167","1","0.286","2.67476797103882"
"3936","2","300","20","erdos_renyi","covar","covar_3","PLN_ZIvar","BIC","0.1","0.5901015","0.449470892437465","0.424","0.5","0.037","0.069","2.69406485557556"
"3937","3","300","20","erdos_renyi","covar","covar_3","PLN","BIC","0.09","0.5437255","0.426132456205209","0.572","0.667","0.018","0.036","1.23936915397644"
"3938","3","300","20","erdos_renyi","covar","covar_3","ZIPLN","BIC","0.03","0.805026","0.535712706944891","0","0",NA,"0","2.5826940536499"
"3939","3","300","20","erdos_renyi","covar","covar_3","PLN_ZIvar","BIC","0.09","0.7979715","0.436867773143018","0","0",NA,"0","4.04393839836121"
"3940","4","300","20","erdos_renyi","covar","covar_3","PLN","BIC","0.13","0.4800625","0.334384298858085","0.637","0.875","0.057","0.107","1.80860352516174"
"3941","4","300","20","erdos_renyi","covar","covar_3","ZIPLN","BIC","0.05","0.8489375","0.594078663859767","0.016","0.625","0.625","0.625","3.70082807540894"
"3942","4","300","20","erdos_renyi","covar","covar_3","PLN_ZIvar","BIC","0.12","0.71425","0.44562903323508","0.055","0.125","0.091","0.105","2.36068177223206"
"3943","5","300","20","erdos_renyi","covar","covar_3","PLN","BIC","0.14","0.402477","0.329889009634085","0.721","0.545","0.044","0.082","2.4109423160553"
"3944","5","300","20","erdos_renyi","covar","covar_3","ZIPLN","BIC","0.06","0.7694145","0.615687108296395","0","0.273","1","0.429","3.28068470954895"
"3945","5","300","20","erdos_renyi","covar","covar_3","PLN_ZIvar","BIC","0.13","0.6277805","0.448536617628465","0.084","0.091","0.062","0.074","3.20718169212341"
"3946","6","300","20","erdos_renyi","covar","covar_3","PLN","BIC","0.07","0.59825","0.292464828016123","0.707","1","0.015","0.029","3.07292318344116"
"3947","6","300","20","erdos_renyi","covar","covar_3","ZIPLN","BIC","0.02","0.746","0.477834150756271","0","0",NA,"0","2.30859184265137"
"3948","6","300","20","erdos_renyi","covar","covar_3","PLN_ZIvar","BIC","0.06","0.218","0.410414016725275","0.42","0","0","0","4.02047967910767"
"3949","7","300","20","erdos_renyi","covar","covar_3","PLN","BIC","0.12","0.6329475","0.317482044108368","0.585","0.857","0.053","0.1","1.20002436637878"
"3950","7","300","20","erdos_renyi","covar","covar_3","ZIPLN","BIC","0.05","0.852289","0.586835315495916","0","0",NA,"0","2.78045725822449"
"3951","7","300","20","erdos_renyi","covar","covar_3","PLN_ZIvar","BIC","0.11","0.780571","0.442344663261419","0.295","0.857","0.1","0.179","1.78141593933105"
"3952","8","300","20","erdos_renyi","covar","covar_3","PLN","BIC","0.14","0.3214895","0.31899720466366","0.628","0.429","0.025","0.048","1.36395049095154"
"3953","8","300","20","erdos_renyi","covar","covar_3","ZIPLN","BIC","0.06","0.6285245","0.587649892909934","0","0",NA,"0","1.9447557926178"
"3954","8","300","20","erdos_renyi","covar","covar_3","PLN_ZIvar","BIC","0.12","0.2721275","0.441232533662938","0.109","0","0","0","1.80645155906677"
"3955","9","300","20","erdos_renyi","covar","covar_3","PLN","BIC","0.13","0.3558","0.315145225922717","0.67","0.4","0.016","0.031","1.60774660110474"
"3956","9","300","20","erdos_renyi","covar","covar_3","ZIPLN","BIC","0.05","0.8265","0.58496250643701","0.011","0.8","0.667","0.727","3.51947236061096"
"3957","9","300","20","erdos_renyi","covar","covar_3","PLN_ZIvar","BIC","0.12","0.5624","0.436868254427321","0.286","0.2","0.019","0.034","1.82065081596375"
"3958","10","300","20","erdos_renyi","covar","covar_3","PLN","BIC","0.12","0.56654","0.271082178170825","0.527","0.5","0.03","0.057","1.0682578086853"
"3959","10","300","20","erdos_renyi","covar","covar_3","ZIPLN","BIC","0.04","0.8870625","0.562054028905963","0","0.5","1","0.667","2.15703344345093"
"3960","10","300","20","erdos_renyi","covar","covar_3","PLN_ZIvar","BIC","0.11","0.6383955","0.426870770367422","0.359","0.5","0.043","0.08","2.15213370323181"
"3961","11","300","20","erdos_renyi","covar","covar_3","PLN","BIC","0.15","0.4904165","0.304380178298015","0.627","0.692","0.075","0.135","1.60968685150146"
"3962","11","300","20","erdos_renyi","covar","covar_3","ZIPLN","BIC","0.08","0.832047","0.612253961113047","0","0",NA,"0","3.58826470375061"
"3963","11","300","20","erdos_renyi","covar","covar_3","PLN_ZIvar","BIC","0.14","0.5885085","0.444121912098645","0.401","0.462","0.078","0.133","1.29386830329895"
"3964","12","300","20","erdos_renyi","covar","covar_3","PLN","BIC","0.13","0.5148125","0.281481322136958","0.544","0.625","0.048","0.089","1.27981925010681"
"3965","12","300","20","erdos_renyi","covar","covar_3","ZIPLN","BIC","0.05","0.85825","0.573768792418573","0.011","0.5","0.667","0.571","2.85311079025269"
"3966","12","300","20","erdos_renyi","covar","covar_3","PLN_ZIvar","BIC","0.12","0.5948125","0.43035721645078","0.319","0.375","0.049","0.087","1.12959170341492"
"3967","13","300","20","erdos_renyi","covar","covar_3","PLN","BIC","0.15","0.5552415","0.352689270877781","0.463","0.615","0.089","0.155","1.74534964561462"
"3968","13","300","20","erdos_renyi","covar","covar_3","ZIPLN","BIC","0.07","0.7670725","0.604998827448136","0.028","0.385","0.5","0.435","3.13534474372864"
"3969","13","300","20","erdos_renyi","covar","covar_3","PLN_ZIvar","BIC","0.14","0.5762605","0.479767329741293","0.028","0.154","0.286","0.2","2.73697590827942"
"3970","14","300","20","erdos_renyi","covar","covar_3","PLN","BIC","0.16","0.5012895","0.35614016621712","0.43","0.545","0.072","0.128","0.940768241882324"
"3971","14","300","20","erdos_renyi","covar","covar_3","ZIPLN","BIC","0.06","0.9008185","0.629965965024678","0.028","0.636","0.583","0.609","2.94909024238586"
"3972","14","300","20","erdos_renyi","covar","covar_3","PLN_ZIvar","BIC","0.15","0.6933025","0.466034811557736","0.212","0.455","0.116","0.185","1.55740880966187"
"3973","15","300","20","erdos_renyi","covar","covar_3","PLN","BIC","0.16","0.359529","0.284914399185526","0.773","0.571","0.056","0.101","2.60195732116699"
"3974","15","300","20","erdos_renyi","covar","covar_3","ZIPLN","BIC","0.08","0.8918255","0.607470545898403","0","0.357","1","0.526","2.44287776947021"
"3975","15","300","20","erdos_renyi","covar","covar_3","PLN_ZIvar","BIC","0.15","0.534633","0.437231586010433","0.324","0.286","0.066","0.107","2.98563957214355"
"3976","16","300","20","erdos_renyi","covar","covar_3","PLN","BIC","0.11","0.552772","0.315535051563073","0.46","0.667","0.023","0.044","2.95077133178711"
"3977","16","300","20","erdos_renyi","covar","covar_3","ZIPLN","BIC","0.03","0.803992","0.578281083323034","0.005","0.333","0.5","0.4","3.19123363494873"
"3978","16","300","20","erdos_renyi","covar","covar_3","PLN_ZIvar","BIC","0.09","0.574911","0.439820887319542","0","0",NA,"0","3.8820116519928"
"3979","17","300","20","erdos_renyi","covar","covar_3","PLN","BIC","0.1","0.5514","0.415153173404501","0.551","0.8","0.038","0.072","1.56307625770569"
"3980","17","300","20","erdos_renyi","covar","covar_3","ZIPLN","BIC","0.04","0.8784","0.580469036542353","0","0",NA,"0","2.66026854515076"
"3981","17","300","20","erdos_renyi","covar","covar_3","PLN_ZIvar","BIC","0.09","0.5105","0.463402944108516","0.308","0.4","0.034","0.062","2.23871779441833"
"3982","18","300","20","erdos_renyi","covar","covar_3","PLN","BIC","0.12","0.386072","0.378549363955836","0.563","0.143","0.01","0.018","1.10062217712402"
"3983","18","300","20","erdos_renyi","covar","covar_3","ZIPLN","BIC","0.05","0.7813555","0.574434953161559","0","0.286","1","0.444","3.45562410354614"
"3984","18","300","20","erdos_renyi","covar","covar_3","PLN_ZIvar","BIC","0.11","0.496087","0.438455124810728","0.273","0.143","0.02","0.034","1.94549369812012"
"3985","19","300","20","erdos_renyi","covar","covar_3","PLN","BIC","0.11","0.6273125","0.303739660880265","0.505","0.75","0.061","0.113","2.203458070755"
"3986","19","300","20","erdos_renyi","covar","covar_3","ZIPLN","BIC","0.05","0.8696875","0.538230455846737","0","0",NA,"0","2.39779591560364"
"3987","19","300","20","erdos_renyi","covar","covar_3","PLN_ZIvar","BIC","0.1","0.560875","0.444589416064497","0","0",NA,"0","1.74360179901123"
"3988","20","300","20","erdos_renyi","covar","covar_3","PLN","BIC","0.09","0.6702","0.307462147385374","0.778","0.8","0.027","0.052","2.32729172706604"
"3989","20","300","20","erdos_renyi","covar","covar_3","ZIPLN","BIC","0.03","0.8978","0.515020990403854","0","0.2","1","0.333","2.13503098487854"
"3990","20","300","20","erdos_renyi","covar","covar_3","PLN_ZIvar","BIC","0.09","0.8152","0.406301323040748","0.049","0.4","0.182","0.25","2.08070468902588"
"3991","21","300","20","erdos_renyi","covar","covar_3","PLN","BIC","0.12","0.7718","0.312938382343228","0.519","1","0.05","0.094","1.25364089012146"
"3992","21","300","20","erdos_renyi","covar","covar_3","ZIPLN","BIC","0.04","0.7762","0.566717675027909","0","0.2","1","0.333","2.07287001609802"
"3993","21","300","20","erdos_renyi","covar","covar_3","PLN_ZIvar","BIC","0.1","0.4367","0.434371223018583","0.232","0.2","0.023","0.041","2.34969067573547"
"3994","22","300","20","erdos_renyi","covar","covar_3","PLN","BIC","0.17","0.55095","0.303501457777683","0.578","0.8","0.071","0.131","1.51690912246704"
"3995","22","300","20","erdos_renyi","covar","covar_3","ZIPLN","BIC","0.08","0.8224","0.622751742647833","0.006","0.6","0.857","0.706","2.24530553817749"
"3996","22","300","20","erdos_renyi","covar","covar_3","PLN_ZIvar","BIC","0.16","0.60005","0.437749364163528","0.394","0.5","0.066","0.116","1.44318890571594"
"3997","23","300","20","erdos_renyi","covar","covar_3","PLN","BIC","0.12","0.4616945","0.448793229366367","0.541","0.444","0.039","0.072","0.824676752090454"
"3998","23","300","20","erdos_renyi","covar","covar_3","ZIPLN","BIC","0.05","0.711065","0.666404890560623","0","0",NA,"0","2.45867013931274"
"3999","23","300","20","erdos_renyi","covar","covar_3","PLN_ZIvar","BIC","0.11","0.5791415","0.514680645566858","0","0",NA,"0","1.30441474914551"
"4000","24","300","20","erdos_renyi","covar","covar_3","PLN","BIC","0.15","0.489793","0.411497681634506","0.508","0.455","0.052","0.093","0.885007619857788"
"4001","24","300","20","erdos_renyi","covar","covar_3","ZIPLN","BIC","0.06","0.8920025","0.627235382549078","0.05","0.727","0.471","0.571","2.85662174224854"
"4002","24","300","20","erdos_renyi","covar","covar_3","PLN_ZIvar","BIC","0.15","0.5825505","0.456277835692996","0.223","0.182","0.048","0.075","1.91382336616516"
"4003","25","300","20","erdos_renyi","covar","covar_3","PLN","BIC","0.15","0.2879375","0.292471859143518","0.566","0.25","0.019","0.035","2.34582901000977"
"4004","25","300","20","erdos_renyi","covar","covar_3","ZIPLN","BIC","0.07","0.8455625","0.56766310336517","0","0",NA,"0","1.36887240409851"
"4005","25","300","20","erdos_renyi","covar","covar_3","PLN_ZIvar","BIC","0.13","0.580375","0.435609409949523","0.044","0","0","0","2.38120627403259"
"4006","26","300","20","erdos_renyi","covar","covar_3","PLN","BIC","0.12","0.57955","0.37336786406938","0.583","0.7","0.062","0.115","0.85878324508667"
"4007","26","300","20","erdos_renyi","covar","covar_3","ZIPLN","BIC","0.06","0.7326","0.561330347944444","0","0",NA,"0","1.87016272544861"
"4008","26","300","20","erdos_renyi","covar","covar_3","PLN_ZIvar","BIC","0.12","0.65475","0.434993904968324","0.2","0.4","0.1","0.16","1.70391511917114"
"4009","27","300","20","erdos_renyi","covar","covar_3","PLN","BIC","0.09","0.4357","0.377577960436166","0.638","0.6","0.025","0.048","0.672674417495728"
"4010","27","300","20","erdos_renyi","covar","covar_3","ZIPLN","BIC","0.03","0.8027","0.536331229108046","0","0.4","1","0.571","1.2952127456665"
"4011","27","300","20","erdos_renyi","covar","covar_3","PLN_ZIvar","BIC","0.08","0.5599","0.436718072482724","0.016","0.2","0.25","0.222","1.03461289405823"
"4012","28","300","20","erdos_renyi","covar","covar_3","PLN","BIC","0.09","0.406418","0.317542029261692","0.572","0.333","0.009","0.018","1.03090500831604"
"4013","28","300","20","erdos_renyi","covar","covar_3","ZIPLN","BIC","0.03","0.7134135","0.548574749016308","0","0",NA,"0","2.0566782951355"
"4014","28","300","20","erdos_renyi","covar","covar_3","PLN_ZIvar","BIC","0.08","0.5106435","0.440861018437216","0.294","0.333","0.018","0.034","1.50019431114197"
"4015","29","300","20","erdos_renyi","covar","covar_3","PLN","BIC","0.13","0.405","0.323148696769573","0.604","0.5","0.035","0.066","1.35876560211182"
"4016","29","300","20","erdos_renyi","covar","covar_3","ZIPLN","BIC","0.06","0.9344375","0.535998490592499","0.038","0.875","0.5","0.636","2.53369832038879"
"4017","29","300","20","erdos_renyi","covar","covar_3","PLN_ZIvar","BIC","0.12","0.5635625","0.428673958373601","0.324","0.5","0.063","0.113","1.74432945251465"
"4018","30","300","20","erdos_renyi","covar","covar_3","PLN","BIC","0.18","0.537327","0.266145287593131","0.646","0.667","0.065","0.119","2.57127332687378"
"4019","30","300","20","erdos_renyi","covar","covar_3","ZIPLN","BIC","0.08","0.817687","0.601375980394618","0.006","0.333","0.8","0.471","2.17493462562561"
"4020","30","300","20","erdos_renyi","covar","covar_3","PLN_ZIvar","BIC","0.17","0.571383","0.421026660490898","0.202","0.25","0.077","0.118","2.3481981754303"
"4021","1","300","50","erdos_renyi","covar","covar_3","PLN","BIC","0.14","0.523341","0.357171213676397","0.445","0.46","0.053","0.095","21.77263879776"
"4022","1","300","50","erdos_renyi","covar","covar_3","ZIPLN","BIC","0.08","0.848752","0.669829719101597","0.002","0.048","0.6","0.088","10.3710737228394"
"4023","1","300","50","erdos_renyi","covar","covar_3","PLN_ZIvar","BIC","0.13","0.6120035","0.45337411224812","0","0",NA,"0","22.9464843273163"
"4024","2","300","50","erdos_renyi","covar","covar_3","PLN","BIC","0.13","0.502152","0.33715578260479","0.342","0.34","0.038","0.069","22.6817116737366"
"4025","2","300","50","erdos_renyi","covar","covar_3","ZIPLN","BIC","0.07","0.8426175","0.680917900623706","0","0.043","1","0.082","5.11232590675354"
"4026","2","300","50","erdos_renyi","covar","covar_3","PLN_ZIvar","BIC","0.13","0.5964945","0.438322397248458","0","0",NA,"0","14.2271673679352"
"4027","3","300","50","erdos_renyi","covar","covar_3","PLN","BIC","0.13","0.559525","0.340907442862784","0.307","0.333","0.042","0.075","23.2959012985229"
"4028","3","300","50","erdos_renyi","covar","covar_3","ZIPLN","BIC","0.07","0.8286785","0.66528026339518","0.001","0.104","0.833","0.185","9.27207326889038"
"4029","3","300","50","erdos_renyi","covar","covar_3","PLN_ZIvar","BIC","0.12","0.6859905","0.445660294933922","0","0",NA,"0","19.8140232563019"
"4030","4","300","50","erdos_renyi","covar","covar_3","PLN","BIC","0.15","0.519035","0.371508582724585","0.445","0.466","0.049","0.089","18.5778131484985"
"4031","4","300","50","erdos_renyi","covar","covar_3","ZIPLN","BIC","0.08","0.8532035","0.697654104462022","0.017","0.448","0.565","0.5","8.41811370849609"
"4032","4","300","50","erdos_renyi","covar","covar_3","PLN_ZIvar","BIC","0.14","0.5688515","0.462355377936201","0","0",NA,"0","15.7625758647919"
"4033","5","300","50","erdos_renyi","covar","covar_3","PLN","BIC","0.14","0.551296","0.305198991331651","0.358","0.463","0.056","0.1","22.3456580638885"
"4034","5","300","50","erdos_renyi","covar","covar_3","ZIPLN","BIC","0.08","0.8975905","0.611908784638947","0.02","0.444","0.5","0.471","10.047637462616"
"4035","5","300","50","erdos_renyi","covar","covar_3","PLN_ZIvar","BIC","0.13","0.665566","0.428994478955986","0","0",NA,"0","23.0298402309418"
"4036","6","300","50","erdos_renyi","covar","covar_3","PLN","BIC","0.15","0.535665","0.333159291355754","0.347","0.306","0.045","0.079","24.2790706157684"
"4037","6","300","50","erdos_renyi","covar","covar_3","ZIPLN","BIC","0.08","0.835178","0.65504579098729","0.008","0.323","0.69","0.44","5.97802495956421"
"4038","6","300","50","erdos_renyi","covar","covar_3","PLN_ZIvar","BIC","0.14","0.633845","0.435652202614791","0.004","0.065","0.444","0.113","25.3891146183014"
"4039","7","300","50","erdos_renyi","covar","covar_3","PLN","BIC","0.14","0.547862","0.330587154086077","0.289","0.392","0.056","0.098","20.7591247558594"
"4040","7","300","50","erdos_renyi","covar","covar_3","ZIPLN","BIC","0.07","0.8414995","0.702643667659433","0","0.078","1","0.145","9.05889558792114"
"4041","7","300","50","erdos_renyi","covar","covar_3","PLN_ZIvar","BIC","0.13","0.610248","0.446854187107737","0","0",NA,"0","23.098691701889"
"4042","8","300","50","erdos_renyi","covar","covar_3","PLN","BIC","0.15","0.500007","0.340467147510323","0.398","0.397","0.047","0.084","22.4392211437225"
"4043","8","300","50","erdos_renyi","covar","covar_3","ZIPLN","BIC","0.08","0.808825","0.707085713901429","0","0",NA,"0","8.51244592666626"
"4044","8","300","50","erdos_renyi","covar","covar_3","PLN_ZIvar","BIC","0.14","0.639265","0.427005481949777","0","0",NA,"0","26.1627399921417"
"4045","9","300","50","erdos_renyi","covar","covar_3","PLN","BIC","0.14","0.5077315","0.342395087704439","0.356","0.321","0.041","0.073","23.2664473056793"
"4046","9","300","50","erdos_renyi","covar","covar_3","ZIPLN","BIC","0.08","0.913075","0.639918740484068","0.008","0.411","0.719","0.523","10.0597438812256"
"4047","9","300","50","erdos_renyi","covar","covar_3","PLN_ZIvar","BIC","0.13","0.661584","0.438319249453933","0.004","0.018","0.167","0.032","22.9887170791626"
"4048","10","300","50","erdos_renyi","covar","covar_3","PLN","BIC","0.13","0.58826","0.329061744993784","0.388","0.529","0.056","0.101","21.9062106609344"
"4049","10","300","50","erdos_renyi","covar","covar_3","ZIPLN","BIC","0.08","0.89184","0.602483830922754","0","0.314","1","0.478","9.15405082702637"
"4050","10","300","50","erdos_renyi","covar","covar_3","PLN_ZIvar","BIC","0.12","0.735699","0.420270989749145","0","0",NA,"0","24.8842022418976"
"4051","11","300","50","erdos_renyi","covar","covar_3","PLN","BIC","0.14","0.5386715","0.329268712270351","0.377","0.419","0.056","0.099","20.3834676742554"
"4052","11","300","50","erdos_renyi","covar","covar_3","ZIPLN","BIC","0.09","0.777198","0.639050742826502","0","0.016","1","0.032","8.46753358840942"
"4053","11","300","50","erdos_renyi","covar","covar_3","PLN_ZIvar","BIC","0.14","0.625045","0.439902827104601","0","0",NA,"0","22.1805734634399"
"4054","12","300","50","erdos_renyi","covar","covar_3","PLN","BIC","0.16","0.6480335","0.393987142319449","0.328","0.515","0.085","0.145","18.6566095352173"
"4055","12","300","50","erdos_renyi","covar","covar_3","ZIPLN","BIC","0.09","0.8519805","0.687355680476835","0.022","0.456","0.554","0.5","10.4512732028961"
"4056","12","300","50","erdos_renyi","covar","covar_3","PLN_ZIvar","BIC","0.15","0.716225","0.479161327215924","0","0",NA,"0","16.0950219631195"
"4057","13","300","50","erdos_renyi","covar","covar_3","PLN","BIC","0.16","0.5733175","0.367873174164398","0.356","0.393","0.055","0.096","22.3201515674591"
"4058","13","300","50","erdos_renyi","covar","covar_3","ZIPLN","BIC","0.09","0.777925","0.674821436111427","0.013","0.443","0.643","0.524","10.1987082958221"
"4059","13","300","50","erdos_renyi","covar","covar_3","PLN_ZIvar","BIC","0.15","0.724746","0.479008409351085","0","0",NA,"0","14.261390209198"
"4060","14","300","50","erdos_renyi","covar","covar_3","PLN","BIC","0.14","0.498652","0.350009794196681","0.329","0.175","0.025","0.044","21.4190273284912"
"4061","14","300","50","erdos_renyi","covar","covar_3","ZIPLN","BIC","0.08","0.833298","0.610902294271267","0.007","0.333","0.704","0.452","8.61848378181458"
"4062","14","300","50","erdos_renyi","covar","covar_3","PLN_ZIvar","BIC","0.13","0.627289","0.446318568444622","0","0",NA,"0","19.5794012546539"
"4063","15","300","50","erdos_renyi","covar","covar_3","PLN","BIC","0.13","0.501977","0.349542187069448","0.363","0.333","0.045","0.08","22.3556387424469"
"4064","15","300","50","erdos_renyi","covar","covar_3","ZIPLN","BIC","0.08","0.8320205","0.622638497607519","0.009","0.333","0.667","0.444","12.3032505512238"
"4065","15","300","50","erdos_renyi","covar","covar_3","PLN_ZIvar","BIC","0.13","0.641366","0.432642786727158","0.007","0.083","0.385","0.137","23.42631483078"
"4066","16","300","50","erdos_renyi","covar","covar_3","PLN","BIC","0.15","0.4875975","0.338256944155844","0.388","0.302","0.04","0.071","21.6479082107544"
"4067","16","300","50","erdos_renyi","covar","covar_3","ZIPLN","BIC","0.08","0.838996","0.653414013610481","0.007","0.302","0.704","0.422","7.90323233604431"
"4068","16","300","50","erdos_renyi","covar","covar_3","PLN_ZIvar","BIC","0.14","0.610922","0.448708162169094","0","0",NA,"0","17.1933534145355"
"4069","17","300","50","erdos_renyi","covar","covar_3","PLN","BIC","0.16","0.5327865","0.353488504841794","0.33","0.364","0.059","0.101","22.4145231246948"
"4070","17","300","50","erdos_renyi","covar","covar_3","ZIPLN","BIC","0.1","0.8371585","0.675161339772771","0","0",NA,"0","10.4303562641144"
"4071","17","300","50","erdos_renyi","covar","covar_3","PLN_ZIvar","BIC","0.15","0.6785445","0.473055031019218","0","0",NA,"0","17.2614057064056"
"4072","18","300","50","erdos_renyi","covar","covar_3","PLN","BIC","0.17","0.5813125","0.361403040883226","0.33","0.388","0.064","0.109","18.1717884540558"
"4073","18","300","50","erdos_renyi","covar","covar_3","ZIPLN","BIC","0.1","0.8290145","0.689283850890959","0","0",NA,"0","9.02101302146912"
"4074","18","300","50","erdos_renyi","covar","covar_3","PLN_ZIvar","BIC","0.16","0.6475295","0.471931939083959","0","0",NA,"0","19.7832119464874"
"4075","19","300","50","erdos_renyi","covar","covar_3","PLN","BIC","0.14","0.504609","0.28431778491262","0.391","0.382","0.044","0.079","28.858069896698"
"4076","19","300","50","erdos_renyi","covar","covar_3","ZIPLN","BIC","0.08","0.8311225","0.621297479012887","0","0",NA,"0","8.10256934165955"
"4077","19","300","50","erdos_renyi","covar","covar_3","PLN_ZIvar","BIC","0.13","0.5272535","0.422501621417159","0","0",NA,"0","30.2272882461548"
"4078","20","300","50","erdos_renyi","covar","covar_3","PLN","BIC","0.15","0.5229615","0.388808212050091","0.394","0.413","0.054","0.095","17.6968524456024"
"4079","20","300","50","erdos_renyi","covar","covar_3","ZIPLN","BIC","0.09","0.7759015","0.701182163600434","0.002","0.19","0.857","0.312","8.82711815834045"
"4080","20","300","50","erdos_renyi","covar","covar_3","PLN_ZIvar","BIC","0.14","0.632249","0.476979102041226","0","0",NA,"0","12.0509648323059"
"4081","21","300","50","erdos_renyi","covar","covar_3","PLN","BIC","0.14","0.525528","0.372295421905356","0.39","0.386","0.046","0.082","20.8152501583099"
"4082","21","300","50","erdos_renyi","covar","covar_3","ZIPLN","BIC","0.08","0.792994","0.656550771655342","0.007","0.316","0.692","0.434","9.99037194252014"
"4083","21","300","50","erdos_renyi","covar","covar_3","PLN_ZIvar","BIC","0.13","0.617335","0.45417984347102","0","0",NA,"0","18.3120839595795"
"4084","22","300","50","erdos_renyi","covar","covar_3","PLN","BIC","0.14","0.491466","0.319907511535394","0.369","0.366","0.033","0.061","20.3765971660614"
"4085","22","300","50","erdos_renyi","covar","covar_3","ZIPLN","BIC","0.07","0.8598225","0.671151366936669","0.006","0.317","0.65","0.426","9.36666941642761"
"4086","22","300","50","erdos_renyi","covar","covar_3","PLN_ZIvar","BIC","0.13","0.641502","0.447053874324444","0","0",NA,"0","16.0051329135895"
"4087","23","300","50","erdos_renyi","covar","covar_3","PLN","BIC","0.14","0.565299","0.356705804161061","0.317","0.345","0.049","0.085","14.9406106472015"
"4088","23","300","50","erdos_renyi","covar","covar_3","ZIPLN","BIC","0.08","0.8333835","0.65970039451075","0.008","0.473","0.743","0.578","14.1123967170715"
"4089","23","300","50","erdos_renyi","covar","covar_3","PLN_ZIvar","BIC","0.13","0.639951","0.474841793937236","0","0",NA,"0","17.6116511821747"
"4090","24","300","50","erdos_renyi","covar","covar_3","PLN","BIC","0.15","0.5610455","0.357493669803162","0.312","0.281","0.042","0.073","17.510085105896"
"4091","24","300","50","erdos_renyi","covar","covar_3","ZIPLN","BIC","0.08","0.8233755","0.6539722736626","0.027","0.491","0.467","0.479","10.4658012390137"
"4092","24","300","50","erdos_renyi","covar","covar_3","PLN_ZIvar","BIC","0.14","0.6676745","0.448463967634854","0","0",NA,"0","19.5682787895203"
"4093","25","300","50","erdos_renyi","covar","covar_3","PLN","BIC","0.15","0.628793","0.38184623337363","0.292","0.426","0.071","0.122","15.4272644519806"
"4094","25","300","50","erdos_renyi","covar","covar_3","ZIPLN","BIC","0.09","0.83843","0.661939260565416","0.02","0.393","0.511","0.444","5.80106806755066"
"4095","25","300","50","erdos_renyi","covar","covar_3","PLN_ZIvar","BIC","0.14","0.6518405","0.478963976853883","0","0",NA,"0","10.5030448436737"
"4096","26","300","50","erdos_renyi","covar","covar_3","PLN","BIC","0.15","0.518521","0.324503198967708","0.356","0.391","0.057","0.1","18.9830617904663"
"4097","26","300","50","erdos_renyi","covar","covar_3","ZIPLN","BIC","0.08","0.812435","0.666780608472727","0.003","0.156","0.714","0.256","9.87862324714661"
"4098","26","300","50","erdos_renyi","covar","covar_3","PLN_ZIvar","BIC","0.14","0.556457","0.435913799356781","0","0",NA,"0","19.0351448059082"
"4099","27","300","50","erdos_renyi","covar","covar_3","PLN","BIC","0.15","0.5514135","0.368183606160863","0.331","0.364","0.049","0.087","22.6717064380646"
"4100","27","300","50","erdos_renyi","covar","covar_3","ZIPLN","BIC","0.09","0.793068","0.666212379055696","0","0.055","1","0.103","8.57139897346497"
"4101","27","300","50","erdos_renyi","covar","covar_3","PLN_ZIvar","BIC","0.14","0.578952","0.450965091074034","0","0",NA,"0","18.4043505191803"
"4102","28","300","50","erdos_renyi","covar","covar_3","PLN","BIC","0.15","0.5371545","0.302581657360578","0.368","0.345","0.042","0.075","18.2656004428864"
"4103","28","300","50","erdos_renyi","covar","covar_3","ZIPLN","BIC","0.08","0.8120025","0.621041471293874","0.017","0.4","0.524","0.454","9.40705251693726"
"4104","28","300","50","erdos_renyi","covar","covar_3","PLN_ZIvar","BIC","0.14","0.6065215","0.438323168698651","0","0",NA,"0","17.5094420909882"
"4105","29","300","50","erdos_renyi","covar","covar_3","PLN","BIC","0.15","0.4700835","0.30557273458601","0.407","0.326","0.03","0.055","23.1904807090759"
"4106","29","300","50","erdos_renyi","covar","covar_3","ZIPLN","BIC","0.08","0.7746705","0.641011495164892","0","0",NA,"0","5.9094922542572"
"4107","29","300","50","erdos_renyi","covar","covar_3","PLN_ZIvar","BIC","0.14","0.6136835","0.403014109581476","0.011","0.022","0.071","0.033","19.3322129249573"
"4108","30","300","50","erdos_renyi","covar","covar_3","PLN","BIC","0.16","0.5758455","0.407006762105454","0.317","0.415","0.068","0.117","11.8058438301086"
"4109","30","300","50","erdos_renyi","covar","covar_3","ZIPLN","BIC","0.09","0.8468045","0.710184328630574","0.012","0.354","0.622","0.451","8.26160216331482"
"4110","30","300","50","erdos_renyi","covar","covar_3","PLN_ZIvar","BIC","0.15","0.6711445","0.498351427825266","0","0",NA,"0","12.9514331817627"
"4111","1","300","20","community","covar","covar_3","PLN","BIC","0.16","0.475579","0.297289218963913","0.597","0.5","0.062","0.111","2.24417877197266"
"4112","1","300","20","community","covar","covar_3","ZIPLN","BIC","0.09","0.829148","0.563358012820972","0","0",NA,"0","2.60385847091675"
"4113","1","300","20","community","covar","covar_3","PLN_ZIvar","BIC","0.15","0.5671325","0.415932989296739","0.25","0.214","0.064","0.098","2.55914950370789"
"4114","2","300","20","community","covar","covar_3","PLN","BIC","0.2","0.570425","0.327024230327837","0.565","0.65","0.119","0.202","1.63497471809387"
"4115","2","300","20","community","covar","covar_3","ZIPLN","BIC","0.11","0.84855","0.620423225155221","0.006","0.35","0.875","0.5","3.07625222206116"
"4116","2","300","20","community","covar","covar_3","PLN_ZIvar","BIC","0.19","0.60675","0.437782910384319","0.376","0.4","0.111","0.174","2.05326223373413"
"4117","3","300","20","community","covar","covar_3","PLN","BIC","0.16","0.5413745","0.331471411520149","0.528","0.714","0.097","0.171","1.1192889213562"
"4118","3","300","20","community","covar","covar_3","ZIPLN","BIC","0.07","0.7821815","0.611405086543795","0","0.357","1","0.526","2.73732948303223"
"4119","3","300","20","community","covar","covar_3","PLN_ZIvar","BIC","0.15","0.551887","0.466917600685433","0.148","0.071","0.037","0.049","1.44906663894653"
"4120","4","300","20","community","covar","covar_3","PLN","BIC","0.18","0.4097605","0.279693678149177","0.715","0.545","0.045","0.083","1.98883414268494"
"4121","4","300","20","community","covar","covar_3","ZIPLN","BIC","0.07","0.8573425","0.649893935529623","0","0",NA,"0","2.34490346908569"
"4122","4","300","20","community","covar","covar_3","PLN_ZIvar","BIC","0.16","0.509991","0.447750245772015","0.151","0.273","0.1","0.146","2.46849322319031"
"4123","5","300","20","community","covar","covar_3","PLN","BIC","0.14","0.5341495","0.322611408244021","0.648","0.636","0.057","0.104","1.87151098251343"
"4124","5","300","20","community","covar","covar_3","ZIPLN","BIC","0.07","0.8121865","0.580227955808475","0.006","0.091","0.5","0.154","2.50876331329346"
"4125","5","300","20","community","covar","covar_3","PLN_ZIvar","BIC","0.13","0.642784","0.458316543598778","0.14","0.182","0.074","0.105","2.45511770248413"
"4126","6","300","20","community","covar","covar_3","PLN","BIC","0.17","0.4793095","0.326792382896518","0.534","0.357","0.051","0.088","1.30080771446228"
"4127","6","300","20","community","covar","covar_3","ZIPLN","BIC","0.08","0.7897185","0.612160899251648","0.023","0.357","0.556","0.435","1.83129096031189"
"4128","6","300","20","community","covar","covar_3","PLN_ZIvar","BIC","0.16","0.5533875","0.454286904765347","0.057","0.071","0.091","0.08","1.86771941184998"
"4129","7","300","20","community","covar","covar_3","PLN","BIC","0.17","0.5519605","0.336213734389847","0.591","0.714","0.088","0.156","1.38393044471741"
"4130","7","300","20","community","covar","covar_3","ZIPLN","BIC","0.07","0.8605365","0.627758154368402","0.023","0.571","0.667","0.615","2.67409586906433"
"4131","7","300","20","community","covar","covar_3","PLN_ZIvar","BIC","0.16","0.5763845","0.461788027940934","0.307","0.286","0.069","0.111","1.39942932128906"
"4132","8","300","20","community","covar","covar_3","PLN","BIC","0.19","0.5267865","0.307233398825237","0.583","0.533","0.073","0.128","1.01069045066833"
"4133","8","300","20","community","covar","covar_3","ZIPLN","BIC","0.08","0.8693815","0.625828255595995","0.063","0.733","0.5","0.595","2.78987765312195"
"4134","8","300","20","community","covar","covar_3","PLN_ZIvar","BIC","0.17","0.7167305","0.447444893846331","0.269","0.6","0.161","0.254","1.84087252616882"
"4135","9","300","20","community","covar","covar_3","PLN","BIC","0.17","0.5399375","0.397144514621228","0.494","0.562","0.095","0.162","0.751864194869995"
"4136","9","300","20","community","covar","covar_3","ZIPLN","BIC","0.09","0.787882","0.596084872074666","0.029","0.562","0.643","0.6","2.32161021232605"
"4137","9","300","20","community","covar","covar_3","PLN_ZIvar","BIC","0.17","0.657573","0.454437893877591","0.253","0.5","0.154","0.235","2.14107918739319"
"4138","10","300","20","community","covar","covar_3","PLN","BIC","0.14","0.579406","0.310484410085276","0.641","0.889","0.065","0.12","1.73533153533936"
"4139","10","300","20","community","covar","covar_3","ZIPLN","BIC","0.06","0.816101","0.547612901284763","0","0.444","1","0.615","2.57489013671875"
"4140","10","300","20","community","covar","covar_3","PLN_ZIvar","BIC","0.13","0.6479315","0.457989985632909","0.475","0.778","0.075","0.137","1.913241147995"
"4141","11","300","20","community","covar","covar_3","PLN","BIC","0.15","0.461981","0.260804676892127","0.627","0.538","0.059","0.107","1.01058650016785"
"4142","11","300","20","community","covar","covar_3","ZIPLN","BIC","0.07","0.8820745","0.588477953576915","0.006","0.538","0.875","0.667","2.36758279800415"
"4143","11","300","20","community","covar","covar_3","PLN_ZIvar","BIC","0.14","0.6326055","0.420700646105264","0.277","0.538","0.125","0.203","1.45411610603333"
"4144","12","300","20","community","covar","covar_3","PLN","BIC","0.13","0.5443","0.375804993401996","0.444","0.4","0.048","0.085","0.559484481811523"
"4145","12","300","20","community","covar","covar_3","ZIPLN","BIC","0.06","0.8958","0.558438952804649","0.033","0.6","0.5","0.545","1.29761719703674"
"4146","12","300","20","community","covar","covar_3","PLN_ZIvar","BIC","0.12","0.6718","0.44496569440113","0.006","0.1","0.5","0.167","1.26020050048828"
"4147","13","300","20","community","covar","covar_3","PLN","BIC","0.13","0.4629215","0.313072520321072","0.607","0.571","0.035","0.066","0.991794109344482"
"4148","13","300","20","community","covar","covar_3","ZIPLN","BIC","0.05","0.7777915","0.579425660945352","0","0",NA,"0","2.33144068717957"
"4149","13","300","20","community","covar","covar_3","PLN_ZIvar","BIC","0.11","0.6008025","0.440511422194639","0.361","0.571","0.057","0.104","1.86077928543091"
"4150","14","300","20","community","covar","covar_3","PLN","BIC","0.15","0.3935995","0.293977931736382","0.657","0.333","0.025","0.046","1.96774339675903"
"4151","14","300","20","community","covar","covar_3","ZIPLN","BIC","0.05","0.7690615","0.615249259277194","0","0.333","1","0.5","2.29835796356201"
"4152","14","300","20","community","covar","covar_3","PLN_ZIvar","BIC","0.14","0.5091","0.439981701407541","0.265","0.222","0.04","0.068","1.92009282112122"
"4153","15","300","20","community","covar","covar_3","PLN","BIC","0.19","0.3995775","0.359041537213554","0.511","0.312","0.053","0.091","1.15853524208069"
"4154","15","300","20","community","covar","covar_3","ZIPLN","BIC","0.09","0.776316","0.610218471115094","0.029","0.5","0.615","0.552","2.32859039306641"
"4155","15","300","20","community","covar","covar_3","PLN_ZIvar","BIC","0.18","0.52063","0.470295835920092","0.172","0.062","0.032","0.043","1.51188969612122"
"4156","16","300","20","community","covar","covar_3","PLN","BIC","0.17","0.4823255","0.299454528497804","0.636","0.643","0.074","0.133","1.08946776390076"
"4157","16","300","20","community","covar","covar_3","ZIPLN","BIC","0.08","0.804688","0.636462410968599","0","0.143","1","0.25","1.93210625648499"
"4158","16","300","20","community","covar","covar_3","PLN_ZIvar","BIC","0.16","0.522348","0.429275594230055","0.33","0.286","0.065","0.105","1.26317310333252"
"4159","17","300","20","community","covar","covar_3","PLN","BIC","0.21","0.537425","0.337257175343625","0.582","0.75","0.132","0.224","1.10038352012634"
"4160","17","300","20","community","covar","covar_3","ZIPLN","BIC","0.11","0.75","0.656099128337027","0.029","0.4","0.615","0.485","3.05365324020386"
"4161","17","300","20","community","covar","covar_3","PLN_ZIvar","BIC","0.2","0.609","0.477192186733633","0.294","0.4","0.138","0.205","1.29931020736694"
"4162","18","300","20","community","covar","covar_3","PLN","BIC","0.18","0.5408225","0.259488337841246","0.644","0.688","0.089","0.158","0.706950426101685"
"4163","18","300","20","community","covar","covar_3","ZIPLN","BIC","0.09","0.7965895","0.564758493322054","0.034","0.5","0.571","0.533","1.70549488067627"
"4164","18","300","20","community","covar","covar_3","PLN_ZIvar","BIC","0.17","0.485164","0.434348624463459","0.224","0.25","0.093","0.136","1.66104769706726"
"4165","19","300","20","community","covar","covar_3","PLN","BIC","0.15","0.49725","0.352054699260155","0.44","0.5","0.048","0.087","1.2714855670929"
"4166","19","300","20","community","covar","covar_3","ZIPLN","BIC","0.05","0.8259375","0.626686095235927","0.022","0.75","0.6","0.667","2.77386689186096"
"4167","19","300","20","community","covar","covar_3","PLN_ZIvar","BIC","0.13","0.5569375","0.485494962811381","0.071","0.125","0.071","0.091","2.0450325012207"
"4168","20","300","20","community","covar","covar_3","PLN","BIC","0.13","0.5203405","0.323171686970081","0.569","0.556","0.046","0.085","1.2093722820282"
"4169","20","300","20","community","covar","covar_3","ZIPLN","BIC","0.06","0.859732","0.597631638230472","0","0",NA,"0","1.55136156082153"
"4170","20","300","20","community","covar","covar_3","PLN_ZIvar","BIC","0.12","0.6590205","0.461188555420284","0.293","0.444","0.07","0.121","1.12685775756836"
"4171","21","300","20","community","covar","covar_3","PLN","BIC","0.2","0.6416","0.353768347897987","0.549","0.647","0.104","0.179","1.70556259155273"
"4172","21","300","20","community","covar","covar_3","ZIPLN","BIC","0.09","0.8190695","0.657947842967469","0.017","0.588","0.769","0.667","2.59547853469849"
"4173","21","300","20","community","covar","covar_3","PLN_ZIvar","BIC","0.19","0.5727875","0.465153579740858","0.11","0.235","0.174","0.2","1.98384833335876"
"4174","22","300","20","community","covar","covar_3","PLN","BIC","0.14","0.5153685","0.325889619346432","0.541","0.444","0.039","0.072","1.48500084877014"
"4175","22","300","20","community","covar","covar_3","ZIPLN","BIC","0.07","0.907531","0.56425796955401","0.006","0.556","0.833","0.667","1.90006852149963"
"4176","22","300","20","community","covar","covar_3","PLN_ZIvar","BIC","0.12","0.5764755","0.453509327065879","0.414","0.556","0.062","0.112","1.84368443489075"
"4177","23","300","20","community","covar","covar_3","PLN","BIC","0.18","0.5308045","0.347560271745744","0.468","0.316","0.07","0.114","1.57052040100098"
"4178","23","300","20","community","covar","covar_3","ZIPLN","BIC","0.09","0.844177","0.581429526218906","0.111","0.684","0.406","0.51","2.88829135894775"
"4179","23","300","20","community","covar","covar_3","PLN_ZIvar","BIC","0.17","0.7332355","0.465732663460352","0.076","0.368","0.35","0.359","1.59766817092896"
"4180","24","300","20","community","covar","covar_3","PLN","BIC","0.17","0.62826","0.384957824259145","0.472","0.643","0.098","0.17","0.627867937088013"
"4181","24","300","20","community","covar","covar_3","ZIPLN","BIC","0.09","0.9096105","0.607042814828546","0","0.071","1","0.133","2.39528918266296"
"4182","24","300","20","community","covar","covar_3","PLN_ZIvar","BIC","0.16","0.6748005","0.452826080061436","0.142","0.357","0.167","0.227","1.16911578178406"
"4183","25","300","20","community","covar","covar_3","PLN","BIC","0.17","0.5004","0.279272356987522","0.695","0.538","0.054","0.098","1.93233919143677"
"4184","25","300","20","community","covar","covar_3","ZIPLN","BIC","0.08","0.833395","0.610805012074796","0","0",NA,"0","1.34078550338745"
"4185","25","300","20","community","covar","covar_3","PLN_ZIvar","BIC","0.16","0.4952365","0.391360798109643","0.045","0.077","0.111","0.091","1.82935571670532"
"4186","26","300","20","community","covar","covar_3","PLN","BIC","0.14","0.5530985","0.276771308567345","0.637","0.636","0.058","0.106","0.822923898696899"
"4187","26","300","20","community","covar","covar_3","ZIPLN","BIC","0.07","0.8862615","0.57805718482696","0","0",NA,"0","1.51036405563354"
"4188","26","300","20","community","covar","covar_3","PLN_ZIvar","BIC","0.13","0.707377","0.450494026179309","0.251","0.545","0.118","0.194","1.28386378288269"
"4189","27","300","20","community","covar","covar_3","PLN","BIC","0.14","0.4229535","0.315646610967591","0.64","0.5","0.05","0.091","1.07179570198059"
"4190","27","300","20","community","covar","covar_3","ZIPLN","BIC","0.08","0.89566","0.60474710366582","0","0.083","1","0.154","2.13708591461182"
"4191","27","300","20","community","covar","covar_3","PLN_ZIvar","BIC","0.13","0.45704","0.458618627621591","0.365","0.167","0.03","0.051","1.17391395568848"
"4192","28","300","20","community","covar","covar_3","PLN","BIC","0.14","0.5341","0.300759023350139","0.65","0.6","0.049","0.09","0.599515438079834"
"4193","28","300","20","community","covar","covar_3","ZIPLN","BIC","0.06","0.9455","0.617985677954302","0.006","0.7","0.875","0.778","1.47840738296509"
"4194","28","300","20","community","covar","covar_3","PLN_ZIvar","BIC","0.13","0.66865","0.448152759575986","0.367","0.6","0.083","0.146","1.2051637172699"
"4195","29","300","20","community","covar","covar_3","PLN","BIC","0.14","0.471077","0.313331816105419","0.657","0.667","0.048","0.09","1.44372177124023"
"4196","29","300","20","community","covar","covar_3","ZIPLN","BIC","0.06","0.77641","0.622151581250919","0.017","0.444","0.571","0.5","1.358726978302"
"4197","29","300","20","community","covar","covar_3","PLN_ZIvar","BIC","0.13","0.426067","0.460249323130862","0.26","0.333","0.06","0.102","1.71005010604858"
"4198","30","300","20","community","covar","covar_3","PLN","BIC","0.17","0.574187","0.315238056683624","0.57","0.818","0.081","0.148","0.959079027175903"
"4199","30","300","20","community","covar","covar_3","ZIPLN","BIC","0.07","0.9014985","0.638722910416303","0.011","0.818","0.818","0.818","2.60366988182068"
"4200","30","300","20","community","covar","covar_3","PLN_ZIvar","BIC","0.16","0.6147875","0.456466150669918","0.011","0","0","0","1.97997546195984"
"4201","1","300","50","community","covar","covar_3","PLN","BIC","0.18","0.5421335","0.354090578073379","0.364","0.338","0.061","0.103","20.232048034668"
"4202","1","300","50","community","covar","covar_3","ZIPLN","BIC","0.1","0.8044915","0.670937292657804","0.043","0.488","0.443","0.464","10.2703802585602"
"4203","1","300","50","community","covar","covar_3","PLN_ZIvar","BIC","0.17","0.669161","0.476181458749726","0","0.013","1","0.025","12.6446101665497"
"4204","2","300","50","community","covar","covar_3","PLN","BIC","0.18","0.57775","0.354877703898758","0.312","0.395","0.082","0.136","19.6131043434143"
"4205","2","300","50","community","covar","covar_3","ZIPLN","BIC","0.11","0.7882195","0.691815144112016","0.013","0.395","0.681","0.5","9.12413144111633"
"4206","2","300","50","community","covar","covar_3","PLN_ZIvar","BIC","0.17","0.6609765","0.456499973155483","0","0",NA,"0","24.272115945816"
"4207","3","300","50","community","covar","covar_3","PLN","BIC","0.16","0.479699","0.35764748148513","0.324","0.246","0.043","0.074","18.8252906799316"
"4208","3","300","50","community","covar","covar_3","ZIPLN","BIC","0.09","0.8176155","0.703613839393866","0.029","0.551","0.535","0.543","10.3782613277435"
"4209","3","300","50","community","covar","covar_3","PLN_ZIvar","BIC","0.15","0.629499","0.467962632307371","0","0",NA,"0","15.9894433021545"
"4210","4","300","50","community","covar","covar_3","PLN","BIC","0.18","0.546705","0.330880717135602","0.324","0.368","0.08","0.131","20.7432551383972"
"4211","4","300","50","community","covar","covar_3","ZIPLN","BIC","0.1","0.77503","0.687881288868401","0.016","0.23","0.526","0.32","9.70979714393616"
"4212","4","300","50","community","covar","covar_3","PLN_ZIvar","BIC","0.17","0.573708","0.439844193694736","0","0",NA,"0","25.7399468421936"
"4213","5","300","50","community","covar","covar_3","PLN","BIC","0.17","0.524165","0.335006436505198","0.317","0.244","0.055","0.09","29.7416026592255"
"4214","5","300","50","community","covar","covar_3","ZIPLN","BIC","0.11","0.801228","0.611781873025903","0.017","0.267","0.548","0.359","11.1563699245453"
"4215","5","300","50","community","covar","covar_3","PLN_ZIvar","BIC","0.16","0.613421","0.431056031292612","0.004","0.035","0.375","0.064","30.0956425666809"
"4216","6","300","50","community","covar","covar_3","PLN","BIC","0.19","0.54889","0.387408407508","0.381","0.42","0.089","0.147","20.938244342804"
"4217","6","300","50","community","covar","covar_3","ZIPLN","BIC","0.12","0.80573","0.664852422226357","0.043","0.48","0.5","0.49","13.6076924800873"
"4218","6","300","50","community","covar","covar_3","PLN_ZIvar","BIC","0.19","0.676425","0.47771050160649","0","0",NA,"0","18.540408372879"
"4219","7","300","50","community","covar","covar_3","PLN","BIC","0.16","0.5303205","0.409408698091712","0.427","0.531","0.081","0.141","16.7838337421417"
"4220","7","300","50","community","covar","covar_3","ZIPLN","BIC","0.1","0.808827","0.686356132859545","0.002","0.099","0.8","0.176","10.017796754837"
"4221","7","300","50","community","covar","covar_3","PLN_ZIvar","BIC","0.16","0.604322","0.485276404953183","0","0",NA,"0","15.6237487792969"
"4222","8","300","50","community","covar","covar_3","PLN","BIC","0.17","0.5578455","0.378355016364302","0.359","0.378","0.063","0.109","20.447363615036"
"4223","8","300","50","community","covar","covar_3","ZIPLN","BIC","0.1","0.813319","0.667870106347641","0.032","0.378","0.431","0.403","10.3573133945465"
"4224","8","300","50","community","covar","covar_3","PLN_ZIvar","BIC","0.16","0.638725","0.462396967311113","0","0",NA,"0","29.7426762580872"
"4225","9","300","50","community","covar","covar_3","PLN","BIC","0.17","0.514902","0.330326518742833","0.457","0.542","0.079","0.138","26.8840672969818"
"4226","9","300","50","community","covar","covar_3","ZIPLN","BIC","0.1","0.795007","0.660935542433845","0.006","0.133","0.611","0.218","10.2167890071869"
"4227","9","300","50","community","covar","covar_3","PLN_ZIvar","BIC","0.16","0.6446595","0.433066870325866","0","0",NA,"0","30.7121930122375"
"4228","10","300","50","community","covar","covar_3","PLN","BIC","0.17","0.547016","0.370404061531787","0.37","0.459","0.074","0.127","25.8593125343323"
"4229","10","300","50","community","covar","covar_3","ZIPLN","BIC","0.11","0.884133","0.676649107526598","0","0",NA,"0","9.57964301109314"
"4230","10","300","50","community","covar","covar_3","PLN_ZIvar","BIC","0.16","0.5605465","0.460458101665722","0","0",NA,"0","22.6264474391937"
"4231","11","300","50","community","covar","covar_3","PLN","BIC","0.18","0.522073","0.365535777515541","0.339","0.282","0.059","0.097","23.8250257968903"
"4232","11","300","50","community","covar","covar_3","ZIPLN","BIC","0.11","0.826518","0.686911191986772","0.008","0.224","0.679","0.336","9.421067237854"
"4233","11","300","50","community","covar","covar_3","PLN_ZIvar","BIC","0.17","0.599267","0.481755567735668","0","0",NA,"0","14.9034862518311"
"4234","12","300","50","community","covar","covar_3","PLN","BIC","0.16","0.5595785","0.361079761738195","0.3","0.324","0.065","0.108","17.6480026245117"
"4235","12","300","50","community","covar","covar_3","ZIPLN","BIC","0.09","0.838867","0.664115556202844","0.041","0.473","0.427","0.449","11.684894323349"
"4236","12","300","50","community","covar","covar_3","PLN_ZIvar","BIC","0.15","0.665809","0.489133809769168","0","0",NA,"0","15.2490019798279"
"4237","13","300","50","community","covar","covar_3","PLN","BIC","0.16","0.527332","0.357555321256638","0.33","0.282","0.055","0.092","22.4676682949066"
"4238","13","300","50","community","covar","covar_3","ZIPLN","BIC","0.1","0.866766","0.635800287548617","0.003","0.218","0.81","0.343","13.4234886169434"
"4239","13","300","50","community","covar","covar_3","PLN_ZIvar","BIC","0.15","0.5848485","0.457784748889125","0","0",NA,"0","25.4627077579498"
"4240","14","300","50","community","covar","covar_3","PLN","BIC","0.17","0.53823","0.368920516117035","0.4","0.53","0.088","0.151","22.9476125240326"
"4241","14","300","50","community","covar","covar_3","ZIPLN","BIC","0.11","0.7703265","0.703967808721114","0.004","0.169","0.737","0.275","13.5514163970947"
"4242","14","300","50","community","covar","covar_3","PLN_ZIvar","BIC","0.17","0.607867","0.459426058112509","0","0",NA,"0","23.7199470996857"
"4243","15","300","50","community","covar","covar_3","PLN","BIC","0.18","0.4971265","0.349262378475026","0.328","0.25","0.053","0.088","19.8831315040588"
"4244","15","300","50","community","covar","covar_3","ZIPLN","BIC","0.11","0.808456","0.713590266406396","0.012","0.333","0.667","0.444","16.1379117965698"
"4245","15","300","50","community","covar","covar_3","PLN_ZIvar","BIC","0.17","0.6143015","0.474481870919804","0","0",NA,"0","16.6105694770813"
"4246","16","300","50","community","covar","covar_3","PLN","BIC","0.15","0.5381485","0.32710202273921","0.377","0.406","0.06","0.105","23.8364560604095"
"4247","16","300","50","community","covar","covar_3","ZIPLN","BIC","0.09","0.811358","0.610982188620651","0.016","0.29","0.513","0.37","11.7204625606537"
"4248","16","300","50","community","covar","covar_3","PLN_ZIvar","BIC","0.14","0.6071355","0.435514761381898","0","0",NA,"0","14.9116704463959"
"4249","17","300","50","community","covar","covar_3","PLN","BIC","0.16","0.513639","0.365507134733466","0.368","0.384","0.062","0.107","23.9571347236633"
"4250","17","300","50","community","covar","covar_3","ZIPLN","BIC","0.1","0.8484995","0.687520189658828","0.005","0.205","0.714","0.319","12.7660551071167"
"4251","17","300","50","community","covar","covar_3","PLN_ZIvar","BIC","0.15","0.554439","0.461914150524339","0","0.014","1","0.027","19.874293088913"
"4252","18","300","50","community","covar","covar_3","PLN","BIC","0.17","0.563648","0.388679369591926","0.397","0.558","0.096","0.164","22.0585181713104"
"4253","18","300","50","community","covar","covar_3","ZIPLN","BIC","0.11","0.8209015","0.622838934123882","0.054","0.477","0.402","0.436","11.1861853599548"
"4254","18","300","50","community","covar","covar_3","PLN_ZIvar","BIC","0.16","0.674735","0.465370221659925","0","0",NA,"0","15.7865617275238"
"4255","19","300","50","community","covar","covar_3","PLN","BIC","0.17","0.5429365","0.359874125765457","0.406","0.488","0.083","0.142","20.9034190177917"
"4256","19","300","50","community","covar","covar_3","ZIPLN","BIC","0.11","0.852745","0.674538676323971","0.004","0.221","0.792","0.345","13.7081050872803"
"4257","19","300","50","community","covar","covar_3","PLN_ZIvar","BIC","0.17","0.6440575","0.458023416265774","0","0",NA,"0","18.9094247817993"
"4258","20","300","50","community","covar","covar_3","PLN","BIC","0.16","0.5292425","0.348360491377987","0.415","0.42","0.057","0.1","27.3617556095123"
"4259","20","300","50","community","covar","covar_3","ZIPLN","BIC","0.09","0.75653","0.669013264477429","0.007","0.232","0.667","0.344","12.828586101532"
"4260","20","300","50","community","covar","covar_3","PLN_ZIvar","BIC","0.15","0.5376485","0.442201772224354","0","0",NA,"0","17.1584782600403"
"4261","21","300","50","community","covar","covar_3","PLN","BIC","0.17","0.507338","0.305774658582183","0.359","0.329","0.055","0.094","25.0347068309784"
"4262","21","300","50","community","covar","covar_3","ZIPLN","BIC","0.1","0.8215145","0.695066665444269","0","0",NA,"0","11.3037111759186"
"4263","21","300","50","community","covar","covar_3","PLN_ZIvar","BIC","0.16","0.571065","0.44262127796798","0","0",NA,"0","24.8958756923676"
"4264","22","300","50","community","covar","covar_3","PLN","BIC","0.16","0.5735035","0.366834591208735","0.327","0.407","0.086","0.142","29.3583083152771"
"4265","22","300","50","community","covar","covar_3","ZIPLN","BIC","0.1","0.8011455","0.65936543347057","0.004","0.116","0.667","0.198","13.8018782138824"
"4266","22","300","50","community","covar","covar_3","PLN_ZIvar","BIC","0.16","0.6486885","0.466338209635393","0","0",NA,"0","23.1027092933655"
"4267","23","300","50","community","covar","covar_3","PLN","BIC","0.17","0.5085005","0.371334331861168","0.367","0.364","0.071","0.119","17.6678726673126"
"4268","23","300","50","community","covar","covar_3","ZIPLN","BIC","0.1","0.712854","0.700438750719675","0.001","0.057","0.833","0.106","11.3470072746277"
"4269","23","300","50","community","covar","covar_3","PLN_ZIvar","BIC","0.16","0.524511","0.469814533095055","0","0",NA,"0","22.2136900424957"
"4270","24","300","50","community","covar","covar_3","PLN","BIC","0.16","0.545739","0.343584883880457","0.489","0.581","0.071","0.126","22.4672129154205"
"4271","24","300","50","community","covar","covar_3","ZIPLN","BIC","0.1","0.7882045","0.651953991598886","0.021","0.284","0.467","0.353","10.2323310375214"
"4272","24","300","50","community","covar","covar_3","PLN_ZIvar","BIC","0.16","0.6220155","0.453897259651658","0","0",NA,"0","14.1755447387695"
"4273","25","300","50","community","covar","covar_3","PLN","BIC","0.17","0.5378235","0.332682727920861","0.495","0.568","0.075","0.133","26.9742341041565"
"4274","25","300","50","community","covar","covar_3","ZIPLN","BIC","0.11","0.78787","0.638359090906528","0.009","0.346","0.737","0.471","10.1926202774048"
"4275","25","300","50","community","covar","covar_3","PLN_ZIvar","BIC","0.17","0.6160735","0.432257081195542","0","0",NA,"0","22.6517953872681"
"4276","26","300","50","community","covar","covar_3","PLN","BIC","0.19","0.5449965","0.348783029205972","0.439","0.509","0.103","0.171","31.5491816997528"
"4277","26","300","50","community","covar","covar_3","ZIPLN","BIC","0.13","0.773357","0.657330334058978","0.016","0.227","0.581","0.327","5.35642218589783"
"4278","26","300","50","community","covar","covar_3","PLN_ZIvar","BIC","0.19","0.597848","0.457021909799418","0","0.009","1","0.018","13.5530626773834"
"4279","27","300","50","community","covar","covar_3","PLN","BIC","0.19","0.541471","0.333323638560035","0.314","0.323","0.081","0.129","21.8120934963226"
"4280","27","300","50","community","covar","covar_3","ZIPLN","BIC","0.11","0.847251","0.673079778042487","0.03","0.479","0.575","0.523","12.8040728569031"
"4281","27","300","50","community","covar","covar_3","PLN_ZIvar","BIC","0.18","0.6337835","0.450144075214401","0","0",NA,"0","31.9134404659271"
"4282","28","300","50","community","covar","covar_3","PLN","BIC","0.16","0.550944","0.33661152273611","0.333","0.366","0.063","0.108","22.7767033576965"
"4283","28","300","50","community","covar","covar_3","ZIPLN","BIC","0.09","0.846838","0.62403187226007","0.049","0.676","0.462","0.549","7.70641279220581"
"4284","28","300","50","community","covar","covar_3","PLN_ZIvar","BIC","0.15","0.710632","0.44865176563316","0","0",NA,"0","13.09814453125"
"4285","29","300","50","community","covar","covar_3","PLN","BIC","0.18","0.5218285","0.311813213258325","0.377","0.47","0.083","0.141","28.7162024974823"
"4286","29","300","50","community","covar","covar_3","ZIPLN","BIC","0.11","0.8144445","0.701137571885584","0.001","0.06","0.833","0.112","5.74212837219238"
"4287","29","300","50","community","covar","covar_3","PLN_ZIvar","BIC","0.17","0.630696","0.445259646101134","0","0",NA,"0","17.0237228870392"
"4288","30","300","50","community","covar","covar_3","PLN","BIC","0.18","0.502781","0.387903761700076","0.392","0.432","0.072","0.124","27.1700494289398"
"4289","30","300","50","community","covar","covar_3","ZIPLN","BIC","0.1","0.8625625","0.697606793912932","0.016","0.407","0.647","0.5","11.0180251598358"
"4290","30","300","50","community","covar","covar_3","PLN_ZIvar","BIC","0.17","0.6543005","0.476531964889082","0","0",NA,"0","34.2080571651459"
"4291","1","300","20","preferential_attachment","covar","covar_3","PLN","BIC","0.21","0.479153","0.302833211219809","0.637","0.632","0.099","0.171","1.37277340888977"
"4292","1","300","20","preferential_attachment","covar","covar_3","ZIPLN","BIC","0.11","0.905197","0.620260364876484","0.099","0.632","0.414","0.5","2.61575984954834"
"4293","1","300","20","preferential_attachment","covar","covar_3","PLN_ZIvar","BIC","0.2","0.572696","0.467015377079296","0.48","0.526","0.109","0.18","2.09372711181641"
"4294","2","300","20","preferential_attachment","covar","covar_3","PLN","BIC","0.19","0.456122","0.306860340370482","0.485","0.526","0.108","0.179","1.14961242675781"
"4295","2","300","20","preferential_attachment","covar","covar_3","ZIPLN","BIC","0.1","0.8257725","0.634108155712977","0","0",NA,"0","2.6680223941803"
"4296","2","300","20","preferential_attachment","covar","covar_3","PLN_ZIvar","BIC","0.18","0.493455","0.450851956269285","0.292","0.158","0.057","0.083","1.92605113983154"
"4297","3","300","20","preferential_attachment","covar","covar_3","PLN","BIC","0.19","0.500876","0.341869455083428","0.585","0.789","0.13","0.224","2.34609532356262"
"4298","3","300","20","preferential_attachment","covar","covar_3","ZIPLN","BIC","0.09","0.805423","0.657626338371704","0.006","0.368","0.875","0.519","1.80640840530396"
"4299","3","300","20","preferential_attachment","covar","covar_3","PLN_ZIvar","BIC","0.18","0.603099","0.453890638882773","0.076","0.105","0.133","0.118","1.88445067405701"
"4300","4","300","20","preferential_attachment","covar","covar_3","PLN","BIC","0.2","0.4609155","0.304546309287421","0.567","0.526","0.093","0.159","2.04479932785034"
"4301","4","300","20","preferential_attachment","covar","covar_3","ZIPLN","BIC","0.11","0.83772","0.636192409846598","0","0.158","1","0.273","2.44356942176819"
"4302","4","300","20","preferential_attachment","covar","covar_3","PLN_ZIvar","BIC","0.19","0.4623715","0.44536435340926","0.135","0.105","0.08","0.091","2.13529777526855"
"4303","5","300","20","preferential_attachment","covar","covar_3","PLN","BIC","0.22","0.520061","0.415266518881567","0.561","0.526","0.094","0.16","1.18609189987183"
"4304","5","300","20","preferential_attachment","covar","covar_3","ZIPLN","BIC","0.1","0.663414","0.667915674596567","0.105","0.263","0.217","0.238","3.14887809753418"
"4305","5","300","20","preferential_attachment","covar","covar_3","PLN_ZIvar","BIC","0.21","0.65011","0.46070929972373","0","0",NA,"0","1.69859886169434"
"4306","6","300","20","preferential_attachment","covar","covar_3","PLN","BIC","0.21","0.4298805","0.334713014403937","0.608","0.526","0.088","0.15","1.36487984657288"
"4307","6","300","20","preferential_attachment","covar","covar_3","ZIPLN","BIC","0.11","0.8010155","0.61836013984292","0.006","0.263","0.833","0.4","2.83415651321411"
"4308","6","300","20","preferential_attachment","covar","covar_3","PLN_ZIvar","BIC","0.2","0.515715","0.448016261204228","0.263","0.316","0.118","0.171","1.97470641136169"
"4309","7","300","20","preferential_attachment","covar","covar_3","PLN","BIC","0.21","0.5437505","0.352730180339684","0.556","0.579","0.104","0.176","0.926191091537476"
"4310","7","300","20","preferential_attachment","covar","covar_3","ZIPLN","BIC","0.12","0.839684","0.605472935948287","0","0.263","1","0.417","2.62711429595947"
"4311","7","300","20","preferential_attachment","covar","covar_3","PLN_ZIvar","BIC","0.2","0.486426","0.427492984837042","0","0.053","1","0.1","3.31005144119263"
"4312","8","300","20","preferential_attachment","covar","covar_3","PLN","BIC","0.19","0.428852","0.298723077318003","0.55","0.421","0.078","0.132","1.93722748756409"
"4313","8","300","20","preferential_attachment","covar","covar_3","ZIPLN","BIC","0.1","0.6837385","0.647353674182468","0","0",NA,"0","2.34937477111816"
"4314","8","300","20","preferential_attachment","covar","covar_3","PLN_ZIvar","BIC","0.18","0.4986365","0.444479111947359","0.275","0.263","0.096","0.141","1.64804077148438"
"4315","9","300","20","preferential_attachment","covar","covar_3","PLN","BIC","0.2","0.3882405","0.306234341588036","0.731","0.579","0.081","0.142","1.43547654151917"
"4316","9","300","20","preferential_attachment","covar","covar_3","ZIPLN","BIC","0.09","0.797751","0.686751671194163","0.006","0.316","0.857","0.462","1.64375710487366"
"4317","9","300","20","preferential_attachment","covar","covar_3","PLN_ZIvar","BIC","0.19","0.5845825","0.462740046022448","0","0",NA,"0","1.16548991203308"
"4318","10","300","20","preferential_attachment","covar","covar_3","PLN","BIC","0.2","0.521327","0.321674937258359","0.561","0.579","0.103","0.175","1.70504808425903"
"4319","10","300","20","preferential_attachment","covar","covar_3","ZIPLN","BIC","0.11","0.83078","0.606253509790344","0.023","0.474","0.692","0.562","3.17310285568237"
"4320","10","300","20","preferential_attachment","covar","covar_3","PLN_ZIvar","BIC","0.19","0.5134375","0.464250888807679","0.281","0.158","0.059","0.086","2.42251062393188"
"4321","11","300","20","preferential_attachment","covar","covar_3","PLN","BIC","0.21","0.461725","0.294642921912447","0.657","0.5","0.074","0.129","0.939570188522339"
"4322","11","300","20","preferential_attachment","covar","covar_3","ZIPLN","BIC","0.12","0.683965","0.649151050746941","0.006","0.278","0.833","0.417","2.3438937664032"
"4323","11","300","20","preferential_attachment","covar","covar_3","PLN_ZIvar","BIC","0.2","0.471942","0.449865796555954","0.32","0.222","0.068","0.104","1.38009762763977"
"4324","12","300","20","preferential_attachment","covar","covar_3","PLN","BIC","0.2","0.3820785","0.303941114641139","0.684","0.526","0.079","0.137","1.41901159286499"
"4325","12","300","20","preferential_attachment","covar","covar_3","ZIPLN","BIC","0.09","0.8443185","0.634547400122774","0.135","0.632","0.343","0.444","2.84660506248474"
"4326","12","300","20","preferential_attachment","covar","covar_3","PLN_ZIvar","BIC","0.19","0.5362815","0.456948649455842","0.316","0.263","0.085","0.128","1.36925649642944"
"4327","13","300","20","preferential_attachment","covar","covar_3","PLN","BIC","0.21","0.445437","0.313048270381783","0.628","0.556","0.085","0.147","1.58290338516235"
"4328","13","300","20","preferential_attachment","covar","covar_3","ZIPLN","BIC","0.1","0.7943335","0.673289408128835","0","0.278","1","0.435","1.69012093544006"
"4329","13","300","20","preferential_attachment","covar","covar_3","PLN_ZIvar","BIC","0.2","0.506052","0.456492133275819","0.343","0.167","0.048","0.075","1.52977705001831"
"4330","14","300","20","preferential_attachment","covar","covar_3","PLN","BIC","0.21","0.492809","0.253955505204243","0.596","0.632","0.105","0.18","1.05130481719971"
"4331","14","300","20","preferential_attachment","covar","covar_3","ZIPLN","BIC","0.1","0.8298095","0.619341032619628","0.041","0.526","0.588","0.556","2.83125758171082"
"4332","14","300","20","preferential_attachment","covar","covar_3","PLN_ZIvar","BIC","0.19","0.4128835","0.459264864389674","0.263","0.316","0.118","0.171","2.48252534866333"
"4333","15","300","20","preferential_attachment","covar","covar_3","PLN","BIC","0.2","0.39638","0.3049510235564","0.585","0.421","0.074","0.126","1.39808917045593"
"4334","15","300","20","preferential_attachment","covar","covar_3","ZIPLN","BIC","0.11","0.744089","0.609708517386124","0","0",NA,"0","2.44703316688538"
"4335","15","300","20","preferential_attachment","covar","covar_3","PLN_ZIvar","BIC","0.18","0.434954","0.448935777568826","0.234","0.105","0.048","0.066","2.15977668762207"
"4336","16","300","20","preferential_attachment","covar","covar_3","PLN","BIC","0.22","0.5151495","0.346074880057631","0.573","0.579","0.101","0.172","1.35627341270447"
"4337","16","300","20","preferential_attachment","covar","covar_3","ZIPLN","BIC","0.1","0.7704405","0.665414136087532","0.029","0.211","0.444","0.286","2.73029541969299"
"4338","16","300","20","preferential_attachment","covar","covar_3","PLN_ZIvar","BIC","0.2","0.4969465","0.466877887560569","0.298","0.316","0.105","0.158","1.75713872909546"
"4339","17","300","20","preferential_attachment","covar","covar_3","PLN","BIC","0.24","0.5337035","0.325450524034471","0.556","0.632","0.112","0.19","1.93548846244812"
"4340","17","300","20","preferential_attachment","covar","covar_3","ZIPLN","BIC","0.11","0.711567","0.716712609189532","0","0",NA,"0","2.82006311416626"
"4341","17","300","20","preferential_attachment","covar","covar_3","PLN_ZIvar","BIC","0.22","0.4830435","0.454641999426311","0.064","0","0","0","2.19101166725159"
"4342","18","300","20","preferential_attachment","covar","covar_3","PLN","BIC","0.23","0.413998","0.275916174417386","0.673","0.526","0.08","0.139","2.10214519500732"
"4343","18","300","20","preferential_attachment","covar","covar_3","ZIPLN","BIC","0.11","0.8391685","0.629024124945541","0.047","0.526","0.556","0.541","2.77187943458557"
"4344","18","300","20","preferential_attachment","covar","covar_3","PLN_ZIvar","BIC","0.22","0.3906495","0.423777846253398","0.327","0.105","0.034","0.052","2.10635232925415"
"4345","19","300","20","preferential_attachment","covar","covar_3","PLN","BIC","0.18","0.4189115","0.306774443477751","0.567","0.526","0.093","0.159","1.04906034469604"
"4346","19","300","20","preferential_attachment","covar","covar_3","ZIPLN","BIC","0.09","0.896115","0.587835651917363","0.035","0.737","0.7","0.718","1.61320805549622"
"4347","19","300","20","preferential_attachment","covar","covar_3","PLN_ZIvar","BIC","0.17","0.5486095","0.450238411185541","0.427","0.526","0.12","0.196","0.93994402885437"
"4348","20","300","20","preferential_attachment","covar","covar_3","PLN","BIC","0.2","0.5048325","0.346614664160865","0.433","0.263","0.063","0.102","1.30776333808899"
"4349","20","300","20","preferential_attachment","covar","covar_3","ZIPLN","BIC","0.08","0.772119","0.66033798853891","0.058","0.368","0.412","0.389","2.97826766967773"
"4350","20","300","20","preferential_attachment","covar","covar_3","PLN_ZIvar","BIC","0.19","0.5066135","0.46106164223705","0.281","0.316","0.111","0.164","1.82400131225586"
"4351","21","300","20","preferential_attachment","covar","covar_3","PLN","BIC","0.2","0.4685335","0.391259393180364","0.579","0.632","0.108","0.185","0.734978914260864"
"4352","21","300","20","preferential_attachment","covar","covar_3","ZIPLN","BIC","0.09","0.7995015","0.68070050468053","0.018","0.474","0.75","0.581","2.50513410568237"
"4353","21","300","20","preferential_attachment","covar","covar_3","PLN_ZIvar","BIC","0.2","0.6063875","0.462046441357395","0.187","0.158","0.086","0.111","1.45030689239502"
"4354","22","300","20","preferential_attachment","covar","covar_3","PLN","BIC","0.21","0.3668085","0.308896044196964","0.561","0.316","0.059","0.099","1.12546396255493"
"4355","22","300","20","preferential_attachment","covar","covar_3","ZIPLN","BIC","0.12","0.7333985","0.657314660316471","0","0.105","1","0.19","4.01547694206238"
"4356","22","300","20","preferential_attachment","covar","covar_3","PLN_ZIvar","BIC","0.2","0.4594055","0.447908521647092","0.456","0.316","0.071","0.117","2.53841233253479"
"4357","23","300","20","preferential_attachment","covar","covar_3","PLN","BIC","0.2","0.462981","0.303322718151448","0.585","0.526","0.091","0.155","1.90322470664978"
"4358","23","300","20","preferential_attachment","covar","covar_3","ZIPLN","BIC","0.11","0.73827","0.646421855467132","0","0",NA,"0","2.55609941482544"
"4359","23","300","20","preferential_attachment","covar","covar_3","PLN_ZIvar","BIC","0.19","0.381132","0.444577770308284","0.216","0.053","0.026","0.035","1.54965615272522"
"4360","24","300","20","preferential_attachment","covar","covar_3","PLN","BIC","0.21","0.47741","0.328971251720819","0.62","0.684","0.109","0.188","1.40856623649597"
"4361","24","300","20","preferential_attachment","covar","covar_3","ZIPLN","BIC","0.1","0.8360235","0.729822130062904","0","0",NA,"0","2.80710315704346"
"4362","24","300","20","preferential_attachment","covar","covar_3","PLN_ZIvar","BIC","0.2","0.48278","0.454521529592185","0.187","0.105","0.059","0.075","1.44694185256958"
"4363","25","300","20","preferential_attachment","covar","covar_3","PLN","BIC","0.17","0.490406","0.409690917289633","0.573","0.684","0.117","0.2","0.539157629013062"
"4364","25","300","20","preferential_attachment","covar","covar_3","ZIPLN","BIC","0.07","0.6610725","0.636811025679243","0.053","0.368","0.438","0.4","2.26091980934143"
"4365","25","300","20","preferential_attachment","covar","covar_3","PLN_ZIvar","BIC","0.16","0.533109","0.45848305975135","0.099","0.053","0.056","0.054","2.20886063575745"
"4366","26","300","20","preferential_attachment","covar","covar_3","PLN","BIC","0.22","0.4578755","0.364272333266948","0.558","0.444","0.077","0.131","1.78032827377319"
"4367","26","300","20","preferential_attachment","covar","covar_3","ZIPLN","BIC","0.1","0.687061","0.745549620125192","0","0",NA,"0","1.90126538276672"
"4368","26","300","20","preferential_attachment","covar","covar_3","PLN_ZIvar","BIC","0.21","0.584779","0.496708931628413","0.035","0","0","0","2.00827717781067"
"4369","27","300","20","preferential_attachment","covar","covar_3","PLN","BIC","0.2","0.48222","0.298549788838555","0.696","0.632","0.092","0.16","1.89880466461182"
"4370","27","300","20","preferential_attachment","covar","covar_3","ZIPLN","BIC","0.1","0.769202","0.617360326727796","0","0.263","1","0.417","2.46045923233032"
"4371","27","300","20","preferential_attachment","covar","covar_3","PLN_ZIvar","BIC","0.19","0.5623275","0.446285024009852","0.053","0.105","0.182","0.133","1.92127680778503"
"4372","28","300","20","preferential_attachment","covar","covar_3","PLN","BIC","0.22","0.4349345","0.255227042137558","0.614","0.579","0.095","0.163","2.17132759094238"
"4373","28","300","20","preferential_attachment","covar","covar_3","ZIPLN","BIC","0.08","0.7798925","0.650012189491307","0.082","0.421","0.364","0.39","1.59298872947693"
"4374","28","300","20","preferential_attachment","covar","covar_3","PLN_ZIvar","BIC","0.2","0.4572995","0.42676545167696","0.45","0.421","0.094","0.154","1.05767965316772"
"4375","29","300","20","preferential_attachment","covar","covar_3","PLN","BIC","0.2","0.425273","0.32514821454594","0.602","0.474","0.08","0.137","1.8045654296875"
"4376","29","300","20","preferential_attachment","covar","covar_3","ZIPLN","BIC","0.1","0.731873","0.59566408721554","0","0.105","1","0.19","1.6428554058075"
"4377","29","300","20","preferential_attachment","covar","covar_3","PLN_ZIvar","BIC","0.18","0.4667515","0.441565492296675","0.181","0.105","0.061","0.077","1.83097314834595"
"4378","30","300","20","preferential_attachment","covar","covar_3","PLN","BIC","0.23","0.5604435","0.274614332370302","0.626","0.684","0.108","0.187","1.24335598945618"
"4379","30","300","20","preferential_attachment","covar","covar_3","ZIPLN","BIC","0.11","0.8132225","0.722883247511638","0","0.053","1","0.1","1.59166502952576"
"4380","30","300","20","preferential_attachment","covar","covar_3","PLN_ZIvar","BIC","0.22","0.565137","0.441258885657765","0.24","0.316","0.128","0.182","1.7618350982666"
"4381","1","300","50","preferential_attachment","covar","covar_3","PLN","BIC","0.15","0.548045","0.380599488803359","0.264","0.286","0.043","0.075","21.4848885536194"
"4382","1","300","50","preferential_attachment","covar","covar_3","ZIPLN","BIC","0.08","0.833457","0.720924354823748","0.004","0.184","0.643","0.286","9.42155337333679"
"4383","1","300","50","preferential_attachment","covar","covar_3","PLN_ZIvar","BIC","0.14","0.647783","0.494537995064071","0","0",NA,"0","20.0549368858337"
"4384","2","300","50","preferential_attachment","covar","covar_3","PLN","BIC","0.13","0.5440355","0.368453999003169","0.318","0.286","0.036","0.064","14.5176417827606"
"4385","2","300","50","preferential_attachment","covar","covar_3","ZIPLN","BIC","0.07","0.857963","0.686046582255025","0.006","0.224","0.611","0.328","12.8311829566956"
"4386","2","300","50","preferential_attachment","covar","covar_3","PLN_ZIvar","BIC","0.12","0.6410155","0.487001919485833","0","0",NA,"0","17.6322996616364"
"4387","3","300","50","preferential_attachment","covar","covar_3","PLN","BIC","0.15","0.551001","0.357135354022383","0.361","0.49","0.054","0.097","26.8015902042389"
"4388","3","300","50","preferential_attachment","covar","covar_3","ZIPLN","BIC","0.08","0.8205795","0.696132944778851","0.005","0.204","0.625","0.308","12.7408287525177"
"4389","3","300","50","preferential_attachment","covar","covar_3","PLN_ZIvar","BIC","0.14","0.6465015","0.479174783683132","0","0",NA,"0","23.9346759319305"
"4390","4","300","50","preferential_attachment","covar","covar_3","PLN","BIC","0.15","0.4795985","0.335618463558905","0.463","0.51","0.044","0.081","24.1504261493683"
"4391","4","300","50","preferential_attachment","covar","covar_3","ZIPLN","BIC","0.08","0.778135","0.71922514496405","0.001","0.143","0.875","0.246","9.46350646018982"
"4392","4","300","50","preferential_attachment","covar","covar_3","PLN_ZIvar","BIC","0.15","0.6017365","0.453949079402524","0.002","0.02","0.333","0.038","34.4116184711456"
"4393","5","300","50","preferential_attachment","covar","covar_3","PLN","BIC","0.16","0.533088","0.393531031554499","0.361","0.408","0.045","0.081","26.8723111152649"
"4394","5","300","50","preferential_attachment","covar","covar_3","ZIPLN","BIC","0.09","0.8129615","0.727221684134856","0","0",NA,"0","11.4844930171967"
"4395","5","300","50","preferential_attachment","covar","covar_3","PLN_ZIvar","BIC","0.15","0.5462805","0.493843728039505","0","0",NA,"0","20.3496429920197"
"4396","6","300","50","preferential_attachment","covar","covar_3","PLN","BIC","0.14","0.4373215","0.344545887639415","0.482","0.429","0.036","0.066","18.7479453086853"
"4397","6","300","50","preferential_attachment","covar","covar_3","ZIPLN","BIC","0.08","0.800573","0.643423338759086","0.009","0.327","0.593","0.421","10.5433731079102"
"4398","6","300","50","preferential_attachment","covar","covar_3","PLN_ZIvar","BIC","0.14","0.607797","0.424510877347665","0","0",NA,"0","19.2593972682953"
"4399","7","300","50","preferential_attachment","covar","covar_3","PLN","BIC","0.14","0.5202355","0.36886923345792","0.357","0.367","0.041","0.074","26.5914626121521"
"4400","7","300","50","preferential_attachment","covar","covar_3","ZIPLN","BIC","0.08","0.8114635","0.687913698081014","0.003","0.245","0.8","0.375","9.8088653087616"
"4401","7","300","50","preferential_attachment","covar","covar_3","PLN_ZIvar","BIC","0.13","0.561665","0.471292211916492","0","0",NA,"0","16.6911857128143"
"4402","8","300","50","preferential_attachment","covar","covar_3","PLN","BIC","0.16","0.5920665","0.329908843955976","0.257","0.265","0.041","0.071","28.6999845504761"
"4403","8","300","50","preferential_attachment","covar","covar_3","ZIPLN","BIC","0.08","0.811524","0.686645125117983","0.006","0.469","0.767","0.582","10.7465572357178"
"4404","8","300","50","preferential_attachment","covar","covar_3","PLN_ZIvar","BIC","0.15","0.625653","0.452555244278747","0","0",NA,"0","22.933492898941"
"4405","9","300","50","preferential_attachment","covar","covar_3","PLN","BIC","0.15","0.511107","0.383121976443027","0.315","0.408","0.051","0.091","26.1191318035126"
"4406","9","300","50","preferential_attachment","covar","covar_3","ZIPLN","BIC","0.08","0.8173405","0.729204329853461","0","0",NA,"0","10.2207639217377"
"4407","9","300","50","preferential_attachment","covar","covar_3","PLN_ZIvar","BIC","0.14","0.5417485","0.46293003953301","0","0",NA,"0","23.5482516288757"
"4408","10","300","50","preferential_attachment","covar","covar_3","PLN","BIC","0.15","0.4825","0.3532952006446","0.348","0.292","0.033","0.059","20.992981672287"
"4409","10","300","50","preferential_attachment","covar","covar_3","ZIPLN","BIC","0.08","0.880901","0.74785643227843","0.012","0.312","0.517","0.39","11.7963745594025"
"4410","10","300","50","preferential_attachment","covar","covar_3","PLN_ZIvar","BIC","0.14","0.615695","0.47889878794518","0","0",NA,"0","18.9749872684479"
"4411","11","300","50","preferential_attachment","covar","covar_3","PLN","BIC","0.17","0.5009695","0.355956830969663","0.361","0.51","0.056","0.1","25.1748423576355"
"4412","11","300","50","preferential_attachment","covar","covar_3","ZIPLN","BIC","0.09","0.8056525","0.742349085155031","0.002","0.408","0.909","0.563","9.69579720497131"
"4413","11","300","50","preferential_attachment","covar","covar_3","PLN_ZIvar","BIC","0.16","0.6476","0.46529436930285","0","0",NA,"0","29.0618562698364"
"4414","12","300","50","preferential_attachment","covar","covar_3","PLN","BIC","0.14","0.5311175","0.373163138007695","0.338","0.347","0.041","0.073","23.2583634853363"
"4415","12","300","50","preferential_attachment","covar","covar_3","ZIPLN","BIC","0.08","0.8588055","0.702065786012055","0.006","0.347","0.708","0.466","8.86294531822205"
"4416","12","300","50","preferential_attachment","covar","covar_3","PLN_ZIvar","BIC","0.13","0.728294","0.481004461888577","0","0.02","1","0.04","22.348726272583"
"4417","13","300","50","preferential_attachment","covar","covar_3","PLN","BIC","0.15","0.577388","0.376023368952619","0.364","0.458","0.049","0.088","19.6141123771667"
"4418","13","300","50","preferential_attachment","covar","covar_3","ZIPLN","BIC","0.09","0.8795245","0.670165448477714","0","0.188","1","0.316","9.5511429309845"
"4419","13","300","50","preferential_attachment","covar","covar_3","PLN_ZIvar","BIC","0.14","0.5678555","0.456110963342895","0","0",NA,"0","20.9609961509705"
"4420","14","300","50","preferential_attachment","covar","covar_3","PLN","BIC","0.18","0.5277665","0.352216016764268","0.375","0.347","0.037","0.067","28.4994418621063"
"4421","14","300","50","preferential_attachment","covar","covar_3","ZIPLN","BIC","0.09","0.785229","0.786634573242393","0","0",NA,"0","7.82828545570374"
"4422","14","300","50","preferential_attachment","covar","covar_3","PLN_ZIvar","BIC","0.17","0.5420005","0.455532127847196","0","0",NA,"0","27.3119659423828"
"4423","15","300","50","preferential_attachment","covar","covar_3","PLN","BIC","0.15","0.5548215","0.360295317054776","0.374","0.469","0.05","0.09","22.0154922008514"
"4424","15","300","50","preferential_attachment","covar","covar_3","ZIPLN","BIC","0.08","0.869285","0.702919187760611","0.012","0.449","0.611","0.518","7.72954106330872"
"4425","15","300","50","preferential_attachment","covar","covar_3","PLN_ZIvar","BIC","0.14","0.6888855","0.47821469721358","0","0",NA,"0","11.094829082489"
"4426","16","300","50","preferential_attachment","covar","covar_3","PLN","BIC","0.16","0.500259","0.362847093721326","0.404","0.449","0.044","0.081","26.8992600440979"
"4427","16","300","50","preferential_attachment","covar","covar_3","ZIPLN","BIC","0.08","0.804596","0.732620591957486","0","0.102","1","0.185","13.0263018608093"
"4428","16","300","50","preferential_attachment","covar","covar_3","PLN_ZIvar","BIC","0.15","0.669371","0.444147579614529","0.001","0","0","0","20.8573853969574"
"4429","17","300","50","preferential_attachment","covar","covar_3","PLN","BIC","0.15","0.5420775","0.348042070524828","0.29","0.347","0.047","0.084","24.3001065254211"
"4430","17","300","50","preferential_attachment","covar","covar_3","ZIPLN","BIC","0.08","0.8325735","0.66562882778931","0","0",NA,"0","7.05215382575989"
"4431","17","300","50","preferential_attachment","covar","covar_3","PLN_ZIvar","BIC","0.14","0.605174","0.460490289421953","0","0",NA,"0","23.2599201202393"
"4432","18","300","50","preferential_attachment","covar","covar_3","PLN","BIC","0.15","0.571642","0.385037612369986","0.354","0.408","0.046","0.082","21.6576142311096"
"4433","18","300","50","preferential_attachment","covar","covar_3","ZIPLN","BIC","0.08","0.813798","0.72841668690625","0","0",NA,"0","9.05739164352417"
"4434","18","300","50","preferential_attachment","covar","covar_3","PLN_ZIvar","BIC","0.14","0.6437315","0.478995235755089","0","0",NA,"0","18.7584674358368"
"4435","19","300","50","preferential_attachment","covar","covar_3","PLN","BIC","0.15","0.4797205","0.431346885012759","0.301","0.306","0.041","0.072","16.3760538101196"
"4436","19","300","50","preferential_attachment","covar","covar_3","ZIPLN","BIC","0.08","0.7300515","0.776315254003399","0.003","0.102","0.625","0.175","9.86948943138123"
"4437","19","300","50","preferential_attachment","covar","covar_3","PLN_ZIvar","BIC","0.14","0.5634885","0.527851026524475","0","0",NA,"0","11.9365570545197"
"4438","20","300","50","preferential_attachment","covar","covar_3","PLN","BIC","0.16","0.520689","0.365425209558754","0.378","0.408","0.043","0.078","25.3060829639435"
"4439","20","300","50","preferential_attachment","covar","covar_3","ZIPLN","BIC","0.08","0.7764445","0.766946130253248","0","0.102","1","0.185","10.1148760318756"
"4440","20","300","50","preferential_attachment","covar","covar_3","PLN_ZIvar","BIC","0.16","0.649315","0.475646131614327","0","0",NA,"0","21.2861406803131"
"4441","21","300","50","preferential_attachment","covar","covar_3","PLN","BIC","0.15","0.4965175","0.356061276055869","0.429","0.49","0.045","0.083","19.1739773750305"
"4442","21","300","50","preferential_attachment","covar","covar_3","ZIPLN","BIC","0.08","0.812783","0.676256514930244","0.009","0.163","0.444","0.239","10.253613948822"
"4443","21","300","50","preferential_attachment","covar","covar_3","PLN_ZIvar","BIC","0.14","0.7096625","0.453674571308635","0","0",NA,"0","18.4290337562561"
"4444","22","300","50","preferential_attachment","covar","covar_3","PLN","BIC","0.14","0.4907665","0.336171435139968","0.452","0.429","0.038","0.07","26.1147737503052"
"4445","22","300","50","preferential_attachment","covar","covar_3","ZIPLN","BIC","0.08","0.8173815","0.660276591067389","0.009","0.347","0.607","0.442","8.56444120407104"
"4446","22","300","50","preferential_attachment","covar","covar_3","PLN_ZIvar","BIC","0.14","0.5771535","0.438484110911459","0","0",NA,"0","18.5921804904938"
"4447","23","300","50","preferential_attachment","covar","covar_3","PLN","BIC","0.16","0.4598885","0.324875993483578","0.412","0.367","0.036","0.065","25.9949464797974"
"4448","23","300","50","preferential_attachment","covar","covar_3","ZIPLN","BIC","0.09","0.8460795","0.688218208622733","0","0.041","1","0.078","8.03587555885315"
"4449","23","300","50","preferential_attachment","covar","covar_3","PLN_ZIvar","BIC","0.15","0.645593","0.429730203768432","0.014","0.041","0.105","0.059","25.3800566196442"
"4450","24","300","50","preferential_attachment","covar","covar_3","PLN","BIC","0.14","0.5222665","0.372180160427985","0.445","0.531","0.047","0.087","20.3524866104126"
"4451","24","300","50","preferential_attachment","covar","covar_3","ZIPLN","BIC","0.08","0.8073335","0.715408298739882","0.003","0.327","0.8","0.464","15.5510611534119"
"4452","24","300","50","preferential_attachment","covar","covar_3","PLN_ZIvar","BIC","0.14","0.644698","0.474442992471322","0","0",NA,"0","18.6663398742676"
"4453","25","300","50","preferential_attachment","covar","covar_3","PLN","BIC","0.14","0.500415","0.331217462355008","0.394","0.429","0.043","0.079","23.6599419116974"
"4454","25","300","50","preferential_attachment","covar","covar_3","ZIPLN","BIC","0.08","0.7991685","0.679226107809741","0.003","0.245","0.8","0.375","10.3708727359772"
"4455","25","300","50","preferential_attachment","covar","covar_3","PLN_ZIvar","BIC","0.14","0.587735","0.439561096557497","0","0",NA,"0","23.6697819232941"
"4456","26","300","50","preferential_attachment","covar","covar_3","PLN","BIC","0.14","0.580064","0.340296515778081","0.209","0.224","0.043","0.072","22.7989814281464"
"4457","26","300","50","preferential_attachment","covar","covar_3","ZIPLN","BIC","0.08","0.7717085","0.66467543840758","0.002","0.143","0.778","0.241","5.39370083808899"
"4458","26","300","50","preferential_attachment","covar","covar_3","PLN_ZIvar","BIC","0.13","0.581268","0.444535404007462","0","0",NA,"0","14.6402730941772"
"4459","27","300","50","preferential_attachment","covar","covar_3","PLN","BIC","0.13","0.486406","0.355281119352262","0.376","0.312","0.033","0.059","26.5765099525452"
"4460","27","300","50","preferential_attachment","covar","covar_3","ZIPLN","BIC","0.07","0.8042535","0.671078126244489","0","0.021","1","0.041","9.55599808692932"
"4461","27","300","50","preferential_attachment","covar","covar_3","PLN_ZIvar","BIC","0.12","0.5972485","0.458461672122438","0","0",NA,"0","24.9180269241333"
"4462","28","300","50","preferential_attachment","covar","covar_3","PLN","BIC","0.16","0.510776","0.342360828293393","0.336","0.306","0.037","0.065","19.9361433982849"
"4463","28","300","50","preferential_attachment","covar","covar_3","ZIPLN","BIC","0.08","0.8258595","0.753326703607142","0.004","0.286","0.737","0.412","6.47150945663452"
"4464","28","300","50","preferential_attachment","covar","covar_3","PLN_ZIvar","BIC","0.15","0.592848","0.478167197880171","0","0",NA,"0","15.3059132099152"
"4465","29","300","50","preferential_attachment","covar","covar_3","PLN","BIC","0.15","0.5844475","0.360225943609002","0.303","0.417","0.053","0.094","20.4149448871613"
"4466","29","300","50","preferential_attachment","covar","covar_3","ZIPLN","BIC","0.08","0.802959","0.70153669872899","0.017","0.396","0.487","0.437","7.58922410011292"
"4467","29","300","50","preferential_attachment","covar","covar_3","PLN_ZIvar","BIC","0.14","0.608355","0.469871762695621","0.02","0.146","0.226","0.177","15.6848871707916"
"4468","30","300","50","preferential_attachment","covar","covar_3","PLN","BIC","0.15","0.5254555","0.365215551743946","0.335","0.408","0.048","0.086","28.7785151004791"
"4469","30","300","50","preferential_attachment","covar","covar_3","ZIPLN","BIC","0.08","0.8019125","0.690092332176187","0","0.041","1","0.078","8.22756171226501"
"4470","30","300","50","preferential_attachment","covar","covar_3","PLN_ZIvar","BIC","0.14","0.615979","0.458480207346112","0","0",NA,"0","25.3611531257629"
"4471","1","300","20","erdos_renyi","covar","covar_4","PLN","BIC","0.12","0.4579","0.310945755611005","0.649","0.6","0.024","0.047","1.06403136253357"
"4472","1","300","20","erdos_renyi","covar","covar_4","ZIPLN","BIC","0.04","0.8886","0.527074541816545","0","0.4","1","0.571","2.29834175109863"
"4473","1","300","20","erdos_renyi","covar","covar_4","PLN_ZIvar","BIC","0.11","0.4823","0.347960821670602","0.519","0.4","0.02","0.039","2.09685301780701"
"4474","2","300","20","erdos_renyi","covar","covar_4","PLN","BIC","0.1","0.567373","0.274324121985692","0.435","0.5","0.036","0.067","2.70085406303406"
"4475","2","300","20","erdos_renyi","covar","covar_4","ZIPLN","BIC","0.04","0.8238115","0.500643463270725","0","0",NA,"0","2.27723693847656"
"4476","2","300","20","erdos_renyi","covar","covar_4","PLN_ZIvar","BIC","0.1","0.393144","0.366204123496244","0.245","0.167","0.022","0.038","2.24485063552856"
"4477","3","300","20","erdos_renyi","covar","covar_4","PLN","BIC","0.12","0.67","0.236058890497275","0.608","1","0.034","0.066","2.86501121520996"
"4478","3","300","20","erdos_renyi","covar","covar_4","ZIPLN","BIC","0.04","0.869","0.50980863779497","0","0",NA,"0","1.38918232917786"
"4479","3","300","20","erdos_renyi","covar","covar_4","PLN_ZIvar","BIC","0.11","0.395125","0.345487633243712","0.403","0.25","0.013","0.025","2.10773992538452"
"4480","4","300","20","erdos_renyi","covar","covar_4","PLN","BIC","0.14","0.4680035","0.235825508419512","0.607","0.571","0.035","0.066","3.41627955436707"
"4481","4","300","20","erdos_renyi","covar","covar_4","ZIPLN","BIC","0.05","0.912132","0.549881045011897","0","0",NA,"0","2.34679245948792"
"4482","4","300","20","erdos_renyi","covar","covar_4","PLN_ZIvar","BIC","0.13","0.6075045","0.348525994586614","0","0",NA,"0","2.8818461894989"
"4483","5","300","20","erdos_renyi","covar","covar_4","PLN","BIC","0.13","0.4675","0.278547213973044","0.622","0.4","0.017","0.033","2.80103230476379"
"4484","5","300","20","erdos_renyi","covar","covar_4","ZIPLN","BIC","0.04","0.8194","0.546438482536411","0","0",NA,"0","2.07640337944031"
"4485","5","300","20","erdos_renyi","covar","covar_4","PLN_ZIvar","BIC","0.13","0.5696","0.33824087510213","0.481","0.8","0.043","0.082","2.09689855575562"
"4486","6","300","20","erdos_renyi","covar","covar_4","PLN","BIC","0.13","0.525697","0.266904811750961","0.563","0.571","0.037","0.07","3.69831728935242"
"4487","6","300","20","erdos_renyi","covar","covar_4","ZIPLN","BIC","0.05","0.8906105","0.535933048209429","0","0",NA,"0","2.00169610977173"
"4488","6","300","20","erdos_renyi","covar","covar_4","PLN_ZIvar","BIC","0.12","0.517373","0.36416298141712","0.093","0","0","0","3.7844934463501"
"4489","7","300","20","erdos_renyi","covar","covar_4","PLN","BIC","0.13","0.474584","0.269611366266804","0.53","0.444","0.04","0.073","3.68925666809082"
"4490","7","300","20","erdos_renyi","covar","covar_4","ZIPLN","BIC","0.06","0.745652","0.502442605674901","0","0",NA,"0","1.44289922714233"
"4491","7","300","20","erdos_renyi","covar","covar_4","PLN_ZIvar","BIC","0.13","0.3870415","0.353759579133278","0.32","0.111","0.017","0.029","2.29911661148071"
"4492","8","300","20","erdos_renyi","covar","covar_4","PLN","BIC","0.19","0.647875","0.257082405375446","0.446","0.6","0.103","0.176","3.14589524269104"
"4493","8","300","20","erdos_renyi","covar","covar_4","ZIPLN","BIC","0.09","0.7476105","0.566823034898331","0","0.533","1","0.696","2.15041613578796"
"4494","8","300","20","erdos_renyi","covar","covar_4","PLN_ZIvar","BIC","0.19","0.6111335","0.351880114645321","0.171","0.267","0.118","0.163","2.20748496055603"
"4495","9","300","20","erdos_renyi","covar","covar_4","PLN","BIC","0.14","0.4965","0.293962666135233","0.566","0.5","0.037","0.07","1.13434815406799"
"4496","9","300","20","erdos_renyi","covar","covar_4","ZIPLN","BIC","0.05","0.8775","0.572732590765858","0","0",NA,"0","1.50860095024109"
"4497","9","300","20","erdos_renyi","covar","covar_4","PLN_ZIvar","BIC","0.13","0.53125","0.378120794218743","0.434","0.375","0.037","0.067","1.15001463890076"
"4498","10","300","20","erdos_renyi","covar","covar_4","PLN","BIC","0.14","0.586625","0.252995060231619","0.495","0.625","0.053","0.097","1.4416675567627"
"4499","10","300","20","erdos_renyi","covar","covar_4","ZIPLN","BIC","0.06","0.8273125","0.557996328606708","0","0.25","1","0.4","2.91581892967224"
"4500","10","300","20","erdos_renyi","covar","covar_4","PLN_ZIvar","BIC","0.13","0.6001875","0.345587744385836","0.308","0.625","0.082","0.145","2.12877297401428"
"4501","11","300","20","erdos_renyi","covar","covar_4","PLN","BIC","0.15","0.559659","0.256839924109232","0.564","0.818","0.082","0.149","0.968214511871338"
"4502","11","300","20","erdos_renyi","covar","covar_4","ZIPLN","BIC","0.07","0.845664","0.532339083280846","0","0",NA,"0","1.76912379264832"
"4503","11","300","20","erdos_renyi","covar","covar_4","PLN_ZIvar","BIC","0.14","0.3491555","0.356837197988888","0.006","0","0","0","2.63093161582947"
"4504","12","300","20","erdos_renyi","covar","covar_4","PLN","BIC","0.15","0.611375","0.28217021834439","0.473","0.625","0.055","0.101","1.29312181472778"
"4505","12","300","20","erdos_renyi","covar","covar_4","ZIPLN","BIC","0.06","0.888125","0.586378057357358","0","0",NA,"0","1.90694546699524"
"4506","12","300","20","erdos_renyi","covar","covar_4","PLN_ZIvar","BIC","0.15","0.7065625","0.362725064477011","0.203","0.5","0.098","0.163","2.62968134880066"
"4507","13","300","20","erdos_renyi","covar","covar_4","PLN","BIC","0.15","0.5511875","0.302982370701835","0.366","0.571","0.056","0.103","1.46208024024963"
"4508","13","300","20","erdos_renyi","covar","covar_4","ZIPLN","BIC","0.06","0.8484445","0.592036909781552","0","0",NA,"0","1.5115749835968"
"4509","13","300","20","erdos_renyi","covar","covar_4","PLN_ZIvar","BIC","0.14","0.521177","0.383734494617116","0.262","0.286","0.04","0.07","2.01643848419189"
"4510","14","300","20","erdos_renyi","covar","covar_4","PLN","BIC","0.14","0.592143","0.268781589572779","0.624","0.667","0.05","0.094","3.53398275375366"
"4511","14","300","20","erdos_renyi","covar","covar_4","ZIPLN","BIC","0.05","0.800528","0.540438325832513","0","0.111","1","0.2","2.06872248649597"
"4512","14","300","20","erdos_renyi","covar","covar_4","PLN_ZIvar","BIC","0.13","0.492985","0.346985956437739","0.348","0.333","0.045","0.08","1.79730558395386"
"4513","15","300","20","erdos_renyi","covar","covar_4","PLN","BIC","0.12","0.2162","0.249194390773488","0.611","0.2","0.009","0.017","3.30529642105103"
"4514","15","300","20","erdos_renyi","covar","covar_4","ZIPLN","BIC","0.04","0.6966","0.526558480726072","0","0",NA,"0","1.91014099121094"
"4515","15","300","20","erdos_renyi","covar","covar_4","PLN_ZIvar","BIC","0.11","0.4179","0.345623995936045","0","0",NA,"0","3.34716844558716"
"4516","16","300","20","erdos_renyi","covar","covar_4","PLN","BIC","0.12","0.543125","0.249797791048767","0.629","1","0.033","0.064","3.3576831817627"
"4517","16","300","20","erdos_renyi","covar","covar_4","ZIPLN","BIC","0.04","0.759375","0.530908077673132","0","0.25","1","0.4","1.96253752708435"
"4518","16","300","20","erdos_renyi","covar","covar_4","PLN_ZIvar","BIC","0.11","0.5735","0.34367336950001","0.468","0.75","0.033","0.064","2.2583634853363"
"4519","17","300","20","erdos_renyi","covar","covar_4","PLN","BIC","0.15","0.550466","0.325771950883497","0.558","0.556","0.047","0.087","0.813653230667114"
"4520","17","300","20","erdos_renyi","covar","covar_4","ZIPLN","BIC","0.05","0.8652845","0.579131630797502","0","0",NA,"0","1.80661749839783"
"4521","17","300","20","erdos_renyi","covar","covar_4","PLN_ZIvar","BIC","0.14","0.336659","0.370349751003207","0.315","0.111","0.017","0.03","1.99816584587097"
"4522","18","300","20","erdos_renyi","covar","covar_4","PLN","BIC","0.14","0.52445","0.300868939382549","0.644","0.7","0.057","0.105","0.981250286102295"
"4523","18","300","20","erdos_renyi","covar","covar_4","ZIPLN","BIC","0.06","0.86115","0.564363290504995","0","0",NA,"0","1.89105439186096"
"4524","18","300","20","erdos_renyi","covar","covar_4","PLN_ZIvar","BIC","0.14","0.4451","0.335217358164227","0.178","0.1","0.03","0.047","3.33009791374207"
"4525","19","300","20","erdos_renyi","covar","covar_4","PLN","BIC","0.16","0.396375","0.288842408326067","0.538","0.25","0.02","0.037","0.694195747375488"
"4526","19","300","20","erdos_renyi","covar","covar_4","ZIPLN","BIC","0.04","0.8250625","0.616987221011769","0.011","0.5","0.667","0.571","2.29671597480774"
"4527","19","300","20","erdos_renyi","covar","covar_4","PLN_ZIvar","BIC","0.15","0.4314375","0.360081051911595","0.143","0","0","0","1.64544582366943"
"4528","20","300","20","erdos_renyi","covar","covar_4","PLN","BIC","0.12","0.62175","0.294061116877486","0.575","1","0.036","0.07","0.847707271575928"
"4529","20","300","20","erdos_renyi","covar","covar_4","ZIPLN","BIC","0.05","0.87375","0.526856218443438","0","0",NA,"0","1.90335083007812"
"4530","20","300","20","erdos_renyi","covar","covar_4","PLN_ZIvar","BIC","0.12","0.7615","0.338766203043568","0.462","1","0.044","0.085","1.98456335067749"
"4531","21","300","20","erdos_renyi","covar","covar_4","PLN","BIC","0.15","0.5725625","0.261807153158773","0.511","0.5","0.041","0.076","2.88281464576721"
"4532","21","300","20","erdos_renyi","covar","covar_4","ZIPLN","BIC","0.06","0.903","0.549537329880643","0","0",NA,"0","2.23376679420471"
"4533","21","300","20","erdos_renyi","covar","covar_4","PLN_ZIvar","BIC","0.15","0.503","0.352227750511807","0.308","0.375","0.051","0.09","2.74884176254272"
"4534","22","300","20","erdos_renyi","covar","covar_4","PLN","BIC","0.14","0.60495","0.357191916953989","0.389","0.6","0.079","0.14","0.722208499908447"
"4535","22","300","20","erdos_renyi","covar","covar_4","ZIPLN","BIC","0.06","0.82485","0.556186610569331","0","0",NA,"0","2.0336549282074"
"4536","22","300","20","erdos_renyi","covar","covar_4","PLN_ZIvar","BIC","0.14","0.5624","0.383382168919666","0.1","0.3","0.143","0.194","2.39990210533142"
"4537","23","300","20","erdos_renyi","covar","covar_4","PLN","BIC","0.15","0.2929375","0.268502004128073","0.544","0.25","0.02","0.037","2.53520393371582"
"4538","23","300","20","erdos_renyi","covar","covar_4","ZIPLN","BIC","0.05","0.6741875","0.568984265041774","0","0",NA,"0","1.7587788105011"
"4539","23","300","20","erdos_renyi","covar","covar_4","PLN_ZIvar","BIC","0.14","0.599375","0.354399372936115","0.291","0.375","0.054","0.094","1.67653822898865"
"4540","24","300","20","erdos_renyi","covar","covar_4","PLN","BIC","0.15","0.502455","0.311058898163077","0.615","0.636","0.06","0.109","0.931522607803345"
"4541","24","300","20","erdos_renyi","covar","covar_4","ZIPLN","BIC","0.06","0.8568255","0.582920842277591","0","0",NA,"0","1.93759822845459"
"4542","24","300","20","erdos_renyi","covar","covar_4","PLN_ZIvar","BIC","0.15","0.55963","0.360645384107564","0.296","0.364","0.07","0.118","2.1512405872345"
"4543","25","300","20","erdos_renyi","covar","covar_4","PLN","BIC","0.14","0.521171","0.288136638305781","0.596","0.571","0.035","0.067","1.9995391368866"
"4544","25","300","20","erdos_renyi","covar","covar_4","ZIPLN","BIC","0.06","0.8285455","0.581322749415891","0","0",NA,"0","1.90096974372864"
"4545","25","300","20","erdos_renyi","covar","covar_4","PLN_ZIvar","BIC","0.13","0.6885445","0.353869864866158","0.164","0.143","0.032","0.053","2.48665189743042"
"4546","26","300","20","erdos_renyi","covar","covar_4","PLN","BIC","0.13","0.375215","0.267806612161333","0.557","0.286","0.019","0.036","2.40561270713806"
"4547","26","300","20","erdos_renyi","covar","covar_4","ZIPLN","BIC","0.05","0.589484","0.558286535667604","0","0",NA,"0","1.32035183906555"
"4548","26","300","20","erdos_renyi","covar","covar_4","PLN_ZIvar","BIC","0.12","0.463295","0.354579167082569","0.071","0","0","0","2.53792524337769"
"4549","27","300","20","erdos_renyi","covar","covar_4","PLN","BIC","0.15","0.6028965","0.269052484267413","0.519","0.571","0.04","0.075","1.94748592376709"
"4550","27","300","20","erdos_renyi","covar","covar_4","ZIPLN","BIC","0.06","0.5787855","0.564363320569032","0","0.286","1","0.444","1.27723789215088"
"4551","27","300","20","erdos_renyi","covar","covar_4","PLN_ZIvar","BIC","0.15","0.559591","0.343702169250172","0.372","0.571","0.056","0.101","1.45812964439392"
"4552","28","300","20","erdos_renyi","covar","covar_4","PLN","BIC","0.18","0.500922","0.311933282841244","0.503","0.6","0.093","0.161","0.821445226669312"
"4553","28","300","20","erdos_renyi","covar","covar_4","ZIPLN","BIC","0.08","0.754575","0.576076023516369","0","0.267","1","0.421","1.35298538208008"
"4554","28","300","20","erdos_renyi","covar","covar_4","PLN_ZIvar","BIC","0.18","0.5246455","0.372896932999882","0.343","0.2","0.048","0.077","2.02985954284668"
"4555","29","300","20","erdos_renyi","covar","covar_4","PLN","BIC","0.17","0.5359385","0.24334120874281","0.626","0.727","0.067","0.122","3.67950534820557"
"4556","29","300","20","erdos_renyi","covar","covar_4","ZIPLN","BIC","0.07","0.804886","0.558413836909757","0","0",NA,"0","1.22519159317017"
"4557","29","300","20","erdos_renyi","covar","covar_4","PLN_ZIvar","BIC","0.16","0.4053185","0.349932240168877","0.374","0.273","0.043","0.074","2.82845282554626"
"4558","30","300","20","erdos_renyi","covar","covar_4","PLN","BIC","0.14","0.547276","0.252123541199565","0.541","0.571","0.039","0.073","2.86779975891113"
"4559","30","300","20","erdos_renyi","covar","covar_4","ZIPLN","BIC","0.05","0.855075","0.552253998430587","0","0",NA,"0","1.0904700756073"
"4560","30","300","20","erdos_renyi","covar","covar_4","PLN_ZIvar","BIC","0.14","0.5185305","0.328399949601498","0.383","0.571","0.054","0.099","1.78763866424561"
"4561","1","300","50","erdos_renyi","covar","covar_4","PLN","BIC","0.18","0.5082485","0.266326557816626","0.35","0.361","0.051","0.09","24.6136169433594"
"4562","1","300","50","erdos_renyi","covar","covar_4","ZIPLN","BIC","0.1","0.819983","0.679100921418054","0","0",NA,"0","8.79575538635254"
"4563","1","300","50","erdos_renyi","covar","covar_4","PLN_ZIvar","BIC","0.17","0.558166","0.34480366481928","0","0",NA,"0","22.644026517868"
"4564","2","300","50","erdos_renyi","covar","covar_4","PLN","BIC","0.16","0.5345575","0.259889693658098","0.321","0.295","0.046","0.079","24.9479269981384"
"4565","2","300","50","erdos_renyi","covar","covar_4","ZIPLN","BIC","0.09","0.768057","0.624364466813039","0","0",NA,"0","5.24497604370117"
"4566","2","300","50","erdos_renyi","covar","covar_4","PLN_ZIvar","BIC","0.15","0.432879","0.349562526529527","0","0",NA,"0","15.8060441017151"
"4567","3","300","50","erdos_renyi","covar","covar_4","PLN","BIC","0.16","0.5468905","0.294923826000164","0.324","0.339","0.048","0.084","26.6105751991272"
"4568","3","300","50","erdos_renyi","covar","covar_4","ZIPLN","BIC","0.07","0.879682","0.695786664984839","0","0.125","1","0.222","7.34262323379517"
"4569","3","300","50","erdos_renyi","covar","covar_4","PLN_ZIvar","BIC","0.16","0.5292905","0.366614941199316","0","0",NA,"0","20.4403800964355"
"4570","4","300","50","erdos_renyi","covar","covar_4","PLN","BIC","0.18","0.519506","0.288765584298209","0.286","0.23","0.049","0.081","30.0448489189148"
"4571","4","300","50","erdos_renyi","covar","covar_4","ZIPLN","BIC","0.1","0.788676","0.64800729876481","0","0",NA,"0","9.22517490386963"
"4572","4","300","50","erdos_renyi","covar","covar_4","PLN_ZIvar","BIC","0.17","0.55705","0.363060720011796","0","0",NA,"0","19.5875842571259"
"4573","5","300","50","erdos_renyi","covar","covar_4","PLN","BIC","0.17","0.553783","0.28156382649839","0.426","0.464","0.061","0.108","1.1733938852946"
"4574","5","300","50","erdos_renyi","covar","covar_4","ZIPLN","BIC","0.1","0.79817","0.635585799277511","0","0.014","1","0.029","8.77244424819946"
"4575","5","300","50","erdos_renyi","covar","covar_4","PLN_ZIvar","BIC","0.16","0.476131","0.352335650664485","0","0",NA,"0","21.3633680343628"
"4576","6","300","50","erdos_renyi","covar","covar_4","PLN","BIC","0.12","0.496057","0.279564676328188","0.461","0.559","0.033","0.063","1.08949599663417"
"4577","6","300","50","erdos_renyi","covar","covar_4","ZIPLN","BIC","0.06","0.8537705","0.623040521564913","0","0",NA,"0","6.60214233398438"
"4578","6","300","50","erdos_renyi","covar","covar_4","PLN_ZIvar","BIC","0.12","0.574476","0.344923431852917","0","0",NA,"0","22.3061509132385"
"4579","7","300","50","erdos_renyi","covar","covar_4","PLN","BIC","0.15","0.567465","0.303039333787799","0.227","0.233","0.05","0.083","24.1075365543365"
"4580","7","300","50","erdos_renyi","covar","covar_4","ZIPLN","BIC","0.08","0.8188145","0.648129236934295","0.007","0.367","0.733","0.489","5.21162056922913"
"4581","7","300","50","erdos_renyi","covar","covar_4","PLN_ZIvar","BIC","0.15","0.675452","0.380824970781679","0","0",NA,"0","14.1818807125092"
"4582","8","300","50","erdos_renyi","covar","covar_4","PLN","BIC","0.14","0.5420215","0.290139069053729","0.312","0.346","0.047","0.083","20.4650053977966"
"4583","8","300","50","erdos_renyi","covar","covar_4","ZIPLN","BIC","0.08","0.8947105","0.641027423793837","0","0",NA,"0","7.62744903564453"
"4584","8","300","50","erdos_renyi","covar","covar_4","PLN_ZIvar","BIC","0.14","0.605932","0.357789619992868","0.003","0","0","0","28.1496312618256"
"4585","9","300","50","erdos_renyi","covar","covar_4","PLN","BIC","0.17","0.5051585","0.247608895060669","0.328","0.359","0.057","0.098","27.2865705490112"
"4586","9","300","50","erdos_renyi","covar","covar_4","ZIPLN","BIC","0.09","0.8344055","0.670052553146905","0","0",NA,"0","7.55141830444336"
"4587","9","300","50","erdos_renyi","covar","covar_4","PLN_ZIvar","BIC","0.17","0.561829","0.329799520093608","0","0",NA,"0","26.6134362220764"
"4588","10","300","50","erdos_renyi","covar","covar_4","PLN","BIC","0.15","0.54096","0.26756892202652","0.336","0.42","0.05","0.09","21.9965434074402"
"4589","10","300","50","erdos_renyi","covar","covar_4","ZIPLN","BIC","0.08","0.86675","0.638512305590989","0","0",NA,"0","8.76386284828186"
"4590","10","300","50","erdos_renyi","covar","covar_4","PLN_ZIvar","BIC","0.14","0.61055","0.359350371188424","0","0",NA,"0","20.249760389328"
"4591","11","300","50","erdos_renyi","covar","covar_4","PLN","BIC","0.15","0.479935","0.274689515100232","0.339","0.293","0.041","0.072","21.2991795539856"
"4592","11","300","50","erdos_renyi","covar","covar_4","ZIPLN","BIC","0.08","0.831496","0.630036435826207","0","0.138","1","0.242","6.01863503456116"
"4593","11","300","50","erdos_renyi","covar","covar_4","PLN_ZIvar","BIC","0.15","0.527746","0.357020086751396","0","0",NA,"0","20.9961133003235"
"4594","12","300","50","erdos_renyi","covar","covar_4","PLN","BIC","0.15","0.4694225","0.268300479133757","0.335","0.238","0.037","0.064","28.0990262031555"
"4595","12","300","50","erdos_renyi","covar","covar_4","ZIPLN","BIC","0.09","0.818725","0.620172147029882","0","0.048","1","0.091","7.74535179138184"
"4596","12","300","50","erdos_renyi","covar","covar_4","PLN_ZIvar","BIC","0.15","0.572778","0.334934249202172","0","0",NA,"0","29.470148563385"
"4597","13","300","50","erdos_renyi","covar","covar_4","PLN","BIC","0.16","0.460562","0.285083936648645","0.315","0.288","0.049","0.084","18.3582553863525"
"4598","13","300","50","erdos_renyi","covar","covar_4","ZIPLN","BIC","0.08","0.843543","0.657704447068316","0","0.121","1","0.216","8.34728240966797"
"4599","13","300","50","erdos_renyi","covar","covar_4","PLN_ZIvar","BIC","0.15","0.517683","0.363740215125202","0.001","0","0","0","18.9138216972351"
"4600","14","300","50","erdos_renyi","covar","covar_4","PLN","BIC","0.16","0.567932","0.285229092248735","0.328","0.426","0.071","0.122","28.9601118564606"
"4601","14","300","50","erdos_renyi","covar","covar_4","ZIPLN","BIC","0.09","0.8413705","0.635921027130178","0","0",NA,"0","7.274409532547"
"4602","14","300","50","erdos_renyi","covar","covar_4","PLN_ZIvar","BIC","0.15","0.5623745","0.358852085210228","0","0",NA,"0","24.3826372623444"
"4603","15","300","50","erdos_renyi","covar","covar_4","PLN","BIC","0.17","0.5102825","0.279525678172985","0.319","0.262","0.044","0.075","23.2273926734924"
"4604","15","300","50","erdos_renyi","covar","covar_4","ZIPLN","BIC","0.1","0.8145825","0.623130931792648","0","0.046","1","0.088","8.95537900924683"
"4605","15","300","50","erdos_renyi","covar","covar_4","PLN_ZIvar","BIC","0.17","0.523399","0.348061895740614","0","0",NA,"0","24.4689273834229"
"4606","16","300","50","erdos_renyi","covar","covar_4","PLN","BIC","0.13","0.527021","0.279199407597728","0.483","0.571","0.047","0.087","21.1874351501465"
"4607","16","300","50","erdos_renyi","covar","covar_4","ZIPLN","BIC","0.07","0.8335105","0.613261929137885","0","0",NA,"0","6.7561194896698"
"4608","16","300","50","erdos_renyi","covar","covar_4","PLN_ZIvar","BIC","0.13","0.5609045","0.333873393794011","0","0",NA,"0","28.2069680690765"
"4609","17","300","50","erdos_renyi","covar","covar_4","PLN","BIC","0.16","0.5500455","0.293213791687712","0.386","0.476","0.063","0.111","22.241482257843"
"4610","17","300","50","erdos_renyi","covar","covar_4","ZIPLN","BIC","0.07","0.855063","0.695161255941998","0","0.016","1","0.031","6.87118625640869"
"4611","17","300","50","erdos_renyi","covar","covar_4","PLN_ZIvar","BIC","0.15","0.5442045","0.362612174281561","0","0",NA,"0","23.8063805103302"
"4612","18","300","50","erdos_renyi","covar","covar_4","PLN","BIC","0.17","0.449798","0.280108380881037","0.308","0.211","0.04","0.068","24.360054731369"
"4613","18","300","50","erdos_renyi","covar","covar_4","ZIPLN","BIC","0.09","0.7848415","0.66910124414376","0","0",NA,"0","8.71281909942627"
"4614","18","300","50","erdos_renyi","covar","covar_4","PLN_ZIvar","BIC","0.17","0.4900085","0.365502685140553","0","0",NA,"0","13.8195149898529"
"4615","19","300","50","erdos_renyi","covar","covar_4","PLN","BIC","0.17","0.534019","0.250671477260574","0.359","0.417","0.045","0.081","29.8222670555115"
"4616","19","300","50","erdos_renyi","covar","covar_4","ZIPLN","BIC","0.09","0.808802","0.655750350674453","0","0.104","1","0.189","8.2192530632019"
"4617","19","300","50","erdos_renyi","covar","covar_4","PLN_ZIvar","BIC","0.16","0.5785845","0.346226974123844","0","0",NA,"0","30.5407869815826"
"4618","20","300","50","erdos_renyi","covar","covar_4","PLN","BIC","0.16","0.4641805","0.263503989082064","0.431","0.348","0.044","0.078","24.9768469333649"
"4619","20","300","50","erdos_renyi","covar","covar_4","ZIPLN","BIC","0.08","0.8529895","0.664060979094152","0","0",NA,"0","7.51261854171753"
"4620","20","300","50","erdos_renyi","covar","covar_4","PLN_ZIvar","BIC","0.15","0.4934995","0.328596213805699","0","0",NA,"0","24.2583937644958"
"4621","21","300","50","erdos_renyi","covar","covar_4","PLN","BIC","0.16","0.494095","0.300694106490041","0.418","0.431","0.049","0.088","26.6581242084503"
"4622","21","300","50","erdos_renyi","covar","covar_4","ZIPLN","BIC","0.08","0.8309545","0.682107830179049","0","0",NA,"0","4.93608784675598"
"4623","21","300","50","erdos_renyi","covar","covar_4","PLN_ZIvar","BIC","0.15","0.5044015","0.366069859926151","0","0",NA,"0","20.973338842392"
"4624","22","300","50","erdos_renyi","covar","covar_4","PLN","BIC","0.15","0.505085","0.357255954866869","0.367","0.429","0.059","0.104","32.8912951946259"
"4625","22","300","50","erdos_renyi","covar","covar_4","ZIPLN","BIC","0.08","0.796675","0.641588726853655","0","0",NA,"0","6.02821707725525"
"4626","22","300","50","erdos_renyi","covar","covar_4","PLN_ZIvar","BIC","0.15","0.5702965","0.343374951670079","0.006","0.048","0.3","0.082","34.8215329647064"
"4627","23","300","50","erdos_renyi","covar","covar_4","PLN","BIC","0.14","0.4858335","0.255467171172626","0.365","0.291","0.036","0.064","27.2966372966766"
"4628","23","300","50","erdos_renyi","covar","covar_4","ZIPLN","BIC","0.07","0.8176085","0.615997578543645","0","0",NA,"0","4.55527091026306"
"4629","23","300","50","erdos_renyi","covar","covar_4","PLN_ZIvar","BIC","0.14","0.558075","0.336979136088583","0","0",NA,"0","16.2151811122894"
"4630","24","300","50","erdos_renyi","covar","covar_4","PLN","BIC","0.14","0.5105915","0.269425209756558","0.278","0.222","0.036","0.061","24.6633574962616"
"4631","24","300","50","erdos_renyi","covar","covar_4","ZIPLN","BIC","0.08","0.77259","0.63908626853738","0","0",NA,"0","7.95236849784851"
"4632","24","300","50","erdos_renyi","covar","covar_4","PLN_ZIvar","BIC","0.14","0.585258","0.368231199303337","0","0",NA,"0","18.6727077960968"
"4633","25","300","50","erdos_renyi","covar","covar_4","PLN","BIC","0.17","0.5939595","0.283754436962981","0.316","0.493","0.088","0.149","28.353768825531"
"4634","25","300","50","erdos_renyi","covar","covar_4","ZIPLN","BIC","0.1","0.821352","0.631786104833453","0","0",NA,"0","5.14126396179199"
"4635","25","300","50","erdos_renyi","covar","covar_4","PLN_ZIvar","BIC","0.16","0.5612555","0.358537481820563","0","0",NA,"0","20.7689137458801"
"4636","26","300","50","erdos_renyi","covar","covar_4","PLN","BIC","0.16","0.5063735","0.26112289143007","0.268","0.267","0.049","0.082","28.2007746696472"
"4637","26","300","50","erdos_renyi","covar","covar_4","ZIPLN","BIC","0.08","0.842559","0.640592145459039","0","0",NA,"0","8.11083626747131"
"4638","26","300","50","erdos_renyi","covar","covar_4","PLN_ZIvar","BIC","0.15","0.5859365","0.337966457963094","0","0",NA,"0","27.2742547988892"
"4639","27","300","50","erdos_renyi","covar","covar_4","PLN","BIC","0.15","0.5501155","0.293460557455518","0.346","0.389","0.049","0.088","20.358038187027"
"4640","27","300","50","erdos_renyi","covar","covar_4","ZIPLN","BIC","0.08","0.8575975","0.650532054477925","0","0.056","1","0.105","7.40969347953796"
"4641","27","300","50","erdos_renyi","covar","covar_4","PLN_ZIvar","BIC","0.14","0.571075","0.357483847253549","0","0",NA,"0","22.5237505435944"
"4642","28","300","50","erdos_renyi","covar","covar_4","PLN","BIC","0.15","0.5048135","0.261533162760629","0.367","0.317","0.043","0.075","19.41863489151"
"4643","28","300","50","erdos_renyi","covar","covar_4","ZIPLN","BIC","0.08","0.730521","0.618984363452622","0.001","0.067","0.8","0.123","5.31578350067139"
"4644","28","300","50","erdos_renyi","covar","covar_4","PLN_ZIvar","BIC","0.15","0.5152515","0.343453545514877","0","0",NA,"0","15.8732316493988"
"4645","29","300","50","erdos_renyi","covar","covar_4","PLN","BIC","0.15","0.4630515","0.261570702612568","0.342","0.254","0.036","0.063","22.3963644504547"
"4646","29","300","50","erdos_renyi","covar","covar_4","ZIPLN","BIC","0.08","0.8102455","0.636053946582062","0","0",NA,"0","4.69700026512146"
"4647","29","300","50","erdos_renyi","covar","covar_4","PLN_ZIvar","BIC","0.15","0.5605365","0.336026173816458","0","0",NA,"0","18.8530054092407"
"4648","30","300","50","erdos_renyi","covar","covar_4","PLN","BIC","0.15","0.525026","0.273457896646604","0.322","0.367","0.045","0.081","16.5629093647003"
"4649","30","300","50","erdos_renyi","covar","covar_4","ZIPLN","BIC","0.07","0.8612255","0.6689520694019","0","0",NA,"0","5.56932044029236"
"4650","30","300","50","erdos_renyi","covar","covar_4","PLN_ZIvar","BIC","0.15","0.466994","0.350578996820135","0","0",NA,"0","16.2359399795532"
"4651","1","300","20","community","covar","covar_4","PLN","BIC","0.16","0.4355925","0.324252620964425","0.503","0.444","0.042","0.077","0.904592752456665"
"4652","1","300","20","community","covar","covar_4","ZIPLN","BIC","0.06","0.923349","0.597244019588935","0","0",NA,"0","1.96622252464294"
"4653","1","300","20","community","covar","covar_4","PLN_ZIvar","BIC","0.15","0.566927","0.356471368267232","0.271","0.444","0.075","0.129","3.113121509552"
"4654","2","300","20","community","covar","covar_4","PLN","BIC","0.19","0.4097805","0.254541390370058","0.618","0.333","0.035","0.063","2.3779923915863"
"4655","2","300","20","community","covar","covar_4","ZIPLN","BIC","0.1","0.824772","0.557702401203169","0","0.083","1","0.154","2.83108949661255"
"4656","2","300","20","community","covar","covar_4","PLN_ZIvar","BIC","0.18","0.6239065","0.363156033002718","0.242","0.25","0.065","0.103","2.52931046485901"
"4657","3","300","20","community","covar","covar_4","PLN","BIC","0.2","0.4788525","0.264844904964442","0.477","0.438","0.078","0.132","1.13566446304321"
"4658","3","300","20","community","covar","covar_4","ZIPLN","BIC","0.09","0.894704","0.591375848879284","0.034","0.438","0.538","0.483","2.67508506774902"
"4659","3","300","20","community","covar","covar_4","PLN_ZIvar","BIC","0.19","0.6796345","0.381743973485092","0.345","0.625","0.143","0.233","2.45265913009644"
"4660","4","300","20","community","covar","covar_4","PLN","BIC","0.18","0.428036","0.349864598083182","0.59","0.5","0.054","0.098","0.66642165184021"
"4661","4","300","20","community","covar","covar_4","ZIPLN","BIC","0.07","0.904971","0.643501960555694","0","0.083","1","0.154","2.2773449420929"
"4662","4","300","20","community","covar","covar_4","PLN_ZIvar","BIC","0.17","0.443718","0.370674844513178","0","0",NA,"0","1.94956350326538"
"4663","5","300","20","community","covar","covar_4","PLN","BIC","0.17","0.49976","0.261997991677064","0.596","0.75","0.078","0.142","2.17893028259277"
"4664","5","300","20","community","covar","covar_4","ZIPLN","BIC","0.08","0.748096","0.579391919941855","0","0.083","1","0.154","2.18878507614136"
"4665","5","300","20","community","covar","covar_4","PLN_ZIvar","BIC","0.16","0.5431415","0.355598162431663","0.017","0","0","0","2.16664814949036"
"4666","6","300","20","community","covar","covar_4","PLN","BIC","0.16","0.421441","0.270742900102033","0.642","0.455","0.042","0.076","3.3849949836731"
"4667","6","300","20","community","covar","covar_4","ZIPLN","BIC","0.07","0.713084","0.516271480423555","0.006","0.273","0.75","0.4","2.28876209259033"
"4668","6","300","20","community","covar","covar_4","PLN_ZIvar","BIC","0.15","0.504086","0.33963889461816","0.503","0.455","0.053","0.094","2.1148943901062"
"4669","7","300","20","community","covar","covar_4","PLN","BIC","0.16","0.4489205","0.313015237586485","0.59","0.5","0.054","0.098","0.600018262863159"
"4670","7","300","20","community","covar","covar_4","ZIPLN","BIC","0.06","0.8269005","0.574886054314423","0","0",NA,"0","1.58804678916931"
"4671","7","300","20","community","covar","covar_4","PLN_ZIvar","BIC","0.15","0.536931","0.354427351120353","0.303","0.25","0.053","0.087","1.37599396705627"
"4672","8","300","20","community","covar","covar_4","PLN","BIC","0.15","0.3464585","0.313257391494465","0.665","0.636","0.056","0.102","0.807001352310181"
"4673","8","300","20","community","covar","covar_4","ZIPLN","BIC","0.07","0.8314905","0.558941023582761","0","0.091","1","0.167","2.08845186233521"
"4674","8","300","20","community","covar","covar_4","PLN_ZIvar","BIC","0.15","0.367489","0.34704420449708","0.363","0.091","0.015","0.026","2.54065465927124"
"4675","9","300","20","community","covar","covar_4","PLN","BIC","0.13","0.586696","0.311159371911525","0.58","0.778","0.062","0.116","0.807029008865356"
"4676","9","300","20","community","covar","covar_4","ZIPLN","BIC","0.06","0.8321095","0.544979614135735","0","0",NA,"0","1.90715432167053"
"4677","9","300","20","community","covar","covar_4","PLN_ZIvar","BIC","0.13","0.6190085","0.383541084579499","0.238","0.333","0.065","0.109","1.678879737854"
"4678","10","300","20","community","covar","covar_4","PLN","BIC","0.16","0.412447","0.245489362295596","0.565","0.462","0.057","0.101","3.29720234870911"
"4679","10","300","20","community","covar","covar_4","ZIPLN","BIC","0.07","0.7188375","0.562186556987294","0","0",NA,"0","1.26398825645447"
"4680","10","300","20","community","covar","covar_4","PLN_ZIvar","BIC","0.15","0.362409","0.33722794562126","0.277","0.077","0.02","0.032","2.19514417648315"
"4681","11","300","20","community","covar","covar_4","PLN","BIC","0.2","0.4794445","0.237420355879395","0.545","0.571","0.077","0.136","3.18478178977966"
"4682","11","300","20","community","covar","covar_4","ZIPLN","BIC","0.09","0.69484","0.609546370092411","0","0.071","1","0.133","1.74929475784302"
"4683","11","300","20","community","covar","covar_4","PLN_ZIvar","BIC","0.19","0.5172725","0.3420407761735","0.449","0.5","0.081","0.14","2.26662015914917"
"4684","12","300","20","community","covar","covar_4","PLN","BIC","0.2","0.5256895","0.316999526500031","0.566","0.706","0.109","0.189","1.19129824638367"
"4685","12","300","20","community","covar","covar_4","ZIPLN","BIC","0.11","0.7791925","0.604163165343513","0","0",NA,"0","1.43652272224426"
"4686","12","300","20","community","covar","covar_4","PLN_ZIvar","BIC","0.2","0.482201","0.364627411711182","0.092","0.176","0.158","0.167","2.24637961387634"
"4687","13","300","20","community","covar","covar_4","PLN","BIC","0.2","0.5749025","0.245739507695097","0.443","0.609","0.159","0.252","2.37795424461365"
"4688","13","300","20","community","covar","covar_4","ZIPLN","BIC","0.12","0.857557","0.547707404394732","0","0",NA,"0","1.84047436714172"
"4689","13","300","20","community","covar","covar_4","PLN_ZIvar","BIC","0.2","0.5371055","0.344810304321934","0.275","0.304","0.132","0.184","2.33826971054077"
"4690","14","300","20","community","covar","covar_4","PLN","BIC","0.16","0.5095315","0.325153370299143","0.568","0.5","0.065","0.116","0.892259836196899"
"4691","14","300","20","community","covar","covar_4","ZIPLN","BIC","0.08","0.8157695","0.553244125542061","0","0",NA,"0","1.96361827850342"
"4692","14","300","20","community","covar","covar_4","PLN_ZIvar","BIC","0.16","0.54182","0.356129382952783","0.284","0.286","0.074","0.118","1.62010049819946"
"4693","15","300","20","community","covar","covar_4","PLN","BIC","0.17","0.3493185","0.242888546576619","0.657","0.417","0.041","0.075","2.69062113761902"
"4694","15","300","20","community","covar","covar_4","ZIPLN","BIC","0.07","0.811843","0.543847599279205","0","0.083","1","0.154","2.09020400047302"
"4695","15","300","20","community","covar","covar_4","PLN_ZIvar","BIC","0.16","0.440573","0.330888082540857","0.472","0.417","0.056","0.099","2.94022464752197"
"4696","16","300","20","community","covar","covar_4","PLN","BIC","0.17","0.4152455","0.274807629042459","0.459","0.333","0.071","0.117","2.23381876945496"
"4697","16","300","20","community","covar","covar_4","ZIPLN","BIC","0.08","0.833061","0.551621937313962","0","0",NA,"0","2.08354043960571"
"4698","16","300","20","community","covar","covar_4","PLN_ZIvar","BIC","0.16","0.400753","0.355168997516863","0.36","0.278","0.075","0.118","2.21056723594666"
"4699","17","300","20","community","covar","covar_4","PLN","BIC","0.16","0.49125","0.250228093066378","0.561","0.7","0.065","0.119","2.16016578674316"
"4700","17","300","20","community","covar","covar_4","ZIPLN","BIC","0.08","0.86945","0.546666285177713","0","0",NA,"0","1.90982031822205"
"4701","17","300","20","community","covar","covar_4","PLN_ZIvar","BIC","0.15","0.3583","0.356813747974167","0.222","0.1","0.024","0.039","2.58076333999634"
"4702","18","300","20","community","covar","covar_4","PLN","BIC","0.19","0.634306","0.318272594102808","0.563","0.625","0.093","0.161","0.848419189453125"
"4703","18","300","20","community","covar","covar_4","ZIPLN","BIC","0.11","0.817832","0.557571232231289","0","0.062","1","0.118","2.14329504966736"
"4704","18","300","20","community","covar","covar_4","PLN_ZIvar","BIC","0.18","0.6161005","0.362187902331892","0.466","0.562","0.1","0.17","1.48038625717163"
"4705","19","300","20","community","covar","covar_4","PLN","BIC","0.19","0.5571715","0.242441356155461","0.648","0.643","0.073","0.131","2.37709474563599"
"4706","19","300","20","community","covar","covar_4","ZIPLN","BIC","0.08","0.8499385","0.551460884862696","0.028","0.643","0.643","0.643","1.50569200515747"
"4707","19","300","20","community","covar","covar_4","PLN_ZIvar","BIC","0.18","0.5785465","0.337735139878832","0.341","0.357","0.077","0.127","1.352046251297"
"4708","20","300","20","community","covar","covar_4","PLN","BIC","0.17","0.5231","0.256915392753766","0.517","0.6","0.061","0.11","2.22848200798035"
"4709","20","300","20","community","covar","covar_4","ZIPLN","BIC","0.08","0.7758","0.550044718544712","0","0",NA,"0","1.80022668838501"
"4710","20","300","20","community","covar","covar_4","PLN_ZIvar","BIC","0.16","0.60535","0.34186792841782","0.383","0.6","0.08","0.141","2.23423862457275"
"4711","21","300","20","community","covar","covar_4","PLN","BIC","0.2","0.49388","0.308976146439659","0.491","0.467","0.075","0.13","0.814827919006348"
"4712","21","300","20","community","covar","covar_4","ZIPLN","BIC","0.08","0.9016885","0.599028065552573","0.04","0.733","0.611","0.667","2.38470077514648"
"4713","21","300","20","community","covar","covar_4","PLN_ZIvar","BIC","0.19","0.4833225","0.345441945882393","0.286","0.4","0.107","0.169","1.90200781822205"
"4714","22","300","20","community","covar","covar_4","PLN","BIC","0.15","0.569","0.276273334735313","0.356","0.5","0.072","0.127","2.9651575088501"
"4715","22","300","20","community","covar","covar_4","ZIPLN","BIC","0.05","0.8882","0.550207478542983","0.017","0.7","0.7","0.7","1.7386155128479"
"4716","22","300","20","community","covar","covar_4","PLN_ZIvar","BIC","0.14","0.42015","0.364251641825829","0.25","0.2","0.043","0.07","2.45197200775146"
"4717","23","300","20","community","covar","covar_4","PLN","BIC","0.17","0.38455","0.283443964543831","0.517","0.3","0.031","0.057","0.968053340911865"
"4718","23","300","20","community","covar","covar_4","ZIPLN","BIC","0.07","0.87145","0.596526963713077","0","0",NA,"0","1.94843363761902"
"4719","23","300","20","community","covar","covar_4","PLN_ZIvar","BIC","0.17","0.47255","0.354335019913414","0.411","0.4","0.051","0.091","1.42984986305237"
"4720","24","300","20","community","covar","covar_4","PLN","BIC","0.18","0.4745","0.259000053563217","0.606","0.6","0.078","0.138","1.36207866668701"
"4721","24","300","20","community","covar","covar_4","ZIPLN","BIC","0.08","0.7190125","0.566824745947708","0","0.133","1","0.235","2.15132856369019"
"4722","24","300","20","community","covar","covar_4","PLN_ZIvar","BIC","0.17","0.5569165","0.351070619424932","0.234","0.333","0.109","0.164","2.69635844230652"
"4723","25","300","20","community","covar","covar_4","PLN","BIC","0.16","0.720537","0.3442910978976","0.607","0.833","0.085","0.154","0.783356904983521"
"4724","25","300","20","community","covar","covar_4","ZIPLN","BIC","0.07","0.9190635","0.586491845637391","0","0.333","1","0.5","2.05677461624146"
"4725","25","300","20","community","covar","covar_4","PLN_ZIvar","BIC","0.16","0.668452","0.358971887048421","0.202","0.583","0.163","0.255","2.38302206993103"
"4726","26","300","20","community","covar","covar_4","PLN","BIC","0.15","0.533761","0.293748432442803","0.39","0.385","0.068","0.115","1.67313504219055"
"4727","26","300","20","community","covar","covar_4","ZIPLN","BIC","0.07","0.8192295","0.562527433771706","0","0",NA,"0","1.50948309898376"
"4728","26","300","20","community","covar","covar_4","PLN_ZIvar","BIC","0.14","0.59857","0.364190468494411","0.249","0.462","0.12","0.19","2.20074224472046"
"4729","27","300","20","community","covar","covar_4","PLN","BIC","0.18","0.4477255","0.296879355443517","0.65","0.615","0.065","0.118","3.1449408531189"
"4730","27","300","20","community","covar","covar_4","ZIPLN","BIC","0.09","0.874966","0.576429053961396","0","0",NA,"0","1.44382905960083"
"4731","27","300","20","community","covar","covar_4","PLN_ZIvar","BIC","0.18","0.471009","0.350493112245883","0.486","0.385","0.055","0.096","1.04217982292175"
"4732","28","300","20","community","covar","covar_4","PLN","BIC","0.17","0.448375","0.259010654371773","0.5","0.5","0.042","0.078","3.29460382461548"
"4733","28","300","20","community","covar","covar_4","ZIPLN","BIC","0.08","0.740125","0.561506414117274","0","0",NA,"0","1.09677982330322"
"4734","28","300","20","community","covar","covar_4","PLN_ZIvar","BIC","0.16","0.4698125","0.356100017623568","0.39","0.375","0.041","0.073","1.5913188457489"
"4735","29","300","20","community","covar","covar_4","PLN","BIC","0.18","0.5124905","0.273715456964653","0.477","0.5","0.077","0.133","1.28193831443787"
"4736","29","300","20","community","covar","covar_4","ZIPLN","BIC","0.07","0.7713765","0.612309022308415","0","0",NA,"0","1.48878693580627"
"4737","29","300","20","community","covar","covar_4","PLN_ZIvar","BIC","0.17","0.501604","0.362227098529178","0.324","0.357","0.081","0.132","1.39460420608521"
"4738","30","300","20","community","covar","covar_4","PLN","BIC","0.18","0.286271","0.344631998211479","0.514","0.154","0.022","0.038","0.892032861709595"
"4739","30","300","20","community","covar","covar_4","ZIPLN","BIC","0.08","0.7988085","0.632101279243677","0","0.077","1","0.143","2.19366335868835"
"4740","30","300","20","community","covar","covar_4","PLN_ZIvar","BIC","0.18","0.2897525","0.358731059423629","0.107","0","0","0","2.14361310005188"
"4741","1","300","50","community","covar","covar_4","PLN","BIC","0.21","0.518403","0.257398430795104","0.357","0.307","0.072","0.116","23.1617066860199"
"4742","1","300","50","community","covar","covar_4","ZIPLN","BIC","0.12","0.806245","0.679750564497081","0","0",NA,"0","8.5917387008667"
"4743","1","300","50","community","covar","covar_4","PLN_ZIvar","BIC","0.21","0.5672715","0.339528554011532","0","0",NA,"0","28.584011554718"
"4744","2","300","50","community","covar","covar_4","PLN","BIC","0.18","0.524994","0.288316920778048","0.326","0.337","0.07","0.116","27.3592715263367"
"4745","2","300","50","community","covar","covar_4","ZIPLN","BIC","0.1","0.7811015","0.682117175823778","0","0",NA,"0","5.51433634757996"
"4746","2","300","50","community","covar","covar_4","PLN_ZIvar","BIC","0.17","0.5251475","0.364539134002683","0","0",NA,"0","16.6682939529419"
"4747","3","300","50","community","covar","covar_4","PLN","BIC","0.19","0.494842","0.277480025178196","0.362","0.308","0.064","0.106","25.6908037662506"
"4748","3","300","50","community","covar","covar_4","ZIPLN","BIC","0.11","0.7935495","0.677562419786359","0","0",NA,"0","6.09138774871826"
"4749","3","300","50","community","covar","covar_4","PLN_ZIvar","BIC","0.19","0.533538","0.346168342440738","0","0",NA,"0","23.5977058410645"
"4750","4","300","50","community","covar","covar_4","PLN","BIC","0.17","0.472225","0.26351810256475","0.381","0.353","0.052","0.09","26.447046995163"
"4751","4","300","50","community","covar","covar_4","ZIPLN","BIC","0.09","0.821501","0.631989251120245","0","0",NA,"0","8.29944372177124"
"4752","4","300","50","community","covar","covar_4","PLN_ZIvar","BIC","0.17","0.4963665","0.33724396647154","0.002","0","0","0","28.9430174827576"
"4753","5","300","50","community","covar","covar_4","PLN","BIC","0.19","0.4998375","0.267244469425388","0.376","0.376","0.069","0.117","26.3826365470886"
"4754","5","300","50","community","covar","covar_4","ZIPLN","BIC","0.11","0.8324595","0.679538132580159","0","0",NA,"0","8.22946548461914"
"4755","5","300","50","community","covar","covar_4","PLN_ZIvar","BIC","0.19","0.508116","0.365878593060294","0","0",NA,"0","23.3684010505676"
"4756","6","300","50","community","covar","covar_4","PLN","BIC","0.17","0.5313205","0.282149216753421","0.338","0.362","0.06","0.103","29.306437253952"
"4757","6","300","50","community","covar","covar_4","ZIPLN","BIC","0.09","0.7845505","0.660077756238183","0","0",NA,"0","5.83742904663086"
"4758","6","300","50","community","covar","covar_4","PLN_ZIvar","BIC","0.17","0.5069445","0.356026433772377","0","0",NA,"0","27.9559512138367"
"4759","7","300","50","community","covar","covar_4","PLN","BIC","0.18","0.523583","0.263125772299648","0.393","0.39","0.067","0.114","22.3496429920197"
"4760","7","300","50","community","covar","covar_4","ZIPLN","BIC","0.11","0.811279","0.629727323409528","0","0",NA,"0","9.10721063613892"
"4761","7","300","50","community","covar","covar_4","PLN_ZIvar","BIC","0.18","0.562286","0.338929425039515","0","0",NA,"0","23.8497939109802"
"4762","8","300","50","community","covar","covar_4","PLN","BIC","0.18","0.482659","0.295011807301097","0.355","0.293","0.051","0.087","21.4666650295258"
"4763","8","300","50","community","covar","covar_4","ZIPLN","BIC","0.1","0.82723","0.683262673144137","0.008","0.24","0.667","0.353","6.12024307250977"
"4764","8","300","50","community","covar","covar_4","PLN_ZIvar","BIC","0.18","0.504997","0.361717160005675","0","0",NA,"0","15.7998592853546"
"4765","9","300","50","community","covar","covar_4","PLN","BIC","0.2","0.525644","0.26278463604556","0.319","0.255","0.065","0.104","23.9899244308472"
"4766","9","300","50","community","covar","covar_4","ZIPLN","BIC","0.12","0.7757765","0.671978610184436","0","0.02","1","0.04","8.84704875946045"
"4767","9","300","50","community","covar","covar_4","PLN_ZIvar","BIC","0.2","0.6157565","0.34592909061991","0","0",NA,"0","23.8993079662323"
"4768","10","300","50","community","covar","covar_4","PLN","BIC","0.19","0.4790225","0.268284829198004","0.372","0.344","0.073","0.12","27.9308412075043"
"4769","10","300","50","community","covar","covar_4","ZIPLN","BIC","0.1","0.7856415","0.693361127608093","0","0",NA,"0","7.02442932128906"
"4770","10","300","50","community","covar","covar_4","PLN_ZIvar","BIC","0.19","0.4640885","0.342854523920065","0","0",NA,"0","24.665491104126"
"4771","11","300","50","community","covar","covar_4","PLN","BIC","0.18","0.5328005","0.263964633129444","0.346","0.41","0.075","0.126","27.6310298442841"
"4772","11","300","50","community","covar","covar_4","ZIPLN","BIC","0.09","0.7791335","0.691988983633178","0","0",NA,"0","6.49874496459961"
"4773","11","300","50","community","covar","covar_4","PLN_ZIvar","BIC","0.17","0.531964","0.347886390556291","0","0",NA,"0","21.5827600955963"
"4774","12","300","50","community","covar","covar_4","PLN","BIC","0.2","0.517443","0.303496248543033","0.3","0.245","0.064","0.101","27.1659319400787"
"4775","12","300","50","community","covar","covar_4","ZIPLN","BIC","0.11","0.7831275","0.710071213797531","0","0",NA,"0","9.29740381240845"
"4776","12","300","50","community","covar","covar_4","PLN_ZIvar","BIC","0.19","0.503595","0.374215758706971","0.004","0","0","0","21.2705175876617"
"4777","13","300","50","community","covar","covar_4","PLN","BIC","0.18","0.5223905","0.271859867778337","0.226","0.25","0.075","0.116","21.2426671981812"
"4778","13","300","50","community","covar","covar_4","ZIPLN","BIC","0.1","0.827081","0.62336529969189","0.015","0.381","0.653","0.481","9.74244165420532"
"4779","13","300","50","community","covar","covar_4","PLN_ZIvar","BIC","0.17","0.5356205","0.344419305651143","0","0",NA,"0","22.4994013309479"
"4780","14","300","50","community","covar","covar_4","PLN","BIC","0.16","0.465195","0.255437614970852","0.407","0.275","0.039","0.068","22.3534073829651"
"4781","14","300","50","community","covar","covar_4","ZIPLN","BIC","0.09","0.81526","0.641470752918315","0","0",NA,"0","6.72236037254333"
"4782","14","300","50","community","covar","covar_4","PLN_ZIvar","BIC","0.16","0.531689","0.325479476733103","0","0",NA,"0","25.6993415355682"
"4783","15","300","50","community","covar","covar_4","PLN","BIC","0.16","0.5468095","0.303774404453543","0.388","0.443","0.065","0.113","22.693302154541"
"4784","15","300","50","community","covar","covar_4","ZIPLN","BIC","0.08","0.777314","0.635372936304462","0.027","0.429","0.492","0.458","7.94808197021484"
"4785","15","300","50","community","covar","covar_4","PLN_ZIvar","BIC","0.16","0.5965725","0.364900467244054","0","0",NA,"0","20.9593572616577"
"4786","16","300","50","community","covar","covar_4","PLN","BIC","0.19","0.5262555","0.303632627078801","0.349","0.43","0.085","0.142","23.6246554851532"
"4787","16","300","50","community","covar","covar_4","ZIPLN","BIC","0.1","0.7698335","0.716394472495883","0","0",NA,"0","7.99697470664978"
"4788","16","300","50","community","covar","covar_4","PLN_ZIvar","BIC","0.18","0.524071","0.374408088513967","0","0",NA,"0","20.1058769226074"
"4789","17","300","50","community","covar","covar_4","PLN","BIC","0.2","0.512324","0.28299269333143","0.382","0.375","0.071","0.119","28.5744404792786"
"4790","17","300","50","community","covar","covar_4","ZIPLN","BIC","0.11","0.8141085","0.688115574987075","0","0.011","1","0.022","5.62306666374207"
"4791","17","300","50","community","covar","covar_4","PLN_ZIvar","BIC","0.19","0.517388","0.360918930536398","0","0",NA,"0","18.1090357303619"
"4792","18","300","50","community","covar","covar_4","PLN","BIC","0.18","0.5025405","0.272637566286088","0.332","0.346","0.069","0.115","21.7906985282898"
"4793","18","300","50","community","covar","covar_4","ZIPLN","BIC","0.1","0.787002","0.685116872568445","0","0",NA,"0","8.14156556129456"
"4794","18","300","50","community","covar","covar_4","PLN_ZIvar","BIC","0.18","0.5112925","0.349862072398973","0","0",NA,"0","25.288450717926"
"4795","19","300","50","community","covar","covar_4","PLN","BIC","0.19","0.453698","0.289167443810882","0.298","0.235","0.056","0.09","24.172061920166"
"4796","19","300","50","community","covar","covar_4","ZIPLN","BIC","0.1","0.7600135","0.683536910609588","0","0",NA,"0","8.48307919502258"
"4797","19","300","50","community","covar","covar_4","PLN_ZIvar","BIC","0.18","0.507572","0.358228989969094","0","0",NA,"0","17.603059053421"
"4798","20","300","50","community","covar","covar_4","PLN","BIC","0.18","0.5713015","0.285920175753257","0.334","0.38","0.065","0.112","23.0468962192535"
"4799","20","300","50","community","covar","covar_4","ZIPLN","BIC","0.09","0.798457","0.662835929359244","0.014","0.31","0.579","0.404","7.85657525062561"
"4800","20","300","50","community","covar","covar_4","PLN_ZIvar","BIC","0.17","0.5935805","0.352595521145458","0","0",NA,"0","22.0267903804779"
"4801","21","300","50","community","covar","covar_4","PLN","BIC","0.17","0.49574","0.280257161243935","0.305","0.28","0.056","0.094","21.5714392662048"
"4802","21","300","50","community","covar","covar_4","ZIPLN","BIC","0.1","0.8482405","0.638454198903362","0","0.027","1","0.052","8.24075174331665"
"4803","21","300","50","community","covar","covar_4","PLN_ZIvar","BIC","0.17","0.4960425","0.346380996864766","0","0",NA,"0","20.7851364612579"
"4804","22","300","50","community","covar","covar_4","PLN","BIC","0.2","0.547785","0.275063591847113","0.348","0.419","0.09","0.148","26.366468667984"
"4805","22","300","50","community","covar","covar_4","ZIPLN","BIC","0.11","0.8394635","0.697950143823694","0","0",NA,"0","5.2183313369751"
"4806","22","300","50","community","covar","covar_4","PLN_ZIvar","BIC","0.19","0.550672","0.344982345015298","0","0",NA,"0","26.5633254051208"
"4807","23","300","50","community","covar","covar_4","PLN","BIC","0.16","0.473129","0.255583798795403","0.335","0.286","0.044","0.077","17.893488407135"
"4808","23","300","50","community","covar","covar_4","ZIPLN","BIC","0.08","0.864573","0.666780256744042","0","0.016","1","0.031","5.68299508094788"
"4809","23","300","50","community","covar","covar_4","PLN_ZIvar","BIC","0.15","0.513593","0.338113813926722","0","0",NA,"0","24.2806777954102"
"4810","24","300","50","community","covar","covar_4","PLN","BIC","0.18","0.5018085","0.263846713917009","0.308","0.333","0.079","0.128","18.7155830860138"
"4811","24","300","50","community","covar","covar_4","ZIPLN","BIC","0.1","0.818041","0.665036462884228","0","0",NA,"0","8.174880027771"
"4812","24","300","50","community","covar","covar_4","PLN_ZIvar","BIC","0.18","0.4952175","0.342180804876497","0","0",NA,"0","23.7051513195038"
"4813","25","300","50","community","covar","covar_4","PLN","BIC","0.18","0.508507","0.260370613296278","0.372","0.358","0.064","0.108","20.6795423030853"
"4814","25","300","50","community","covar","covar_4","ZIPLN","BIC","0.1","0.756216","0.67608444135739","0","0",NA,"0","7.52405023574829"
"4815","25","300","50","community","covar","covar_4","PLN_ZIvar","BIC","0.18","0.532187","0.333480066941655","0.001","0","0","0","27.4113965034485"
"4816","26","300","50","community","covar","covar_4","PLN","BIC","0.19","0.492297","0.272249520912444","0.336","0.316","0.073","0.119","19.8165740966797"
"4817","26","300","50","community","covar","covar_4","ZIPLN","BIC","0.11","0.765942","0.614001176060588","0.017","0.189","0.486","0.273","5.47931957244873"
"4818","26","300","50","community","covar","covar_4","PLN_ZIvar","BIC","0.19","0.5469165","0.35992859486023","0","0",NA,"0","20.3945243358612"
"4819","27","300","50","community","covar","covar_4","PLN","BIC","0.19","0.524404","0.272090250007551","0.352","0.372","0.074","0.123","28.8202521800995"
"4820","27","300","50","community","covar","covar_4","ZIPLN","BIC","0.11","0.757709","0.644534719585479","0","0",NA,"0","4.39622044563293"
"4821","27","300","50","community","covar","covar_4","PLN_ZIvar","BIC","0.18","0.5317925","0.33367063503747","0","0",NA,"0","17.956799030304"
"4822","28","300","50","community","covar","covar_4","PLN","BIC","0.17","0.4832095","0.25123957143966","0.348","0.35","0.066","0.11","20.6712734699249"
"4823","28","300","50","community","covar","covar_4","ZIPLN","BIC","0.09","0.781085","0.632153097456937","0","0",NA,"0","4.31709218025208"
"4824","28","300","50","community","covar","covar_4","PLN_ZIvar","BIC","0.17","0.5614405","0.317341851652935","0","0",NA,"0","18.5117638111115"
"4825","29","300","50","community","covar","covar_4","PLN","BIC","0.18","0.4955545","0.247068524093148","0.375","0.357","0.066","0.111","55.2973144054413"
"4826","29","300","50","community","covar","covar_4","ZIPLN","BIC","0.11","0.81721","0.620507702509216","0","0",NA,"0","5.03627896308899"
"4827","29","300","50","community","covar","covar_4","PLN_ZIvar","BIC","0.17","0.5456555","0.34151381801886","0","0",NA,"0","13.777824640274"
"4828","30","300","50","community","covar","covar_4","PLN","BIC","0.18","0.5219015","0.286394939374714","0.325","0.329","0.065","0.109","26.3960223197937"
"4829","30","300","50","community","covar","covar_4","ZIPLN","BIC","0.1","0.8033195","0.680347543767533","0","0",NA,"0","8.09572243690491"
"4830","30","300","50","community","covar","covar_4","PLN_ZIvar","BIC","0.17","0.518033","0.354599403587703","0","0",NA,"0","23.5411357879639"
"4831","1","300","20","preferential_attachment","covar","covar_4","PLN","BIC","0.23","0.49866","0.265509966957169","0.485","0.474","0.098","0.162","2.98021817207336"
"4832","1","300","20","preferential_attachment","covar","covar_4","ZIPLN","BIC","0.11","0.7383035","0.654024965250459","0","0.053","1","0.1","2.28436326980591"
"4833","1","300","20","preferential_attachment","covar","covar_4","PLN_ZIvar","BIC","0.22","0.518486","0.353128667242854","0","0",NA,"0","3.14241456985474"
"4834","2","300","20","preferential_attachment","covar","covar_4","PLN","BIC","0.21","0.410891","0.237888005444844","0.596","0.421","0.073","0.124","2.42327618598938"
"4835","2","300","20","preferential_attachment","covar","covar_4","ZIPLN","BIC","0.09","0.7465925","0.626447990819987","0","0",NA,"0","2.29077577590942"
"4836","2","300","20","preferential_attachment","covar","covar_4","PLN_ZIvar","BIC","0.2","0.4497865","0.342729905382417","0.275","0.158","0.06","0.087","2.43401551246643"
"4837","3","300","20","preferential_attachment","covar","covar_4","PLN","BIC","0.22","0.4294745","0.251763389666897","0.368","0.158","0.045","0.071","2.5513014793396"
"4838","3","300","20","preferential_attachment","covar","covar_4","ZIPLN","BIC","0.1","0.7458995","0.65271134635612","0.018","0.316","0.667","0.429","3.88943099975586"
"4839","3","300","20","preferential_attachment","covar","covar_4","PLN_ZIvar","BIC","0.21","0.457851","0.350021730295229","0.322","0.263","0.083","0.127","2.55989766120911"
"4840","4","300","20","preferential_attachment","covar","covar_4","PLN","BIC","0.2","0.4667015","0.310321395405518","0.409","0.368","0.091","0.146","1.95369100570679"
"4841","4","300","20","preferential_attachment","covar","covar_4","ZIPLN","BIC","0.1","0.8007415","0.634783603196951","0","0",NA,"0","2.24278903007507"
"4842","4","300","20","preferential_attachment","covar","covar_4","PLN_ZIvar","BIC","0.19","0.5883665","0.391202623019204","0.105","0.053","0.053","0.053","2.71716642379761"
"4843","5","300","20","preferential_attachment","covar","covar_4","PLN","BIC","0.21","0.5086375","0.28098400261454","0.602","0.737","0.12","0.206","1.71730542182922"
"4844","5","300","20","preferential_attachment","covar","covar_4","ZIPLN","BIC","0.11","0.85706","0.62269696991641","0","0",NA,"0","3.16874122619629"
"4845","5","300","20","preferential_attachment","covar","covar_4","PLN_ZIvar","BIC","0.21","0.391784","0.362641176322052","0.339","0.158","0.049","0.075","2.20665740966797"
"4846","6","300","20","preferential_attachment","covar","covar_4","PLN","BIC","0.25","0.479175","0.287925914254968","0.503","0.526","0.104","0.174","2.1707124710083"
"4847","6","300","20","preferential_attachment","covar","covar_4","ZIPLN","BIC","0.12","0.731273","0.663934270084399","0.006","0.211","0.8","0.333","2.58715796470642"
"4848","6","300","20","preferential_attachment","covar","covar_4","PLN_ZIvar","BIC","0.24","0.53173","0.370515903127101","0.158","0.105","0.069","0.083","2.72001481056213"
"4849","7","300","20","preferential_attachment","covar","covar_4","PLN","BIC","0.21","0.4310925","0.270743635226506","0.632","0.579","0.092","0.159","2.34940433502197"
"4850","7","300","20","preferential_attachment","covar","covar_4","ZIPLN","BIC","0.1","0.883025","0.610123812594712","0.023","0.474","0.692","0.562","1.63099098205566"
"4851","7","300","20","preferential_attachment","covar","covar_4","PLN_ZIvar","BIC","0.21","0.4664815","0.361354604700454","0.327","0.316","0.097","0.148","1.46849298477173"
"4852","8","300","20","preferential_attachment","covar","covar_4","PLN","BIC","0.2","0.3817695","0.333453508135011","0.421","0.211","0.053","0.084","0.818388700485229"
"4853","8","300","20","preferential_attachment","covar","covar_4","ZIPLN","BIC","0.08","0.823734","0.639504849253147","0.006","0.263","0.833","0.4","2.45403909683228"
"4854","8","300","20","preferential_attachment","covar","covar_4","PLN_ZIvar","BIC","0.2","0.301938","0.378392773630042","0.041","0","0","0","1.91226935386658"
"4855","9","300","20","preferential_attachment","covar","covar_4","PLN","BIC","0.25","0.4577655","0.250650375399815","0.614","0.579","0.095","0.163","3.077632188797"
"4856","9","300","20","preferential_attachment","covar","covar_4","ZIPLN","BIC","0.11","0.8235695","0.661795723644336","0","0.158","1","0.273","2.22292280197144"
"4857","9","300","20","preferential_attachment","covar","covar_4","PLN_ZIvar","BIC","0.24","0.4846735","0.353775190077707","0.298","0.316","0.105","0.158","3.00445914268494"
"4858","10","300","20","preferential_attachment","covar","covar_4","PLN","BIC","0.21","0.5181165","0.275170142589178","0.474","0.526","0.11","0.182","2.03669762611389"
"4859","10","300","20","preferential_attachment","covar","covar_4","ZIPLN","BIC","0.11","0.785157","0.601633051338754","0","0",NA,"0","1.35580730438232"
"4860","10","300","20","preferential_attachment","covar","covar_4","PLN_ZIvar","BIC","0.2","0.401562","0.356167912228276","0.374","0.263","0.072","0.114","1.38666319847107"
"4861","11","300","20","preferential_attachment","covar","covar_4","PLN","BIC","0.22","0.4367845","0.265020382409008","0.567","0.474","0.085","0.144","2.77427363395691"
"4862","11","300","20","preferential_attachment","covar","covar_4","ZIPLN","BIC","0.11","0.773201","0.572728470999478","0","0",NA,"0","2.37888693809509"
"4863","11","300","20","preferential_attachment","covar","covar_4","PLN_ZIvar","BIC","0.21","0.4410405","0.349239483318891","0.14","0.158","0.111","0.13","2.15213441848755"
"4864","12","300","20","preferential_attachment","covar","covar_4","PLN","BIC","0.22","0.502144","0.224602252333026","0.462","0.579","0.122","0.202","1.81834125518799"
"4865","12","300","20","preferential_attachment","covar","covar_4","ZIPLN","BIC","0.11","0.717815","0.596283490536594","0","0",NA,"0","2.52804613113403"
"4866","12","300","20","preferential_attachment","covar","covar_4","PLN_ZIvar","BIC","0.21","0.4262925","0.340064992799175","0.439","0.263","0.062","0.101","2.77814221382141"
"4867","13","300","20","preferential_attachment","covar","covar_4","PLN","BIC","0.23","0.3257945","0.266406317874434","0.632","0.316","0.053","0.09","2.62982702255249"
"4868","13","300","20","preferential_attachment","covar","covar_4","ZIPLN","BIC","0.13","0.750056","0.573935512432109","0.006","0.158","0.75","0.261","2.10251235961914"
"4869","13","300","20","preferential_attachment","covar","covar_4","PLN_ZIvar","BIC","0.22","0.3459775","0.366622710620043","0.456","0.211","0.049","0.079","2.58426690101624"
"4870","14","300","20","preferential_attachment","covar","covar_4","PLN","BIC","0.21","0.3541705","0.339210817872572","0.605","0.444","0.071","0.123","1.01131510734558"
"4871","14","300","20","preferential_attachment","covar","covar_4","ZIPLN","BIC","0.11","0.757338","0.614358900890176","0","0.167","1","0.286","2.12109017372131"
"4872","14","300","20","preferential_attachment","covar","covar_4","PLN_ZIvar","BIC","0.2","0.4852195","0.386190950907294","0.18","0","0","0","1.51008176803589"
"4873","15","300","20","preferential_attachment","covar","covar_4","PLN","BIC","0.22","0.4536205","0.258571550422938","0.404","0.368","0.092","0.147","3.03264880180359"
"4874","15","300","20","preferential_attachment","covar","covar_4","ZIPLN","BIC","0.1","0.717376","0.6418039901084","0","0",NA,"0","1.93727540969849"
"4875","15","300","20","preferential_attachment","covar","covar_4","PLN_ZIvar","BIC","0.21","0.4452255","0.361892277644015","0.228","0.263","0.114","0.159","3.15548014640808"
"4876","16","300","20","preferential_attachment","covar","covar_4","PLN","BIC","0.23","0.503445","0.240012439347674","0.591","0.526","0.09","0.154","3.21073508262634"
"4877","16","300","20","preferential_attachment","covar","covar_4","ZIPLN","BIC","0.09","0.6617245","0.652557408415932","0","0",NA,"0","1.85483241081238"
"4878","16","300","20","preferential_attachment","covar","covar_4","PLN_ZIvar","BIC","0.22","0.488501","0.343945239547501","0.474","0.421","0.09","0.148","2.2131609916687"
"4879","17","300","20","preferential_attachment","covar","covar_4","PLN","BIC","0.24","0.4521155","0.245854999806814","0.696","0.684","0.098","0.172","2.22387146949768"
"4880","17","300","20","preferential_attachment","covar","covar_4","ZIPLN","BIC","0.11","0.906979","0.672842471459301","0","0",NA,"0","2.11422777175903"
"4881","17","300","20","preferential_attachment","covar","covar_4","PLN_ZIvar","BIC","0.23","0.4652555","0.346508325905376","0.52","0.526","0.101","0.169","2.50344848632812"
"4882","18","300","20","preferential_attachment","covar","covar_4","PLN","BIC","0.2","0.5139605","0.258398969325893","0.485","0.526","0.108","0.179","3.25832295417786"
"4883","18","300","20","preferential_attachment","covar","covar_4","ZIPLN","BIC","0.1","0.7861715","0.576930877527702","0","0.053","1","0.1","2.03566575050354"
"4884","18","300","20","preferential_attachment","covar","covar_4","PLN_ZIvar","BIC","0.19","0.5291715","0.360772858054743","0.386","0.474","0.12","0.191","2.09718751907349"
"4885","19","300","20","preferential_attachment","covar","covar_4","PLN","BIC","0.23","0.3776175","0.270927558482524","0.749","0.684","0.092","0.162","1.91003584861755"
"4886","19","300","20","preferential_attachment","covar","covar_4","ZIPLN","BIC","0.13","0.7254135","0.595819858127003","0","0",NA,"0","1.3385055065155"
"4887","19","300","20","preferential_attachment","covar","covar_4","PLN_ZIvar","BIC","0.22","0.4512635","0.339892058610642","0.497","0.263","0.056","0.092","1.23115372657776"
"4888","20","300","20","preferential_attachment","covar","covar_4","PLN","BIC","0.23","0.555145","0.23776668620221","0.556","0.579","0.104","0.176","3.91557931900024"
"4889","20","300","20","preferential_attachment","covar","covar_4","ZIPLN","BIC","0.14","0.7564265","0.516189288953383","0","0",NA,"0","2.22028660774231"
"4890","20","300","20","preferential_attachment","covar","covar_4","PLN_ZIvar","BIC","0.22","0.6385205","0.341687239338897","0","0",NA,"0","4.59248948097229"
"4891","21","300","20","preferential_attachment","covar","covar_4","PLN","BIC","0.19","0.48356","0.309315746667781","0.55","0.421","0.078","0.132","0.823122262954712"
"4892","21","300","20","preferential_attachment","covar","covar_4","ZIPLN","BIC","0.1","0.7486355","0.573751770862698","0","0",NA,"0","2.29803848266602"
"4893","21","300","20","preferential_attachment","covar","covar_4","PLN_ZIvar","BIC","0.19","0.4657625","0.367725034604548","0.058","0.053","0.091","0.067","2.75035381317139"
"4894","22","300","20","preferential_attachment","covar","covar_4","PLN","BIC","0.22","0.298201","0.240398720159911","0.673","0.316","0.05","0.086","2.49250841140747"
"4895","22","300","20","preferential_attachment","covar","covar_4","ZIPLN","BIC","0.11","0.8061545","0.583227350858004","0","0",NA,"0","3.86558842658997"
"4896","22","300","20","preferential_attachment","covar","covar_4","PLN_ZIvar","BIC","0.21","0.4173805","0.347455419998258","0.52","0.368","0.073","0.122","2.44323015213013"
"4897","23","300","20","preferential_attachment","covar","covar_4","PLN","BIC","0.25","0.522556","0.293458896672505","0.444","0.421","0.095","0.155","2.18983244895935"
"4898","23","300","20","preferential_attachment","covar","covar_4","ZIPLN","BIC","0.11","0.7374925","0.705140202162231","0","0",NA,"0","2.43551278114319"
"4899","23","300","20","preferential_attachment","covar","covar_4","PLN_ZIvar","BIC","0.24","0.5150225","0.378584361933979","0.099","0.053","0.056","0.054","2.18729496002197"
"4900","24","300","20","preferential_attachment","covar","covar_4","PLN","BIC","0.22","0.450625","0.245325018659052","0.579","0.579","0.1","0.171","1.22770547866821"
"4901","24","300","20","preferential_attachment","covar","covar_4","ZIPLN","BIC","0.11","0.8204455","0.622044154505312","0","0",NA,"0","2.0913782119751"
"4902","24","300","20","preferential_attachment","covar","covar_4","PLN_ZIvar","BIC","0.21","0.515686","0.348200331721057","0.374","0.368","0.099","0.156","1.85737252235413"
"4903","25","300","20","preferential_attachment","covar","covar_4","PLN","BIC","0.2","0.491867","0.284967351621916","0.509","0.421","0.084","0.14","1.73540663719177"
"4904","25","300","20","preferential_attachment","covar","covar_4","ZIPLN","BIC","0.1","0.808108","0.581600265510028","0.006","0.263","0.833","0.4","1.48298931121826"
"4905","25","300","20","preferential_attachment","covar","covar_4","PLN_ZIvar","BIC","0.19","0.51276","0.364189472435759","0.117","0.105","0.091","0.098","1.78969168663025"
"4906","26","300","20","preferential_attachment","covar","covar_4","PLN","BIC","0.21","0.484553","0.334055412323741","0.573","0.579","0.101","0.172","0.874695539474487"
"4907","26","300","20","preferential_attachment","covar","covar_4","ZIPLN","BIC","0.11","0.753359","0.631599575602065","0","0",NA,"0","2.42510175704956"
"4908","26","300","20","preferential_attachment","covar","covar_4","PLN_ZIvar","BIC","0.21","0.458103","0.378575327683697","0.339","0.316","0.094","0.145","2.69425201416016"
"4909","27","300","20","preferential_attachment","covar","covar_4","PLN","BIC","0.2","0.588876","0.249997720528385","0.515","0.579","0.111","0.186","1.83523273468018"
"4910","27","300","20","preferential_attachment","covar","covar_4","ZIPLN","BIC","0.1","0.7863225","0.604940951430404","0","0",NA,"0","1.38434743881226"
"4911","27","300","20","preferential_attachment","covar","covar_4","PLN_ZIvar","BIC","0.19","0.432966","0.361548963461313","0.292","0.263","0.091","0.135","1.33417820930481"
"4912","28","300","20","preferential_attachment","covar","covar_4","PLN","BIC","0.22","0.6089385","0.290016528156438","0.544","0.737","0.131","0.222","0.852159976959229"
"4913","28","300","20","preferential_attachment","covar","covar_4","ZIPLN","BIC","0.12","0.777183","0.625451049767014","0","0",NA,"0","1.77255368232727"
"4914","28","300","20","preferential_attachment","covar","covar_4","PLN_ZIvar","BIC","0.22","0.6512055","0.339964347353536","0.205","0.368","0.167","0.23","3.02480506896973"
"4915","29","300","20","preferential_attachment","covar","covar_4","PLN","BIC","0.21","0.4736015","0.280903561620613","0.45","0.474","0.105","0.171","1.54216003417969"
"4916","29","300","20","preferential_attachment","covar","covar_4","ZIPLN","BIC","0.1","0.88784","0.583363841804534","0.023","0.526","0.714","0.606","2.23208665847778"
"4917","29","300","20","preferential_attachment","covar","covar_4","PLN_ZIvar","BIC","0.2","0.560472","0.345344814380261","0.368","0.474","0.125","0.198","2.72342586517334"
"4918","30","300","20","preferential_attachment","covar","covar_4","PLN","BIC","0.21","0.425457","0.227177025922272","0.614","0.526","0.087","0.149","4.77430987358093"
"4919","30","300","20","preferential_attachment","covar","covar_4","ZIPLN","BIC","0.1","0.7180835","0.571605406689919","0","0.053","1","0.1","1.02541399002075"
"4920","30","300","20","preferential_attachment","covar","covar_4","PLN_ZIvar","BIC","0.2","0.4202245","0.330647665997846","0.474","0.421","0.09","0.148","1.63544631004333"
"4921","1","300","50","preferential_attachment","covar","covar_4","PLN","BIC","0.17","0.505531","0.29112416081634","0.452","0.49","0.043","0.079","26.9614577293396"
"4922","1","300","50","preferential_attachment","covar","covar_4","ZIPLN","BIC","0.08","0.839859","0.706897657256604","0","0",NA,"0","7.4072277545929"
"4923","1","300","50","preferential_attachment","covar","covar_4","PLN_ZIvar","BIC","0.17","0.542575","0.360883481461916","0","0",NA,"0","25.7597906589508"
"4924","2","300","50","preferential_attachment","covar","covar_4","PLN","BIC","0.16","0.513476","0.277966416761277","0.451","0.531","0.047","0.086","26.3570880889893"
"4925","2","300","50","preferential_attachment","covar","covar_4","ZIPLN","BIC","0.08","0.770805","0.694450663361856","0","0.02","1","0.04","7.75145411491394"
"4926","2","300","50","preferential_attachment","covar","covar_4","PLN_ZIvar","BIC","0.16","0.5381885","0.353864912057128","0","0",NA,"0","25.42178606987"
"4927","3","300","50","preferential_attachment","covar","covar_4","PLN","BIC","0.18","0.468095","0.254700561955456","0.379","0.388","0.041","0.074","25.508127450943"
"4928","3","300","50","preferential_attachment","covar","covar_4","ZIPLN","BIC","0.07","0.762746","0.736212862891969","0","0.122","1","0.218","6.95180726051331"
"4929","3","300","50","preferential_attachment","covar","covar_4","PLN_ZIvar","BIC","0.17","0.518559","0.342227496066335","0","0",NA,"0","24.7579991817474"
"4930","4","300","50","preferential_attachment","covar","covar_4","PLN","BIC","0.18","0.462334","0.279717323378664","0.474","0.449","0.038","0.07","25.8370935916901"
"4931","4","300","50","preferential_attachment","covar","covar_4","ZIPLN","BIC","0.08","0.8482345","0.731635307413067","0","0",NA,"0","6.84508228302002"
"4932","4","300","50","preferential_attachment","covar","covar_4","PLN_ZIvar","BIC","0.18","0.4919745","0.337444117090125","0","0",NA,"0","24.2538175582886"
"4933","5","300","50","preferential_attachment","covar","covar_4","PLN","BIC","0.17","0.5102985","0.254195134161467","0.375","0.388","0.041","0.075","28.7892098426819"
"4934","5","300","50","preferential_attachment","covar","covar_4","ZIPLN","BIC","0.08","0.805474","0.68774668907861","0","0.061","1","0.115","5.06331968307495"
"4935","5","300","50","preferential_attachment","covar","covar_4","PLN_ZIvar","BIC","0.16","0.5405755","0.341259693148703","0","0",NA,"0","24.075211763382"
"4936","6","300","50","preferential_attachment","covar","covar_4","PLN","BIC","0.17","0.4439245","0.280757808531948","0.356","0.224","0.026","0.046","21.9500148296356"
"4937","6","300","50","preferential_attachment","covar","covar_4","ZIPLN","BIC","0.07","0.8232495","0.72804717788421","0","0.02","1","0.04","6.80081295967102"
"4938","6","300","50","preferential_attachment","covar","covar_4","PLN_ZIvar","BIC","0.16","0.5122595","0.352788142556836","0","0",NA,"0","24.6764464378357"
"4939","7","300","50","preferential_attachment","covar","covar_4","PLN","BIC","0.17","0.4633095","0.265491117002193","0.361","0.327","0.036","0.065","25.8688502311707"
"4940","7","300","50","preferential_attachment","covar","covar_4","ZIPLN","BIC","0.07","0.7753555","0.727347600766757","0","0.041","1","0.078","4.58035230636597"
"4941","7","300","50","preferential_attachment","covar","covar_4","PLN_ZIvar","BIC","0.17","0.588805","0.341849142566663","0","0",NA,"0","30.5482382774353"
"4942","8","300","50","preferential_attachment","covar","covar_4","PLN","BIC","0.15","0.5601585","0.287887569501998","0.332","0.449","0.053","0.095","18.3144679069519"
"4943","8","300","50","preferential_attachment","covar","covar_4","ZIPLN","BIC","0.08","0.822131","0.629764111789511","0.002","0.204","0.833","0.328","8.92997121810913"
"4944","8","300","50","preferential_attachment","covar","covar_4","PLN_ZIvar","BIC","0.15","0.658742","0.353900853683086","0","0",NA,"0","27.1634480953217"
"4945","9","300","50","preferential_attachment","covar","covar_4","PLN","BIC","0.18","0.456498","0.274189349281045","0.338","0.184","0.022","0.04","24.8960897922516"
"4946","9","300","50","preferential_attachment","covar","covar_4","ZIPLN","BIC","0.07","0.7597305","0.756626789981366","0","0",NA,"0","5.21771669387817"
"4947","9","300","50","preferential_attachment","covar","covar_4","PLN_ZIvar","BIC","0.17","0.517009","0.362793450140589","0","0",NA,"0","16.4282031059265"
"4948","10","300","50","preferential_attachment","covar","covar_4","PLN","BIC","0.16","0.4846735","0.260433909455153","0.357","0.347","0.039","0.07","28.3610758781433"
"4949","10","300","50","preferential_attachment","covar","covar_4","ZIPLN","BIC","0.07","0.880457","0.666302116787736","0","0",NA,"0","7.29972648620605"
"4950","10","300","50","preferential_attachment","covar","covar_4","PLN_ZIvar","BIC","0.15","0.5449645","0.344261819256104","0","0",NA,"0","26.9874908924103"
"4951","11","300","50","preferential_attachment","covar","covar_4","PLN","BIC","0.15","0.4856145","0.277502251121039","0.399","0.388","0.039","0.071","25.3579216003418"
"4952","11","300","50","preferential_attachment","covar","covar_4","ZIPLN","BIC","0.07","0.8335285","0.655327992046278","0","0.143","1","0.25","5.5540337562561"
"4953","11","300","50","preferential_attachment","covar","covar_4","PLN_ZIvar","BIC","0.14","0.5088435","0.349460048965228","0","0",NA,"0","21.0531044006348"
"4954","12","300","50","preferential_attachment","covar","covar_4","PLN","BIC","0.18","0.511039","0.271533880215136","0.33","0.245","0.03","0.053","28.5402898788452"
"4955","12","300","50","preferential_attachment","covar","covar_4","ZIPLN","BIC","0.08","0.72641","0.73851742758994","0","0",NA,"0","8.05464625358582"
"4956","12","300","50","preferential_attachment","covar","covar_4","PLN_ZIvar","BIC","0.17","0.522153","0.349833495113866","0","0",NA,"0","22.551956653595"
"4957","13","300","50","preferential_attachment","covar","covar_4","PLN","BIC","0.15","0.5174055","0.263928817945335","0.384","0.408","0.042","0.077","30.4460110664368"
"4958","13","300","50","preferential_attachment","covar","covar_4","ZIPLN","BIC","0.08","0.852577","0.664111618096478","0","0",NA,"0","7.13816690444946"
"4959","13","300","50","preferential_attachment","covar","covar_4","PLN_ZIvar","BIC","0.15","0.48364","0.335437218412663","0","0",NA,"0","22.6184103488922"
"4960","14","300","50","preferential_attachment","covar","covar_4","PLN","BIC","0.16","0.51987","0.280691802436908","0.407","0.408","0.04","0.073","25.6292150020599"
"4961","14","300","50","preferential_attachment","covar","covar_4","ZIPLN","BIC","0.08","0.860121","0.701809559176931","0","0",NA,"0","7.7892370223999"
"4962","14","300","50","preferential_attachment","covar","covar_4","PLN_ZIvar","BIC","0.16","0.534381","0.366312087822545","0","0",NA,"0","25.1336758136749"
"4963","15","300","50","preferential_attachment","covar","covar_4","PLN","BIC","0.15","0.5562425","0.301455352982887","0.406","0.51","0.05","0.091","21.0628936290741"
"4964","15","300","50","preferential_attachment","covar","covar_4","ZIPLN","BIC","0.08","0.864679","0.673995383988735","0.003","0.367","0.857","0.514","8.79334211349487"
"4965","15","300","50","preferential_attachment","covar","covar_4","PLN_ZIvar","BIC","0.15","0.572048","0.365991025065297","0","0",NA,"0","18.5534081459045"
"4966","16","300","50","preferential_attachment","covar","covar_4","PLN","BIC","0.18","0.4377275","0.286286502369443","0.419","0.327","0.031","0.057","24.9206590652466"
"4967","16","300","50","preferential_attachment","covar","covar_4","ZIPLN","BIC","0.08","0.844227","0.73648417035651","0","0",NA,"0","8.34043002128601"
"4968","16","300","50","preferential_attachment","covar","covar_4","PLN_ZIvar","BIC","0.17","0.490086","0.374307298289578","0","0",NA,"0","21.7730386257172"
"4969","17","300","50","preferential_attachment","covar","covar_4","PLN","BIC","0.15","0.5258905","0.289688067518844","0.36","0.429","0.047","0.085","25.996107339859"
"4970","17","300","50","preferential_attachment","covar","covar_4","ZIPLN","BIC","0.08","0.806167","0.648676403055038","0","0.061","1","0.115","9.14568018913269"
"4971","17","300","50","preferential_attachment","covar","covar_4","PLN_ZIvar","BIC","0.14","0.5861795","0.348376224005687","0","0",NA,"0","24.3265192508698"
"4972","18","300","50","preferential_attachment","covar","covar_4","PLN","BIC","0.16","0.471186","0.269483748222539","0.412","0.388","0.038","0.069","24.4031229019165"
"4973","18","300","50","preferential_attachment","covar","covar_4","ZIPLN","BIC","0.08","0.8221075","0.684832860350148","0","0",NA,"0","7.42678260803223"
"4974","18","300","50","preferential_attachment","covar","covar_4","PLN_ZIvar","BIC","0.16","0.538996","0.34115373212354","0","0",NA,"0","30.5249924659729"
"4975","19","300","50","preferential_attachment","covar","covar_4","PLN","BIC","0.15","0.495131","0.274679951072406","0.326","0.367","0.045","0.08","28.002094745636"
"4976","19","300","50","preferential_attachment","covar","covar_4","ZIPLN","BIC","0.07","0.797205","0.684756216163689","0","0",NA,"0","7.54546284675598"
"4977","19","300","50","preferential_attachment","covar","covar_4","PLN_ZIvar","BIC","0.15","0.4912845","0.325603390707957","0.001","0","0","0","26.4456233978271"
"4978","20","300","50","preferential_attachment","covar","covar_4","PLN","BIC","0.16","0.4991725","0.313848447469208","0.287","0.306","0.042","0.075","19.7994904518127"
"4979","20","300","50","preferential_attachment","covar","covar_4","ZIPLN","BIC","0.08","0.832933","0.729159461951863","0","0",NA,"0","8.62867593765259"
"4980","20","300","50","preferential_attachment","covar","covar_4","PLN_ZIvar","BIC","0.15","0.5170845","0.389103423822178","0","0",NA,"0","18.5709698200226"
"4981","21","300","50","preferential_attachment","covar","covar_4","PLN","BIC","0.17","0.554456","0.277885379845049","0.433","0.531","0.049","0.089","28.1449761390686"
"4982","21","300","50","preferential_attachment","covar","covar_4","ZIPLN","BIC","0.08","0.8061335","0.716095990886785","0","0",NA,"0","6.77120351791382"
"4983","21","300","50","preferential_attachment","covar","covar_4","PLN_ZIvar","BIC","0.17","0.554219","0.340419689661243","0","0",NA,"0","25.3384261131287"
"4984","22","300","50","preferential_attachment","covar","covar_4","PLN","BIC","0.18","0.410733","0.249188935379235","0.362","0.224","0.025","0.045","30.9062147140503"
"4985","22","300","50","preferential_attachment","covar","covar_4","ZIPLN","BIC","0.08","0.7880485","0.704436026850931","0","0",NA,"0","7.21601510047913"
"4986","22","300","50","preferential_attachment","covar","covar_4","PLN_ZIvar","BIC","0.17","0.5347685","0.33776081100161","0","0",NA,"0","26.8005390167236"
"4987","23","300","50","preferential_attachment","covar","covar_4","PLN","BIC","0.16","0.585187","0.296679601711051","0.353","0.438","0.048","0.087","27.5733590126038"
"4988","23","300","50","preferential_attachment","covar","covar_4","ZIPLN","BIC","0.07","0.721038","0.726548717037998","0","0",NA,"0","7.20261478424072"
"4989","23","300","50","preferential_attachment","covar","covar_4","PLN_ZIvar","BIC","0.16","0.626126","0.370768064445749","0","0",NA,"0","22.4642205238342"
"4990","24","300","50","preferential_attachment","covar","covar_4","PLN","BIC","0.17","0.494614","0.272384272688766","0.434","0.408","0.038","0.069","27.1402533054352"
"4991","24","300","50","preferential_attachment","covar","covar_4","ZIPLN","BIC","0.08","0.771066","0.680811764296193","0","0",NA,"0","5.96361541748047"
"4992","24","300","50","preferential_attachment","covar","covar_4","PLN_ZIvar","BIC","0.16","0.5154225","0.358366708734526","0","0",NA,"0","20.4817054271698"
"4993","25","300","50","preferential_attachment","covar","covar_4","PLN","BIC","0.18","0.489658","0.253862011098959","0.369","0.347","0.038","0.068","24.8311557769775"
"4994","25","300","50","preferential_attachment","covar","covar_4","ZIPLN","BIC","0.07","0.8487865","0.741998625451328","0","0",NA,"0","4.12439918518066"
"4995","25","300","50","preferential_attachment","covar","covar_4","PLN_ZIvar","BIC","0.17","0.4918655","0.346517397660009","0","0",NA,"0","20.4233906269073"
"4996","26","300","50","preferential_attachment","covar","covar_4","PLN","BIC","0.14","0.484212","0.257707573163334","0.338","0.286","0.034","0.061","29.1515820026398"
"4997","26","300","50","preferential_attachment","covar","covar_4","ZIPLN","BIC","0.08","0.8208855","0.600862925064167","0","0",NA,"0","7.58249974250793"
"4998","26","300","50","preferential_attachment","covar","covar_4","PLN_ZIvar","BIC","0.14","0.557584","0.339134704460263","0","0",NA,"0","21.7243559360504"
"4999","27","300","50","preferential_attachment","covar","covar_4","PLN","BIC","0.19","0.446683","0.253921366108967","0.372","0.327","0.035","0.064","1.00483500957489"
"5000","27","300","50","preferential_attachment","covar","covar_4","ZIPLN","BIC","0.09","0.81925","0.698428242719946","0.002","0.102","0.714","0.179","4.49077320098877"
"5001","27","300","50","preferential_attachment","covar","covar_4","PLN_ZIvar","BIC","0.18","0.5676115","0.32927773361344","0","0",NA,"0","21.4849243164062"
"5002","28","300","50","preferential_attachment","covar","covar_4","PLN","BIC","0.17","0.5063235","0.289526962075661","0.451","0.571","0.05","0.092","26.3091816902161"
"5003","28","300","50","preferential_attachment","covar","covar_4","ZIPLN","BIC","0.07","0.7861345","0.720588887843453","0","0.02","1","0.04","3.89485335350037"
"5004","28","300","50","preferential_attachment","covar","covar_4","PLN_ZIvar","BIC","0.17","0.5435885","0.354574013337772","0","0",NA,"0","24.6299161911011"
"5005","29","300","50","preferential_attachment","covar","covar_4","PLN","BIC","0.16","0.481002","0.286534029833452","0.429","0.469","0.044","0.08","26.3630411624908"
"5006","29","300","50","preferential_attachment","covar","covar_4","ZIPLN","BIC","0.08","0.8802685","0.674780499836093","0","0",NA,"0","7.3432924747467"
"5007","29","300","50","preferential_attachment","covar","covar_4","PLN_ZIvar","BIC","0.16","0.535861","0.347410115874717","0","0",NA,"0","24.2184920310974"
"5008","30","300","50","preferential_attachment","covar","covar_4","PLN","BIC","0.18","0.5354905","0.2649754803661","0.358","0.367","0.041","0.074","25.7094326019287"
"5009","30","300","50","preferential_attachment","covar","covar_4","ZIPLN","BIC","0.08","0.8034905","0.776533030788239","0","0",NA,"0","4.47143149375916"
"5010","30","300","50","preferential_attachment","covar","covar_4","PLN_ZIvar","BIC","0.18","0.5321225","0.355116327295157","0","0",NA,"0","23.8270771503448"
