"","simu","n","p","omega_structure","zi_type","zi_config","method","criterion","omega_rmse","AUC","rmse_fit","fallout","recall","precision","f1_score","time"
"1","1","300","20","erdos_renyi","sites","sites_1","PLN","BIC","0.04","0.8404","0.604568879702659","0.016","0.8","0.571","0.667","2.12405467033386"
"2","1","300","20","erdos_renyi","sites","sites_1","ZIPLN","BIC","0.03","0.8233","0.6117005645959","0.038","0.8","0.364","0.5","41.2454996109009"
"3","2","300","20","erdos_renyi","sites","sites_1","PLN","BIC","0.06","0.6500565","0.622877291407728","0","0.556","1","0.714","1.28318524360657"
"4","2","300","20","erdos_renyi","sites","sites_1","ZIPLN","BIC","0.05","0.623122","0.636848789843146","0.022","0.556","0.556","0.556","39.6158008575439"
"5","3","300","20","erdos_renyi","sites","sites_1","PLN","BIC","0.04","0.8532","0.615844615552615","0","0",NA,"0","2.05141639709473"
"6","3","300","20","erdos_renyi","sites","sites_1","ZIPLN","BIC","0.04","0.8503","0.63907259194256","0.005","0.6","0.75","0.667","42.2899494171143"
"7","4","300","20","erdos_renyi","sites","sites_1","PLN","BIC","0.07","0.8189485","0.599447151494269","0.006","0.889","0.889","0.889","1.98693060874939"
"8","4","300","20","erdos_renyi","sites","sites_1","ZIPLN","BIC","0.06","0.830226","0.5984733121526","0.006","0.778","0.875","0.824","40.5869145393372"
"9","5","300","20","erdos_renyi","sites","sites_1","PLN","BIC","0.06","0.8101875","0.613585594782033","0","0.5","1","0.667","1.58502078056335"
"10","5","300","20","erdos_renyi","sites","sites_1","ZIPLN","BIC","0.05","0.789","0.625502659269781","0.005","0.75","0.857","0.8","41.5689334869385"
"11","6","300","20","erdos_renyi","sites","sites_1","PLN","BIC","0.07","0.6925","0.631128301915341","0","0.4","1","0.571","1.78105115890503"
"12","6","300","20","erdos_renyi","sites","sites_1","ZIPLN","BIC","0.07","0.68315","0.654056583801896","0","0.4","1","0.571","37.351291179657"
"13","7","300","20","erdos_renyi","sites","sites_1","PLN","BIC","0.05","0.8492025","0.614872928120283","0","0.429","1","0.6","1.78287601470947"
"14","7","300","20","erdos_renyi","sites","sites_1","ZIPLN","BIC","0.05","0.857835","0.636143311695551","0.005","0.571","0.8","0.667","41.9156951904297"
"15","8","300","20","erdos_renyi","sites","sites_1","PLN","BIC","0.09","0.56791","0.655490715647884","0","0.2","1","0.333","2.40069460868835"
"16","8","300","20","erdos_renyi","sites","sites_1","ZIPLN","BIC","0.06","0.6005865","0.661873206232186","0.103","0.733","0.379","0.5","40.3491871356964"
"17","9","300","20","erdos_renyi","sites","sites_1","PLN","BIC","0.03","0.7889","0.626718734367342","0","0.2","1","0.333","1.51562237739563"
"18","9","300","20","erdos_renyi","sites","sites_1","ZIPLN","BIC","0.04","0.7464","0.651789155885202","0","0.2","1","0.333","41.904639005661"
"19","10","300","20","erdos_renyi","sites","sites_1","PLN","BIC","0.04","0.7315","0.61163125538215","0","0.4","1","0.571","1.80339288711548"
"20","10","300","20","erdos_renyi","sites","sites_1","ZIPLN","BIC","0.04","0.744","0.625643938450557","0","0.4","1","0.571","40.9674644470215"
"21","11","300","20","erdos_renyi","sites","sites_1","PLN","BIC","0.06","0.8141675","0.583348885035652","0","0.667","1","0.8","1.77429628372192"
"22","11","300","20","erdos_renyi","sites","sites_1","ZIPLN","BIC","0.05","0.8035825","0.590551841308395","0.005","1","0.857","0.923","41.5929772853851"
"23","12","300","20","erdos_renyi","sites","sites_1","PLN","BIC","0.06","0.816625","0.609681776623111","0.005","0.75","0.857","0.8","1.63604784011841"
"24","12","300","20","erdos_renyi","sites","sites_1","ZIPLN","BIC","0.05","0.8129375","0.616933526607147","0.022","0.875","0.636","0.737","40.6059217453003"
"25","13","300","20","erdos_renyi","sites","sites_1","PLN","BIC","0.05","0.838849","0.587622891672423","0","0.571","1","0.727","1.91246175765991"
"26","13","300","20","erdos_renyi","sites","sites_1","ZIPLN","BIC","0.04","0.8194945","0.593810973725423","0.033","1","0.538","0.7","40.921596288681"
"27","14","300","20","erdos_renyi","sites","sites_1","PLN","BIC","0.04","0.76429","0.621139835824168","0","0.333","1","0.5","1.81078696250916"
"28","14","300","20","erdos_renyi","sites","sites_1","ZIPLN","BIC","0.04","0.7428625","0.63981870032844","0","0.333","1","0.5","41.6673710346222"
"29","15","300","20","erdos_renyi","sites","sites_1","PLN","BIC","0.05","0.844","0.617230260415434","0","0",NA,"0","1.91188788414001"
"30","15","300","20","erdos_renyi","sites","sites_1","ZIPLN","BIC","0.05","0.8323125","0.644201121088251","0","0.125","1","0.222","41.7662916183472"
"31","16","300","20","erdos_renyi","sites","sites_1","PLN","BIC","0.04","0.819481","0.589011652032046","0.005","0.5","0.75","0.6","1.77958846092224"
"32","16","300","20","erdos_renyi","sites","sites_1","ZIPLN","BIC","0.03","0.826239","0.60390361929089","0.033","0.833","0.455","0.588","42.0928633213043"
"33","17","300","20","erdos_renyi","sites","sites_1","PLN","BIC","0.09","0.741937","0.627149336202932","0","0.133","1","0.235","1.90040707588196"
"34","17","300","20","erdos_renyi","sites","sites_1","ZIPLN","BIC","0.08","0.71422","0.63551117359818","0.023","0.533","0.667","0.593","41.9795618057251"
"35","18","300","20","erdos_renyi","sites","sites_1","PLN","BIC","0.05","0.85375","0.597507559797986","0","0",NA,"0","2.04975056648254"
"36","18","300","20","erdos_renyi","sites","sites_1","ZIPLN","BIC","0.05","0.861336","0.614537080414516","0","0.667","1","0.8","42.025075674057"
"37","19","300","20","erdos_renyi","sites","sites_1","PLN","BIC","0.06","0.7040165","0.641481734848216","0","0.222","1","0.364","1.78845572471619"
"38","19","300","20","erdos_renyi","sites","sites_1","ZIPLN","BIC","0.05","0.681287","0.661169766290066","0","0.333","1","0.5","41.1047756671906"
"39","20","300","20","erdos_renyi","sites","sites_1","PLN","BIC","0.04","0.77172","0.58972910356232","0.022","0.833","0.556","0.667","1.97964239120483"
"40","20","300","20","erdos_renyi","sites","sites_1","ZIPLN","BIC","0.04","0.812817","0.608742784101155","0","0.833","1","0.909","40.1392345428467"
"41","21","300","20","erdos_renyi","sites","sites_1","PLN","BIC","0.04","0.8376","0.606169892590453","0","0.2","1","0.333","1.94054579734802"
"42","21","300","20","erdos_renyi","sites","sites_1","ZIPLN","BIC","0.03","0.826","0.621530919298451","0.011","0.6","0.6","0.6","41.9610190391541"
"43","22","300","20","erdos_renyi","sites","sites_1","PLN","BIC","0.08","0.748442","0.655873881691763","0","0.231","1","0.375","1.8696870803833"
"44","22","300","20","erdos_renyi","sites","sites_1","ZIPLN","BIC","0.08","0.764163","0.675651281492237","0","0.308","1","0.471","42.1866126060486"
"45","23","300","20","erdos_renyi","sites","sites_1","PLN","BIC","0.08","0.670997","0.63776662052998","0","0.615","1","0.762","1.96969771385193"
"46","23","300","20","erdos_renyi","sites","sites_1","ZIPLN","BIC","0.07","0.725373","0.645297997949907","0","0.615","1","0.762","40.7572982311249"
"47","24","300","20","erdos_renyi","sites","sites_1","PLN","BIC","0.05","0.7699375","0.640312794509657","0","0",NA,"0","1.80813002586365"
"48","24","300","20","erdos_renyi","sites","sites_1","ZIPLN","BIC","0.04","0.8208125","0.656125368741954","0","0.625","1","0.769","40.6544194221497"
"49","25","300","20","erdos_renyi","sites","sites_1","PLN","BIC","0.05","0.8445895","0.636402037964712","0","0",NA,"0","1.78808283805847"
"50","25","300","20","erdos_renyi","sites","sites_1","ZIPLN","BIC","0.05","0.8543425","0.662619047545759","0","0.5","1","0.667","37.8381407260895"
"51","26","300","20","erdos_renyi","sites","sites_1","PLN","BIC","0.08","0.6954415","0.623826470829669","0.006","0.538","0.875","0.667","1.88129997253418"
"52","26","300","20","erdos_renyi","sites","sites_1","ZIPLN","BIC","0.06","0.7064895","0.620191613017756","0.034","0.692","0.6","0.643","33.4921178817749"
"53","27","300","20","erdos_renyi","sites","sites_1","PLN","BIC","0.02","0.936","0.525594227494838","0","0.5","1","0.667","1.89490747451782"
"54","27","300","20","erdos_renyi","sites","sites_1","ZIPLN","BIC","0.03","0.93325","0.562624225267346","0","0",NA,"0","35.1348822116852"
"55","28","300","20","erdos_renyi","sites","sites_1","PLN","BIC","0.05","0.60746","0.619249184362466","0","0",NA,"0","1.72220039367676"
"56","28","300","20","erdos_renyi","sites","sites_1","ZIPLN","BIC","0.04","0.6210935","0.632827517037266","0","0.444","1","0.615","36.1387784481049"
"57","29","300","20","erdos_renyi","sites","sites_1","PLN","BIC","0.05","0.786944","0.605846820044438","0","0.444","1","0.615","1.92067074775696"
"58","29","300","20","erdos_renyi","sites","sites_1","ZIPLN","BIC","0.05","0.7171975","0.619590836230572","0","0.444","1","0.615","38.6588377952576"
"59","30","300","20","erdos_renyi","sites","sites_1","PLN","BIC","0.06","0.7540175","0.637636553502432","0.101","0.818","0.333","0.474","1.91608762741089"
"60","30","300","20","erdos_renyi","sites","sites_1","ZIPLN","BIC","0.05","0.738615","0.658784575830001","0.05","0.818","0.5","0.621","40.3371117115021"
"61","1","300","20","erdos_renyi","sites","sites_2","PLN","BIC","0.07","0.7425625","0.565594785421373","0","0",NA,"0","2.00625872612"
"62","1","300","20","erdos_renyi","sites","sites_2","ZIPLN","BIC","0.05","0.80775","0.615701870014676","0","0.25","1","0.4","45.475316286087"
"63","2","300","20","erdos_renyi","sites","sites_2","PLN","BIC","0.08","0.67775","0.549170039482361","0","0",NA,"0","2.11941599845886"
"64","2","300","20","erdos_renyi","sites","sites_2","ZIPLN","BIC","0.07","0.7776","0.602399505452372","0.028","0.4","0.444","0.421","44.563768863678"
"65","3","300","20","erdos_renyi","sites","sites_2","PLN","BIC","0.13","0.751479","0.540383840335733","0","0",NA,"0","1.74738550186157"
"66","3","300","20","erdos_renyi","sites","sites_2","ZIPLN","BIC","0.1","0.6985755","0.604544671120862","0.017","0.412","0.7","0.519","46.3754172325134"
"67","4","300","20","erdos_renyi","sites","sites_2","PLN","BIC","0.07","0.78355","0.502790360535834","0","0",NA,"0","1.1499457359314"
"68","4","300","20","erdos_renyi","sites","sites_2","ZIPLN","BIC","0.06","0.75545","0.544004008987941","0.006","0.3","0.75","0.429","30.6220932006836"
"69","5","300","20","erdos_renyi","sites","sites_2","PLN","BIC","0.09","0.8537725","0.519556707540321","0","0",NA,"0","1.80630445480347"
"70","5","300","20","erdos_renyi","sites","sites_2","ZIPLN","BIC","0.06","0.832487","0.599435540499859","0.05","0.818","0.5","0.621","45.2006590366364"
"71","6","300","20","erdos_renyi","sites","sites_2","PLN","BIC","0.1","0.709065","0.523647896720324","0","0",NA,"0","2.13441038131714"
"72","6","300","20","erdos_renyi","sites","sites_2","ZIPLN","BIC","0.08","0.7942245","0.567642408965134","0.028","0.583","0.583","0.583","44.806174993515"
"73","7","300","20","erdos_renyi","sites","sites_2","PLN","BIC","0.08","0.792362","0.546393408912236","0","0",NA,"0","2.06445598602295"
"74","7","300","20","erdos_renyi","sites","sites_2","ZIPLN","BIC","0.07","0.7999435","0.589985317856245","0","0.091","1","0.167","44.678729057312"
"75","8","300","20","erdos_renyi","sites","sites_2","PLN","BIC","0.08","0.6822915","0.526776801074776","0","0",NA,"0","1.72824788093567"
"76","8","300","20","erdos_renyi","sites","sites_2","ZIPLN","BIC","0.07","0.8015845","0.56002006829404","0","0.273","1","0.429","45.7776365280151"
"77","9","300","20","erdos_renyi","sites","sites_2","PLN","BIC","0.07","0.7201875","0.517524256732103","0","0",NA,"0","2.01793932914734"
"78","9","300","20","erdos_renyi","sites","sites_2","ZIPLN","BIC","0.05","0.7184375","0.563194222227034","0","0.25","1","0.4","43.617463350296"
"79","10","300","20","erdos_renyi","sites","sites_2","PLN","BIC","0.11","0.7396935","0.505155273427941","0","0.267","1","0.421","1.34177589416504"
"80","10","300","20","erdos_renyi","sites","sites_2","ZIPLN","BIC","0.08","0.7564085","0.556670326387985","0.023","0.467","0.636","0.538","29.024582862854"
"81","11","300","20","erdos_renyi","sites","sites_2","PLN","BIC","0.09","0.82765","0.540902093550557","0","0",NA,"0","2.41038417816162"
"82","11","300","20","erdos_renyi","sites","sites_2","ZIPLN","BIC","0.08","0.79785","0.578468106892988","0.006","0.6","0.857","0.706","45.6582441329956"
"83","12","300","20","erdos_renyi","sites","sites_2","PLN","BIC","0.11","0.7755735","0.528914566153122","0","0.231","1","0.375","1.80288648605347"
"84","12","300","20","erdos_renyi","sites","sites_2","ZIPLN","BIC","0.09","0.770001","0.561215236838142","0.079","0.692","0.391","0.5","43.3040344715118"
"85","13","300","20","erdos_renyi","sites","sites_2","PLN","BIC","0.06","0.687625","0.504936134165383","0","0.375","1","0.545","1.75319004058838"
"86","13","300","20","erdos_renyi","sites","sites_2","ZIPLN","BIC","0.05","0.65475","0.538464767110945","0.022","0.625","0.556","0.588","1.04404375155767"
"87","14","300","20","erdos_renyi","sites","sites_2","PLN","BIC","0.06","0.7510415","0.527700300373674","0","0.143","1","0.25","1.66182899475098"
"88","14","300","20","erdos_renyi","sites","sites_2","ZIPLN","BIC","0.05","0.8054675","0.557589278316751","0","0.143","1","0.25","1.08414314190547"
"89","15","300","20","erdos_renyi","sites","sites_2","PLN","BIC","0.08","0.839195","0.53935678208233","0","0",NA,"0","1.27638006210327"
"90","15","300","20","erdos_renyi","sites","sites_2","ZIPLN","BIC","0.06","0.756475","0.569925127066291","0.006","0.556","0.833","0.667","1.03708258072535"
"91","16","300","20","erdos_renyi","sites","sites_2","PLN","BIC","0.08","0.78475","0.521932068142368","0","0",NA,"0","1.10516047477722"
"92","16","300","20","erdos_renyi","sites","sites_2","ZIPLN","BIC","0.06","0.7851875","0.557752753839584","0.005","0.625","0.833","0.714","32.5968153476715"
"93","17","300","20","erdos_renyi","sites","sites_2","PLN","BIC","0.1","0.686286","0.520902513975218","0.006","0.357","0.833","0.5","1.88286089897156"
"94","17","300","20","erdos_renyi","sites","sites_2","ZIPLN","BIC","0.09","0.738674","0.563587549163147","0.006","0.429","0.857","0.571","1.10598928928375"
"95","18","300","20","erdos_renyi","sites","sites_2","PLN","BIC","0.1","0.756158","0.566936863702545","0","0.077","1","0.143","2.70166230201721"
"96","18","300","20","erdos_renyi","sites","sites_2","ZIPLN","BIC","0.09","0.743371","0.617946928030211","0.006","0.154","0.667","0.25","59.4887375831604"
"97","19","300","20","erdos_renyi","sites","sites_2","PLN","BIC","0.07","0.654055","0.5387407999368","0","0",NA,"0","2.91005229949951"
"98","19","300","20","erdos_renyi","sites","sites_2","ZIPLN","BIC","0.05","0.681273","0.596028562144343","0","0",NA,"0","1.20254082679749"
"99","20","300","20","erdos_renyi","sites","sites_2","PLN","BIC","0.06","0.797721","0.509783157753116","0","0",NA,"0","3.56780576705933"
"100","20","300","20","erdos_renyi","sites","sites_2","ZIPLN","BIC","0.04","0.8769125","0.544911162032927","0.022","0.857","0.6","0.706","1.21332350174586"
"101","21","300","20","erdos_renyi","sites","sites_2","PLN","BIC","0.07","0.5443","0.518313871158605","0","0",NA,"0","3.18625688552856"
"102","21","300","20","erdos_renyi","sites","sites_2","ZIPLN","BIC","0.05","0.6258","0.572703522661894","0.017","0.6","0.667","0.632","1.16262619495392"
"103","22","300","20","erdos_renyi","sites","sites_2","PLN","BIC","0.07","0.775625","0.523748697355748","0","0.25","1","0.4","2.18957495689392"
"104","22","300","20","erdos_renyi","sites","sites_2","ZIPLN","BIC","0.05","0.9211875","0.589624328645173","0","0.25","1","0.4","59.5939457416534"
"105","23","300","20","erdos_renyi","sites","sites_2","PLN","BIC","0.08","0.8332895","0.527128917330273","0","0.222","1","0.364","2.79282689094543"
"106","23","300","20","erdos_renyi","sites","sites_2","ZIPLN","BIC","0.07","0.878317","0.557411884448382","0","0.222","1","0.364","1.19908857345581"
"107","24","300","20","erdos_renyi","sites","sites_2","PLN","BIC","0.07","0.65295","0.544458485657435","0","0",NA,"0","3.27274918556213"
"108","24","300","20","erdos_renyi","sites","sites_2","ZIPLN","BIC","0.05","0.71165","0.603944942162724","0","0.2","1","0.333","1.11400437752406"
"109","25","300","20","erdos_renyi","sites","sites_2","PLN","BIC","0.08","0.8184775","0.541957404012373","0","0",NA,"0","3.18962407112122"
"110","25","300","20","erdos_renyi","sites","sites_2","ZIPLN","BIC","0.07","0.7935315","0.576907557432319","0","0.182","1","0.308","58.8024988174438"
"111","26","300","20","erdos_renyi","sites","sites_2","PLN","BIC","0.05","0.66419","0.539413031686272","0","0",NA,"0","2.18364500999451"
"112","26","300","20","erdos_renyi","sites","sites_2","ZIPLN","BIC","0.04","0.6324665","0.578111684977131","0.005","0.167","0.5","0.25","55.7618596553802"
"113","27","300","20","erdos_renyi","sites","sites_2","PLN","BIC","0.06","0.8185785","0.514287472055509","0.005","0.429","0.75","0.545","3.1016788482666"
"114","27","300","20","erdos_renyi","sites","sites_2","ZIPLN","BIC","0.05","0.669905","0.562489396138868","0.011","0.429","0.6","0.5","59.4418611526489"
"115","28","300","20","erdos_renyi","sites","sites_2","PLN","BIC","0.12","0.7706015","0.526522715316196","0","0.154","1","0.267","2.50814485549927"
"116","28","300","20","erdos_renyi","sites","sites_2","ZIPLN","BIC","0.09","0.792283","0.567849614324307","0.023","0.692","0.692","0.692","1.18237178325653"
"117","29","300","20","erdos_renyi","sites","sites_2","PLN","BIC","0.08","0.67045","0.525891392027981","0","0",NA,"0","2.76415228843689"
"118","29","300","20","erdos_renyi","sites","sites_2","ZIPLN","BIC","0.06","0.69705","0.577737299234912","0.011","0.4","0.667","0.5","57.764689207077"
"119","30","300","20","erdos_renyi","sites","sites_2","PLN","BIC","0.06","0.749125","0.522306858039481","0","0.25","1","0.4","2.76625275611877"
"120","30","300","20","erdos_renyi","sites","sites_2","ZIPLN","BIC","0.05","0.89075","0.561760726775728","0","0.5","1","0.667","1.03706776301066"
"121","1","300","20","erdos_renyi","sites","sites_3","PLN","BIC","0.09","0.4878425","0.444879729387192","0","0",NA,"0","3.18468379974365"
"122","1","300","20","erdos_renyi","sites","sites_3","ZIPLN","BIC","0.38","0.47722","0.670193819401481","0","0",NA,"0","31.0669300556183"
"123","2","300","20","erdos_renyi","sites","sites_3","PLN","BIC","0.11","0.4867425","0.438911842812033","0","0",NA,"0","3.53825044631958"
"124","2","300","20","erdos_renyi","sites","sites_3","ZIPLN","BIC","0.26","0.6274375","0.64272185422087","0","0",NA,"0","31.6278777122498"
"125","3","300","20","erdos_renyi","sites","sites_3","PLN","BIC","0.12","0.6247155","0.410952179161152","0","0",NA,"0","3.38283634185791"
"126","3","300","20","erdos_renyi","sites","sites_3","ZIPLN","BIC","0.27","0.6131715","0.601661773840254","0","0",NA,"0","33.2463972568512"
"127","4","300","20","erdos_renyi","sites","sites_3","PLN","BIC","0.13","0.4845275","0.437597475945122","0","0",NA,"0","4.89534592628479"
"128","4","300","20","erdos_renyi","sites","sites_3","ZIPLN","BIC","0.33","0.729185","0.658709360976308","0","0",NA,"0","25.5186886787415"
"129","5","300","20","erdos_renyi","sites","sites_3","PLN","BIC","0.1","0.5267","0.44734795076491","0","0",NA,"0","3.79833269119263"
"130","5","300","20","erdos_renyi","sites","sites_3","ZIPLN","BIC","0.32","0.57705","0.666482488360999","0","0",NA,"0","28.5055601596832"
"131","6","300","20","erdos_renyi","sites","sites_3","PLN","BIC","0.1","0.488073","0.408964303712774","0","0",NA,"0","4.22106957435608"
"132","6","300","20","erdos_renyi","sites","sites_3","ZIPLN","BIC","0.22","0.469145","0.601834540264703","0","0",NA,"0","28.9872920513153"
"133","7","300","20","erdos_renyi","sites","sites_3","PLN","BIC","0.08","0.5471","0.417788202178699","0","0",NA,"0","2.19617676734924"
"134","7","300","20","erdos_renyi","sites","sites_3","ZIPLN","BIC","0.26","0.6557","0.618725233610506","0","0",NA,"0","27.6411418914795"
"135","8","300","20","erdos_renyi","sites","sites_3","PLN","BIC","0.1","0.539","0.450880122753876","0","0",NA,"0","1.73117589950562"
"136","8","300","20","erdos_renyi","sites","sites_3","ZIPLN","BIC","0.3","0.6118","0.671761542026717","0","0",NA,"0","27.3210287094116"
"137","9","300","20","erdos_renyi","sites","sites_3","PLN","BIC","0.09","0.5298105","0.436088164832239","0","0",NA,"0","2.67959904670715"
"138","9","300","20","erdos_renyi","sites","sites_3","ZIPLN","BIC","0.25","0.519057","0.633481179088185","0","0",NA,"0","37.7646510601044"
"139","10","300","20","erdos_renyi","sites","sites_3","PLN","BIC","0.11","0.5033785","0.415243846208104","0","0",NA,"0","1.44755458831787"
"140","10","300","20","erdos_renyi","sites","sites_3","ZIPLN","BIC","0.22","0.7030895","0.602207414487656","0","0",NA,"0","25.2571403980255"
"141","11","300","20","erdos_renyi","sites","sites_3","PLN","BIC","0.06","0.3152085","0.399396521014432","0","0",NA,"0","2.19542193412781"
"142","11","300","20","erdos_renyi","sites","sites_3","ZIPLN","BIC","0.22","0.6580525","0.584853934425282","0","0",NA,"0","26.0130162239075"
"143","12","300","20","erdos_renyi","sites","sites_3","PLN","BIC","0.07","0.5128125","0.398476785869552","0","0",NA,"0","2.52910113334656"
"144","12","300","20","erdos_renyi","sites","sites_3","ZIPLN","BIC","0.19","0.4174375","0.579467145622822","0","0",NA,"0","30.8022472858429"
"145","13","300","20","erdos_renyi","sites","sites_3","PLN","BIC","0.08","0.655959","0.415403892571279","0","0",NA,"0","2.23485469818115"
"146","13","300","20","erdos_renyi","sites","sites_3","ZIPLN","BIC","0.17","0.638424","0.591955267164764","0","0",NA,"0","40.3571622371674"
"147","14","300","20","erdos_renyi","sites","sites_3","PLN","BIC","0.08","0.4634285","0.411179762320395","0","0.143","1","0.25","2.70197677612305"
"148","14","300","20","erdos_renyi","sites","sites_3","ZIPLN","BIC","0.22","0.6552885","0.594631129002758","0","0",NA,"0","34.1392605304718"
"149","15","300","20","erdos_renyi","sites","sites_3","PLN","BIC","0.08","0.3847175","0.408338512195473","0","0",NA,"0","2.20983552932739"
"150","15","300","20","erdos_renyi","sites","sites_3","ZIPLN","BIC","0.22","0.651834","0.601527784345324","0","0",NA,"0","28.6220703125"
"151","16","300","20","erdos_renyi","sites","sites_3","PLN","BIC","0.1","0.589185","0.424141503342107","0","0",NA,"0","1.84875297546387"
"152","16","300","20","erdos_renyi","sites","sites_3","ZIPLN","BIC","0.27","0.695161","0.643579550437024","0","0",NA,"0","19.7690901756287"
"153","17","300","20","erdos_renyi","sites","sites_3","PLN","BIC","0.12","0.573259","0.42595289561557","0.127","0.556","0.179","0.27","2.36701107025146"
"154","17","300","20","erdos_renyi","sites","sites_3","ZIPLN","BIC","0.23","0.7073935","0.615411716160435","0","0",NA,"0","26.9916906356812"
"155","18","300","20","erdos_renyi","sites","sites_3","PLN","BIC","0.09","0.7550065","0.428284696639003","0","0",NA,"0","1.81813597679138"
"156","18","300","20","erdos_renyi","sites","sites_3","ZIPLN","BIC","0.32","0.836217","0.639612756268835","0","0",NA,"0","31.5654232501984"
"157","19","300","20","erdos_renyi","sites","sites_3","PLN","BIC","0.1","0.717764","0.416411696647259","0","0.111","1","0.2","2.26854300498962"
"158","19","300","20","erdos_renyi","sites","sites_3","ZIPLN","BIC","0.27","0.4030605","0.623849344698498","0","0",NA,"0","26.5740149021149"
"159","20","300","20","erdos_renyi","sites","sites_3","PLN","BIC","0.1","0.4079375","0.439564058909866","0","0",NA,"0","2.29536318778992"
"160","20","300","20","erdos_renyi","sites","sites_3","ZIPLN","BIC","0.36","0.3421875","0.656251808677677","0","0",NA,"0","26.0709347724915"
"161","21","300","20","erdos_renyi","sites","sites_3","PLN","BIC","0.11","0.7569375","0.433311414274352","0","0",NA,"0","2.57876300811768"
"162","21","300","20","erdos_renyi","sites","sites_3","ZIPLN","BIC","0.29","0.6665625","0.647183493952724","0","0",NA,"0","26.7747721672058"
"163","22","300","20","erdos_renyi","sites","sites_3","PLN","BIC","0.06","0.7444","0.396679850191249","0","0.2","1","0.333","1.39902544021606"
"164","22","300","20","erdos_renyi","sites","sites_3","ZIPLN","BIC","0.21","0.5383","0.570807599642288","0","0",NA,"0","20.6320104598999"
"165","23","300","20","erdos_renyi","sites","sites_3","PLN","BIC","0.1","0.4666465","0.416372347390573","0","0",NA,"0","2.46764254570007"
"166","23","300","20","erdos_renyi","sites","sites_3","ZIPLN","BIC","0.27","0.5764975","0.618998371314861","0","0",NA,"0","27.3696646690369"
"167","24","300","20","erdos_renyi","sites","sites_3","PLN","BIC","0.09","0.635167","0.426982582082589","0","0",NA,"0","2.02098917961121"
"168","24","300","20","erdos_renyi","sites","sites_3","ZIPLN","BIC","0.21","0.553466","0.622533936778348","0","0",NA,"0","33.1826293468475"
"169","25","300","20","erdos_renyi","sites","sites_3","PLN","BIC","0.09","0.4560045","0.428161431643357","0","0",NA,"0","2.68932485580444"
"170","25","300","20","erdos_renyi","sites","sites_3","ZIPLN","BIC","0.25","0.638142","0.628039704389123","0","0",NA,"0","21.3442223072052"
"171","26","300","20","erdos_renyi","sites","sites_3","PLN","BIC","0.11","0.5971485","0.425573918171601","0","0.083","1","0.154","1.98133826255798"
"172","26","300","20","erdos_renyi","sites","sites_3","ZIPLN","BIC","0.17","0.6660355","0.614864035939176","0","0",NA,"0","29.2501237392426"
"173","27","300","20","erdos_renyi","sites","sites_3","PLN","BIC","0.12","0.8271875","0.428349260549247","0.016","0.25","0.4","0.308","2.12285399436951"
"174","27","300","20","erdos_renyi","sites","sites_3","ZIPLN","BIC","0.28","0.77025","0.640281794105939","0","0",NA,"0","24.8363184928894"
"175","28","300","20","erdos_renyi","sites","sites_3","PLN","BIC","0.09","0.7411875","0.427119221350088","0","0",NA,"0","1.71250414848328"
"176","28","300","20","erdos_renyi","sites","sites_3","ZIPLN","BIC","0.25","0.7695625","0.636460077042618","0","0",NA,"0","20.5318868160248"
"177","29","300","20","erdos_renyi","sites","sites_3","PLN","BIC","0.11","0.7566875","0.436910303887355","0","0",NA,"0","2.29965686798096"
"178","29","300","20","erdos_renyi","sites","sites_3","ZIPLN","BIC","0.32","0.6758125","0.653771698987984","0","0",NA,"0","20.0466854572296"
"179","30","300","20","erdos_renyi","sites","sites_3","PLN","BIC","0.09","0.7528295","0.415745141116553","0","0",NA,"0","2.13132405281067"
"180","30","300","20","erdos_renyi","sites","sites_3","ZIPLN","BIC","0.2","0.651249","0.598529188216263","0","0",NA,"0","23.8098366260529"
"181","1","300","20","community","sites","sites_1","PLN","BIC","0.07","0.8171","0.592640762864772","0.006","0.7","0.875","0.778","1.96230983734131"
"182","1","300","20","community","sites","sites_1","ZIPLN","BIC","0.07","0.77255","0.598273645814096","0.006","0.7","0.875","0.778","39.7949209213257"
"183","2","300","20","community","sites","sites_1","PLN","BIC","0.1","0.7158685","0.635429675919413","0.029","0.688","0.688","0.688","1.77073502540588"
"184","2","300","20","community","sites","sites_1","ZIPLN","BIC","0.08","0.706656","0.638897456995107","0.04","0.688","0.611","0.647","39.7574598789215"
"185","3","300","20","community","sites","sites_1","PLN","BIC","0.08","0.6609145","0.65244032371799","0.006","0.692","0.9","0.783","1.41289901733398"
"186","3","300","20","community","sites","sites_1","ZIPLN","BIC","0.06","0.6622075","0.662800921338005","0.073","0.692","0.409","0.514","27.9374017715454"
"187","4","300","20","community","sites","sites_1","PLN","BIC","0.07","0.7196365","0.631682357926472","0","0.455","1","0.625","1.9890820980072"
"188","4","300","20","community","sites","sites_1","ZIPLN","BIC","0.06","0.7105025","0.648823365463882","0","0.545","1","0.706","39.6603744029999"
"189","5","300","20","community","sites","sites_1","PLN","BIC","0.08","0.8136545","0.672742570716346","0","0",NA,"0","2.5034441947937"
"190","5","300","20","community","sites","sites_1","ZIPLN","BIC","0.08","0.8157155","0.693744183687819","0.017","0.571","0.727","0.64","39.4007792472839"
"191","6","300","20","community","sites","sites_1","PLN","BIC","0.07","0.707102","0.62709177229674","0.022","0.5","0.6","0.545","2.10302257537842"
"192","6","300","20","community","sites","sites_1","ZIPLN","BIC","0.06","0.6510645","0.632931316399616","0.051","0.75","0.5","0.6","40.2281982898712"
"193","7","300","20","community","sites","sites_1","PLN","BIC","0.06","0.6885","0.617127236428123","0","0.25","1","0.4","1.84934663772583"
"194","7","300","20","community","sites","sites_1","ZIPLN","BIC","0.05","0.628625","0.629129933338961","0.011","0.75","0.75","0.75","40.2061791419983"
"195","8","300","20","community","sites","sites_1","PLN","BIC","0.07","0.7199515","0.626840421759376","0.034","0.846","0.647","0.733","2.21062970161438"
"196","8","300","20","community","sites","sites_1","ZIPLN","BIC","0.07","0.6816485","0.640196918838621","0.011","0.615","0.8","0.696","41.2216544151306"
"197","9","300","20","community","sites","sites_1","PLN","BIC","0.08","0.6736035","0.608124519538452","0.149","0.688","0.297","0.415","1.38082408905029"
"198","9","300","20","community","sites","sites_1","ZIPLN","BIC","0.08","0.6915105","0.617360338356566","0.086","0.688","0.423","0.524","26.2127094268799"
"199","10","300","20","community","sites","sites_1","PLN","BIC","0.07","0.760476","0.652131056557739","0.011","0.5","0.75","0.6","1.50836682319641"
"200","10","300","20","community","sites","sites_1","ZIPLN","BIC","0.06","0.750153","0.661978678646023","0.011","0.5","0.75","0.6","38.3387587070465"
"201","11","300","20","community","sites","sites_1","PLN","BIC","0.06","0.841625","0.612423734251072","0.005","0.875","0.875","0.875","1.99063158035278"
"202","11","300","20","community","sites","sites_1","ZIPLN","BIC","0.05","0.80625","0.62128671354606","0.038","1","0.533","0.696","41.3308069705963"
"203","12","300","20","community","sites","sites_1","PLN","BIC","0.07","0.571173","0.605370488211017","0.04","0.538","0.5","0.519","2.11044239997864"
"204","12","300","20","community","sites","sites_1","ZIPLN","BIC","0.06","0.573651","0.617545270797961","0.023","0.538","0.636","0.583","40.9378356933594"
"205","13","300","20","community","sites","sites_1","PLN","BIC","0.08","0.748305","0.615253889626307","0.137","0.867","0.351","0.5","2.3009307384491"
"206","13","300","20","community","sites","sites_1","ZIPLN","BIC","0.07","0.7179725","0.616062501916351","0.126","0.933","0.389","0.549","41.1177773475647"
"207","14","300","20","community","sites","sites_1","PLN","BIC","0.05","0.662375","0.643074179056449","0","0.25","1","0.4","1.63051772117615"
"208","14","300","20","community","sites","sites_1","ZIPLN","BIC","0.05","0.6855625","0.664634488372148","0","0.25","1","0.4","41.0700967311859"
"209","15","300","20","community","sites","sites_1","PLN","BIC","0.07","0.6906","0.642655047449978","0","0.1","1","0.182","1.02566432952881"
"210","15","300","20","community","sites","sites_1","ZIPLN","BIC","0.06","0.6541","0.655868843397647","0.011","0.6","0.75","0.667","26.0107715129852"
"211","16","300","20","community","sites","sites_1","PLN","BIC","0.06","0.7426875","0.61835560609606","0.005","0.75","0.857","0.8","1.90311908721924"
"212","16","300","20","community","sites","sites_1","ZIPLN","BIC","0.05","0.753","0.631971322819832","0.033","0.75","0.5","0.6","39.42080950737"
"213","17","300","20","community","sites","sites_1","PLN","BIC","0.07","0.6130285","0.638744088630721","0.006","0.25","0.75","0.375","2.12983322143555"
"214","17","300","20","community","sites","sites_1","ZIPLN","BIC","0.06","0.60372","0.654485047206127","0.017","0.417","0.625","0.5","39.3387339115143"
"215","18","300","20","community","sites","sites_1","PLN","BIC","0.06","0.76405","0.642372881021653","0","0.3","1","0.462","1.71977782249451"
"216","18","300","20","community","sites","sites_1","ZIPLN","BIC","0.05","0.78815","0.660198478126009","0.017","0.6","0.667","0.632","41.0238790512085"
"217","19","300","20","community","sites","sites_1","PLN","BIC","0.06","0.8086025","0.625116659116838","0","0.545","1","0.706","1.96758437156677"
"218","19","300","20","community","sites","sites_1","ZIPLN","BIC","0.05","0.82666","0.633947046194209","0.011","0.636","0.778","0.7","29.1490507125854"
"219","20","300","20","community","sites","sites_1","PLN","BIC","0.06","0.6363125","0.634649384972245","0.016","0.75","0.667","0.706","2.01183938980103"
"220","20","300","20","community","sites","sites_1","ZIPLN","BIC","0.06","0.651875","0.644932511133689","0.022","0.75","0.6","0.667","39.1254942417145"
"221","21","300","20","community","sites","sites_1","PLN","BIC","0.11","0.571926","0.649785870961691","0.187","0.842","0.333","0.478","1.78217911720276"
"222","21","300","20","community","sites","sites_1","ZIPLN","BIC","0.1","0.530072","0.658179422364472","0.105","0.684","0.419","0.52","26.6408805847168"
"223","22","300","20","community","sites","sites_1","PLN","BIC","0.09","0.5079715","0.652426789431719","0.011","0.308","0.667","0.421","2.33695077896118"
"224","22","300","20","community","sites","sites_1","ZIPLN","BIC","0.08","0.5135105","0.673347853572712","0.017","0.385","0.625","0.476","37.6439116001129"
"225","23","300","20","community","sites","sites_1","PLN","BIC","0.09","0.6474175","0.646728768083459","0","0.167","1","0.286","1.90678358078003"
"226","23","300","20","community","sites","sites_1","ZIPLN","BIC","0.07","0.6387715","0.661535699591998","0.022","0.75","0.692","0.72","42.4736785888672"
"227","24","300","20","community","sites","sites_1","PLN","BIC","0.05","0.6890395","0.623677830367392","0.005","0.429","0.75","0.545","1.88824415206909"
"228","24","300","20","community","sites","sites_1","ZIPLN","BIC","0.04","0.689529","0.643737885544234","0.005","0.429","0.75","0.545","28.9814190864563"
"229","25","300","20","community","sites","sites_1","PLN","BIC","0.08","0.778573","0.626242475718957","0.006","0.556","0.833","0.667","1.22262573242188"
"230","25","300","20","community","sites","sites_1","ZIPLN","BIC","0.07","0.7770745","0.637102647739932","0.033","0.778","0.538","0.636","26.3213214874268"
"231","26","300","20","community","sites","sites_1","PLN","BIC","0.11","0.711904","0.667404450428615","0","0.111","1","0.2","2.26713562011719"
"232","26","300","20","community","sites","sites_1","ZIPLN","BIC","0.09","0.6921975","0.681467254766946","0.041","0.611","0.611","0.611","29.6546535491943"
"233","27","300","20","community","sites","sites_1","PLN","BIC","0.08","0.6208325","0.646680234487668","0","0.273","1","0.429","1.0792133808136"
"234","27","300","20","community","sites","sites_1","ZIPLN","BIC","0.06","0.668261","0.657067906292933","0.022","0.636","0.636","0.636","25.5452625751495"
"235","28","300","20","community","sites","sites_1","PLN","BIC","0.06","0.7703","0.647011436028211","0.006","0.5","0.833","0.625","1.94950580596924"
"236","28","300","20","community","sites","sites_1","ZIPLN","BIC","0.05","0.7288","0.660877561847299","0.017","0.5","0.625","0.556","31.9163541793823"
"237","29","300","20","community","sites","sites_1","PLN","BIC","0.1","0.7592125","0.630585702036353","0.063","0.812","0.542","0.65","2.33787059783936"
"238","29","300","20","community","sites","sites_1","ZIPLN","BIC","0.09","0.708598","0.638499881913259","0.057","0.812","0.565","0.667","27.8644495010376"
"239","30","300","20","community","sites","sites_1","PLN","BIC","0.07","0.745288","0.604244848839916","0","0.538","1","0.7","1.44480037689209"
"240","30","300","20","community","sites","sites_1","ZIPLN","BIC","0.06","0.7098745","0.611794835898458","0.04","0.692","0.562","0.621","26.4943335056305"
"241","1","300","20","community","sites","sites_2","PLN","BIC","0.1","0.8715175","0.530145215453498","0","0",NA,"0","1.89146208763123"
"242","1","300","20","community","sites","sites_2","ZIPLN","BIC","0.08","0.866737","0.564916793488379","0.028","0.545","0.545","0.545","46.3553686141968"
"243","2","300","20","community","sites","sites_2","PLN","BIC","0.09","0.758492","0.533608034338148","0","0.333","1","0.5","2.06979417800903"
"244","2","300","20","community","sites","sites_2","ZIPLN","BIC","0.07","0.735865","0.562492433748106","0.011","0.444","0.667","0.533","44.2116191387177"
"245","3","300","20","community","sites","sites_2","PLN","BIC","0.1","0.7317485","0.556397385983344","0","0",NA,"0","2.16989088058472"
"246","3","300","20","community","sites","sites_2","ZIPLN","BIC","0.08","0.6743145","0.616699495375416","0","0.214","1","0.353","44.2696139812469"
"247","4","300","20","community","sites","sites_2","PLN","BIC","0.09","0.6597765","0.532395835813645","0","0",NA,"0","2.19332122802734"
"248","4","300","20","community","sites","sites_2","ZIPLN","BIC","0.07","0.7151425","0.56864361287878","0.017","0.583","0.7","0.636","45.93612241745"
"249","5","300","20","community","sites","sites_2","PLN","BIC","0.08","0.75025","0.557636192724754","0","0.2","1","0.333","1.27417922019958"
"250","5","300","20","community","sites","sites_2","ZIPLN","BIC","0.06","0.78115","0.603051494026843","0","0.3","1","0.462","34.3719532489777"
"251","6","300","20","community","sites","sites_2","PLN","BIC","0.1","0.750157","0.530300211978819","0","0",NA,"0","2.03405785560608"
"252","6","300","20","community","sites","sites_2","ZIPLN","BIC","0.08","0.7919365","0.562106809874416","0.028","0.538","0.583","0.56","43.8316581249237"
"253","7","300","20","community","sites","sites_2","PLN","BIC","0.08","0.8325455","0.508722518239117","0","0.111","1","0.2","2.10305118560791"
"254","7","300","20","community","sites","sites_2","ZIPLN","BIC","0.06","0.8797955","0.548365420198152","0.05","0.778","0.438","0.56","40.2669188976288"
"255","8","300","20","community","sites","sites_2","PLN","BIC","0.13","0.562","0.574256118178144","0.006","0.062","0.5","0.111","2.19737911224365"
"256","8","300","20","community","sites","sites_2","ZIPLN","BIC","0.11","0.614273","0.624082979848091","0.029","0.312","0.5","0.385","42.3653099536896"
"257","9","300","20","community","sites","sites_2","PLN","BIC","0.08","0.653321","0.533821103625565","0","0",NA,"0","2.2210545539856"
"258","9","300","20","community","sites","sites_2","ZIPLN","BIC","0.06","0.690545","0.583023930379933","0.006","0.455","0.833","0.588","46.0018751621246"
"259","10","300","20","community","sites","sites_2","PLN","BIC","0.1","0.674613","0.495487436445833","0.006","0.235","0.8","0.364","2.30072283744812"
"260","10","300","20","community","sites","sites_2","ZIPLN","BIC","0.08","0.650664","0.545727783021839","0.017","0.588","0.769","0.667","46.9161276817322"
"261","11","300","20","community","sites","sites_2","PLN","BIC","0.12","0.82244","0.555070398789428","0","0",NA,"0","1.19430112838745"
"262","11","300","20","community","sites","sites_2","ZIPLN","BIC","0.1","0.837178","0.590334299607466","0.006","0.5","0.857","0.632","28.9806432723999"
"263","12","300","20","community","sites","sites_2","PLN","BIC","0.09","0.771352","0.550272551429872","0","0.182","1","0.308","2.39803409576416"
"264","12","300","20","community","sites","sites_2","ZIPLN","BIC","0.07","0.7277875","0.590527763972197","0","0.182","1","0.308","46.430449962616"
"265","13","300","20","community","sites","sites_2","PLN","BIC","0.11","0.7158855","0.531491128016048","0","0",NA,"0","1.30228304862976"
"266","13","300","20","community","sites","sites_2","ZIPLN","BIC","0.08","0.7290705","0.586801330911594","0.017","0.533","0.727","0.615","29.2395303249359"
"267","14","300","20","community","sites","sites_2","PLN","BIC","0.08","0.7377905","0.52443198504522","0","0",NA,"0","1.84428882598877"
"268","14","300","20","community","sites","sites_2","ZIPLN","BIC","0.07","0.7541225","0.559966526203321","0","0.25","1","0.4","42.1916706562042"
"269","15","300","20","community","sites","sites_2","PLN","BIC","0.11","0.731541","0.550808014258945","0","0",NA,"0","2.12903189659119"
"270","15","300","20","community","sites","sites_2","ZIPLN","BIC","0.09","0.7315745","0.613818116857494","0","0.438","1","0.609","44.5204074382782"
"271","16","300","20","community","sites","sites_2","PLN","BIC","0.11","0.7667095","0.575050716894875","0","0",NA,"0","2.45641374588013"
"272","16","300","20","community","sites","sites_2","ZIPLN","BIC","0.09","0.7914525","0.61704732962701","0.006","0.143","0.667","0.235","43.3650696277618"
"273","17","300","20","community","sites","sites_2","PLN","BIC","0.11","0.6570285","0.546542718140279","0","0.067","1","0.125","1.39245295524597"
"274","17","300","20","community","sites","sites_2","ZIPLN","BIC","0.09","0.663483","0.598491950106065","0.017","0.267","0.571","0.364","38.4362998008728"
"275","18","300","20","community","sites","sites_2","PLN","BIC","0.07","0.8570905","0.526431408798459","0","0",NA,"0","1.84981870651245"
"276","18","300","20","community","sites","sites_2","ZIPLN","BIC","0.06","0.867816","0.595528629285005","0.028","0.556","0.5","0.526","47.6516108512878"
"277","19","300","20","community","sites","sites_2","PLN","BIC","0.11","0.7350935","0.529754087537499","0","0",NA,"0","1.45357275009155"
"278","19","300","20","community","sites","sites_2","ZIPLN","BIC","0.08","0.7295965","0.589550223739306","0.04","0.533","0.533","0.533","30.2796311378479"
"279","20","300","20","community","sites","sites_2","PLN","BIC","0.08","0.677373","0.53481928697005","0","0",NA,"0","1.62516856193542"
"280","20","300","20","community","sites","sites_2","ZIPLN","BIC","0.07","0.679368","0.589300876579203","0","0.077","1","0.143","43.4184377193451"
"281","21","300","20","community","sites","sites_2","PLN","BIC","0.1","0.739567","0.519191044438252","0","0.357","1","0.526","2.10998034477234"
"282","21","300","20","community","sites","sites_2","ZIPLN","BIC","0.08","0.69434","0.550575491945847","0.045","0.571","0.5","0.533","46.6889503002167"
"283","22","300","20","community","sites","sites_2","PLN","BIC","0.08","0.7775625","0.548813396726476","0","0",NA,"0","2.3328263759613"
"284","22","300","20","community","sites","sites_2","ZIPLN","BIC","0.06","0.78525","0.619782713239059","0.011","0.625","0.714","0.667","45.6761040687561"
"285","23","300","20","community","sites","sites_2","PLN","BIC","0.13","0.6844","0.570985576268349","0","0",NA,"0","1.82729744911194"
"286","23","300","20","community","sites","sites_2","ZIPLN","BIC","0.12","0.664475","0.624179103275501","0","0.15","1","0.261","38.9498908519745"
"287","24","300","20","community","sites","sites_2","PLN","BIC","0.09","0.728345","0.525091387420526","0","0.091","1","0.167","2.29407548904419"
"288","24","300","20","community","sites","sites_2","ZIPLN","BIC","0.07","0.852672","0.572822390748923","0.034","0.636","0.538","0.583","44.9241487979889"
"289","25","300","20","community","sites","sites_2","PLN","BIC","0.11","0.548511","0.536145806843125","0.012","0.412","0.778","0.538","1.35618734359741"
"290","25","300","20","community","sites","sites_2","ZIPLN","BIC","0.09","0.590727","0.562181126944984","0.023","0.529","0.692","0.6","30.1582980155945"
"291","26","300","20","community","sites","sites_2","PLN","BIC","0.1","0.591609","0.536151268957345","0","0",NA,"0","1.66938710212708"
"292","26","300","20","community","sites","sites_2","ZIPLN","BIC","0.07","0.5644835","0.594196059351214","0","0.333","1","0.5","29.7895383834839"
"293","27","300","20","community","sites","sites_2","PLN","BIC","0.11","0.735975","0.552514554679052","0","0",NA,"0","2.23127460479736"
"294","27","300","20","community","sites","sites_2","ZIPLN","BIC","0.09","0.67865","0.583577650303822","0.012","0.3","0.75","0.429","32.1951656341553"
"295","28","300","20","community","sites","sites_2","PLN","BIC","0.08","0.75565","0.537400329847781","0","0",NA,"0","2.17895126342773"
"296","28","300","20","community","sites","sites_2","ZIPLN","BIC","0.06","0.76865","0.589005846032346","0","0.2","1","0.333","31.8430263996124"
"297","29","300","20","community","sites","sites_2","PLN","BIC","0.1","0.8073","0.548408702687015","0","0",NA,"0","1.85964488983154"
"298","29","300","20","community","sites","sites_2","ZIPLN","BIC","0.08","0.77615","0.601433200143165","0","0.1","1","0.182","45.4860377311707"
"299","30","300","20","community","sites","sites_2","PLN","BIC","0.11","0.749037","0.512210839462682","0","0",NA,"0","2.08074522018433"
"300","30","300","20","community","sites","sites_2","ZIPLN","BIC","0.08","0.745529","0.548786971380118","0.039","0.667","0.533","0.593","28.5750601291656"
"301","1","300","20","community","sites","sites_3","PLN","BIC","0.1","0.761096","0.415066593273374","0","0",NA,"0","1.6451735496521"
"302","1","300","20","community","sites","sites_3","ZIPLN","BIC","0.25","0.587725","0.617675866550678","0","0",NA,"0","20.2601294517517"
"303","2","300","20","community","sites","sites_3","PLN","BIC","0.13","0.623459","0.453007807586965","0","0",NA,"0","3.03618431091309"
"304","2","300","20","community","sites","sites_3","ZIPLN","BIC","0.33","0.67665","0.677791544714218","0","0",NA,"0","27.5538594722748"
"305","3","300","20","community","sites","sites_3","PLN","BIC","0.09","0.569957","0.418019855925329","0","0",NA,"0","2.35868048667908"
"306","3","300","20","community","sites","sites_3","ZIPLN","BIC","0.22","0.6123025","0.619399637974832","0","0",NA,"0","29.5618875026703"
"307","4","300","20","community","sites","sites_3","PLN","BIC","0.12","0.81525","0.414970640584586","0","0",NA,"0","2.36845541000366"
"308","4","300","20","community","sites","sites_3","ZIPLN","BIC","0.22","0.7132","0.60158292277981","0","0",NA,"0","27.1857507228851"
"309","5","300","20","community","sites","sites_3","PLN","BIC","0.13","0.6033785","0.41753963088798","0","0",NA,"0","2.2372784614563"
"310","5","300","20","community","sites","sites_3","ZIPLN","BIC","0.21","0.5751375","0.605462046333902","0","0",NA,"0","32.55668592453"
"311","6","300","20","community","sites","sites_3","PLN","BIC","0.13","0.805821","0.429792744058072","0","0",NA,"0","2.76494836807251"
"312","6","300","20","community","sites","sites_3","ZIPLN","BIC","0.18","0.7559425","0.618967876623372","0","0",NA,"0","40.5132868289948"
"313","7","300","20","community","sites","sites_3","PLN","BIC","0.14","0.5671795","0.441179573493405","0","0",NA,"0","1.39177107810974"
"314","7","300","20","community","sites","sites_3","ZIPLN","BIC","0.29","0.672463","0.641980848381613","0","0",NA,"0","30.3380103111267"
"315","8","300","20","community","sites","sites_3","PLN","BIC","0.1","0.6089515","0.433475581512842","0","0",NA,"0","2.86517739295959"
"316","8","300","20","community","sites","sites_3","ZIPLN","BIC","0.25","0.584084","0.629887946271257","0","0",NA,"0","33.9435803890228"
"317","9","300","20","community","sites","sites_3","PLN","BIC","0.13","0.4601755","0.421984823769668","0","0",NA,"0","2.35208678245544"
"318","9","300","20","community","sites","sites_3","ZIPLN","BIC","0.26","0.521139","0.627851245801316","0","0",NA,"0","26.2232618331909"
"319","10","300","20","community","sites","sites_3","PLN","BIC","0.09","0.3763345","0.421646978338765","0","0",NA,"0","1.71684098243713"
"320","10","300","20","community","sites","sites_3","ZIPLN","BIC","0.31","0.496779","0.624607394200459","0","0",NA,"0","19.3202910423279"
"321","11","300","20","community","sites","sites_3","PLN","BIC","0.12","0.614122","0.417226701656639","0","0",NA,"0","2.13655090332031"
"322","11","300","20","community","sites","sites_3","ZIPLN","BIC","0.22","0.6745995","0.613124991902228","0","0",NA,"0","30.9726040363312"
"323","12","300","20","community","sites","sites_3","PLN","BIC","0.12","0.684483","0.422375942361041","0","0",NA,"0","2.31259346008301"
"324","12","300","20","community","sites","sites_3","ZIPLN","BIC","0.26","0.590605","0.630689864752866","0","0",NA,"0","24.7656166553497"
"325","13","300","20","community","sites","sites_3","PLN","BIC","0.14","0.605463","0.438694180011555","0","0",NA,"0","2.03207659721375"
"326","13","300","20","community","sites","sites_3","ZIPLN","BIC","0.43","0.504672","0.659454391691063","0","0",NA,"0","28.1731538772583"
"327","14","300","20","community","sites","sites_3","PLN","BIC","0.13","0.624245","0.438948615938133","0","0",NA,"0","2.20497488975525"
"328","14","300","20","community","sites","sites_3","ZIPLN","BIC","0.24","0.6094535","0.648897746199125","0","0",NA,"0","30.6390752792358"
"329","15","300","20","community","sites","sites_3","PLN","BIC","0.15","0.544148","0.448017417838531","0","0",NA,"0","1.83042883872986"
"330","15","300","20","community","sites","sites_3","ZIPLN","BIC","0.39","0.54872","0.674558623956602","0","0",NA,"0","21.4022238254547"
"331","16","300","20","community","sites","sites_3","PLN","BIC","0.13","0.558906","0.409443937363261","0","0",NA,"0","1.61499619483948"
"332","16","300","20","community","sites","sites_3","ZIPLN","BIC","0.33","0.599058","0.620113226074838","0","0",NA,"0","26.0001041889191"
"333","17","300","20","community","sites","sites_3","PLN","BIC","0.1","0.5812535","0.447524685241479","0","0",NA,"0","2.2498984336853"
"334","17","300","20","community","sites","sites_3","ZIPLN","BIC","0.27","0.549273","0.655612613934286","0","0",NA,"0","30.085483789444"
"335","18","300","20","community","sites","sites_3","PLN","BIC","0.13","0.4090055","0.43944484016119","0","0",NA,"0","2.76175832748413"
"336","18","300","20","community","sites","sites_3","ZIPLN","BIC","0.35","0.5353125","0.650185838697716","0","0",NA,"0","29.7245554924011"
"337","19","300","20","community","sites","sites_3","PLN","BIC","0.13","0.7780135","0.433710371824673","0","0",NA,"0","2.58117032051086"
"338","19","300","20","community","sites","sites_3","ZIPLN","BIC","0.27","0.594601","0.639305023081944","0","0",NA,"0","31.3030099868774"
"339","20","300","20","community","sites","sites_3","PLN","BIC","0.16","0.7232045","0.435778688579546","0","0",NA,"0","2.65316581726074"
"340","20","300","20","community","sites","sites_3","ZIPLN","BIC","0.36","0.721957","0.65216908411391","0","0",NA,"0","29.1405987739563"
"341","21","300","20","community","sites","sites_3","PLN","BIC","0.13","0.6486895","0.434761593528316","0","0",NA,"0","1.82147550582886"
"342","21","300","20","community","sites","sites_3","ZIPLN","BIC","0.22","0.6640145","0.624790727299005","0","0",NA,"0","35.8588531017303"
"343","22","300","20","community","sites","sites_3","PLN","BIC","0.13","0.70535","0.430939410837621","0","0",NA,"0","2.25023555755615"
"344","22","300","20","community","sites","sites_3","ZIPLN","BIC","0.36","0.58845","0.634720268142792","0","0",NA,"0","30.6897399425507"
"345","23","300","20","community","sites","sites_3","PLN","BIC","0.13","0.720374","0.426200760496457","0","0",NA,"0","1.94247269630432"
"346","23","300","20","community","sites","sites_3","ZIPLN","BIC","0.27","0.7126905","0.626317534537965","0.006","0","0","0","31.6386778354645"
"347","24","300","20","community","sites","sites_3","PLN","BIC","0.11","0.4681225","0.411453992075836","0","0.071","1","0.133","2.26312637329102"
"348","24","300","20","community","sites","sites_3","ZIPLN","BIC","0.23","0.587994","0.610551257493064","0","0",NA,"0","28.1319828033447"
"349","25","300","20","community","sites","sites_3","PLN","BIC","0.11","0.551178","0.418177062094824","0","0",NA,"0","2.30961537361145"
"350","25","300","20","community","sites","sites_3","ZIPLN","BIC","0.22","0.6771105","0.618646589377363","0","0",NA,"0","31.104941368103"
"351","26","300","20","community","sites","sites_3","PLN","BIC","0.11","0.57614","0.431301609279803","0","0",NA,"0","2.53979301452637"
"352","26","300","20","community","sites","sites_3","ZIPLN","BIC","0.27","0.5685695","0.643101116216941","0","0",NA,"0","24.6429274082184"
"353","27","300","20","community","sites","sites_3","PLN","BIC","0.14","0.507561","0.439593001331849","0","0.056","1","0.105","2.44771027565002"
"354","27","300","20","community","sites","sites_3","ZIPLN","BIC","0.32","0.5058345","0.648807120269973","0","0",NA,"0","32.9060821533203"
"355","28","300","20","community","sites","sites_3","PLN","BIC","0.12","0.626253","0.420175578068691","0","0",NA,"0","3.0438334941864"
"356","28","300","20","community","sites","sites_3","ZIPLN","BIC","0.22","0.7326205","0.614404918948954","0","0",NA,"0","37.784187078476"
"357","29","300","20","community","sites","sites_3","PLN","BIC","0.08","0.5311255","0.436442678428534","0","0",NA,"0","2.49003314971924"
"358","29","300","20","community","sites","sites_3","ZIPLN","BIC","0.3","0.5839595","0.651465449405245","0","0",NA,"0","23.3530972003937"
"359","30","300","20","community","sites","sites_3","PLN","BIC","0.16","0.523506","0.406305674381566","0","0",NA,"0","2.53468632698059"
"360","30","300","20","community","sites","sites_3","ZIPLN","BIC","0.24","0.589913","0.59668357565952","0","0",NA,"0","22.4119551181793"
"361","1","300","20","preferential_attachment","sites","sites_1","PLN","BIC","0.1","0.850618","0.672539211571493","0","0",NA,"0","2.26946377754211"
"362","1","300","20","preferential_attachment","sites","sites_1","ZIPLN","BIC","0.09","0.7661515","0.691988992929335","0.012","0.632","0.857","0.727","39.5507836341858"
"363","2","300","20","preferential_attachment","sites","sites_1","PLN","BIC","0.08","0.5986855","0.65152927398003","0.076","0.632","0.48","0.545","2.24752688407898"
"364","2","300","20","preferential_attachment","sites","sites_1","ZIPLN","BIC","0.08","0.5482395","0.66697039946354","0.047","0.474","0.529","0.5","39.9482202529907"
"365","3","300","20","preferential_attachment","sites","sites_1","PLN","BIC","0.12","0.7630135","0.680124027875268","0","0",NA,"0","2.55972480773926"
"366","3","300","20","preferential_attachment","sites","sites_1","ZIPLN","BIC","0.1","0.747683","0.706380946653902","0","0.368","1","0.538","41.574191570282"
"367","4","300","20","preferential_attachment","sites","sites_1","PLN","BIC","0.11","0.7582825","0.617204672179517","0.111","0.789","0.441","0.566","1.64892983436584"
"368","4","300","20","preferential_attachment","sites","sites_1","ZIPLN","BIC","0.1","0.74881","0.619534600471452","0.064","0.789","0.577","0.667","25.6843643188477"
"369","5","300","20","preferential_attachment","sites","sites_1","PLN","BIC","0.11","0.588634","0.673020675693211","0.012","0.421","0.8","0.552","2.24634480476379"
"370","5","300","20","preferential_attachment","sites","sites_1","ZIPLN","BIC","0.09","0.590846","0.68690523913084","0.018","0.474","0.75","0.581","40.8007106781006"
"371","6","300","20","preferential_attachment","sites","sites_1","PLN","BIC","0.09","0.7220925","0.644323300367719","0.041","0.579","0.611","0.595","2.43341207504272"
"372","6","300","20","preferential_attachment","sites","sites_1","ZIPLN","BIC","0.08","0.7071895","0.652517844814888","0.029","0.579","0.688","0.629","38.3809404373169"
"373","7","300","20","preferential_attachment","sites","sites_1","PLN","BIC","0.1","0.641521","0.687343323841245","0.023","0.316","0.6","0.414","2.95940566062927"
"374","7","300","20","preferential_attachment","sites","sites_1","ZIPLN","BIC","0.09","0.568596","0.708096417844476","0.058","0.368","0.412","0.389","39.4025967121124"
"375","8","300","20","preferential_attachment","sites","sites_1","PLN","BIC","0.11","0.7067945","0.688969862390014","0","0.222","1","0.364","2.11297512054443"
"376","8","300","20","preferential_attachment","sites","sites_1","ZIPLN","BIC","0.09","0.729286","0.700351360966427","0.006","0.556","0.909","0.69","25.8524096012115"
"377","9","300","20","preferential_attachment","sites","sites_1","PLN","BIC","0.09","0.5334755","0.677931514957785","0.006","0.368","0.875","0.519","1.78357100486755"
"378","9","300","20","preferential_attachment","sites","sites_1","ZIPLN","BIC","0.09","0.5192765","0.697156130622239","0.006","0.368","0.875","0.519","41.4235258102417"
"379","10","300","20","preferential_attachment","sites","sites_1","PLN","BIC","0.11","0.71529","0.675416509689408","0","0",NA,"0","1.6402153968811"
"380","10","300","20","preferential_attachment","sites","sites_1","ZIPLN","BIC","0.09","0.7114345","0.687364241485315","0.023","0.579","0.733","0.647","32.065509557724"
"381","11","300","20","preferential_attachment","sites","sites_1","PLN","BIC","0.09","0.6144515","0.646547139797736","0.105","0.895","0.486","0.63","2.82976198196411"
"382","11","300","20","preferential_attachment","sites","sites_1","ZIPLN","BIC","0.09","0.6108015","0.660017296641929","0.058","0.632","0.545","0.585","38.3974058628082"
"383","12","300","20","preferential_attachment","sites","sites_1","PLN","BIC","0.1","0.642161","0.647393575912477","0.029","0.684","0.722","0.703","2.15415239334106"
"384","12","300","20","preferential_attachment","sites","sites_1","ZIPLN","BIC","0.09","0.6033925","0.657007285356763","0.041","0.632","0.632","0.632","37.1911940574646"
"385","13","300","20","preferential_attachment","sites","sites_1","PLN","BIC","0.1","0.7014215","0.701751778369288","0","0",NA,"0","2.17312836647034"
"386","13","300","20","preferential_attachment","sites","sites_1","ZIPLN","BIC","0.09","0.739502","0.735682278860721","0","0.263","1","0.417","40.3285155296326"
"387","14","300","20","preferential_attachment","sites","sites_1","PLN","BIC","0.08","0.8150505","0.66051270273014","0.012","0.684","0.867","0.765","1.62435579299927"
"388","14","300","20","preferential_attachment","sites","sites_1","ZIPLN","BIC","0.08","0.8022295","0.669094699109206","0.012","0.632","0.857","0.727","25.9411978721619"
"389","15","300","20","preferential_attachment","sites","sites_1","PLN","BIC","0.1","0.440834","0.676906458268431","0","0.105","1","0.19","2.11576652526855"
"390","15","300","20","preferential_attachment","sites","sites_1","ZIPLN","BIC","0.09","0.4397225","0.702823079494969","0.018","0.158","0.5","0.24","41.6945524215698"
"391","16","300","20","preferential_attachment","sites","sites_1","PLN","BIC","0.09","0.6319265","0.638961873784806","0.099","0.789","0.469","0.588","2.63120818138123"
"392","16","300","20","preferential_attachment","sites","sites_1","ZIPLN","BIC","0.08","0.579792","0.656300009276407","0.047","0.737","0.636","0.683","37.1330544948578"
"393","17","300","20","preferential_attachment","sites","sites_1","PLN","BIC","0.09","0.817576","0.627812600852857","0.047","0.789","0.652","0.714","2.17423748970032"
"394","17","300","20","preferential_attachment","sites","sites_1","ZIPLN","BIC","0.09","0.749321","0.631910469846191","0.035","0.632","0.667","0.649","39.1015419960022"
"395","18","300","20","preferential_attachment","sites","sites_1","PLN","BIC","0.11","0.7441305","0.665014070057981","0","0.526","1","0.69","2.49372887611389"
"396","18","300","20","preferential_attachment","sites","sites_1","ZIPLN","BIC","0.09","0.747884","0.67012994040051","0.041","0.737","0.667","0.7","37.7162659168243"
"397","19","300","20","preferential_attachment","sites","sites_1","PLN","BIC","0.11","0.6053465","0.641954221009428","0.029","0.684","0.722","0.703","2.1816189289093"
"398","19","300","20","preferential_attachment","sites","sites_1","ZIPLN","BIC","0.09","0.5514465","0.645254589245964","0.041","0.684","0.65","0.667","37.6762328147888"
"399","20","300","20","preferential_attachment","sites","sites_1","PLN","BIC","0.12","0.708752","0.625051311248513","0.006","0.579","0.917","0.71","1.47636699676514"
"400","20","300","20","preferential_attachment","sites","sites_1","ZIPLN","BIC","0.09","0.6907615","0.611520087955953","0.117","0.947","0.474","0.632","27.0066418647766"
"401","21","300","20","preferential_attachment","sites","sites_1","PLN","BIC","0.11","0.5731985","0.678276866629515","0.006","0.368","0.875","0.519","2.99000668525696"
"402","21","300","20","preferential_attachment","sites","sites_1","ZIPLN","BIC","0.1","0.610473","0.709625655264261","0.006","0.421","0.889","0.571","32.5611743927002"
"403","22","300","20","preferential_attachment","sites","sites_1","PLN","BIC","0.1","0.6723785","0.627350087106102","0.088","0.789","0.5","0.612","2.66317749023438"
"404","22","300","20","preferential_attachment","sites","sites_1","ZIPLN","BIC","0.08","0.6866935","0.630461552047222","0.111","0.842","0.457","0.593","35.4880135059357"
"405","23","300","20","preferential_attachment","sites","sites_1","PLN","BIC","0.14","0.575242","0.630859603887217","0.023","0.526","0.714","0.606","2.46082282066345"
"406","23","300","20","preferential_attachment","sites","sites_1","ZIPLN","BIC","0.1","0.599486","0.62398646883001","0.117","0.789","0.429","0.556","32.3474333286285"
"407","24","300","20","preferential_attachment","sites","sites_1","PLN","BIC","0.09","0.6026975","0.633554581020704","0.035","0.444","0.571","0.5","2.33547949790955"
"408","24","300","20","preferential_attachment","sites","sites_1","ZIPLN","BIC","0.08","0.568107","0.649032302601366","0.029","0.444","0.615","0.516","38.1987385749817"
"409","25","300","20","preferential_attachment","sites","sites_1","PLN","BIC","0.1","0.7021585","0.64548222794476","0","0.211","1","0.348","2.46738409996033"
"410","25","300","20","preferential_attachment","sites","sites_1","ZIPLN","BIC","0.08","0.658445","0.663111480875298","0.006","0.421","0.889","0.571","28.2405951023102"
"411","26","300","20","preferential_attachment","sites","sites_1","PLN","BIC","0.12","0.6194715","0.67385361111163","0.018","0.579","0.786","0.667","1.55493497848511"
"412","26","300","20","preferential_attachment","sites","sites_1","ZIPLN","BIC","0.11","0.6019975","0.681416747167508","0.035","0.632","0.667","0.649","27.199844121933"
"413","27","300","20","preferential_attachment","sites","sites_1","PLN","BIC","0.1","0.6579565","0.665135561741273","0.006","0.211","0.8","0.333","1.42559695243835"
"414","27","300","20","preferential_attachment","sites","sites_1","ZIPLN","BIC","0.1","0.68902","0.689723120002387","0.012","0.211","0.667","0.32","25.6385896205902"
"415","28","300","20","preferential_attachment","sites","sites_1","PLN","BIC","0.11","0.622646","0.65793121530306","0.012","0.316","0.75","0.444","2.30437994003296"
"416","28","300","20","preferential_attachment","sites","sites_1","ZIPLN","BIC","0.09","0.6198845","0.664291697398782","0.035","0.474","0.6","0.529","39.1616544723511"
"417","29","300","20","preferential_attachment","sites","sites_1","PLN","BIC","0.09","0.703902","0.643962947375556","0.006","0.316","0.857","0.462","1.1657931804657"
"418","29","300","20","preferential_attachment","sites","sites_1","ZIPLN","BIC","0.08","0.6802145","0.656436586109945","0.035","0.579","0.647","0.611","26.0245273113251"
"419","30","300","20","preferential_attachment","sites","sites_1","PLN","BIC","0.11","0.798599","0.66633023514226","0.023","0.526","0.714","0.606","3.65122294425964"
"420","30","300","20","preferential_attachment","sites","sites_1","ZIPLN","BIC","0.11","0.7897645","0.68214499344237","0.023","0.526","0.714","0.606","31.5891637802124"
"421","1","300","20","preferential_attachment","sites","sites_2","PLN","BIC","0.13","0.7235105","0.553656776914366","0","0.053","1","0.1","2.02479124069214"
"422","1","300","20","preferential_attachment","sites","sites_2","ZIPLN","BIC","0.11","0.705094","0.609786593510461","0.006","0.263","0.833","0.4","43.4809553623199"
"423","2","300","20","preferential_attachment","sites","sites_2","PLN","BIC","0.13","0.739414","0.553038026428134","0","0",NA,"0","2.19629836082458"
"424","2","300","20","preferential_attachment","sites","sites_2","ZIPLN","BIC","0.12","0.7542515","0.58475344680513","0.006","0.316","0.857","0.462","40.6391429901123"
"425","3","300","20","preferential_attachment","sites","sites_2","PLN","BIC","0.12","0.5900375","0.549130859068207","0","0.053","1","0.1","2.00481581687927"
"426","3","300","20","preferential_attachment","sites","sites_2","ZIPLN","BIC","0.1","0.6899025","0.589709159438942","0","0.053","1","0.1","48.1777577400208"
"427","4","300","20","preferential_attachment","sites","sites_2","PLN","BIC","0.13","0.650743","0.551472898236331","0","0.167","1","0.286","1.84452891349792"
"428","4","300","20","preferential_attachment","sites","sites_2","ZIPLN","BIC","0.11","0.680014","0.58972285470277","0.006","0.333","0.857","0.48","39.1695051193237"
"429","5","300","20","preferential_attachment","sites","sites_2","PLN","BIC","0.14","0.6846395","0.549041937728848","0","0.053","1","0.1","1.20634412765503"
"430","5","300","20","preferential_attachment","sites","sites_2","ZIPLN","BIC","0.12","0.7287025","0.5881315396067","0","0.263","1","0.417","41.4730291366577"
"431","6","300","20","preferential_attachment","sites","sites_2","PLN","BIC","0.13","0.7921015","0.539474327180917","0","0.211","1","0.348","2.13226890563965"
"432","6","300","20","preferential_attachment","sites","sites_2","ZIPLN","BIC","0.11","0.7612905","0.555583819451296","0.035","0.684","0.684","0.684","45.4814741611481"
"433","7","300","20","preferential_attachment","sites","sites_2","PLN","BIC","0.12","0.5836535","0.565885211316161","0","0.053","1","0.1","1.9566867351532"
"434","7","300","20","preferential_attachment","sites","sites_2","ZIPLN","BIC","0.11","0.656234","0.606261545471743","0","0.053","1","0.1","43.9725496768951"
"435","8","300","20","preferential_attachment","sites","sites_2","PLN","BIC","0.13","0.578254","0.572529675716631","0","0",NA,"0","2.72823524475098"
"436","8","300","20","preferential_attachment","sites","sites_2","ZIPLN","BIC","0.09","0.6423785","0.621414159820787","0.047","0.263","0.385","0.312","45.6049535274506"
"437","9","300","20","preferential_attachment","sites","sites_2","PLN","BIC","0.14","0.640976","0.55486869476371","0","0.053","1","0.1","1.85284662246704"
"438","9","300","20","preferential_attachment","sites","sites_2","ZIPLN","BIC","0.11","0.640697","0.583205924600821","0.058","0.632","0.545","0.585","42.8538362979889"
"439","10","300","20","preferential_attachment","sites","sites_2","PLN","BIC","0.13","0.6290365","0.553127805589019","0","0.211","1","0.348","1.50027871131897"
"440","10","300","20","preferential_attachment","sites","sites_2","ZIPLN","BIC","0.11","0.6866765","0.582182121758099","0.018","0.421","0.727","0.533","32.4083907604218"
"441","11","300","20","preferential_attachment","sites","sites_2","PLN","BIC","0.11","0.7202765","0.570382801943038","0","0",NA,"0","2.19920706748962"
"442","11","300","20","preferential_attachment","sites","sites_2","ZIPLN","BIC","0.1","0.7058965","0.618968862300643","0","0.053","1","0.1","40.4702169895172"
"443","12","300","20","preferential_attachment","sites","sites_2","PLN","BIC","0.15","0.5800975","0.563083340770677","0","0",NA,"0","2.44714641571045"
"444","12","300","20","preferential_attachment","sites","sites_2","ZIPLN","BIC","0.13","0.6166215","0.602493389592792","0.006","0.444","0.889","0.593","44.0326900482178"
"445","13","300","20","preferential_attachment","sites","sites_2","PLN","BIC","0.13","0.70177","0.54748728076335","0","0.053","1","0.1","1.38414430618286"
"446","13","300","20","preferential_attachment","sites","sites_2","ZIPLN","BIC","0.11","0.67595","0.583915997221356","0.018","0.474","0.75","0.581","43.9894754886627"
"447","14","300","20","preferential_attachment","sites","sites_2","PLN","BIC","0.12","0.560958","0.597968281022523","0","0",NA,"0","1.9640576839447"
"448","14","300","20","preferential_attachment","sites","sites_2","ZIPLN","BIC","0.1","0.6510275","0.653422467707888","0","0.056","1","0.105","43.4390745162964"
"449","15","300","20","preferential_attachment","sites","sites_2","PLN","BIC","0.14","0.6748135","0.582644635800294","0.018","0.368","0.7","0.483","2.7384934425354"
"450","15","300","20","preferential_attachment","sites","sites_2","ZIPLN","BIC","0.11","0.621582","0.621018761655143","0.018","0.421","0.727","0.533","42.9298961162567"
"451","16","300","20","preferential_attachment","sites","sites_2","PLN","BIC","0.12","0.640148","0.560292306227001","0","0",NA,"0","1.23207449913025"
"452","16","300","20","preferential_attachment","sites","sites_2","ZIPLN","BIC","0.1","0.6131245","0.612786005380742","0","0.263","1","0.417","39.5507438182831"
"453","17","300","20","preferential_attachment","sites","sites_2","PLN","BIC","0.14","0.5772955","0.573924451320589","0","0.105","1","0.19","2.52483034133911"
"454","17","300","20","preferential_attachment","sites","sites_2","ZIPLN","BIC","0.12","0.5901615","0.623247869635951","0.012","0.263","0.714","0.385","30.8374474048615"
"455","18","300","20","preferential_attachment","sites","sites_2","PLN","BIC","0.12","0.6501335","0.577190097228568","0","0.211","1","0.348","2.25797343254089"
"456","18","300","20","preferential_attachment","sites","sites_2","ZIPLN","BIC","0.09","0.7221615","0.618636470386524","0.006","0.263","0.833","0.4","42.6377973556519"
"457","19","300","20","preferential_attachment","sites","sites_2","PLN","BIC","0.13","0.7252455","0.539752696377528","0.006","0.316","0.857","0.462","1.84204959869385"
"458","19","300","20","preferential_attachment","sites","sites_2","ZIPLN","BIC","0.11","0.648875","0.569909895097023","0.047","0.526","0.556","0.541","42.7750065326691"
"459","20","300","20","preferential_attachment","sites","sites_2","PLN","BIC","0.14","0.6685235","0.593676465580378","0","0",NA,"0","2.80621147155762"
"460","20","300","20","preferential_attachment","sites","sites_2","ZIPLN","BIC","0.12","0.656848","0.643435301348006","0.006","0.263","0.833","0.4","32.1641237735748"
"461","21","300","20","preferential_attachment","sites","sites_2","PLN","BIC","0.14","0.70538","0.568854423733734","0","0.105","1","0.19","1.86042046546936"
"462","21","300","20","preferential_attachment","sites","sites_2","ZIPLN","BIC","0.12","0.7578225","0.625555528143061","0.006","0.105","0.667","0.182","42.8219556808472"
"463","22","300","20","preferential_attachment","sites","sites_2","PLN","BIC","0.12","0.5354085","0.570373564923762","0","0.053","1","0.1","1.75232577323914"
"464","22","300","20","preferential_attachment","sites","sites_2","ZIPLN","BIC","0.1","0.5834175","0.621477156057403","0.012","0.105","0.5","0.174","41.4762723445892"
"465","23","300","20","preferential_attachment","sites","sites_2","PLN","BIC","0.15","0.7285335","0.572929006476014","0","0",NA,"0","1.61364650726318"
"466","23","300","20","preferential_attachment","sites","sites_2","ZIPLN","BIC","0.12","0.7479655","0.626533091790691","0.012","0.316","0.75","0.444","29.0627462863922"
"467","24","300","20","preferential_attachment","sites","sites_2","PLN","BIC","0.13","0.637613","0.617829933806266","0","0",NA,"0","2.28332662582397"
"468","24","300","20","preferential_attachment","sites","sites_2","ZIPLN","BIC","0.18","0.672505","0.747473287707385","0","0",NA,"0","42.9744775295258"
"469","25","300","20","preferential_attachment","sites","sites_2","PLN","BIC","0.13","0.6677795","0.550009209420794","0","0.053","1","0.1","2.07465505599976"
"470","25","300","20","preferential_attachment","sites","sites_2","ZIPLN","BIC","0.11","0.6715395","0.588374474649645","0.029","0.474","0.643","0.545","32.0733227729797"
"471","26","300","20","preferential_attachment","sites","sites_2","PLN","BIC","0.14","0.6994285","0.557810509710032","0","0",NA,"0","1.17890095710754"
"472","26","300","20","preferential_attachment","sites","sites_2","ZIPLN","BIC","0.12","0.7028885","0.622516113738384","0","0",NA,"0","28.6138544082642"
"473","27","300","20","preferential_attachment","sites","sites_2","PLN","BIC","0.14","0.702561","0.552333025701381","0","0",NA,"0","1.78775525093079"
"474","27","300","20","preferential_attachment","sites","sites_2","ZIPLN","BIC","0.12","0.727017","0.592174138634632","0.018","0.474","0.75","0.581","31.8029532432556"
"475","28","300","20","preferential_attachment","sites","sites_2","PLN","BIC","0.13","0.328046","0.581755449408524","0.006","0.158","0.75","0.261","2.55620956420898"
"476","28","300","20","preferential_attachment","sites","sites_2","ZIPLN","BIC","0.1","0.349342","0.648861908199392","0.006","0.211","0.8","0.333","42.2362229824066"
"477","29","300","20","preferential_attachment","sites","sites_2","PLN","BIC","0.14","0.742152","0.548040195583206","0","0",NA,"0","2.57866477966309"
"478","29","300","20","preferential_attachment","sites","sites_2","ZIPLN","BIC","0.12","0.741698","0.593739415085411","0","0.211","1","0.348","45.891444683075"
"479","30","300","20","preferential_attachment","sites","sites_2","PLN","BIC","0.13","0.669625","0.562460487143127","0.035","0.526","0.625","0.571","2.2688353061676"
"480","30","300","20","preferential_attachment","sites","sites_2","ZIPLN","BIC","0.11","0.6254015","0.589185101798694","0.053","0.579","0.55","0.564","33.0844762325287"
"481","1","300","20","preferential_attachment","sites","sites_3","PLN","BIC","0.18","0.4884795","0.425068420238677","0","0",NA,"0","2.37030029296875"
"482","1","300","20","preferential_attachment","sites","sites_3","ZIPLN","BIC","0.31","0.64252","0.639944373221002","0","0",NA,"0","29.6932570934296"
"483","2","300","20","preferential_attachment","sites","sites_3","PLN","BIC","0.17","0.657419","0.446752005798051","0","0",NA,"0","1.67419743537903"
"484","2","300","20","preferential_attachment","sites","sites_3","ZIPLN","BIC","0.34","0.694959","0.651346464977117","0","0",NA,"0","24.3697817325592"
"485","3","300","20","preferential_attachment","sites","sites_3","PLN","BIC","0.14","0.518008","0.448321664353647","0","0",NA,"0","2.54880666732788"
"486","3","300","20","preferential_attachment","sites","sites_3","ZIPLN","BIC","0.52","0.490597","0.67419628279106","0","0",NA,"0","29.6058392524719"
"487","4","300","20","preferential_attachment","sites","sites_3","PLN","BIC","0.16","0.687536","0.442816964436527","0","0",NA,"0","2.64056181907654"
"488","4","300","20","preferential_attachment","sites","sites_3","ZIPLN","BIC","0.29","0.776383","0.640832483292229","0","0",NA,"0","36.7783088684082"
"489","5","300","20","preferential_attachment","sites","sites_3","PLN","BIC","0.17","0.592538","0.451676217800056","0","0",NA,"0","2.71806859970093"
"490","5","300","20","preferential_attachment","sites","sites_3","ZIPLN","BIC","0.35","0.6446495","0.671026459683401","0","0",NA,"0","36.1221539974213"
"491","6","300","20","preferential_attachment","sites","sites_3","PLN","BIC","0.17","0.471592","0.43088907043718","0","0",NA,"0","3.02193832397461"
"492","6","300","20","preferential_attachment","sites","sites_3","ZIPLN","BIC","0.43","0.5465495","0.667181721721118","0","0",NA,"0","26.2469358444214"
"493","7","300","20","preferential_attachment","sites","sites_3","PLN","BIC","0.16","0.634406","0.450601245232084","0","0",NA,"0","2.59224820137024"
"494","7","300","20","preferential_attachment","sites","sites_3","ZIPLN","BIC","0.31","0.698051","0.654979506992517","0","0",NA,"0","49.6214458942413"
"495","8","300","20","preferential_attachment","sites","sites_3","PLN","BIC","0.16","0.59271","0.434119915797127","0","0.158","1","0.273","1.41287302970886"
"496","8","300","20","preferential_attachment","sites","sites_3","ZIPLN","BIC","0.27","0.553485","0.650418497779463","0","0",NA,"0","33.6649227142334"
"497","9","300","20","preferential_attachment","sites","sites_3","PLN","BIC","0.16","0.609844","0.432539204930718","0","0",NA,"0","2.17621302604675"
"498","9","300","20","preferential_attachment","sites","sites_3","ZIPLN","BIC","0.34","0.5549","0.662648730557704","0","0",NA,"0","37.5979857444763"
"499","10","300","20","preferential_attachment","sites","sites_3","PLN","BIC","0.17","0.5244335","0.43610292776177","0","0",NA,"0","3.56104326248169"
"500","10","300","20","preferential_attachment","sites","sites_3","ZIPLN","BIC","0.37","0.574717","0.652183845908226","0","0",NA,"0","51.0325818061829"
"501","11","300","20","preferential_attachment","sites","sites_3","PLN","BIC","0.18","0.5040675","0.452706949726643","0","0.053","1","0.1","2.60979294776917"
"502","11","300","20","preferential_attachment","sites","sites_3","ZIPLN","BIC","0.39","0.560312","0.678525094545038","0","0",NA,"0","46.6769087314606"
"503","12","300","20","preferential_attachment","sites","sites_3","PLN","BIC","0.17","0.631903","0.41376091752949","0","0",NA,"0","2.37611103057861"
"504","12","300","20","preferential_attachment","sites","sites_3","ZIPLN","BIC","0.32","0.5772945","0.624374982032639","0","0",NA,"0","42.3974325656891"
"505","13","300","20","preferential_attachment","sites","sites_3","PLN","BIC","0.15","0.643976","0.45710784585877","0","0",NA,"0","4.17481565475464"
"506","13","300","20","preferential_attachment","sites","sites_3","ZIPLN","BIC","0.26","0.7314995","0.646889913302003","0","0",NA,"0","1.04599549372991"
"507","14","300","20","preferential_attachment","sites","sites_3","PLN","BIC","0.16","0.5140835","0.453169928159061","0","0",NA,"0","3.12417650222778"
"508","14","300","20","preferential_attachment","sites","sites_3","ZIPLN","BIC","0.45","0.4987775","0.69202237666667","0","0",NA,"0","39.0025479793549"
"509","15","300","20","preferential_attachment","sites","sites_3","PLN","BIC","0.17","0.6541055","0.445043761040527","0","0",NA,"0","3.62335467338562"
"510","15","300","20","preferential_attachment","sites","sites_3","ZIPLN","BIC","0.32","0.6354035","0.660800844539248","0","0",NA,"0","43.6481244564056"
"511","16","300","20","preferential_attachment","sites","sites_3","PLN","BIC","0.16","0.507984","0.457705732782644","0","0",NA,"0","3.63783645629883"
"512","16","300","20","preferential_attachment","sites","sites_3","ZIPLN","BIC","0.34","0.6157775","0.687265452252424","0","0",NA,"0","45.1775529384613"
"513","17","300","20","preferential_attachment","sites","sites_3","PLN","BIC","0.17","0.5909525","0.431999595535311","0","0",NA,"0","3.30480670928955"
"514","17","300","20","preferential_attachment","sites","sites_3","ZIPLN","BIC","0.33","0.6010225","0.637889432491627","0","0",NA,"0","46.0790438652039"
"515","18","300","20","preferential_attachment","sites","sites_3","PLN","BIC","0.16","0.598565","0.450369457213947","0","0",NA,"0","3.97986769676208"
"516","18","300","20","preferential_attachment","sites","sites_3","ZIPLN","BIC","0.24","0.6578565","0.631122343471327","0","0.053","1","0.1","1.13623124361038"
"517","19","300","20","preferential_attachment","sites","sites_3","PLN","BIC","0.2","0.55929","0.44579363956432","0","0.056","1","0.105","4.45049023628235"
"518","19","300","20","preferential_attachment","sites","sites_3","ZIPLN","BIC","0.29","0.4953985","0.655894158990444","0","0",NA,"0","52.9534473419189"
"519","20","300","20","preferential_attachment","sites","sites_3","PLN","BIC","0.16","0.5603795","0.436546754014247","0","0",NA,"0","3.48046684265137"
"520","20","300","20","preferential_attachment","sites","sites_3","ZIPLN","BIC","0.3","0.7652935","0.638783424088569","0","0",NA,"0","42.3015427589417"
"521","21","300","20","preferential_attachment","sites","sites_3","PLN","BIC","0.16","0.520414","0.452948656820092","0","0",NA,"0","4.06758069992065"
"522","21","300","20","preferential_attachment","sites","sites_3","ZIPLN","BIC","0.36","0.691586","0.682882206181428","0","0",NA,"0","42.8130297660828"
"523","22","300","20","preferential_attachment","sites","sites_3","PLN","BIC","0.17","0.5368465","0.47251791379574","0","0",NA,"0","4.10404968261719"
"524","22","300","20","preferential_attachment","sites","sites_3","ZIPLN","BIC","0.6","0.5084295","0.702775558476106","0","0",NA,"0","53.9301886558533"
"525","23","300","20","preferential_attachment","sites","sites_3","PLN","BIC","0.16","0.5556085","0.443040788451322","0","0",NA,"0","5.04249906539917"
"526","23","300","20","preferential_attachment","sites","sites_3","ZIPLN","BIC","0.36","0.630597","0.664899212048737","0","0",NA,"0","51.0471029281616"
"527","24","300","20","preferential_attachment","sites","sites_3","PLN","BIC","0.17","0.582396","0.419320760724528","0","0",NA,"0","4.38629841804504"
"528","24","300","20","preferential_attachment","sites","sites_3","ZIPLN","BIC","0.18","0.5601125","0.60010068364416","0","0",NA,"0","57.3662354946136"
"529","25","300","20","preferential_attachment","sites","sites_3","PLN","BIC","0.16","0.5185065","0.463278295611615","0","0",NA,"0","2.60787534713745"
"530","25","300","20","preferential_attachment","sites","sites_3","ZIPLN","BIC","0.23","0.4434275","0.661242074515728","0","0",NA,"0","39.3777542114258"
"531","26","300","20","preferential_attachment","sites","sites_3","PLN","BIC","0.19","0.5942695","0.433748706750527","0","0.053","1","0.1","3.3748025894165"
"532","26","300","20","preferential_attachment","sites","sites_3","ZIPLN","BIC","0.28","0.464009","0.634033820541712","0","0",NA,"0","49.8660936355591"
"533","27","300","20","preferential_attachment","sites","sites_3","PLN","BIC","0.17","0.5710075","0.434449460704943","0.006","0.105","0.667","0.182","3.59255504608154"
"534","27","300","20","preferential_attachment","sites","sites_3","ZIPLN","BIC","0.2","0.777688","0.625658186264488","0","0",NA,"0","58.3639206886292"
"535","28","300","20","preferential_attachment","sites","sites_3","PLN","BIC","0.18","0.569368","0.454952066752208","0","0",NA,"0","4.6383810043335"
"536","28","300","20","preferential_attachment","sites","sites_3","ZIPLN","BIC","0.59","0.531751","0.687830064496074","0","0",NA,"0","39.3751046657562"
"537","29","300","20","preferential_attachment","sites","sites_3","PLN","BIC","0.16","0.5055815","0.450792871946022","0","0",NA,"0","4.21158933639526"
"538","29","300","20","preferential_attachment","sites","sites_3","ZIPLN","BIC","0.3","0.655629","0.671036072194702","0","0",NA,"0","39.732640504837"
"539","30","300","20","preferential_attachment","sites","sites_3","PLN","BIC","0.17","0.495048","0.428619666597098","0","0.053","1","0.1","4.00124907493591"
"540","30","300","20","preferential_attachment","sites","sites_3","ZIPLN","BIC","0.34","0.404603","0.624954132600057","0","0",NA,"0","40.4699327945709"
"541","1","300","20","erdos_renyi","species","species_1","PLN","BIC","0.04","0.86875","0.621047645774088","0.022","0.75","0.6","0.667","1.81715679168701"
"542","1","300","20","erdos_renyi","species","species_1","ZIPLN","BIC","0.09","0.7715625","0.632351776992501","0.022","0.625","0.556","0.588","8.74624013900757"
"543","2","300","20","erdos_renyi","species","species_1","PLN","BIC","0.06","0.8372045","0.6068745007564","0","0.857","1","0.923","2.68631267547607"
"544","2","300","20","erdos_renyi","species","species_1","ZIPLN","BIC","0.06","0.8100675","0.597744569805048","0.011","0.857","0.75","0.8","16.8655786514282"
"545","3","300","20","erdos_renyi","species","species_1","PLN","BIC","0.06","0.819131","0.658296809212621","0","0",NA,"0","3.37861752510071"
"546","3","300","20","erdos_renyi","species","species_1","ZIPLN","BIC","0.06","0.795064","0.658726557734374","0.006","0.444","0.8","0.571","11.5300395488739"
"547","4","300","20","erdos_renyi","species","species_1","PLN","BIC","0.05","0.7328065","0.610594106087059","0.017","0.769","0.769","0.769","2.9187970161438"
"548","4","300","20","erdos_renyi","species","species_1","ZIPLN","BIC","0.04","0.716692","0.596329916659789","0.017","0.769","0.769","0.769","11.0097453594208"
"549","5","300","20","erdos_renyi","species","species_1","PLN","BIC","0.05","0.7749275","0.642336131347019","0.011","1","0.778","0.875","2.29473805427551"
"550","5","300","20","erdos_renyi","species","species_1","ZIPLN","BIC","0.04","0.7954285","0.637947854647117","0.022","1","0.636","0.778","8.92650127410889"
"551","6","300","20","erdos_renyi","species","species_1","PLN","BIC","0.04","0.9012","0.592719945016425","0","0",NA,"0","2.19213080406189"
"552","6","300","20","erdos_renyi","species","species_1","ZIPLN","BIC","0.06","0.8603","0.605922261798544","0.005","0.6","0.75","0.667","17.943510055542"
"553","7","300","20","erdos_renyi","species","species_1","PLN","BIC","0.04","0.901164","0.588399878663415","0","0.667","1","0.8","2.90261697769165"
"554","7","300","20","erdos_renyi","species","species_1","ZIPLN","BIC","0.11","0.893412","0.608935068617824","0.005","0.833","0.833","0.833","12.5949575901031"
"555","8","300","20","erdos_renyi","species","species_1","PLN","BIC","0.06","0.65785","0.623860384939865","0.039","0.8","0.533","0.64","3.36953067779541"
"556","8","300","20","erdos_renyi","species","species_1","ZIPLN","BIC","0.06","0.64765","0.621394397016398","0.017","0.8","0.727","0.762","18.086496591568"
"557","9","300","20","erdos_renyi","species","species_1","PLN","BIC","0.07","0.7083285","0.62166718315298","0.011","0.417","0.714","0.526","2.5854754447937"
"558","9","300","20","erdos_renyi","species","species_1","ZIPLN","BIC","0.11","0.616184","0.631335657782887","0.006","0.417","0.833","0.556","16.2040021419525"
"559","10","300","20","erdos_renyi","species","species_1","PLN","BIC","0.1","0.7173175","0.653192040793077","0.117","0.895","0.459","0.607","3.55151343345642"
"560","10","300","20","erdos_renyi","species","species_1","ZIPLN","BIC","0.1","0.704869","0.641509525817972","0.076","0.789","0.536","0.638","9.19618964195251"
"561","11","300","20","erdos_renyi","species","species_1","PLN","BIC","0.06","0.708125","0.602985742809958","0.011","0.75","0.75","0.75","2.94049715995789"
"562","11","300","20","erdos_renyi","species","species_1","ZIPLN","BIC","0.05","0.7214375","0.595483251256446","0.055","0.75","0.375","0.5","14.3967559337616"
"563","12","300","20","erdos_renyi","species","species_1","PLN","BIC","0.06","0.7525","0.655458446970934","0.011","0.75","0.75","0.75","3.13248133659363"
"564","12","300","20","erdos_renyi","species","species_1","ZIPLN","BIC","0.07","0.7543125","0.659447338257477","0.022","0.75","0.6","0.667","10.1340465545654"
"565","13","300","20","erdos_renyi","species","species_1","PLN","BIC","0.06","0.824146","0.629625974524967","0.011","0.556","0.714","0.625","2.84758710861206"
"566","13","300","20","erdos_renyi","species","species_1","ZIPLN","BIC","0.05","0.8351405","0.627184774889726","0.028","0.778","0.583","0.667","9.13098216056824"
"567","14","300","20","erdos_renyi","species","species_1","PLN","BIC","0.06","0.6929255","0.676045979147395","0.006","0.778","0.875","0.824","3.47043085098267"
"568","14","300","20","erdos_renyi","species","species_1","ZIPLN","BIC","0.05","0.691427","0.670047937476639","0.011","0.778","0.778","0.778","10.9747543334961"
"569","15","300","20","erdos_renyi","species","species_1","PLN","BIC","0.03","0.7282855","0.571804543333989","0","0",NA,"0","2.50852966308594"
"570","15","300","20","erdos_renyi","species","species_1","ZIPLN","BIC","0.06","0.69549","0.601199147998003","0","0",NA,"0","15.3717842102051"
"571","16","300","20","erdos_renyi","species","species_1","PLN","BIC","0.07","0.7644395","0.658477287598033","0","0",NA,"0","2.90715885162354"
"572","16","300","20","erdos_renyi","species","species_1","ZIPLN","BIC","0.07","0.7699905","0.663467596509183","0","0.167","1","0.286","17.4883587360382"
"573","17","300","20","erdos_renyi","species","species_1","PLN","BIC","0.04","0.7116","0.643164361278367","0","0.2","1","0.333","3.18610692024231"
"574","17","300","20","erdos_renyi","species","species_1","ZIPLN","BIC","0.06","0.7053","0.655876071228964","0","0.2","1","0.333","10.6452698707581"
"575","18","300","20","erdos_renyi","species","species_1","PLN","BIC","0.07","0.712117","0.635320612839164","0.006","0.778","0.875","0.824","2.43547034263611"
"576","18","300","20","erdos_renyi","species","species_1","ZIPLN","BIC","0.06","0.7620615","0.627928682847283","0.039","1","0.562","0.72","15.9358947277069"
"577","19","300","20","erdos_renyi","species","species_1","PLN","BIC","0.04","0.8744","0.617732923086888","0.005","0.8","0.8","0.8","2.32605695724487"
"578","19","300","20","erdos_renyi","species","species_1","ZIPLN","BIC","0.03","0.8414","0.617299419117479","0.011","0.8","0.667","0.727","10.172128200531"
"579","20","300","20","erdos_renyi","species","species_1","PLN","BIC","0.06","0.7998255","0.577723438195","0.028","0.818","0.643","0.72","2.82189702987671"
"580","20","300","20","erdos_renyi","species","species_1","ZIPLN","BIC","0.05","0.7671905","0.571211676595566","0.017","0.818","0.75","0.783","17.4711015224457"
"581","21","300","20","erdos_renyi","species","species_1","PLN","BIC","0.05","0.716","0.604098209733795","0","0.625","1","0.769","2.98946332931519"
"582","21","300","20","erdos_renyi","species","species_1","ZIPLN","BIC","0.08","0.6079375","0.627583567223972","0","0.375","1","0.545","13.1360292434692"
"583","22","300","20","erdos_renyi","species","species_1","PLN","BIC","0.08","0.7149985","0.620011045399005","0.022","0.909","0.714","0.8","3.17841839790344"
"584","22","300","20","erdos_renyi","species","species_1","ZIPLN","BIC","0.08","0.714253","0.620117116649936","0.05","0.909","0.526","0.667","10.2533926963806"
"585","23","300","20","erdos_renyi","species","species_1","PLN","BIC","0.03","0.8288","0.588625123557232","0.005","0.4","0.667","0.5","2.73852181434631"
"586","23","300","20","erdos_renyi","species","species_1","ZIPLN","BIC","0.07","0.8094","0.61282553790632","0","0.4","1","0.571","12.0366683006287"
"587","24","300","20","erdos_renyi","species","species_1","PLN","BIC","0.05","0.676519","0.641135750255869","0","0.429","1","0.6","2.63889670372009"
"588","24","300","20","erdos_renyi","species","species_1","ZIPLN","BIC","0.05","0.6560125","0.649470817927383","0","0.286","1","0.444","21.5824766159058"
"589","25","300","20","erdos_renyi","species","species_1","PLN","BIC","0.07","0.69125","0.620007550580303","0.006","0.8","0.889","0.842","3.20527172088623"
"590","25","300","20","erdos_renyi","species","species_1","ZIPLN","BIC","0.08","0.6684","0.629644299233857","0.006","0.7","0.875","0.778","18.5101866722107"
"591","26","300","20","erdos_renyi","species","species_1","PLN","BIC","0.05","0.8244095","0.628139398825784","0.005","0.667","0.8","0.727","2.06963753700256"
"592","26","300","20","erdos_renyi","species","species_1","ZIPLN","BIC","0.08","0.773","0.637149693804669","0.016","1","0.667","0.8","6.82324194908142"
"593","27","300","20","erdos_renyi","species","species_1","PLN","BIC","0.06","0.7456875","0.605045299170403","0.005","0.5","0.8","0.615","2.64122223854065"
"594","27","300","20","erdos_renyi","species","species_1","ZIPLN","BIC","0.11","0.6569375","0.627398555612762","0.016","0.625","0.625","0.625","14.1924571990967"
"595","28","300","20","erdos_renyi","species","species_1","PLN","BIC","0.06","0.7175","0.644688430959779","0","0.3","1","0.462","3.09695744514465"
"596","28","300","20","erdos_renyi","species","species_1","ZIPLN","BIC","0.09","0.6771","0.669130130529506","0.022","0.4","0.5","0.444","11.3766949176788"
"597","29","300","20","erdos_renyi","species","species_1","PLN","BIC","0.05","0.7318025","0.63020834963042","0.011","0.833","0.714","0.769","2.11210489273071"
"598","29","300","20","erdos_renyi","species","species_1","ZIPLN","BIC","0.08","0.7184865","0.63867050354117","0.011","0.833","0.714","0.769","13.1060917377472"
"599","30","300","20","erdos_renyi","species","species_1","PLN","BIC","0.05","0.7175","0.611904321445543","0.033","0.7","0.538","0.609","2.40360045433044"
"600","30","300","20","erdos_renyi","species","species_1","ZIPLN","BIC","0.08","0.6928","0.635255667983262","0.006","0.5","0.833","0.625","11.9389228820801"
"601","1","300","20","erdos_renyi","species","species_2","PLN","BIC","0.1","0.751242","0.567996362585621","0","0.182","1","0.308","2.56781816482544"
"602","1","300","20","erdos_renyi","species","species_2","ZIPLN","BIC","0.18","0.5022645","0.647810533020636","0.006","0.182","0.667","0.286","17.2382845878601"
"603","2","300","20","erdos_renyi","species","species_2","PLN","BIC","0.06","0.7622","0.572541654163769","0","0",NA,"0","2.40243077278137"
"604","2","300","20","erdos_renyi","species","species_2","ZIPLN","BIC","0.11","0.5756","0.606551583567624","0","0",NA,"0","17.2837626934052"
"605","3","300","20","erdos_renyi","species","species_2","PLN","BIC","0.09","0.6771715","0.578690996528567","0","0.222","1","0.364","3.12239575386047"
"606","3","300","20","erdos_renyi","species","species_2","ZIPLN","BIC","0.16","0.4468025","0.647666570422801","0.028","0.556","0.5","0.526","26.297598361969"
"607","4","300","20","erdos_renyi","species","species_2","PLN","BIC","0.06","0.8425","0.533967532432488","0","0.2","1","0.333","2.60830736160278"
"608","4","300","20","erdos_renyi","species","species_2","ZIPLN","BIC","0.15","0.4721","0.62229599745399","0","0.2","1","0.333","22.7401094436646"
"609","5","300","20","erdos_renyi","species","species_2","PLN","BIC","0.05","0.823","0.573681179366032","0","0.2","1","0.333","2.78062844276428"
"610","5","300","20","erdos_renyi","species","species_2","ZIPLN","BIC","0.17","0.4941","0.654116954838936","0","0.2","1","0.333","10.4495558738708"
"611","6","300","20","erdos_renyi","species","species_2","PLN","BIC","0.08","0.835079","0.555100164306372","0","0",NA,"0","3.3034610748291"
"612","6","300","20","erdos_renyi","species","species_2","ZIPLN","BIC","0.23","0.574106","0.662827743928581","0","0",NA,"0","19.4767436981201"
"613","7","300","20","erdos_renyi","species","species_2","PLN","BIC","0.09","0.824595","0.563279900177407","0","0",NA,"0","2.2146372795105"
"614","7","300","20","erdos_renyi","species","species_2","ZIPLN","BIC","0.18","0.5099535","0.651014077975452","0.011","0.333","0.6","0.429","23.6528143882751"
"615","8","300","20","erdos_renyi","species","species_2","PLN","BIC","0.07","0.9291","0.492635613502909","0","0.4","1","0.571","3.39246654510498"
"616","8","300","20","erdos_renyi","species","species_2","ZIPLN","BIC","0.15","0.7","0.596950683151467","0","0",NA,"0","11.7689487934113"
"617","9","300","20","erdos_renyi","species","species_2","PLN","BIC","0.09","0.606945","0.555418439554369","0","0",NA,"0","3.49139165878296"
"618","9","300","20","erdos_renyi","species","species_2","ZIPLN","BIC","0.24","0.4036515","0.643414082644643","0","0.273","1","0.429","18.6387050151825"
"619","10","300","20","erdos_renyi","species","species_2","PLN","BIC","0.05","0.6643","0.491086150514437","0.005","0.4","0.667","0.5","2.48886847496033"
"620","10","300","20","erdos_renyi","species","species_2","ZIPLN","BIC","0.17","0.4083","0.606844206421617","0.011","0.2","0.333","0.25","15.0605466365814"
"621","11","300","20","erdos_renyi","species","species_2","PLN","BIC","0.07","0.72595","0.597433883668622","0","0.3","1","0.462","3.80439043045044"
"622","11","300","20","erdos_renyi","species","species_2","ZIPLN","BIC","0.13","0.5717","0.635341247714771","0.017","0.7","0.7","0.7","15.802074432373"
"623","12","300","20","erdos_renyi","species","species_2","PLN","BIC","0.09","0.791844","0.546852194123959","0","0.417","1","0.588","3.76812720298767"
"624","12","300","20","erdos_renyi","species","species_2","ZIPLN","BIC","0.29","0.3459995","0.679077915603239","0.011","0.333","0.667","0.444","15.3060066699982"
"625","13","300","20","erdos_renyi","species","species_2","PLN","BIC","0.06","0.780062","0.510806165567104","0","0.429","1","0.6","2.18438720703125"
"626","13","300","20","erdos_renyi","species","species_2","ZIPLN","BIC","0.23","0.4834045","0.620006708496327","0","0.286","1","0.444","22.1235206127167"
"627","14","300","20","erdos_renyi","species","species_2","PLN","BIC","0.09","0.851","0.528495153146008","0","0.5","1","0.667","2.74156045913696"
"628","14","300","20","erdos_renyi","species","species_2","ZIPLN","BIC","0.14","0.7024375","0.62543801244808","0","0",NA,"0","25.8165271282196"
"629","15","300","20","erdos_renyi","species","species_2","PLN","BIC","0.04","0.9045","0.528493388222452","0","0",NA,"0","2.53167366981506"
"630","15","300","20","erdos_renyi","species","species_2","ZIPLN","BIC","0.16","0.71525","0.628850567003824","0","0",NA,"0","9.41628766059875"
"631","16","300","20","erdos_renyi","species","species_2","PLN","BIC","0.04","0.8871675","0.536061086810795","0","0.667","1","0.8","2.65709233283997"
"632","16","300","20","erdos_renyi","species","species_2","ZIPLN","BIC","0.16","0.6738495","0.623505008624592","0","0.667","1","0.8","17.8987939357758"
"633","17","300","20","erdos_renyi","species","species_2","PLN","BIC","0.08","0.84924","0.569850527847425","0","0",NA,"0","3.77858877182007"
"634","17","300","20","erdos_renyi","species","species_2","ZIPLN","BIC","0.17","0.611143","0.645963305663899","0.017","0.444","0.571","0.5","21.8752110004425"
"635","18","300","20","erdos_renyi","species","species_2","PLN","BIC","0.06","0.6695645","0.542485469685972","0","0.333","1","0.5","2.91203713417053"
"636","18","300","20","erdos_renyi","species","species_2","ZIPLN","BIC","0.14","0.368031","0.635697496400354","0","0",NA,"0","10.439724445343"
"637","19","300","20","erdos_renyi","species","species_2","PLN","BIC","0.09","0.6996555","0.580929800868631","0","0",NA,"0","3.0548779964447"
"638","19","300","20","erdos_renyi","species","species_2","ZIPLN","BIC","0.27","0.417388","0.679433149026139","0","0.091","1","0.167","9.74579405784607"
"639","20","300","20","erdos_renyi","species","species_2","PLN","BIC","0.09","0.807942","0.547977284126987","0.005","0.833","0.833","0.833","3.06463098526001"
"640","20","300","20","erdos_renyi","species","species_2","ZIPLN","BIC","0.21","0.5078325","0.641561645367749","0.016","1","0.667","0.8","9.92848944664001"
"641","21","300","20","erdos_renyi","species","species_2","PLN","BIC","0.06","0.587212","0.573164332831409","0","0.167","1","0.286","3.34416580200195"
"642","21","300","20","erdos_renyi","species","species_2","ZIPLN","BIC","0.17","0.477572","0.646617245796929","0.011","0.333","0.5","0.4","11.3707594871521"
"643","22","300","20","erdos_renyi","species","species_2","PLN","BIC","0.06","0.7795625","0.508481285887461","0","0",NA,"0","2.70386552810669"
"644","22","300","20","erdos_renyi","species","species_2","ZIPLN","BIC","0.18","0.50975","0.602153003835175","0","0.125","1","0.222","16.2962241172791"
"645","23","300","20","erdos_renyi","species","species_2","PLN","BIC","0.1","0.770553","0.536567369140518","0.017","0.667","0.727","0.696","3.18347907066345"
"646","23","300","20","erdos_renyi","species","species_2","ZIPLN","BIC","0.14","0.523625","0.618732610860894","0.045","0.667","0.5","0.571","12.205370426178"
"647","24","300","20","erdos_renyi","species","species_2","PLN","BIC","0.08","0.631515","0.556554553112596","0","0",NA,"0","3.07204699516296"
"648","24","300","20","erdos_renyi","species","species_2","ZIPLN","BIC","0.22","0.4906625","0.642121466038985","0.006","0.333","0.75","0.462","32.3934512138367"
"649","25","300","20","erdos_renyi","species","species_2","PLN","BIC","0.07","0.7203125","0.52285753435278","0","0.125","1","0.222","3.21269798278809"
"650","25","300","20","erdos_renyi","species","species_2","ZIPLN","BIC","0.14","0.4031875","0.620190261950152","0","0.125","1","0.222","11.6461977958679"
"651","26","300","20","erdos_renyi","species","species_2","PLN","BIC","0.09","0.720494","0.567364800492697","0","0",NA,"0","3.49211311340332"
"652","26","300","20","erdos_renyi","species","species_2","ZIPLN","BIC","0.15","0.53365","0.660666193071655","0","0",NA,"0","16.8540508747101"
"653","27","300","20","erdos_renyi","species","species_2","PLN","BIC","0.12","0.638427","0.542316657699147","0","0",NA,"0","3.6997766494751"
"654","27","300","20","erdos_renyi","species","species_2","ZIPLN","BIC","0.18","0.469472","0.634319041034839","0","0.062","1","0.118","20.3097596168518"
"655","28","300","20","erdos_renyi","species","species_2","PLN","BIC","0.05","0.6324","0.556373344986713","0","0",NA,"0","2.77948069572449"
"656","28","300","20","erdos_renyi","species","species_2","ZIPLN","BIC","0.11","0.2192","0.614047443113757","0","0",NA,"0","18.6894333362579"
"657","29","300","20","erdos_renyi","species","species_2","PLN","BIC","0.05","0.8482","0.487068278599873","0.005","0.8","0.8","0.8","2.84007620811462"
"658","29","300","20","erdos_renyi","species","species_2","ZIPLN","BIC","0.12","0.517","0.577682740838512","0","0.4","1","0.571","18.3224377632141"
"659","30","300","20","erdos_renyi","species","species_2","PLN","BIC","0.07","0.9125525","0.546200558176698","0","0.429","1","0.6","3.12898111343384"
"660","30","300","20","erdos_renyi","species","species_2","ZIPLN","BIC","0.18","0.52826","0.64252484851149","0.011","0.429","0.6","0.5","7.03986001014709"
"661","1","300","20","erdos_renyi","species","species_3","PLN","BIC","0.1","0.873606","0.466084477279692","0","0",NA,"0","2.81027388572693"
"662","1","300","20","erdos_renyi","species","species_3","ZIPLN","BIC","0.24","0.268128","0.558649890775198","0.016","0.286","0.4","0.333","8.68162369728088"
"663","2","300","20","erdos_renyi","species","species_3","PLN","BIC","0.08","0.591662","0.444190970282727","0","0.273","1","0.429","3.82739734649658"
"664","2","300","20","erdos_renyi","species","species_3","ZIPLN","BIC","0.15","0.171132","0.499906008408787","0","0.091","1","0.167","8.32681894302368"
"665","3","300","20","erdos_renyi","species","species_3","PLN","BIC","0.1","0.79325","0.49643378556154","0","0",NA,"0","2.78669595718384"
"666","3","300","20","erdos_renyi","species","species_3","ZIPLN","BIC","0.68","0.2908","0.541158499535445","0.017","0.3","0.5","0.375","20.2145314216614"
"667","4","300","20","erdos_renyi","species","species_3","PLN","BIC","0.1","0.644","0.456720420844681","0.011","0.1","0.333","0.154","3.74971961975098"
"668","4","300","20","erdos_renyi","species","species_3","ZIPLN","BIC","0.28","0.1266","0.547599758236057","0","0.1","1","0.182","15.8085165023804"
"669","5","300","20","erdos_renyi","species","species_3","PLN","BIC","0.08","0.603501","0.456495174818289","0","0",NA,"0","3.47781133651733"
"670","5","300","20","erdos_renyi","species","species_3","ZIPLN","BIC","0.49","0.203184","0.508938754036622","0","0",NA,"0","10.7197515964508"
"671","6","300","20","erdos_renyi","species","species_3","PLN","BIC","0.11","0.8083465","0.536464379649549","0","0",NA,"0","3.67892384529114"
"672","6","300","20","erdos_renyi","species","species_3","ZIPLN","BIC","0.27","0.431159","0.613757834498623","0","0",NA,"0","11.6796462535858"
"673","7","300","20","erdos_renyi","species","species_3","PLN","BIC","0.1","0.655452","0.512725964744112","0","0",NA,"0","3.01480555534363"
"674","7","300","20","erdos_renyi","species","species_3","ZIPLN","BIC","0.31","0.3078405","0.563298634641033","0","0",NA,"0","10.7473533153534"
"675","8","300","20","erdos_renyi","species","species_3","PLN","BIC","0.11","0.551375","0.469640048182665","0","0",NA,"0","4.22578144073486"
"676","8","300","20","erdos_renyi","species","species_3","ZIPLN","BIC","0.23","0.092625","0.534630625344787","0.005","0.125","0.5","0.2","19.8908200263977"
"677","9","300","20","erdos_renyi","species","species_3","PLN","BIC","0.08","0.5765","0.441561468963165","0","0.125","1","0.222","3.08174538612366"
"678","9","300","20","erdos_renyi","species","species_3","ZIPLN","BIC","0.76","0.1040625","0.529843644382591","0","0.125","1","0.222","16.0825893878937"
"679","10","300","20","erdos_renyi","species","species_3","PLN","BIC","0.11","0.819124","0.526031765446952","0","0",NA,"0","3.39761424064636"
"680","10","300","20","erdos_renyi","species","species_3","ZIPLN","BIC","0.32","0.4147035","0.582463859253046","0","0",NA,"0","6.97773480415344"
"681","11","300","20","erdos_renyi","species","species_3","PLN","BIC","0.11","0.4947025","0.528871425764662","0.006","0.182","0.667","0.286","3.63694190979004"
"682","11","300","20","erdos_renyi","species","species_3","ZIPLN","BIC","0.59","0.1865955","0.580126297810627","0","0.182","1","0.308","22.5310010910034"
"683","12","300","20","erdos_renyi","species","species_3","PLN","BIC","0.09","0.681875","0.467865502544724","0.011","0.375","0.6","0.462","3.87303733825684"
"684","12","300","20","erdos_renyi","species","species_3","ZIPLN","BIC","0.75","0.24375","0.514958177073654","0","0.125","1","0.222","26.193140745163"
"685","13","300","20","erdos_renyi","species","species_3","PLN","BIC","0.07","0.7637245","0.560854547372728","0","0.286","1","0.444","2.45615744590759"
"686","13","300","20","erdos_renyi","species","species_3","ZIPLN","BIC","0.41","0.374798","0.622659554444803","0","0.286","1","0.444","9.44781017303467"
"687","14","300","20","erdos_renyi","species","species_3","PLN","BIC","0.12","0.6186","0.386135692360278","0.028","0.3","0.375","0.333","3.17487096786499"
"688","14","300","20","erdos_renyi","species","species_3","ZIPLN","BIC","0.69","0.16665","0.47067241209244","0","0",NA,"0","18.094343662262"
"689","15","300","20","erdos_renyi","species","species_3","PLN","BIC","0.1","0.600282","0.472099398865421","0","0",NA,"0","2.89216589927673"
"690","15","300","20","erdos_renyi","species","species_3","ZIPLN","BIC","0.17","0.280029","0.541965674057426","0","0.111","1","0.2","8.12647700309753"
"691","16","300","20","erdos_renyi","species","species_3","PLN","BIC","0.09","0.591672","0.448931701060298","0.006","0.333","0.75","0.462","2.12959480285645"
"692","16","300","20","erdos_renyi","species","species_3","ZIPLN","BIC","0.44","0.134709","0.549748703677434","0.022","0.222","0.333","0.267","8.94912910461426"
"693","17","300","20","erdos_renyi","species","species_3","PLN","BIC","0.1","0.58625","0.373251149925719","0.011","0","0","0","4.51479268074036"
"694","17","300","20","erdos_renyi","species","species_3","ZIPLN","BIC","0.45","0.1158","0.459212617918263","0","0",NA,"0","6.81883358955383"
"695","18","300","20","erdos_renyi","species","species_3","PLN","BIC","0.06","0.6965","0.464852156772769","0","0.75","1","0.857","2.13962507247925"
"696","18","300","20","erdos_renyi","species","species_3","ZIPLN","BIC","0.41","0.286875","0.506224082018216","0.005","0.5","0.667","0.571","8.35977172851562"
"697","19","300","20","erdos_renyi","species","species_3","PLN","BIC","0.13","0.585339","0.5298603331897","0.011","0.214","0.6","0.316","3.9349102973938"
"698","19","300","20","erdos_renyi","species","species_3","ZIPLN","BIC","0.24","0.1552","0.5754390374676","0.04","0.286","0.364","0.32","8.46100544929504"
"699","20","300","20","erdos_renyi","species","species_3","PLN","BIC","0.08","0.5756","0.465894990543296","0","0",NA,"0","3.84457993507385"
"700","20","300","20","erdos_renyi","species","species_3","ZIPLN","BIC","0.43","0.2102","0.522058338466094","0","0",NA,"0","19.103541135788"
"701","21","300","20","erdos_renyi","species","species_3","PLN","BIC","0.09","0.675","0.510765240227652","0","0.1","1","0.182","2.03769159317017"
"702","21","300","20","erdos_renyi","species","species_3","ZIPLN","BIC","0.73","0.303","0.573578490406883","0.006","0.2","0.667","0.308","10.9818706512451"
"703","22","300","20","erdos_renyi","species","species_3","PLN","BIC","0.12","0.63295","0.42215576813605","0","0",NA,"0","2.78273105621338"
"704","22","300","20","erdos_renyi","species","species_3","ZIPLN","BIC","0.58","0.14784","0.517084338564304","0","0",NA,"0","14.7219913005829"
"705","23","300","20","erdos_renyi","species","species_3","PLN","BIC","0.11","0.347","0.428104605357934","0","0",NA,"0","2.51377487182617"
"706","23","300","20","erdos_renyi","species","species_3","ZIPLN","BIC","0.47","0.0374375","0.498248320672458","0","0",NA,"0","9.5054497718811"
"707","24","300","20","erdos_renyi","species","species_3","PLN","BIC","0.11","0.70765","0.535281014208691","0","0",NA,"0","3.36498689651489"
"708","24","300","20","erdos_renyi","species","species_3","ZIPLN","BIC","0.55","0.191957","0.583982731104533","0","0.167","1","0.286","11.2938787937164"
"709","25","300","20","erdos_renyi","species","species_3","PLN","BIC","0.12","0.490554","0.528984871380762","0","0",NA,"0","1.71318054199219"
"710","25","300","20","erdos_renyi","species","species_3","ZIPLN","BIC","0.23","0.2896115","0.586140492021897","0","0",NA,"0","12.3555114269257"
"711","26","300","20","erdos_renyi","species","species_3","PLN","BIC","0.1","0.7555625","0.48430210624925","0","0.125","1","0.222","2.07417249679565"
"712","26","300","20","erdos_renyi","species","species_3","ZIPLN","BIC","0.76","0.209875","0.516575327577236","0","0.125","1","0.222","7.27944779396057"
"713","27","300","20","erdos_renyi","species","species_3","PLN","BIC","0.08","0.6779275","0.489572895815615","0","0.143","1","0.25","3.34650063514709"
"714","27","300","20","erdos_renyi","species","species_3","ZIPLN","BIC","0.73","0.2183275","0.541068834015792","0","0.286","1","0.444","18.0244550704956"
"715","28","300","20","erdos_renyi","species","species_3","PLN","BIC","0.07","0.7116","0.491552533219518","0","0",NA,"0","3.22085475921631"
"716","28","300","20","erdos_renyi","species","species_3","ZIPLN","BIC","0.84","0.1726","0.54921650018626","0","0.4","1","0.571","15.8630125522614"
"717","29","300","20","erdos_renyi","species","species_3","PLN","BIC","0.07","0.7777","0.495526359990824","0","0",NA,"0","3.26429629325867"
"718","29","300","20","erdos_renyi","species","species_3","ZIPLN","BIC","0.38","0.2564","0.580023559014147","0","0.2","1","0.333","8.00379467010498"
"719","30","300","20","erdos_renyi","species","species_3","PLN","BIC","0.1","0.5786875","0.48011441107744","0","0",NA,"0","2.80866551399231"
"720","30","300","20","erdos_renyi","species","species_3","ZIPLN","BIC","0.17","0.295125","0.539451667027407","0","0",NA,"0","13.1991002559662"
"721","1","300","20","community","species","species_1","PLN","BIC","0.09","0.6950485","0.664531480869516","0.017","0.556","0.769","0.645","4.08285069465637"
"722","1","300","20","community","species","species_1","ZIPLN","BIC","0.09","0.688186","0.662075827171671","0.017","0.5","0.75","0.6","10.4817175865173"
"723","2","300","20","community","species","species_1","PLN","BIC","0.06","0.701248","0.597019284489438","0.134","0.909","0.294","0.444","3.14035558700562"
"724","2","300","20","community","species","species_1","ZIPLN","BIC","0.06","0.689251","0.596454789615995","0.056","0.909","0.5","0.645","14.4805955886841"
"725","3","300","20","community","species","species_1","PLN","BIC","0.06","0.8503305","0.570692798432708","0","0.167","1","0.286","2.62515783309937"
"726","3","300","20","community","species","species_1","ZIPLN","BIC","0.09","0.7173325","0.616267079588615","0","0.333","1","0.5","16.573379278183"
"727","4","300","20","community","species","species_1","PLN","BIC","0.04","0.8358025","0.602575459543302","0","0.429","1","0.6","2.70964097976685"
"728","4","300","20","community","species","species_1","ZIPLN","BIC","0.04","0.804007","0.603612346520142","0","0.429","1","0.6","14.2784647941589"
"729","5","300","20","community","species","species_1","PLN","BIC","0.04","0.7125625","0.623396077449737","0.011","0.5","0.667","0.571","2.52286195755005"
"730","5","300","20","community","species","species_1","ZIPLN","BIC","0.12","0.6079375","0.648435121422079","0.011","0.5","0.667","0.571","10.4862184524536"
"731","6","300","20","community","species","species_1","PLN","BIC","0.05","0.759137","0.581226408533497","0","0.857","1","0.923","3.11049103736877"
"732","6","300","20","community","species","species_1","ZIPLN","BIC","0.05","0.7517565","0.587413770818204","0.011","0.714","0.714","0.714","14.3322262763977"
"733","7","300","20","community","species","species_1","PLN","BIC","0.09","0.6968365","0.630070028600731","0","0",NA,"0","2.9277880191803"
"734","7","300","20","community","species","species_1","ZIPLN","BIC","0.11","0.5955735","0.647729666357663","0.04","0.533","0.533","0.533","13.8487522602081"
"735","8","300","20","community","species","species_1","PLN","BIC","0.05","0.7487585","0.605762620080517","0","0.286","1","0.444","2.81346774101257"
"736","8","300","20","community","species","species_1","ZIPLN","BIC","0.07","0.7252645","0.622809384185658","0.011","0.714","0.714","0.714","15.8172676563263"
"737","9","300","20","community","species","species_1","PLN","BIC","0.06","0.75343","0.594071454734062","0.006","0.545","0.857","0.667","2.80854415893555"
"738","9","300","20","community","species","species_1","ZIPLN","BIC","0.07","0.715095","0.602187733817818","0.017","0.455","0.625","0.526","17.2778117656708"
"739","10","300","20","community","species","species_1","PLN","BIC","0.08","0.7173905","0.623763886741893","0","0.167","1","0.286","2.74811410903931"
"740","10","300","20","community","species","species_1","ZIPLN","BIC","0.08","0.619413","0.629279485511714","0.034","0.667","0.571","0.615","16.369818687439"
"741","11","300","20","community","species","species_1","PLN","BIC","0.08","0.665649","0.643773007445979","0.04","0.643","0.562","0.6","3.80644249916077"
"742","11","300","20","community","species","species_1","ZIPLN","BIC","0.1","0.6726245","0.657391600742063","0","0.357","1","0.526","18.2856028079987"
"743","12","300","20","community","species","species_1","PLN","BIC","0.07","0.69191","0.63728539790581","0.006","0.545","0.857","0.667","2.58773326873779"
"744","12","300","20","community","species","species_1","ZIPLN","BIC","0.09","0.662454","0.646424655935983","0","0.545","1","0.706","11.8209872245789"
"745","13","300","20","community","species","species_1","PLN","BIC","0.07","0.6054","0.646650504829468","0.006","0.4","0.8","0.533","3.33714556694031"
"746","13","300","20","community","species","species_1","ZIPLN","BIC","0.08","0.522","0.659719044703033","0.017","0.3","0.5","0.375","20.4901278018951"
"747","14","300","20","community","species","species_1","PLN","BIC","0.05","0.7119055","0.600430845407741","0.006","0.455","0.833","0.588","2.63958954811096"
"748","14","300","20","community","species","species_1","ZIPLN","BIC","0.1","0.6795445","0.612315733436641","0.011","0.455","0.714","0.556","8.55852222442627"
"749","15","300","20","community","species","species_1","PLN","BIC","0.08","0.5267295","0.659027486479155","0.028","0.5","0.545","0.522","3.08691811561584"
"750","15","300","20","community","species","species_1","ZIPLN","BIC","0.11","0.4799195","0.667631658515524","0.028","0.5","0.545","0.522","12.9334070682526"
"751","16","300","20","community","species","species_1","PLN","BIC","0.08","0.73236","0.591789210061946","0.029","0.6","0.643","0.621","3.4443883895874"
"752","16","300","20","community","species","species_1","ZIPLN","BIC","0.13","0.6062935","0.633199363480454","0.069","0.733","0.478","0.579","16.0930559635162"
"753","17","300","20","community","species","species_1","PLN","BIC","0.1","0.57809","0.60845881590638","0.006","0.444","0.889","0.593","3.10024237632751"
"754","17","300","20","community","species","species_1","ZIPLN","BIC","0.09","0.55097","0.594008870177588","0.035","0.444","0.571","0.5","15.3042962551117"
"755","18","300","20","community","species","species_1","PLN","BIC","0.07","0.8000925","0.610143759628382","0.033","0.778","0.538","0.636","2.53414916992188"
"756","18","300","20","community","species","species_1","ZIPLN","BIC","0.07","0.749871","0.618707674236921","0.033","0.778","0.538","0.636","13.8874933719635"
"757","19","300","20","community","species","species_1","PLN","BIC","0.08","0.8008535","0.613762553411236","0.006","0.5","0.875","0.636","2.75337743759155"
"758","19","300","20","community","species","species_1","ZIPLN","BIC","0.1","0.7358895","0.61958841921723","0.028","0.643","0.643","0.643","10.6836302280426"
"759","20","300","20","community","species","species_1","PLN","BIC","0.05","0.611488","0.640744353947998","0.028","0.444","0.444","0.444","3.24753570556641"
"760","20","300","20","community","species","species_1","ZIPLN","BIC","0.05","0.596647","0.640486877508349","0","0.444","1","0.615","17.0793342590332"
"761","21","300","20","community","species","species_1","PLN","BIC","0.09","0.7129685","0.66397443194203","0","0.333","1","0.5","3.84297227859497"
"762","21","300","20","community","species","species_1","ZIPLN","BIC","0.08","0.694699","0.659277443301461","0.023","0.444","0.667","0.533","12.2723460197449"
"763","22","300","20","community","species","species_1","PLN","BIC","0.07","0.6614055","0.663400233784588","0","0.417","1","0.588","3.17322564125061"
"764","22","300","20","community","species","species_1","ZIPLN","BIC","0.06","0.613912","0.661350829798375","0.006","0.417","0.833","0.556","7.92540001869202"
"765","23","300","20","community","species","species_1","PLN","BIC","0.06","0.755","0.633096731435924","0","0",NA,"0","2.58401799201965"
"766","23","300","20","community","species","species_1","ZIPLN","BIC","0.06","0.72795","0.633330381548533","0","0.5","1","0.667","16.0359311103821"
"767","24","300","20","community","species","species_1","PLN","BIC","0.06","0.713612","0.644220929960979","0","0.385","1","0.556","2.61920070648193"
"768","24","300","20","community","species","species_1","ZIPLN","BIC","0.09","0.6890655","0.656359661588062","0.017","0.462","0.667","0.545","9.08461713790894"
"769","25","300","20","community","species","species_1","PLN","BIC","0.05","0.5935625","0.624472001639037","0","0.5","1","0.667","2.38870072364807"
"770","25","300","20","community","species","species_1","ZIPLN","BIC","0.05","0.572125","0.631430405996496","0.016","0.375","0.5","0.429","8.89187908172607"
"771","26","300","20","community","species","species_1","PLN","BIC","0.12","0.6870245","0.636405311667833","0.012","0.381","0.8","0.516","3.24983072280884"
"772","26","300","20","community","species","species_1","ZIPLN","BIC","0.12","0.604507","0.629943720546142","0.077","0.667","0.519","0.583","16.2423961162567"
"773","27","300","20","community","species","species_1","PLN","BIC","0.08","0.741279","0.683404732769753","0.006","0.615","0.889","0.727","3.15283012390137"
"774","27","300","20","community","species","species_1","ZIPLN","BIC","0.18","0.744062","0.697034992534225","0.006","0.615","0.889","0.727","6.49229168891907"
"775","28","300","20","community","species","species_1","PLN","BIC","0.08","0.6471545","0.675640705529605","0","0.5","1","0.667","3.84024453163147"
"776","28","300","20","community","species","species_1","ZIPLN","BIC","0.08","0.639358","0.67347019485673","0.006","0.583","0.875","0.7","12.3082995414734"
"777","29","300","20","community","species","species_1","PLN","BIC","0.08","0.7184525","0.631300933605727","0","0.182","1","0.308","3.48600912094116"
"778","29","300","20","community","species","species_1","ZIPLN","BIC","0.07","0.712123","0.628386064809531","0","0.545","1","0.706","12.8335735797882"
"779","30","300","20","community","species","species_1","PLN","BIC","0.07","0.731476","0.625366538316983","0.034","0.75","0.6","0.667","3.49108600616455"
"780","30","300","20","community","species","species_1","ZIPLN","BIC","0.06","0.680972","0.622742235526866","0.073","0.917","0.458","0.611","12.3418214321136"
"781","1","300","20","community","species","species_2","PLN","BIC","0.1","0.505101","0.551660622783624","0","0.091","1","0.167","3.22479629516602"
"782","1","300","20","community","species","species_2","ZIPLN","BIC","0.26","0.407301","0.674715134513633","0","0",NA,"0","28.7929911613464"
"783","2","300","20","community","species","species_2","PLN","BIC","0.06","0.6270625","0.558446564632848","0.016","0.5","0.571","0.533","2.99778294563293"
"784","2","300","20","community","species","species_2","ZIPLN","BIC","0.22","0.297375","0.666173029733584","0","0.125","1","0.222","19.7487599849701"
"785","3","300","20","community","species","species_2","PLN","BIC","0.07","0.625248","0.577592294112719","0","0",NA,"0","2.3652024269104"
"786","3","300","20","community","species","species_2","ZIPLN","BIC","0.28","0.5067705","0.6737953538358","0","0",NA,"0","14.6241409778595"
"787","4","300","20","community","species","species_2","PLN","BIC","0.12","0.739207","0.530228544472243","0","0",NA,"0","3.45733499526978"
"788","4","300","20","community","species","species_2","ZIPLN","BIC","0.26","0.4080795","0.661928963374327","0","0.231","1","0.375","23.3590378761292"
"789","5","300","20","community","species","species_2","PLN","BIC","0.12","0.6690965","0.563848334755951","0","0.056","1","0.105","3.23466086387634"
"790","5","300","20","community","species","species_2","ZIPLN","BIC","0.2","0.212346","0.661877750662811","0.006","0.111","0.667","0.19","21.6053328514099"
"791","6","300","20","community","species","species_2","PLN","BIC","0.12","0.493703","0.56704705202225","0","0.286","1","0.444","3.28165054321289"
"792","6","300","20","community","species","species_2","ZIPLN","BIC","0.15","0.400141","0.652385705556159","0","0.071","1","0.133","21.4685389995575"
"793","7","300","20","community","species","species_2","PLN","BIC","0.07","0.697679","0.534362447475049","0.011","0.333","0.6","0.429","3.15710020065308"
"794","7","300","20","community","species","species_2","ZIPLN","BIC","0.17","0.5184445","0.595221784192725","0.006","0.333","0.75","0.462","21.8118574619293"
"795","8","300","20","community","species","species_2","PLN","BIC","0.1","0.723085","0.57991283619374","0.074","0.667","0.435","0.526","3.56171250343323"
"796","8","300","20","community","species","species_2","ZIPLN","BIC","0.14","0.5816285","0.618266812561774","0.04","0.667","0.588","0.625","29.2395751476288"
"797","9","300","20","community","species","species_2","PLN","BIC","0.12","0.7578305","0.570303304888761","0","0",NA,"0","2.81251406669617"
"798","9","300","20","community","species","species_2","ZIPLN","BIC","0.15","0.576982","0.63945746405639","0.017","0.267","0.571","0.364","20.2712533473969"
"799","10","300","20","community","species","species_2","PLN","BIC","0.09","0.7532895","0.578846037467368","0","0",NA,"0","3.06241774559021"
"800","10","300","20","community","species","species_2","ZIPLN","BIC","0.27","0.5702295","0.668880390249999","0","0",NA,"0","14.8179836273193"
"801","11","300","20","community","species","species_2","PLN","BIC","0.06","0.740899","0.593338631673086","0","0.571","1","0.727","3.07695531845093"
"802","11","300","20","community","species","species_2","ZIPLN","BIC","0.19","0.5869535","0.663427837545954","0","0.286","1","0.444","27.7099804878235"
"803","12","300","20","community","species","species_2","PLN","BIC","0.1","0.67975","0.580132297648853","0","0.3","1","0.462","3.19695091247559"
"804","12","300","20","community","species","species_2","ZIPLN","BIC","0.23","0.4163","0.652000743753864","0","0.4","1","0.571","26.8794543743134"
"805","13","300","20","community","species","species_2","PLN","BIC","0.08","0.677809","0.59473347750874","0","0",NA,"0","3.13009333610535"
"806","13","300","20","community","species","species_2","ZIPLN","BIC","0.11","0.699665","0.636627983459508","0.006","0.222","0.667","0.333","21.0788421630859"
"807","14","300","20","community","species","species_2","PLN","BIC","0.09","0.741263","0.599989044259414","0","0",NA,"0","2.94444274902344"
"808","14","300","20","community","species","species_2","ZIPLN","BIC","0.21","0.5635845","0.676790156579608","0","0.071","1","0.133","19.5706660747528"
"809","15","300","20","community","species","species_2","PLN","BIC","0.05","0.7669945","0.563835648451139","0","0.167","1","0.286","2.54715466499329"
"810","15","300","20","community","species","species_2","ZIPLN","BIC","0.14","0.5879075","0.613730974950904","0.005","0.167","0.5","0.25","8.43482041358948"
"811","16","300","20","community","species","species_2","PLN","BIC","0.09","0.7996","0.541649248345781","0","0",NA,"0","3.33798360824585"
"812","16","300","20","community","species","species_2","ZIPLN","BIC","0.17","0.63335","0.603553291475688","0.006","0.3","0.75","0.429","22.9264643192291"
"813","17","300","20","community","species","species_2","PLN","BIC","0.13","0.560284","0.569096112138565","0","0.053","1","0.1","3.52212190628052"
"814","17","300","20","community","species","species_2","ZIPLN","BIC","0.19","0.350414","0.656360989683241","0.018","0.263","0.625","0.37","22.9192662239075"
"815","18","300","20","community","species","species_2","PLN","BIC","0.07","0.465004","0.555927400866592","0","0.111","1","0.2","2.4900267124176"
"816","18","300","20","community","species","species_2","ZIPLN","BIC","0.17","0.328225","0.628547526217461","0.017","0.444","0.571","0.5","8.33688831329346"
"817","19","300","20","community","species","species_2","PLN","BIC","0.1","0.677032","0.54045200915524","0","0",NA,"0","2.03243517875671"
"818","19","300","20","community","species","species_2","ZIPLN","BIC","0.16","0.4568015","0.623692601654103","0","0.111","1","0.2","9.49463057518005"
"819","20","300","20","community","species","species_2","PLN","BIC","0.1","0.69296","0.558895808951647","0.011","0.583","0.778","0.667","3.15575289726257"
"820","20","300","20","community","species","species_2","ZIPLN","BIC","0.21","0.455157","0.640674406870523","0.028","0.583","0.583","0.583","12.1425714492798"
"821","21","300","20","community","species","species_2","PLN","BIC","0.09","0.7602","0.53650683224795","0","0.2","1","0.333","3.13530230522156"
"822","21","300","20","community","species","species_2","ZIPLN","BIC","0.16","0.41045","0.635543685846973","0","0",NA,"0","11.9168224334717"
"823","22","300","20","community","species","species_2","PLN","BIC","0.11","0.6377035","0.581181424693381","0","0",NA,"0","3.03863286972046"
"824","22","300","20","community","species","species_2","ZIPLN","BIC","0.32","0.4547085","0.662105250050794","0","0.071","1","0.133","16.172066450119"
"825","23","300","20","community","species","species_2","PLN","BIC","0.09","0.62795","0.579467027932658","0","0.2","1","0.333","2.22413063049316"
"826","23","300","20","community","species","species_2","ZIPLN","BIC","0.24","0.5307","0.668994771611903","0","0.1","1","0.182","15.5251588821411"
"827","24","300","20","community","species","species_2","PLN","BIC","0.1","0.6517975","0.537415234983828","0","0.077","1","0.143","2.4740469455719"
"828","24","300","20","community","species","species_2","ZIPLN","BIC","0.14","0.459107","0.626314559412196","0.006","0.154","0.667","0.25","13.3756518363953"
"829","25","300","20","community","species","species_2","PLN","BIC","0.1","0.6648695","0.597822619696684","0","0",NA,"0","1.16576337814331"
"830","25","300","20","community","species","species_2","ZIPLN","BIC","0.18","0.5499935","0.67009293652376","0.011","0.167","0.5","0.25","8.46812748908997"
"831","26","300","20","community","species","species_2","PLN","BIC","0.13","0.611202","0.605156730386231","0","0",NA,"0","2.39316558837891"
"832","26","300","20","community","species","species_2","ZIPLN","BIC","0.17","0.4382915","0.650952720582441","0.041","0.611","0.611","0.611","7.05360293388367"
"833","27","300","20","community","species","species_2","PLN","BIC","0.13","0.639163","0.572243564429094","0","0",NA,"0","3.44667363166809"
"834","27","300","20","community","species","species_2","ZIPLN","BIC","0.15","0.536408","0.649398189897128","0.012","0.176","0.6","0.273","15.3299555778503"
"835","28","300","20","community","species","species_2","PLN","BIC","0.1","0.7532115","0.560554231547054","0","0",NA,"0","2.00630831718445"
"836","28","300","20","community","species","species_2","ZIPLN","BIC","0.19","0.5515215","0.653384373996691","0","0",NA,"0","7.10036301612854"
"837","29","300","20","community","species","species_2","PLN","BIC","0.13","0.698151","0.575513552351444","0","0",NA,"0","1.51766276359558"
"838","29","300","20","community","species","species_2","ZIPLN","BIC","0.17","0.599783","0.607100631250435","0.06","0.417","0.5","0.455","8.36566996574402"
"839","30","300","20","community","species","species_2","PLN","BIC","0.08","0.75926","0.523174850869008","0","0",NA,"0","2.02682375907898"
"840","30","300","20","community","species","species_2","ZIPLN","BIC","0.18","0.51234","0.604703983095437","0","0",NA,"0","11.621143579483"
"841","1","300","20","community","species","species_3","PLN","BIC","0.14","0.615654","0.441709760487608","0","0.083","1","0.154","1.89014053344727"
"842","1","300","20","community","species","species_3","ZIPLN","BIC","0.62","0.082471","0.519529218757823","0","0.083","1","0.154","5.88895606994629"
"843","2","300","20","community","species","species_3","PLN","BIC","0.14","0.59883","0.413882323704704","0","0",NA,"0","2.51918530464172"
"844","2","300","20","community","species","species_3","ZIPLN","BIC","0.61","0.10465","0.462368034073389","0","0",NA,"0","10.7411379814148"
"845","3","300","20","community","species","species_3","PLN","BIC","0.13","0.560966","0.497724704028776","0","0",NA,"0","2.74830079078674"
"846","3","300","20","community","species","species_3","ZIPLN","BIC","0.5","0.236339","0.532159717174088","0.012","0.176","0.6","0.273","8.33776211738586"
"847","4","300","20","community","species","species_3","PLN","BIC","0.14","0.622564","0.511900946613581","0","0",NA,"0","2.52323007583618"
"848","4","300","20","community","species","species_3","ZIPLN","BIC","0.46","0.3338805","0.569089085195465","0","0.143","1","0.25","8.37630462646484"
"849","5","300","20","community","species","species_3","PLN","BIC","0.1","0.5743835","0.499471492048414","0","0",NA,"0","2.55996465682983"
"850","5","300","20","community","species","species_3","ZIPLN","BIC","0.37","0.147963","0.526975724693686","0","0.111","1","0.2","10.3759009838104"
"851","6","300","20","community","species","species_3","PLN","BIC","0.13","0.4596955","0.461020296933744","0","0.154","1","0.267","2.06789684295654"
"852","6","300","20","community","species","species_3","ZIPLN","BIC","0.56","0.044044","0.566467424232555","0.011","0.154","0.5","0.235","6.84840178489685"
"853","7","300","20","community","species","species_3","PLN","BIC","0.11","0.6545535","0.500912689609449","0","0",NA,"0","2.07554173469543"
"854","7","300","20","community","species","species_3","ZIPLN","BIC","0.21","0.350191","0.576364953199563","0","0",NA,"0","6.06993460655212"
"855","8","300","20","community","species","species_3","PLN","BIC","0.09","0.565875","0.493958107025286","0","0.25","1","0.4","1.57675170898438"
"856","8","300","20","community","species","species_3","ZIPLN","BIC","0.2","0.21025","0.54584992183589","0","0.25","1","0.4","2.45815849304199"
"857","9","300","20","community","species","species_3","PLN","BIC","0.13","0.530739","0.481276794341814","0","0",NA,"0","2.72301483154297"
"858","9","300","20","community","species","species_3","ZIPLN","BIC","0.48","0.14474","0.540009075124784","0","0.133","1","0.235","11.3896734714508"
"859","10","300","20","community","species","species_3","PLN","BIC","0.11","0.585697","0.455223280036407","0","0",NA,"0","2.37125158309937"
"860","10","300","20","community","species","species_3","ZIPLN","BIC","0.41","0.230282","0.535343675197833","0","0",NA,"0","7.8447105884552"
"861","11","300","20","community","species","species_3","PLN","BIC","0.07","0.4431","0.474051842811743","0","0",NA,"0","2.09994316101074"
"862","11","300","20","community","species","species_3","ZIPLN","BIC","0.24","0.2959","0.530717327385105","0","0",NA,"0","5.82564067840576"
"863","12","300","20","community","species","species_3","PLN","BIC","0.11","0.602524","0.529328037759229","0","0",NA,"0","2.81649255752563"
"864","12","300","20","community","species","species_3","ZIPLN","BIC","0.4","0.2425835","0.583916329527852","0","0",NA,"0","15.3370358943939"
"865","13","300","20","community","species","species_3","PLN","BIC","0.09","0.7778485","0.464484387625558","0","0.571","1","0.727","2.17646288871765"
"866","13","300","20","community","species","species_3","ZIPLN","BIC","0.51","0.1992665","0.505644310479362","0.005","0.571","0.8","0.667","7.38010811805725"
"867","14","300","20","community","species","species_3","PLN","BIC","0.1","0.5704495","0.527164489801115","0","0.083","1","0.154","1.43211197853088"
"868","14","300","20","community","species","species_3","ZIPLN","BIC","0.4","0.248767","0.617951814493202","0","0.167","1","0.286","3.11570811271667"
"869","15","300","20","community","species","species_3","PLN","BIC","0.12","0.6524605","0.472261731119748","0.006","0.062","0.5","0.111","2.28736925125122"
"870","15","300","20","community","species","species_3","ZIPLN","BIC","0.89","0.150202","0.537242831047033","0.04","0.25","0.364","0.296","12.7622408866882"
"871","16","300","20","community","species","species_3","PLN","BIC","0.11","0.5544","0.453526574872699","0","0",NA,"0","1.95539045333862"
"872","16","300","20","community","species","species_3","ZIPLN","BIC","0.3","0.1148","0.553401517680349","0","0",NA,"0","12.1790869235992"
"873","17","300","20","community","species","species_3","PLN","BIC","0.11","0.4662","0.416633324919232","0","0",NA,"0","1.9426007270813"
"874","17","300","20","community","species","species_3","ZIPLN","BIC","0.35","0.1667","0.539225752822801","0","0",NA,"0","16.5322878360748"
"875","18","300","20","community","species","species_3","PLN","BIC","0.09","0.680056","0.555039945863423","0.062","0.643","0.45","0.529","2.53726601600647"
"876","18","300","20","community","species","species_3","ZIPLN","BIC","0.18","0.345246","0.609720878346029","0.006","0.429","0.857","0.571","7.43170714378357"
"877","19","300","20","community","species","species_3","PLN","BIC","0.11","0.595751","0.527084265474461","0","0",NA,"0","2.0920045375824"
"878","19","300","20","community","species","species_3","ZIPLN","BIC","0.24","0.2890285","0.569663427706884","0.011","0.385","0.714","0.5","11.9552299976349"
"879","20","300","20","community","species","species_3","PLN","BIC","0.13","0.693837","0.493415832553648","0.006","0.214","0.75","0.333","1.10240173339844"
"880","20","300","20","community","species","species_3","ZIPLN","BIC","0.54","0.1800365","0.544795429567513","0.023","0.357","0.556","0.435","6.30137205123901"
"881","21","300","20","community","species","species_3","PLN","BIC","0.12","0.530629","0.532798284773956","0","0",NA,"0","1.35650157928467"
"882","21","300","20","community","species","species_3","ZIPLN","BIC","0.34","0.169781","0.608842129965099","0","0.077","1","0.143","3.20506453514099"
"883","22","300","20","community","species","species_3","PLN","BIC","0.12","0.5969735","0.572732439908601","0","0.176","1","0.3","1.55592942237854"
"884","22","300","20","community","species","species_3","ZIPLN","BIC","0.73","0.2163105","0.624646009207295","0.012","0.235","0.667","0.348","7.50169634819031"
"885","23","300","20","community","species","species_3","PLN","BIC","0.13","0.623275","0.453280686373031","0","0",NA,"0","1.86878395080566"
"886","23","300","20","community","species","species_3","ZIPLN","BIC","0.43","0.1732775","0.519248161189777","0.006","0.077","0.5","0.133","12.0630061626434"
"887","24","300","20","community","species","species_3","PLN","BIC","0.13","0.5327535","0.525621360857356","0","0",NA,"0","2.00297355651855"
"888","24","300","20","community","species","species_3","ZIPLN","BIC","0.23","0.1280895","0.561079773204111","0","0.231","1","0.375","7.64972472190857"
"889","25","300","20","community","species","species_3","PLN","BIC","0.13","0.5836","0.530390702477196","0.006","0.235","0.8","0.364","1.92854928970337"
"890","25","300","20","community","species","species_3","ZIPLN","BIC","0.98","0.1625745","0.599709745059999","0.006","0.118","0.667","0.2","16.4154369831085"
"891","26","300","20","community","species","species_3","PLN","BIC","0.15","0.5217485","0.484227095759143","0","0.062","1","0.118","1.29458594322205"
"892","26","300","20","community","species","species_3","ZIPLN","BIC","0.97","0.0701645","0.552585319961659","0.006","0.125","0.667","0.211","5.23836207389832"
"893","27","300","20","community","species","species_3","PLN","BIC","0.12","0.7014195","0.4657463557065","0","0",NA,"0","1.23364901542664"
"894","27","300","20","community","species","species_3","ZIPLN","BIC","0.56","0.1295925","0.557217644363663","0","0",NA,"0","5.20274209976196"
"895","28","300","20","community","species","species_3","PLN","BIC","0.11","0.6302075","0.5178830870155","0","0",NA,"0","1.49589371681213"
"896","28","300","20","community","species","species_3","ZIPLN","BIC","0.45","0.243264","0.564060757894238","0.006","0.111","0.5","0.182","9.03609561920166"
"897","29","300","20","community","species","species_3","PLN","BIC","0.11","0.5896","0.480933926662389","0","0",NA,"0","1.37492918968201"
"898","29","300","20","community","species","species_3","ZIPLN","BIC","0.24","0.30675","0.52870551844741","0","0",NA,"0","4.14835405349731"
"899","30","300","20","community","species","species_3","PLN","BIC","0.12","0.614909","0.51383478022593","0","0",NA,"0","2.66946911811829"
"900","30","300","20","community","species","species_3","ZIPLN","BIC","0.47","0.3139475","0.58196100504943","0","0",NA,"0","8.45500802993774"
"901","1","300","20","preferential_attachment","species","species_1","PLN","BIC","0.11","0.727179","0.704235769264144","0","0",NA,"0","2.22956609725952"
"902","1","300","20","preferential_attachment","species","species_1","ZIPLN","BIC","0.1","0.7182655","0.700340781594322","0.029","0.474","0.643","0.545","8.69711422920227"
"903","2","300","20","preferential_attachment","species","species_1","PLN","BIC","0.11","0.683777","0.678708375831076","0.006","0.316","0.857","0.462","2.65169644355774"
"904","2","300","20","preferential_attachment","species","species_1","ZIPLN","BIC","0.1","0.675565","0.671324942604048","0.029","0.526","0.667","0.588","11.0812776088715"
"905","3","300","20","preferential_attachment","species","species_1","PLN","BIC","0.1","0.676288","0.68266846091618","0","0",NA,"0","2.38264155387878"
"906","3","300","20","preferential_attachment","species","species_1","ZIPLN","BIC","0.15","0.6520735","0.698656832506209","0.012","0.368","0.778","0.5","7.40510249137878"
"907","4","300","20","preferential_attachment","species","species_1","PLN","BIC","0.1","0.681989","0.674450676967911","0","0.105","1","0.19","1.98111391067505"
"908","4","300","20","preferential_attachment","species","species_1","ZIPLN","BIC","0.1","0.6554175","0.677901017874771","0.029","0.579","0.688","0.629","10.2086708545685"
"909","5","300","20","preferential_attachment","species","species_1","PLN","BIC","0.09","0.572375","0.649618494077365","0.076","0.474","0.409","0.439","2.40750885009766"
"910","5","300","20","preferential_attachment","species","species_1","ZIPLN","BIC","0.09","0.56193","0.651242668568662","0.012","0.368","0.778","0.5","5.79338097572327"
"911","6","300","20","preferential_attachment","species","species_1","PLN","BIC","0.1","0.641167","0.642196345017906","0.012","0.474","0.818","0.6","2.09375524520874"
"912","6","300","20","preferential_attachment","species","species_1","ZIPLN","BIC","0.09","0.634865","0.630310488607429","0.012","0.474","0.818","0.6","5.55129289627075"
"913","7","300","20","preferential_attachment","species","species_1","PLN","BIC","0.1","0.7049085","0.67429687170639","0","0.278","1","0.435","2.46980953216553"
"914","7","300","20","preferential_attachment","species","species_1","ZIPLN","BIC","0.09","0.702059","0.661682518080788","0.017","0.444","0.727","0.552","9.48371529579163"
"915","8","300","20","preferential_attachment","species","species_1","PLN","BIC","0.09","0.545842","0.643486592797943","0.07","0.632","0.5","0.558","2.47576904296875"
"916","8","300","20","preferential_attachment","species","species_1","ZIPLN","BIC","0.09","0.5384095","0.637350210978303","0.07","0.632","0.5","0.558","11.6360230445862"
"917","9","300","20","preferential_attachment","species","species_1","PLN","BIC","0.1","0.8156595","0.648619152501419","0","0",NA,"0","2.12185168266296"
"918","9","300","20","preferential_attachment","species","species_1","ZIPLN","BIC","0.12","0.813321","0.658879676245004","0.012","0.474","0.818","0.6","7.2825710773468"
"919","10","300","20","preferential_attachment","species","species_1","PLN","BIC","0.1","0.597288","0.641076750016016","0.064","0.632","0.522","0.571","2.26272177696228"
"920","10","300","20","preferential_attachment","species","species_1","ZIPLN","BIC","0.1","0.6265855","0.637401872455563","0.029","0.526","0.667","0.588","10.9628875255585"
"921","11","300","20","preferential_attachment","species","species_1","PLN","BIC","0.1","0.63007","0.70721362821561","0.023","0.579","0.733","0.647","2.46794486045837"
"922","11","300","20","preferential_attachment","species","species_1","ZIPLN","BIC","0.1","0.62914","0.706057734047589","0.012","0.474","0.818","0.6","15.2176170349121"
"923","12","300","20","preferential_attachment","species","species_1","PLN","BIC","0.09","0.579893","0.703029338186845","0.087","0.722","0.464","0.565","2.28052163124084"
"924","12","300","20","preferential_attachment","species","species_1","ZIPLN","BIC","0.09","0.5764465","0.701124912011754","0.047","0.667","0.6","0.632","5.45431733131409"
"925","13","300","20","preferential_attachment","species","species_1","PLN","BIC","0.09","0.651934","0.675775346036741","0.029","0.632","0.706","0.667","2.87069010734558"
"926","13","300","20","preferential_attachment","species","species_1","ZIPLN","BIC","0.09","0.6567375","0.671100352324146","0.035","0.684","0.684","0.684","6.74507832527161"
"927","14","300","20","preferential_attachment","species","species_1","PLN","BIC","0.09","0.6429995","0.63562789424503","0.07","0.789","0.556","0.652","1.99272084236145"
"928","14","300","20","preferential_attachment","species","species_1","ZIPLN","BIC","0.16","0.5797805","0.663080439839524","0.023","0.474","0.692","0.562","7.29913306236267"
"929","15","300","20","preferential_attachment","species","species_1","PLN","BIC","0.11","0.668627","0.658651675621893","0","0.158","1","0.273","1.95925092697144"
"930","15","300","20","preferential_attachment","species","species_1","ZIPLN","BIC","0.09","0.6317375","0.638386582496767","0.088","0.789","0.5","0.612","12.7002370357513"
"931","16","300","20","preferential_attachment","species","species_1","PLN","BIC","0.1","0.6708085","0.690971651493271","0.006","0.316","0.857","0.462","2.31679916381836"
"932","16","300","20","preferential_attachment","species","species_1","ZIPLN","BIC","0.12","0.653465","0.70006209555625","0.006","0.316","0.857","0.462","9.21378660202026"
"933","17","300","20","preferential_attachment","species","species_1","PLN","BIC","0.11","0.532848","0.615709924478112","0","0.421","1","0.593","2.01344442367554"
"934","17","300","20","preferential_attachment","species","species_1","ZIPLN","BIC","0.11","0.496721","0.61728547768687","0","0.421","1","0.593","11.1375634670258"
"935","18","300","20","preferential_attachment","species","species_1","PLN","BIC","0.09","0.6305755","0.651762721931959","0.029","0.684","0.722","0.703","2.36393284797668"
"936","18","300","20","preferential_attachment","species","species_1","ZIPLN","BIC","0.08","0.607393","0.631596034427653","0.14","0.842","0.4","0.542","6.23927927017212"
"937","19","300","20","preferential_attachment","species","species_1","PLN","BIC","0.1","0.7363875","0.67206560313159","0","0",NA,"0","2.51885509490967"
"938","19","300","20","preferential_attachment","species","species_1","ZIPLN","BIC","0.13","0.6758785","0.685968797111525","0.012","0.556","0.833","0.667","7.4773964881897"
"939","20","300","20","preferential_attachment","species","species_1","PLN","BIC","0.11","0.65921","0.629458362130303","0.018","0.474","0.75","0.581","2.1872820854187"
"940","20","300","20","preferential_attachment","species","species_1","ZIPLN","BIC","0.1","0.6594465","0.622621816753775","0.029","0.526","0.667","0.588","6.64638948440552"
"941","21","300","20","preferential_attachment","species","species_1","PLN","BIC","0.11","0.617473","0.682957682589886","0.105","0.737","0.438","0.549","2.8445451259613"
"942","21","300","20","preferential_attachment","species","species_1","ZIPLN","BIC","0.1","0.587874","0.674703409982581","0.105","0.737","0.438","0.549","5.67708325386047"
"943","22","300","20","preferential_attachment","species","species_1","PLN","BIC","0.1","0.695773","0.686269358816504","0","0.056","1","0.105","2.29328083992004"
"944","22","300","20","preferential_attachment","species","species_1","ZIPLN","BIC","0.08","0.695136","0.674989389919787","0.023","0.611","0.733","0.667","5.09797215461731"
"945","23","300","20","preferential_attachment","species","species_1","PLN","BIC","0.11","0.723454","0.64600752118262","0.006","0.474","0.9","0.621","2.60650181770325"
"946","23","300","20","preferential_attachment","species","species_1","ZIPLN","BIC","0.1","0.705892","0.635533949272993","0.035","0.737","0.7","0.718","11.7838468551636"
"947","24","300","20","preferential_attachment","species","species_1","PLN","BIC","0.08","0.6550645","0.673076828992826","0.023","0.526","0.714","0.606","2.36015677452087"
"948","24","300","20","preferential_attachment","species","species_1","ZIPLN","BIC","0.08","0.6596655","0.669195933182574","0.012","0.368","0.778","0.5","5.84046196937561"
"949","25","300","20","preferential_attachment","species","species_1","PLN","BIC","0.11","0.5898235","0.664682330817889","0.006","0.105","0.667","0.182","2.02548766136169"
"950","25","300","20","preferential_attachment","species","species_1","ZIPLN","BIC","0.12","0.544329","0.677599826288279","0.012","0.316","0.75","0.444","7.13383555412292"
"951","26","300","20","preferential_attachment","species","species_1","PLN","BIC","0.09","0.657069","0.697100584329761","0.018","0.421","0.727","0.533","2.50234961509705"
"952","26","300","20","preferential_attachment","species","species_1","ZIPLN","BIC","0.09","0.649011","0.689967458068345","0.029","0.474","0.643","0.545","2.35628032684326"
"953","27","300","20","preferential_attachment","species","species_1","PLN","BIC","0.1","0.756651","0.681854116524044","0","0.105","1","0.19","1.3872389793396"
"954","27","300","20","preferential_attachment","species","species_1","ZIPLN","BIC","0.1","0.7540265","0.688641477819599","0","0.105","1","0.19","6.05006647109985"
"955","28","300","20","preferential_attachment","species","species_1","PLN","BIC","0.12","0.631664","0.655243741909672","0.041","0.737","0.667","0.7","2.8095064163208"
"956","28","300","20","preferential_attachment","species","species_1","ZIPLN","BIC","0.11","0.6282165","0.637399306919846","0.041","0.737","0.667","0.7","5.80483794212341"
"957","29","300","20","preferential_attachment","species","species_1","PLN","BIC","0.1","0.768243","0.652521774463831","0.006","0.316","0.857","0.462","1.23591780662537"
"958","29","300","20","preferential_attachment","species","species_1","ZIPLN","BIC","0.15","0.712435","0.667028901609594","0.018","0.421","0.727","0.533","3.36367726325989"
"959","30","300","20","preferential_attachment","species","species_1","PLN","BIC","0.1","0.6950665","0.65250178712169","0.006","0.474","0.9","0.621","1.90208888053894"
"960","30","300","20","preferential_attachment","species","species_1","ZIPLN","BIC","0.09","0.7032025","0.64407026853062","0.012","0.474","0.818","0.6","7.0076208114624"
"961","1","300","20","preferential_attachment","species","species_2","PLN","BIC","0.11","0.6928445","0.592276633169856","0","0.053","1","0.1","2.08841252326965"
"962","1","300","20","preferential_attachment","species","species_2","ZIPLN","BIC","0.17","0.5275205","0.655492387872776","0.012","0.316","0.75","0.444","13.8391420841217"
"963","2","300","20","preferential_attachment","species","species_2","PLN","BIC","0.12","0.624512","0.552377690594275","0","0",NA,"0","2.20691514015198"
"964","2","300","20","preferential_attachment","species","species_2","ZIPLN","BIC","0.28","0.362802","0.703346069295822","0","0.105","1","0.19","5.25984239578247"
"965","3","300","20","preferential_attachment","species","species_2","PLN","BIC","0.12","0.6707475","0.623566025350245","0","0",NA,"0","2.29377055168152"
"966","3","300","20","preferential_attachment","species","species_2","ZIPLN","BIC","0.18","0.522808","0.690869430363922","0","0.158","1","0.273","7.44566297531128"
"967","4","300","20","preferential_attachment","species","species_2","PLN","BIC","0.14","0.577771","0.594112632000221","0","0",NA,"0","1.53540658950806"
"968","4","300","20","preferential_attachment","species","species_2","ZIPLN","BIC","0.2","0.502463","0.632140982609818","0.018","0.421","0.727","0.533","15.3067345619202"
"969","5","300","20","preferential_attachment","species","species_2","PLN","BIC","0.14","0.6663165","0.559537738327447","0","0.211","1","0.348","2.09939813613892"
"970","5","300","20","preferential_attachment","species","species_2","ZIPLN","BIC","0.2","0.4140285","0.645405906813512","0.012","0.158","0.6","0.25","10.2370173931122"
"971","6","300","20","preferential_attachment","species","species_2","PLN","BIC","0.12","0.601558","0.601938703485802","0","0.158","1","0.273","2.10150122642517"
"972","6","300","20","preferential_attachment","species","species_2","ZIPLN","BIC","0.32","0.39192","0.690850238178846","0","0.105","1","0.19","11.5788941383362"
"973","7","300","20","preferential_attachment","species","species_2","PLN","BIC","0.16","0.652712","0.589045858568864","0","0",NA,"0","2.02314233779907"
"974","7","300","20","preferential_attachment","species","species_2","ZIPLN","BIC","0.35","0.4727915","0.681430524544371","0","0",NA,"0","20.3795702457428"
"975","8","300","20","preferential_attachment","species","species_2","PLN","BIC","0.11","0.5183","0.588643834344485","0.006","0.158","0.75","0.261","2.11735129356384"
"976","8","300","20","preferential_attachment","species","species_2","ZIPLN","BIC","0.24","0.484366","0.669917450257376","0","0.053","1","0.1","13.7828943729401"
"977","9","300","20","preferential_attachment","species","species_2","PLN","BIC","0.14","0.7404295","0.605723170557421","0","0.421","1","0.593","2.02567839622498"
"978","9","300","20","preferential_attachment","species","species_2","ZIPLN","BIC","0.38","0.433579","0.710827427509434","0.023","0.474","0.692","0.562","14.014612197876"
"979","10","300","20","preferential_attachment","species","species_2","PLN","BIC","0.13","0.561182","0.576984026823528","0","0",NA,"0","2.27887153625488"
"980","10","300","20","preferential_attachment","species","species_2","ZIPLN","BIC","0.25","0.383664","0.680459920850349","0","0.053","1","0.1","17.9936299324036"
"981","11","300","20","preferential_attachment","species","species_2","PLN","BIC","0.14","0.704131","0.564573466634412","0","0.158","1","0.273","1.42306995391846"
"982","11","300","20","preferential_attachment","species","species_2","ZIPLN","BIC","0.17","0.417175","0.640406101275318","0","0.211","1","0.348","10.1581063270569"
"983","12","300","20","preferential_attachment","species","species_2","PLN","BIC","0.12","0.6207525","0.613458775280113","0","0",NA,"0","1.74896574020386"
"984","12","300","20","preferential_attachment","species","species_2","ZIPLN","BIC","0.27","0.4392775","0.688796160423612","0.006","0.263","0.833","0.4","13.3673100471497"
"985","13","300","20","preferential_attachment","species","species_2","PLN","BIC","0.13","0.7162755","0.599560247345154","0","0",NA,"0","2.16349935531616"
"986","13","300","20","preferential_attachment","species","species_2","ZIPLN","BIC","0.24","0.5274945","0.674838883308799","0.006","0.263","0.833","0.4","16.4579088687897"
"987","14","300","20","preferential_attachment","species","species_2","PLN","BIC","0.15","0.643039","0.519892638795398","0","0",NA,"0","1.7981390953064"
"988","14","300","20","preferential_attachment","species","species_2","ZIPLN","BIC","0.25","0.314042","0.659354735891402","0.018","0.211","0.571","0.308","13.8464424610138"
"989","15","300","20","preferential_attachment","species","species_2","PLN","BIC","0.11","0.6292275","0.594257250988691","0.053","0.632","0.571","0.6","2.46468877792358"
"990","15","300","20","preferential_attachment","species","species_2","ZIPLN","BIC","0.31","0.4588405","0.63737226009904","0.047","0.579","0.579","0.579","15.8675398826599"
"991","16","300","20","preferential_attachment","species","species_2","PLN","BIC","0.14","0.593661","0.536853348055588","0","0",NA,"0","2.09075736999512"
"992","16","300","20","preferential_attachment","species","species_2","ZIPLN","BIC","0.17","0.383607","0.642953112709612","0.006","0.158","0.75","0.261","12.0654654502869"
"993","17","300","20","preferential_attachment","species","species_2","PLN","BIC","0.12","0.709673","0.571488838874984","0","0",NA,"0","2.2144615650177"
"994","17","300","20","preferential_attachment","species","species_2","ZIPLN","BIC","0.24","0.3191025","0.668967365016843","0.012","0.263","0.714","0.385","9.49736285209656"
"995","18","300","20","preferential_attachment","species","species_2","PLN","BIC","0.13","0.704093","0.627323425840294","0","0",NA,"0","1.09907937049866"
"996","18","300","20","preferential_attachment","species","species_2","ZIPLN","BIC","0.15","0.5826","0.677310051318522","0","0.111","1","0.2","10.8062279224396"
"997","19","300","20","preferential_attachment","species","species_2","PLN","BIC","0.13","0.6935185","0.626873275993249","0","0",NA,"0","2.42147541046143"
"998","19","300","20","preferential_attachment","species","species_2","ZIPLN","BIC","0.16","0.6116385","0.691158772940844","0","0",NA,"0","9.74050068855286"
"999","20","300","20","preferential_attachment","species","species_2","PLN","BIC","0.13","0.6914805","0.573906383530585","0","0",NA,"0","2.955890417099"
"1000","20","300","20","preferential_attachment","species","species_2","ZIPLN","BIC","0.25","0.378102","0.660328620839907","0.018","0.316","0.667","0.429","19.2417147159576"
"1001","21","300","20","preferential_attachment","species","species_2","PLN","BIC","0.13","0.6333795","0.61759435689696","0","0.211","1","0.348","2.73813557624817"
"1002","21","300","20","preferential_attachment","species","species_2","ZIPLN","BIC","0.33","0.3973595","0.71922736960625","0.012","0.211","0.667","0.32","6.95981001853943"
"1003","22","300","20","preferential_attachment","species","species_2","PLN","BIC","0.13","0.654835","0.623062503037016","0","0.053","1","0.1","2.06142950057983"
"1004","22","300","20","preferential_attachment","species","species_2","ZIPLN","BIC","0.22","0.399001","0.674300480756738","0","0.158","1","0.273","16.3003120422363"
"1005","23","300","20","preferential_attachment","species","species_2","PLN","BIC","0.13","0.651575","0.591619786614372","0","0",NA,"0","2.08784985542297"
"1006","23","300","20","preferential_attachment","species","species_2","ZIPLN","BIC","0.17","0.5536415","0.644377518026673","0.023","0.263","0.556","0.357","14.4797291755676"
"1007","24","300","20","preferential_attachment","species","species_2","PLN","BIC","0.13","0.6421185","0.59400531958375","0","0",NA,"0","1.29643487930298"
"1008","24","300","20","preferential_attachment","species","species_2","ZIPLN","BIC","0.26","0.5213915","0.680825776403678","0","0.053","1","0.1","9.62106943130493"
"1009","25","300","20","preferential_attachment","species","species_2","PLN","BIC","0.12","0.6444365","0.590599326314083","0","0",NA,"0","2.03329992294312"
"1010","25","300","20","preferential_attachment","species","species_2","ZIPLN","BIC","0.3","0.5063695","0.662309766740343","0.023","0.368","0.636","0.467","9.29265117645264"
"1011","26","300","20","preferential_attachment","species","species_2","PLN","BIC","0.12","0.590212","0.619656998351477","0","0",NA,"0","2.37766194343567"
"1012","26","300","20","preferential_attachment","species","species_2","ZIPLN","BIC","0.12","0.4951765","0.661317379335928","0","0",NA,"0","9.30963468551636"
"1013","27","300","20","preferential_attachment","species","species_2","PLN","BIC","0.14","0.755725","0.589893575293413","0","0",NA,"0","2.30884146690369"
"1014","27","300","20","preferential_attachment","species","species_2","ZIPLN","BIC","0.2","0.5841435","0.657524550028675","0","0.222","1","0.364","13.9639410972595"
"1015","28","300","20","preferential_attachment","species","species_2","PLN","BIC","0.14","0.689239","0.558135523690418","0.035","0.556","0.625","0.588","1.32613158226013"
"1016","28","300","20","preferential_attachment","species","species_2","ZIPLN","BIC","0.24","0.416948","0.656328501975767","0.041","0.389","0.5","0.438","7.81211972236633"
"1017","29","300","20","preferential_attachment","species","species_2","PLN","BIC","0.14","0.6798175","0.594359152633773","0","0.105","1","0.19","2.1764612197876"
"1018","29","300","20","preferential_attachment","species","species_2","ZIPLN","BIC","0.19","0.4539355","0.646959819924143","0.053","0.474","0.5","0.486","13.4533958435059"
"1019","30","300","20","preferential_attachment","species","species_2","PLN","BIC","0.13","0.7801245","0.57957653831131","0","0",NA,"0","1.36921977996826"
"1020","30","300","20","preferential_attachment","species","species_2","ZIPLN","BIC","0.29","0.5519695","0.666945492837452","0","0.105","1","0.19","8.16027975082397"
"1021","1","300","20","preferential_attachment","species","species_3","PLN","BIC","0.16","0.5044635","0.432930465757469","0","0",NA,"0","2.11437487602234"
"1022","1","300","20","preferential_attachment","species","species_3","ZIPLN","BIC","0.63","0.1345615","0.518918712644421","0","0.053","1","0.1","17.993344783783"
"1023","2","300","20","preferential_attachment","species","species_3","PLN","BIC","0.15","0.6444705","0.506138609247602","0","0",NA,"0","1.84797239303589"
"1024","2","300","20","preferential_attachment","species","species_3","ZIPLN","BIC","0.34","0.2524695","0.561472264910715","0.006","0.263","0.833","0.4","6.61237287521362"
"1025","3","300","20","preferential_attachment","species","species_3","PLN","BIC","0.15","0.582191","0.523160365179332","0","0",NA,"0","1.50862789154053"
"1026","3","300","20","preferential_attachment","species","species_3","ZIPLN","BIC","0.34","0.2632425","0.609611979956204","0.006","0.053","0.5","0.095","10.7242012023926"
"1027","4","300","20","preferential_attachment","species","species_3","PLN","BIC","0.18","0.640971","0.522447731546554","0.006","0.211","0.8","0.333","1.51544666290283"
"1028","4","300","20","preferential_attachment","species","species_3","ZIPLN","BIC","0.41","0.176301","0.555626927797707","0.023","0.316","0.6","0.414","9.91897988319397"
"1029","5","300","20","preferential_attachment","species","species_3","PLN","BIC","0.15","0.575938","0.559583594896223","0","0",NA,"0","2.02279472351074"
"1030","5","300","20","preferential_attachment","species","species_3","ZIPLN","BIC","1.25","0.164313","0.586110094602291","0.006","0.056","0.5","0.1","15.5530824661255"
"1031","6","300","20","preferential_attachment","species","species_3","PLN","BIC","0.17","0.389734","0.472299406742278","0","0",NA,"0","2.1252236366272"
"1032","6","300","20","preferential_attachment","species","species_3","ZIPLN","BIC","0.35","0.0791895","0.538179117583873","0","0",NA,"0","17.1170632839203"
"1033","7","300","20","preferential_attachment","species","species_3","PLN","BIC","0.14","0.609805","0.555740720340321","0","0.211","1","0.348","1.52874207496643"
"1034","7","300","20","preferential_attachment","species","species_3","ZIPLN","BIC","0.14","0.3909155","0.589852959181457","0.023","0.579","0.733","0.647","13.0855929851532"
"1035","8","300","20","preferential_attachment","species","species_3","PLN","BIC","0.15","0.5351035","0.539726015157153","0","0",NA,"0","2.49427890777588"
"1036","8","300","20","preferential_attachment","species","species_3","ZIPLN","BIC","0.3","0.270457","0.603129352710375","0","0",NA,"0","12.2782280445099"
"1037","9","300","20","preferential_attachment","species","species_3","PLN","BIC","0.15","0.58228","0.521093157693703","0","0",NA,"0","2.92040514945984"
"1038","9","300","20","preferential_attachment","species","species_3","ZIPLN","BIC","0.44","0.308291","0.570624001094419","0","0.056","1","0.105","14.1773619651794"
"1039","10","300","20","preferential_attachment","species","species_3","PLN","BIC","0.14","0.65636","0.540711265104252","0","0",NA,"0","1.36418056488037"
"1040","10","300","20","preferential_attachment","species","species_3","ZIPLN","BIC","0.51","0.235857","0.586484946931354","0.006","0.105","0.667","0.182","6.70801568031311"
"1041","11","300","20","preferential_attachment","species","species_3","PLN","BIC","0.16","0.444332","0.468917321716318","0","0",NA,"0","2.77826857566833"
"1042","11","300","20","preferential_attachment","species","species_3","ZIPLN","BIC","0.37","0.2518335","0.543594855631605","0","0",NA,"0","14.3431177139282"
"1043","12","300","20","preferential_attachment","species","species_3","PLN","BIC","0.16","0.5175125","0.448824020121551","0","0",NA,"0","2.43787908554077"
"1044","12","300","20","preferential_attachment","species","species_3","ZIPLN","BIC","0.74","0.1664735","0.512602186910922","0","0",NA,"0","6.78569531440735"
"1045","13","300","20","preferential_attachment","species","species_3","PLN","BIC","0.18","0.5377785","0.429229571376993","0","0.222","1","0.364","2.07201981544495"
"1046","13","300","20","preferential_attachment","species","species_3","ZIPLN","BIC","0.76","0.094655","0.531242222929431","0.012","0.222","0.667","0.333","9.42647099494934"
"1047","14","300","20","preferential_attachment","species","species_3","PLN","BIC","0.18","0.5650405","0.502949599707682","0","0.158","1","0.273","2.39207768440247"
"1048","14","300","20","preferential_attachment","species","species_3","ZIPLN","BIC","1.25","0.057271","0.570035132131943","0.012","0.211","0.667","0.32","15.6141822338104"
"1049","15","300","20","preferential_attachment","species","species_3","PLN","BIC","0.17","0.64237","0.480118270212777","0","0",NA,"0","1.83839321136475"
"1050","15","300","20","preferential_attachment","species","species_3","ZIPLN","BIC","0.27","0.1611055","0.55651695447189","0","0",NA,"0","14.4374024868011"
"1051","16","300","20","preferential_attachment","species","species_3","PLN","BIC","0.17","0.4769745","0.484115863540754","0","0",NA,"0","1.46521210670471"
"1052","16","300","20","preferential_attachment","species","species_3","ZIPLN","BIC","0.58","0.174387","0.557476965333028","0","0",NA,"0","5.48683047294617"
"1053","17","300","20","preferential_attachment","species","species_3","PLN","BIC","0.14","0.55415","0.542480575861174","0","0",NA,"0","2.62661647796631"
"1054","17","300","20","preferential_attachment","species","species_3","ZIPLN","BIC","0.29","0.3165545","0.621515825303778","0","0.158","1","0.273","11.2164840698242"
"1055","18","300","20","preferential_attachment","species","species_3","PLN","BIC","0.13","0.5294045","0.608410311843672","0","0",NA,"0","2.78534317016602"
"1056","18","300","20","preferential_attachment","species","species_3","ZIPLN","BIC","0.44","0.29906","0.674309350941224","0.012","0.211","0.667","0.32","6.17855834960938"
"1057","19","300","20","preferential_attachment","species","species_3","PLN","BIC","0.16","0.458407","0.48229858353937","0","0",NA,"0","2.05860996246338"
"1058","19","300","20","preferential_attachment","species","species_3","ZIPLN","BIC","0.58","0.1389055","0.564401976539139","0","0",NA,"0","6.85320591926575"
"1059","20","300","20","preferential_attachment","species","species_3","PLN","BIC","0.15","0.6598145","0.472653710727301","0","0",NA,"0","1.9479706287384"
"1060","20","300","20","preferential_attachment","species","species_3","ZIPLN","BIC","0.41","0.215757","0.565856312508025","0.053","0.316","0.4","0.353","15.508885383606"
"1061","21","300","20","preferential_attachment","species","species_3","PLN","BIC","0.15","0.622944","0.50076306816046","0.006","0.053","0.5","0.095","1.74794960021973"
"1062","21","300","20","preferential_attachment","species","species_3","ZIPLN","BIC","0.27","0.160029","0.579963157500164","0.029","0.316","0.545","0.4","6.92859053611755"
"1063","22","300","20","preferential_attachment","species","species_3","PLN","BIC","0.15","0.5074985","0.532325862262273","0","0",NA,"0","1.86487579345703"
"1064","22","300","20","preferential_attachment","species","species_3","ZIPLN","BIC","0.26","0.178739","0.57345056539414","0","0.053","1","0.1","8.09601545333862"
"1065","23","300","20","preferential_attachment","species","species_3","PLN","BIC","0.14","0.449709","0.588366911172756","0","0.053","1","0.1","1.80735206604004"
"1066","23","300","20","preferential_attachment","species","species_3","ZIPLN","BIC","0.43","0.1210895","0.631143765969403","0","0.158","1","0.273","7.16179490089417"
"1067","24","300","20","preferential_attachment","species","species_3","PLN","BIC","0.12","0.662528","0.506492812591267","0","0",NA,"0","2.53004026412964"
"1068","24","300","20","preferential_attachment","species","species_3","ZIPLN","BIC","0.55","0.140623","0.561325585829353","0.006","0.053","0.5","0.095","12.2201354503632"
"1069","25","300","20","preferential_attachment","species","species_3","PLN","BIC","0.14","0.5188585","0.529784787553836","0","0",NA,"0","1.7164843082428"
"1070","25","300","20","preferential_attachment","species","species_3","ZIPLN","BIC","0.49","0.1422185","0.597879773102442","0","0",NA,"0","3.33519268035889"
"1071","26","300","20","preferential_attachment","species","species_3","PLN","BIC","0.14","0.6158085","0.511304853768047","0","0",NA,"0","2.21425008773804"
"1072","26","300","20","preferential_attachment","species","species_3","ZIPLN","BIC","0.46","0.122826","0.577009367230857","0","0.056","1","0.105","2.96332931518555"
"1073","27","300","20","preferential_attachment","species","species_3","PLN","BIC","0.17","0.5336255","0.445262137657529","0","0",NA,"0","2.58419251441956"
"1074","27","300","20","preferential_attachment","species","species_3","ZIPLN","BIC","0.72","0.0559215","0.491245359112345","0","0",NA,"0","8.22095084190369"
"1075","28","300","20","preferential_attachment","species","species_3","PLN","BIC","0.16","0.582968","0.518682854872863","0","0",NA,"0","1.77284383773804"
"1076","28","300","20","preferential_attachment","species","species_3","ZIPLN","BIC","0.38","0.255843","0.592004575383557","0","0",NA,"0","15.1955716609955"
"1077","29","300","20","preferential_attachment","species","species_3","PLN","BIC","0.14","0.7136535","0.549871762765763","0","0",NA,"0","1.51870965957642"
"1078","29","300","20","preferential_attachment","species","species_3","ZIPLN","BIC","0.26","0.309407","0.607340291743974","0.018","0.211","0.571","0.308","7.41412711143494"
"1079","30","300","20","preferential_attachment","species","species_3","PLN","BIC","0.14","0.5666575","0.532549354277057","0","0",NA,"0","2.31221723556519"
"1080","30","300","20","preferential_attachment","species","species_3","ZIPLN","BIC","0.29","0.146006","0.595874516065362","0.006","0.105","0.667","0.182","10.4744420051575"
