"","simu","n","p","omega_structure","zi_type","zi_config","method","criterion","omega_rmse","AUC","rmse_fit","fallout","recall","precision","f1_score","time"
"1","1","300","20","erdos_renyi","sites","sites_1","PLN","BIC","0.06","0.68351","0.629006388297695","0.182","1","0.214","0.353","4.06566715240479"
"2","2","300","20","erdos_renyi","sites","sites_1","PLN","BIC","0.06","0.7911685","0.617018250789971","0.049","1","0.4","0.571","4.21641850471497"
"3","3","300","20","erdos_renyi","sites","sites_1","PLN","BIC","0.04","0.885431","0.627631770088979","0.011","0.833","0.714","0.769","3.48600816726685"
"4","4","300","20","erdos_renyi","sites","sites_1","PLN","BIC","0.08","0.520806","0.859566233753775","0.128","0.909","0.303","0.455","1.30511617660522"
"5","5","300","20","erdos_renyi","sites","sites_1","PLN","BIC","0.11","0.450231","15.1621315064919","0.164","0.923","0.293","0.444","2.17046451568604"
"6","6","300","20","erdos_renyi","sites","sites_1","PLN","BIC","0.05","0.814375","0.629171529646753","0.005","0.75","0.75","0.75","2.00391530990601"
"7","7","300","20","erdos_renyi","sites","sites_1","PLN","BIC","0.06","0.474994","0.669327959279548","0.006","0.333","0.75","0.462","3.09317660331726"
"8","8","300","20","erdos_renyi","sites","sites_1","PLN","BIC","0.05","0.69955","0.584117735839981","0","0.714","1","0.833","4.01664614677429"
"9","9","300","20","erdos_renyi","sites","sites_1","PLN","BIC","0.05","0.75075","0.666190663838756","0.115","1","0.276","0.432","3.28090000152588"
"10","10","300","20","erdos_renyi","sites","sites_1","PLN","BIC","0.06","0.620057","0.682394154742572","0.055","1","0.474","0.643","2.17510652542114"
"11","11","300","20","erdos_renyi","sites","sites_1","PLN","BIC","0.08","0.6714495","0.681604766057624","0.102","1","0.419","0.591","3.25015187263489"
"12","12","300","20","erdos_renyi","sites","sites_1","PLN","BIC","0.04","0.7575","0.618214109031908","0.005","0.8","0.8","0.8","2.25907039642334"
"13","13","300","20","erdos_renyi","sites","sites_1","PLN","BIC","0.07","0.72697","0.645899277959482","0.028","0.583","0.583","0.583","3.3429057598114"
"14","14","300","20","erdos_renyi","sites","sites_1","PLN","BIC","0.07","0.55675","0.610351640129491","0.061","0.8","0.421","0.552","3.34620690345764"
"15","15","300","20","erdos_renyi","sites","sites_1","PLN","BIC","0.03","0.835","0.597742337074653","0","1","1","1","3.76375484466553"
"16","16","300","20","erdos_renyi","sites","sites_1","PLN","BIC","0.05","0.5216875","0.634590828704499","0.06","0.75","0.353","0.48","2.54380512237549"
"17","17","300","20","erdos_renyi","sites","sites_1","PLN","BIC","0.07","0.6529285","0.668510528821501","0.107","0.917","0.367","0.524","2.94181275367737"
"18","18","300","20","erdos_renyi","sites","sites_1","PLN","BIC","0.06","0.684206","0.635149967197858","0","0.667","1","0.8","2.20904874801636"
"19","19","300","20","erdos_renyi","sites","sites_1","PLN","BIC","0.03","0.49275","0.589648103175194","0.005","0.5","0.667","0.571","2.43967890739441"
"20","20","300","20","erdos_renyi","sites","sites_1","PLN","BIC","0.09","0.538603","0.667748759308453","0","0.278","1","0.435","2.29335856437683"
"21","21","300","20","erdos_renyi","sites","sites_1","PLN","BIC","0.06","0.6946","0.680685756293683","0.017","0.4","0.571","0.471","2.15288043022156"
"22","22","300","20","erdos_renyi","sites","sites_1","PLN","BIC","0.06","0.6980185","0.651167559871037","0.011","0.727","0.8","0.762","2.34731841087341"
"23","23","300","20","erdos_renyi","sites","sites_1","PLN","BIC","0.1","0.39045","482.696626606909","0.461","1","0.108","0.194","9.77325296401978"
"24","24","300","20","erdos_renyi","sites","sites_1","PLN","BIC","0.07","0.5568225","0.647294149054559","0.017","0.636","0.7","0.667","2.40277194976807"
"25","25","300","20","erdos_renyi","sites","sites_1","PLN","BIC","0.04","0.686616","0.624911374675888","0.054","0.833","0.333","0.476","2.21037292480469"
"26","26","300","20","erdos_renyi","sites","sites_1","PLN","BIC","0.06","0.610562","0.628034638544856","0.005","0.429","0.75","0.545","2.45916771888733"
"27","27","300","20","erdos_renyi","sites","sites_1","PLN","BIC","0.1","0.2029","4966974.62095161","0.278","0.8","0.138","0.235","9.78253984451294"
"28","28","300","20","erdos_renyi","sites","sites_1","PLN","BIC","0.07","0.689979","0.676698431231905","0.084","0.917","0.423","0.579","2.24349784851074"
"29","29","300","20","erdos_renyi","sites","sites_1","PLN","BIC","0.05","0.6807915","0.652645355276405","0.061","0.727","0.421","0.533","2.4023425579071"
"30","30","300","20","erdos_renyi","sites","sites_1","PLN","BIC","0.06","0.683363","0.600354028156275","0.011","0.909","0.833","0.87","2.30028390884399"
"31","1","300","20","erdos_renyi","sites","sites_2","PLN","BIC","0.13","0.782262","0.564953983554515","0.068","0.571","0.4","0.471","2.16344666481018"
"32","2","300","20","erdos_renyi","sites","sites_2","PLN","BIC","0.11","0.4768","0.554786467913382","0","0.1","1","0.182","2.67716383934021"
"33","3","300","20","erdos_renyi","sites","sites_2","PLN","BIC","0.07","0.695214","0.514760844290313","0","0.167","1","0.286","3.89964461326599"
"34","4","300","20","erdos_renyi","sites","sites_2","PLN","BIC","0.15","0.504449","780.549878841498","0.506","0.688","0.111","0.191","5.00518321990967"
"35","5","300","20","erdos_renyi","sites","sites_2","PLN","BIC","0.09","0.630644","0.51483512818229","0.288","0.667","0.07","0.127","2.20136857032776"
"36","6","300","20","erdos_renyi","sites","sites_2","PLN","BIC","0.07","0.8895","0.503497697601014","0.016","0.8","0.571","0.667","4.65161967277527"
"37","7","300","20","erdos_renyi","sites","sites_2","PLN","BIC","0.09","0.8709375","0.474756911743598","0.005","0.25","0.667","0.364","4.98173546791077"
"38","8","300","20","erdos_renyi","sites","sites_2","PLN","BIC","0.12","0.854873","1079.26285899847","0.89","1","0.053","0.101","6.94053101539612"
"39","9","300","20","erdos_renyi","sites","sites_2","PLN","BIC","0.13","0.7080315","0.542318662609762","0.068","0.615","0.4","0.485","2.30793190002441"
"40","10","300","20","erdos_renyi","sites","sites_2","PLN","BIC","0.11","0.6710325","0.595217729101672","0.082","0.667","0.211","0.32","1.26587629318237"
"41","11","300","20","erdos_renyi","sites","sites_2","PLN","BIC","0.09","0.8104215","0.885710286102026","0.011","0.429","0.6","0.5","1.98175501823425"
"42","12","300","20","erdos_renyi","sites","sites_2","PLN","BIC","0.08","0.8993435","0.526074607995428","0","0.286","1","0.444","3.76640295982361"
"43","13","300","20","erdos_renyi","sites","sites_2","PLN","BIC","0.07","0.821654","0.50506228173353","0","0.667","1","0.8","4.06646823883057"
"44","14","300","20","erdos_renyi","sites","sites_2","PLN","BIC","0.1","0.7806515","0.52212867779868","0.153","0.846","0.289","0.431","2.37307119369507"
"45","15","300","20","erdos_renyi","sites","sites_2","PLN","BIC","0.08","0.8537","0.532464957504026","0.044","0.8","0.5","0.615","3.59961318969727"
"46","16","300","20","erdos_renyi","sites","sites_2","PLN","BIC","0.09","0.60845","0.536317609787215","0.006","0.3","0.75","0.429","2.87996125221252"
"47","17","300","20","erdos_renyi","sites","sites_2","PLN","BIC","0.18","0.701581","40537700.9751073","0.927","0.917","0.062","0.117","14.8576760292053"
"48","18","300","20","erdos_renyi","sites","sites_2","PLN","BIC","0.09","0.6304705","0.515833733997592","0","0.556","1","0.714","3.64846205711365"
"49","19","300","20","erdos_renyi","sites","sites_2","PLN","BIC","0.1","0.583985","0.536098561533255","0","0.091","1","0.167","4.26190757751465"
"50","20","300","20","erdos_renyi","sites","sites_2","PLN","BIC","0.1","0.6226645","0.561497679755436","0.11","0.667","0.231","0.343","1.83326363563538"
"51","21","300","20","erdos_renyi","sites","sites_2","PLN","BIC","0.1","0.864","0.871440006310597","0.016","0.5","0.571","0.533","2.43683815002441"
"52","22","300","20","erdos_renyi","sites","sites_2","PLN","BIC","0.11","0.7559895","0.544760093192102","0","0",NA,"0","2.58379220962524"
"53","23","300","20","erdos_renyi","sites","sites_2","PLN","BIC","0.15","0.7477225","3.7060135239669e+52","0.934","1","0.039","0.076","35.6446757316589"
"54","24","300","20","erdos_renyi","sites","sites_2","PLN","BIC","0.12","0.832506","0.509130011668892","0.006","0.5","0.857","0.632","4.62523531913757"
"55","25","300","20","erdos_renyi","sites","sites_2","PLN","BIC","0.07","0.4625","0.505323169279909","0","0.2","1","0.333","2.12110090255737"
"56","26","300","20","erdos_renyi","sites","sites_2","PLN","BIC","0.17","0.5454935","238.174189820064","0.109","0.267","0.174","0.211","1.84529495239258"
"57","27","300","20","erdos_renyi","sites","sites_2","PLN","BIC","0.1","0.770303","0.559223726470046","0","0.083","1","0.154","3.52749872207642"
"58","28","300","20","erdos_renyi","sites","sites_2","PLN","BIC","0.1","0.692503","0.53602906315519","0.006","0.182","0.667","0.286","2.54486274719238"
"59","29","300","20","erdos_renyi","sites","sites_2","PLN","BIC","0.18","0.5673","45343897981.4499","0.789","0.9","0.06","0.112","12.7839460372925"
"60","30","300","20","erdos_renyi","sites","sites_2","PLN","BIC","0.11","0.5683585","2.29431790077121","0.083","0.667","0.286","0.4","1.45271468162537"
"61","1","300","20","erdos_renyi","sites","sites_3","PLN","BIC","0.16","0.724453","0.415633007730892","0.429","0.846","0.126","0.22","5.23309564590454"
"62","2","300","20","erdos_renyi","sites","sites_3","PLN","BIC","0.11","0.6372235","0.397892733192512","0.022","0.333","0.333","0.333","3.70060801506042"
"63","3","300","20","erdos_renyi","sites","sites_3","PLN","BIC","0.12","0.635064","19.7774118690946","0.823","1","0.057","0.108","7.60504007339478"
"64","Error in chol.default(Omega) : 
  le mineur dominant d'ordre 19 n'est pas défini positif
","Error in chol.default(Omega) : 
  le mineur dominant d'ordre 19 n'est pas défini positif
","Error in chol.default(Omega) : 
  le mineur dominant d'ordre 19 n'est pas défini positif
","Error in chol.default(Omega) : 
  le mineur dominant d'ordre 19 n'est pas défini positif
","Error in chol.default(Omega) : 
  le mineur dominant d'ordre 19 n'est pas défini positif
","Error in chol.default(Omega) : 
  le mineur dominant d'ordre 19 n'est pas défini positif
","Error in chol.default(Omega) : 
  le mineur dominant d'ordre 19 n'est pas défini positif
","Error in chol.default(Omega) : 
  le mineur dominant d'ordre 19 n'est pas défini positif
","Error in chol.default(Omega) : 
  le mineur dominant d'ordre 19 n'est pas défini positif
","Error in chol.default(Omega) : 
  le mineur dominant d'ordre 19 n'est pas défini positif
","Error in chol.default(Omega) : 
  le mineur dominant d'ordre 19 n'est pas défini positif
","Error in chol.default(Omega) : 
  le mineur dominant d'ordre 19 n'est pas défini positif
","Error in chol.default(Omega) : 
  le mineur dominant d'ordre 19 n'est pas défini positif
","Error in chol.default(Omega) : 
  le mineur dominant d'ordre 19 n'est pas défini positif
","Error in chol.default(Omega) : 
  le mineur dominant d'ordre 19 n'est pas défini positif
","Error in chol.default(Omega) : 
  le mineur dominant d'ordre 19 n'est pas défini positif
"
"65","5","300","20","erdos_renyi","sites","sites_3","PLN","BIC","0.18","0.527433","1.03605509000945e+21","0.845","1","0.056","0.105","25.8198175430298"
"66","6","300","20","erdos_renyi","sites","sites_3","PLN","BIC","0.11","0.774047","0.389543398021886","0","0",NA,"0","3.72606778144836"
"67","7","300","20","erdos_renyi","sites","sites_3","PLN","BIC","0.15","0.642954","0.388032014320446","0","0",NA,"0","3.55378365516663"
"68","8","300","20","erdos_renyi","sites","sites_3","PLN","BIC","0.11","0.3953445","0.429837229592239","0","0",NA,"0","3.13185739517212"
"69","9","300","20","erdos_renyi","sites","sites_3","PLN","BIC","0.16","0.5615885","0.382020294178337","0.494","0.667","0.083","0.148","2.18533802032471"
"70","Error in chol.default(Omega) : 
  le mineur dominant d'ordre 19 n'est pas défini positif
","Error in chol.default(Omega) : 
  le mineur dominant d'ordre 19 n'est pas défini positif
","Error in chol.default(Omega) : 
  le mineur dominant d'ordre 19 n'est pas défini positif
","Error in chol.default(Omega) : 
  le mineur dominant d'ordre 19 n'est pas défini positif
","Error in chol.default(Omega) : 
  le mineur dominant d'ordre 19 n'est pas défini positif
","Error in chol.default(Omega) : 
  le mineur dominant d'ordre 19 n'est pas défini positif
","Error in chol.default(Omega) : 
  le mineur dominant d'ordre 19 n'est pas défini positif
","Error in chol.default(Omega) : 
  le mineur dominant d'ordre 19 n'est pas défini positif
","Error in chol.default(Omega) : 
  le mineur dominant d'ordre 19 n'est pas défini positif
","Error in chol.default(Omega) : 
  le mineur dominant d'ordre 19 n'est pas défini positif
","Error in chol.default(Omega) : 
  le mineur dominant d'ordre 19 n'est pas défini positif
","Error in chol.default(Omega) : 
  le mineur dominant d'ordre 19 n'est pas défini positif
","Error in chol.default(Omega) : 
  le mineur dominant d'ordre 19 n'est pas défini positif
","Error in chol.default(Omega) : 
  le mineur dominant d'ordre 19 n'est pas défini positif
","Error in chol.default(Omega) : 
  le mineur dominant d'ordre 19 n'est pas défini positif
","Error in chol.default(Omega) : 
  le mineur dominant d'ordre 19 n'est pas défini positif
"
"71","11","300","20","erdos_renyi","sites","sites_3","PLN","BIC","0.13","0.77734","0.41024641395069","0","0",NA,"0","3.1534309387207"
"72","12","300","20","erdos_renyi","sites","sites_3","PLN","BIC","0.12","0.6876875","18643028734.3062","0.918","1","0.046","0.087","12.5158250331879"
"73","13","300","20","erdos_renyi","sites","sites_3","PLN","BIC","0.13","0.86125","0.398227457926066","0.33","0.875","0.104","0.187","3.92213082313538"
"74","14","300","20","erdos_renyi","sites","sites_3","PLN","BIC","0.15","0.48486","0.385452836099546","0.444","0.667","0.092","0.162","1.3180844783783"
"75","15","300","20","erdos_renyi","sites","sites_3","PLN","BIC","0.12","0.757641","0.388403718871342","0.164","0.429","0.091","0.15","4.93625569343567"
"76","Error in chol.default(Omega) : 
  le mineur dominant d'ordre 19 n'est pas défini positif
","Error in chol.default(Omega) : 
  le mineur dominant d'ordre 19 n'est pas défini positif
","Error in chol.default(Omega) : 
  le mineur dominant d'ordre 19 n'est pas défini positif
","Error in chol.default(Omega) : 
  le mineur dominant d'ordre 19 n'est pas défini positif
","Error in chol.default(Omega) : 
  le mineur dominant d'ordre 19 n'est pas défini positif
","Error in chol.default(Omega) : 
  le mineur dominant d'ordre 19 n'est pas défini positif
","Error in chol.default(Omega) : 
  le mineur dominant d'ordre 19 n'est pas défini positif
","Error in chol.default(Omega) : 
  le mineur dominant d'ordre 19 n'est pas défini positif
","Error in chol.default(Omega) : 
  le mineur dominant d'ordre 19 n'est pas défini positif
","Error in chol.default(Omega) : 
  le mineur dominant d'ordre 19 n'est pas défini positif
","Error in chol.default(Omega) : 
  le mineur dominant d'ordre 19 n'est pas défini positif
","Error in chol.default(Omega) : 
  le mineur dominant d'ordre 19 n'est pas défini positif
","Error in chol.default(Omega) : 
  le mineur dominant d'ordre 19 n'est pas défini positif
","Error in chol.default(Omega) : 
  le mineur dominant d'ordre 19 n'est pas défini positif
","Error in chol.default(Omega) : 
  le mineur dominant d'ordre 19 n'est pas défini positif
","Error in chol.default(Omega) : 
  le mineur dominant d'ordre 19 n'est pas défini positif
"
"77","17","300","20","erdos_renyi","sites","sites_3","PLN","BIC","0.1","0.793201","0.411722797402945","0","0",NA,"0","3.63263130187988"
"78","18","300","20","erdos_renyi","sites","sites_3","PLN","BIC","0.17","0.636618","0.393436828721889","0.213","0.5","0.178","0.262","3.65952038764954"
"79","19","300","20","erdos_renyi","sites","sites_3","PLN","BIC","0.1","0.785964","0.38614286684764","0.022","0.571","0.5","0.533","3.16286420822144"
"80","20","300","20","erdos_renyi","sites","sites_3","PLN","BIC","0.16","0.3981835","5.00752657717165e+47","0.847","0.846","0.068","0.126","29.4985501766205"
"81","21","300","20","erdos_renyi","sites","sites_3","PLN","BIC","0.13","0.6349715","0.395578175778199","0.112","0.455","0.2","0.278","5.77751994132996"
"82","Error in chol.default(Omega) : 
  le mineur dominant d'ordre 19 n'est pas défini positif
","Error in chol.default(Omega) : 
  le mineur dominant d'ordre 19 n'est pas défini positif
","Error in chol.default(Omega) : 
  le mineur dominant d'ordre 19 n'est pas défini positif
","Error in chol.default(Omega) : 
  le mineur dominant d'ordre 19 n'est pas défini positif
","Error in chol.default(Omega) : 
  le mineur dominant d'ordre 19 n'est pas défini positif
","Error in chol.default(Omega) : 
  le mineur dominant d'ordre 19 n'est pas défini positif
","Error in chol.default(Omega) : 
  le mineur dominant d'ordre 19 n'est pas défini positif
","Error in chol.default(Omega) : 
  le mineur dominant d'ordre 19 n'est pas défini positif
","Error in chol.default(Omega) : 
  le mineur dominant d'ordre 19 n'est pas défini positif
","Error in chol.default(Omega) : 
  le mineur dominant d'ordre 19 n'est pas défini positif
","Error in chol.default(Omega) : 
  le mineur dominant d'ordre 19 n'est pas défini positif
","Error in chol.default(Omega) : 
  le mineur dominant d'ordre 19 n'est pas défini positif
","Error in chol.default(Omega) : 
  le mineur dominant d'ordre 19 n'est pas défini positif
","Error in chol.default(Omega) : 
  le mineur dominant d'ordre 19 n'est pas défini positif
","Error in chol.default(Omega) : 
  le mineur dominant d'ordre 19 n'est pas défini positif
","Error in chol.default(Omega) : 
  le mineur dominant d'ordre 19 n'est pas défini positif
"
"83","23","300","20","erdos_renyi","sites","sites_3","PLN","BIC","0.12","0.587548","0.399953448126469","0.006","0","0","0","3.73332333564758"
"84","24","300","20","erdos_renyi","sites","sites_3","PLN","BIC","0.1","0.774125","0.410233267722901","0.07","0.5","0.133","0.211","3.8391330242157"
"85","25","300","20","erdos_renyi","sites","sites_3","PLN","BIC","0.09","0.7210135","0.42402086596001","0","0",NA,"0","2.80324411392212"
"86","26","300","20","erdos_renyi","sites","sites_3","PLN","BIC","0.09","0.576435","0.417375208278854","0","0",NA,"0","3.67415189743042"
"87","27","300","20","erdos_renyi","sites","sites_3","PLN","BIC","0.11","0.615556","0.394331326027312","0","0",NA,"0","3.2780613899231"
"88","Error in chol.default(Omega) : 
  le mineur dominant d'ordre 19 n'est pas défini positif
","Error in chol.default(Omega) : 
  le mineur dominant d'ordre 19 n'est pas défini positif
","Error in chol.default(Omega) : 
  le mineur dominant d'ordre 19 n'est pas défini positif
","Error in chol.default(Omega) : 
  le mineur dominant d'ordre 19 n'est pas défini positif
","Error in chol.default(Omega) : 
  le mineur dominant d'ordre 19 n'est pas défini positif
","Error in chol.default(Omega) : 
  le mineur dominant d'ordre 19 n'est pas défini positif
","Error in chol.default(Omega) : 
  le mineur dominant d'ordre 19 n'est pas défini positif
","Error in chol.default(Omega) : 
  le mineur dominant d'ordre 19 n'est pas défini positif
","Error in chol.default(Omega) : 
  le mineur dominant d'ordre 19 n'est pas défini positif
","Error in chol.default(Omega) : 
  le mineur dominant d'ordre 19 n'est pas défini positif
","Error in chol.default(Omega) : 
  le mineur dominant d'ordre 19 n'est pas défini positif
","Error in chol.default(Omega) : 
  le mineur dominant d'ordre 19 n'est pas défini positif
","Error in chol.default(Omega) : 
  le mineur dominant d'ordre 19 n'est pas défini positif
","Error in chol.default(Omega) : 
  le mineur dominant d'ordre 19 n'est pas défini positif
","Error in chol.default(Omega) : 
  le mineur dominant d'ordre 19 n'est pas défini positif
","Error in chol.default(Omega) : 
  le mineur dominant d'ordre 19 n'est pas défini positif
"
"89","29","300","20","erdos_renyi","sites","sites_3","PLN","BIC","0.16","0.4642305","1.03504250786815e+27","0.86","0.917","0.067","0.125","21.7962186336517"
"90","30","300","20","erdos_renyi","sites","sites_3","PLN","BIC","0.13","0.4967755","0.397439494214385","0.652","0.556","0.041","0.076","2.67144656181335"
"91","1","300","20","community","sites","sites_1","PLN","BIC","0.06","0.74478","0.691755611174615","0.006","0.636","0.875","0.737","3.74481010437012"
"92","2","300","20","community","sites","sites_1","PLN","BIC","0.08","0.6106795","0.791907206601432","0.127","0.941","0.421","0.582","2.45070433616638"
"93","3","300","20","community","sites","sites_1","PLN","BIC","0.17","0.230506","1172407514813726720","0.506","0.625","0.102","0.175","18.2184154987335"
"94","4","300","20","community","sites","sites_1","PLN","BIC","0.05","0.6115625","0.689570580772617","0.044","0.75","0.429","0.545","2.72533988952637"
"95","5","300","20","community","sites","sites_1","PLN","BIC","0.08","0.67305","0.616656566689351","0.028","0.8","0.615","0.696","3.98534655570984"
"96","6","300","20","community","sites","sites_1","PLN","BIC","0.12","0.470048","0.963732285981017","0.16","0.933","0.333","0.491","1.32126069068909"
"97","7","300","20","community","sites","sites_1","PLN","BIC","0.04","0.8099355","0.599054007560988","0","0.667","1","0.8","3.44675850868225"
"98","8","300","20","community","sites","sites_1","PLN","BIC","0.12","0.162375","60071038584780.5","0.346","0.625","0.074","0.132","20.6945357322693"
"99","9","300","20","community","sites","sites_1","PLN","BIC","0.08","0.6143","0.634686458139055","0.044","0.9","0.529","0.667","2.293785572052"
"100","10","300","20","community","sites","sites_1","PLN","BIC","0.08","0.6730275","0.618305264782351","0.143","0.933","0.359","0.519","3.90540719032288"
"101","11","300","20","community","sites","sites_1","PLN","BIC","0.06","0.6993155","0.620842494697008","0.14","0.833","0.286","0.426","3.72662901878357"
"102","12","300","20","community","sites","sites_1","PLN","BIC","0.08","0.552178","0.641209882990874","0.078","1","0.44","0.611","2.50530385971069"
"103","13","300","20","community","sites","sites_1","PLN","BIC","0.04","0.793375","0.596595048754064","0","0.5","1","0.667","4.23965787887573"
"104","14","300","20","community","sites","sites_1","PLN","BIC","0.06","0.4389665","0.771898311010741","0.079","0.692","0.391","0.5","1.93195366859436"
"105","15","300","20","community","sites","sites_1","PLN","BIC","0.07","0.5668095","0.725261100486794","0.102","1","0.419","0.591","2.0720534324646"
"106","16","300","20","community","sites","sites_1","PLN","BIC","0.06","0.6339","0.696461446710279","0.072","1","0.435","0.606","2.47616577148438"
"107","17","300","20","community","sites","sites_1","PLN","BIC","0.08","0.556096","0.701318061492716","0.115","0.812","0.394","0.531","2.62550950050354"
"108","18","300","20","community","sites","sites_1","PLN","BIC","0.15","0.5035875","2.02372793350132e+25","0.721","0.714","0.036","0.069","22.2669689655304"
"109","19","300","20","community","sites","sites_1","PLN","BIC","0.07","0.701433","0.659539776915094","0.017","0.833","0.769","0.8","3.58104634284973"
"110","20","300","20","community","sites","sites_1","PLN","BIC","0.07","0.7560195","0.655739641274938","0.102","1","0.438","0.609","2.23245048522949"
"111","21","300","20","community","sites","sites_1","PLN","BIC","0.12","0.5378435","362.06152304498","0.079","0.692","0.391","0.5","1.81225538253784"
"112","22","300","20","community","sites","sites_1","PLN","BIC","0.08","0.5603375","0.634253513030526","0.181","0.923","0.273","0.421","4.49242973327637"
"113","23","300","20","community","sites","sites_1","PLN","BIC","0.08","0.3996195","0.684888941331743","0.051","0.615","0.471","0.533","3.96553349494934"
"114","24","300","20","community","sites","sites_1","PLN","BIC","0.11","0.63285","0.801946911194944","0.347","1","0.253","0.404","1.45193386077881"
"115","25","300","20","community","sites","sites_1","PLN","BIC","0.09","0.652626","0.992511367798086","0.084","1","0.444","0.615","2.29112577438354"
"116","26","300","20","community","sites","sites_1","PLN","BIC","0.07","0.744688","0.629119813769038","0.022","0.917","0.733","0.815","1.91248154640198"
"117","27","300","20","community","sites","sites_1","PLN","BIC","0.08","0.4958945","0.685831606653047","0.056","0.615","0.444","0.516","2.30485582351685"
"118","28","300","20","community","sites","sites_1","PLN","BIC","0.06","0.5525435","0.597666405962055","0.078","0.727","0.364","0.485","4.29867124557495"
"119","29","300","20","community","sites","sites_1","PLN","BIC","0.16","0.4559795","225421926.116932","0.693","0.857","0.09","0.162","3.19748282432556"
"120","30","300","20","community","sites","sites_1","PLN","BIC","0.06","0.6431535","0.677958517635254","0.057","0.733","0.524","0.611","2.10040616989136"
"121","1","300","20","community","sites","sites_2","PLN","BIC","0.15","0.567767","0.553401097479068","0.153","0.643","0.25","0.36","1.32059907913208"
"122","Error in if ((convergence[iter] < config$ftol_out) | (iter >= config$maxit_out)) cond <- TRUE : 
  valeur manquante là où TRUE / FALSE est requis
","Error in if ((convergence[iter] < config$ftol_out) | (iter >= config$maxit_out)) cond <- TRUE : 
  valeur manquante là où TRUE / FALSE est requis
","Error in if ((convergence[iter] < config$ftol_out) | (iter >= config$maxit_out)) cond <- TRUE : 
  valeur manquante là où TRUE / FALSE est requis
","Error in if ((convergence[iter] < config$ftol_out) | (iter >= config$maxit_out)) cond <- TRUE : 
  valeur manquante là où TRUE / FALSE est requis
","Error in if ((convergence[iter] < config$ftol_out) | (iter >= config$maxit_out)) cond <- TRUE : 
  valeur manquante là où TRUE / FALSE est requis
","Error in if ((convergence[iter] < config$ftol_out) | (iter >= config$maxit_out)) cond <- TRUE : 
  valeur manquante là où TRUE / FALSE est requis
","Error in if ((convergence[iter] < config$ftol_out) | (iter >= config$maxit_out)) cond <- TRUE : 
  valeur manquante là où TRUE / FALSE est requis
","Error in if ((convergence[iter] < config$ftol_out) | (iter >= config$maxit_out)) cond <- TRUE : 
  valeur manquante là où TRUE / FALSE est requis
","Error in if ((convergence[iter] < config$ftol_out) | (iter >= config$maxit_out)) cond <- TRUE : 
  valeur manquante là où TRUE / FALSE est requis
","Error in if ((convergence[iter] < config$ftol_out) | (iter >= config$maxit_out)) cond <- TRUE : 
  valeur manquante là où TRUE / FALSE est requis
","Error in if ((convergence[iter] < config$ftol_out) | (iter >= config$maxit_out)) cond <- TRUE : 
  valeur manquante là où TRUE / FALSE est requis
","Error in if ((convergence[iter] < config$ftol_out) | (iter >= config$maxit_out)) cond <- TRUE : 
  valeur manquante là où TRUE / FALSE est requis
","Error in if ((convergence[iter] < config$ftol_out) | (iter >= config$maxit_out)) cond <- TRUE : 
  valeur manquante là où TRUE / FALSE est requis
","Error in if ((convergence[iter] < config$ftol_out) | (iter >= config$maxit_out)) cond <- TRUE : 
  valeur manquante là où TRUE / FALSE est requis
","Error in if ((convergence[iter] < config$ftol_out) | (iter >= config$maxit_out)) cond <- TRUE : 
  valeur manquante là où TRUE / FALSE est requis
","Error in if ((convergence[iter] < config$ftol_out) | (iter >= config$maxit_out)) cond <- TRUE : 
  valeur manquante là où TRUE / FALSE est requis
"
"123","3","300","20","community","sites","sites_2","PLN","BIC","0.09","0.7992575","0.505092935257656","0.017","0.778","0.7","0.737","4.16961789131165"
"124","4","300","20","community","sites","sites_2","PLN","BIC","0.15","0.6971675","0.536240810450711","0.367","0.846","0.145","0.247","1.33104419708252"
"125","5","300","20","community","sites","sites_2","PLN","BIC","0.1","0.587933","0.541135812016942","0.028","0.545","0.545","0.545","3.81661868095398"
"126","6","300","20","community","sites","sites_2","PLN","BIC","0.12","0.7214505","0.554093375345338","0.006","0.143","0.667","0.235","3.69819283485413"
"127","7","300","20","community","sites","sites_2","PLN","BIC","0.11","0.613035","0.524747281868309","0.04","0.571","0.533","0.552","2.85998821258545"
"128","Error in if ((convergence[iter] < config$ftol_out) | (iter >= config$maxit_out)) cond <- TRUE : 
  valeur manquante là où TRUE / FALSE est requis
","Error in if ((convergence[iter] < config$ftol_out) | (iter >= config$maxit_out)) cond <- TRUE : 
  valeur manquante là où TRUE / FALSE est requis
","Error in if ((convergence[iter] < config$ftol_out) | (iter >= config$maxit_out)) cond <- TRUE : 
  valeur manquante là où TRUE / FALSE est requis
","Error in if ((convergence[iter] < config$ftol_out) | (iter >= config$maxit_out)) cond <- TRUE : 
  valeur manquante là où TRUE / FALSE est requis
","Error in if ((convergence[iter] < config$ftol_out) | (iter >= config$maxit_out)) cond <- TRUE : 
  valeur manquante là où TRUE / FALSE est requis
","Error in if ((convergence[iter] < config$ftol_out) | (iter >= config$maxit_out)) cond <- TRUE : 
  valeur manquante là où TRUE / FALSE est requis
","Error in if ((convergence[iter] < config$ftol_out) | (iter >= config$maxit_out)) cond <- TRUE : 
  valeur manquante là où TRUE / FALSE est requis
","Error in if ((convergence[iter] < config$ftol_out) | (iter >= config$maxit_out)) cond <- TRUE : 
  valeur manquante là où TRUE / FALSE est requis
","Error in if ((convergence[iter] < config$ftol_out) | (iter >= config$maxit_out)) cond <- TRUE : 
  valeur manquante là où TRUE / FALSE est requis
","Error in if ((convergence[iter] < config$ftol_out) | (iter >= config$maxit_out)) cond <- TRUE : 
  valeur manquante là où TRUE / FALSE est requis
","Error in if ((convergence[iter] < config$ftol_out) | (iter >= config$maxit_out)) cond <- TRUE : 
  valeur manquante là où TRUE / FALSE est requis
","Error in if ((convergence[iter] < config$ftol_out) | (iter >= config$maxit_out)) cond <- TRUE : 
  valeur manquante là où TRUE / FALSE est requis
","Error in if ((convergence[iter] < config$ftol_out) | (iter >= config$maxit_out)) cond <- TRUE : 
  valeur manquante là où TRUE / FALSE est requis
","Error in if ((convergence[iter] < config$ftol_out) | (iter >= config$maxit_out)) cond <- TRUE : 
  valeur manquante là où TRUE / FALSE est requis
","Error in if ((convergence[iter] < config$ftol_out) | (iter >= config$maxit_out)) cond <- TRUE : 
  valeur manquante là où TRUE / FALSE est requis
","Error in if ((convergence[iter] < config$ftol_out) | (iter >= config$maxit_out)) cond <- TRUE : 
  valeur manquante là où TRUE / FALSE est requis
"
"129","9","300","20","community","sites","sites_2","PLN","BIC","0.13","0.782265","0.565018408276961","0.199","0.929","0.271","0.419","3.6997663974762"
"130","10","300","20","community","sites","sites_2","PLN","BIC","0.11","0.8251875","0.514269935586723","0.132","1","0.25","0.4","2.35669994354248"
"131","11","300","20","community","sites","sites_2","PLN","BIC","0.16","0.5782735","0.607187794849947","0.173","0.636","0.326","0.431","3.36280918121338"
"132","12","300","20","community","sites","sites_2","PLN","BIC","0.19","0.5447345","106515.037089418","0.791","0.889","0.105","0.188","10.4886767864227"
"133","13","300","20","community","sites","sites_2","PLN","BIC","0.13","0.670027","1.14660179917132","0.162","0.727","0.216","0.333","1.29622411727905"
"134","Error in if ((convergence[iter] < config$ftol_out) | (iter >= config$maxit_out)) cond <- TRUE : 
  valeur manquante là où TRUE / FALSE est requis
","Error in if ((convergence[iter] < config$ftol_out) | (iter >= config$maxit_out)) cond <- TRUE : 
  valeur manquante là où TRUE / FALSE est requis
","Error in if ((convergence[iter] < config$ftol_out) | (iter >= config$maxit_out)) cond <- TRUE : 
  valeur manquante là où TRUE / FALSE est requis
","Error in if ((convergence[iter] < config$ftol_out) | (iter >= config$maxit_out)) cond <- TRUE : 
  valeur manquante là où TRUE / FALSE est requis
","Error in if ((convergence[iter] < config$ftol_out) | (iter >= config$maxit_out)) cond <- TRUE : 
  valeur manquante là où TRUE / FALSE est requis
","Error in if ((convergence[iter] < config$ftol_out) | (iter >= config$maxit_out)) cond <- TRUE : 
  valeur manquante là où TRUE / FALSE est requis
","Error in if ((convergence[iter] < config$ftol_out) | (iter >= config$maxit_out)) cond <- TRUE : 
  valeur manquante là où TRUE / FALSE est requis
","Error in if ((convergence[iter] < config$ftol_out) | (iter >= config$maxit_out)) cond <- TRUE : 
  valeur manquante là où TRUE / FALSE est requis
","Error in if ((convergence[iter] < config$ftol_out) | (iter >= config$maxit_out)) cond <- TRUE : 
  valeur manquante là où TRUE / FALSE est requis
","Error in if ((convergence[iter] < config$ftol_out) | (iter >= config$maxit_out)) cond <- TRUE : 
  valeur manquante là où TRUE / FALSE est requis
","Error in if ((convergence[iter] < config$ftol_out) | (iter >= config$maxit_out)) cond <- TRUE : 
  valeur manquante là où TRUE / FALSE est requis
","Error in if ((convergence[iter] < config$ftol_out) | (iter >= config$maxit_out)) cond <- TRUE : 
  valeur manquante là où TRUE / FALSE est requis
","Error in if ((convergence[iter] < config$ftol_out) | (iter >= config$maxit_out)) cond <- TRUE : 
  valeur manquante là où TRUE / FALSE est requis
","Error in if ((convergence[iter] < config$ftol_out) | (iter >= config$maxit_out)) cond <- TRUE : 
  valeur manquante là où TRUE / FALSE est requis
","Error in if ((convergence[iter] < config$ftol_out) | (iter >= config$maxit_out)) cond <- TRUE : 
  valeur manquante là où TRUE / FALSE est requis
","Error in if ((convergence[iter] < config$ftol_out) | (iter >= config$maxit_out)) cond <- TRUE : 
  valeur manquante là où TRUE / FALSE est requis
"
"135","15","300","20","community","sites","sites_2","PLN","BIC","0.08","0.748122","0.503734467899155","0.011","0.556","0.714","0.625","2.30104398727417"
"136","16","300","20","community","sites","sites_2","PLN","BIC","0.11","0.641868","0.591179209311252","0.221","0.667","0.13","0.218","1.28228282928467"
"137","17","300","20","community","sites","sites_2","PLN","BIC","0.14","0.5735635","11.7874716732693","0.86","1","0.114","0.205","7.12138295173645"
"138","18","300","20","community","sites","sites_2","PLN","BIC","0.09","0.727","0.529828303408605","0.044","0.8","0.5","0.615","2.52545189857483"
"139","19","300","20","community","sites","sites_2","PLN","BIC","0.11","0.5815235","0.566913207052426","0.045","0.364","0.333","0.348","2.0199453830719"
"140","Error in if ((convergence[iter] < config$ftol_out) | (iter >= config$maxit_out)) cond <- TRUE : 
  valeur manquante là où TRUE / FALSE est requis
","Error in if ((convergence[iter] < config$ftol_out) | (iter >= config$maxit_out)) cond <- TRUE : 
  valeur manquante là où TRUE / FALSE est requis
","Error in if ((convergence[iter] < config$ftol_out) | (iter >= config$maxit_out)) cond <- TRUE : 
  valeur manquante là où TRUE / FALSE est requis
","Error in if ((convergence[iter] < config$ftol_out) | (iter >= config$maxit_out)) cond <- TRUE : 
  valeur manquante là où TRUE / FALSE est requis
","Error in if ((convergence[iter] < config$ftol_out) | (iter >= config$maxit_out)) cond <- TRUE : 
  valeur manquante là où TRUE / FALSE est requis
","Error in if ((convergence[iter] < config$ftol_out) | (iter >= config$maxit_out)) cond <- TRUE : 
  valeur manquante là où TRUE / FALSE est requis
","Error in if ((convergence[iter] < config$ftol_out) | (iter >= config$maxit_out)) cond <- TRUE : 
  valeur manquante là où TRUE / FALSE est requis
","Error in if ((convergence[iter] < config$ftol_out) | (iter >= config$maxit_out)) cond <- TRUE : 
  valeur manquante là où TRUE / FALSE est requis
","Error in if ((convergence[iter] < config$ftol_out) | (iter >= config$maxit_out)) cond <- TRUE : 
  valeur manquante là où TRUE / FALSE est requis
","Error in if ((convergence[iter] < config$ftol_out) | (iter >= config$maxit_out)) cond <- TRUE : 
  valeur manquante là où TRUE / FALSE est requis
","Error in if ((convergence[iter] < config$ftol_out) | (iter >= config$maxit_out)) cond <- TRUE : 
  valeur manquante là où TRUE / FALSE est requis
","Error in if ((convergence[iter] < config$ftol_out) | (iter >= config$maxit_out)) cond <- TRUE : 
  valeur manquante là où TRUE / FALSE est requis
","Error in if ((convergence[iter] < config$ftol_out) | (iter >= config$maxit_out)) cond <- TRUE : 
  valeur manquante là où TRUE / FALSE est requis
","Error in if ((convergence[iter] < config$ftol_out) | (iter >= config$maxit_out)) cond <- TRUE : 
  valeur manquante là où TRUE / FALSE est requis
","Error in if ((convergence[iter] < config$ftol_out) | (iter >= config$maxit_out)) cond <- TRUE : 
  valeur manquante là où TRUE / FALSE est requis
","Error in if ((convergence[iter] < config$ftol_out) | (iter >= config$maxit_out)) cond <- TRUE : 
  valeur manquante là où TRUE / FALSE est requis
"
"141","21","300","20","community","sites","sites_2","PLN","BIC","0.12","0.6374635","0.542482781592267","0","0",NA,"0","2.5265941619873"
"142","22","300","20","community","sites","sites_2","PLN","BIC","0.16","0.643841","0.869321511498077","0.046","0.5","0.5","0.5","1.23859453201294"
"143","23","300","20","community","sites","sites_2","PLN","BIC","0.12","0.6775985","0.553737740081786","0","0",NA,"0","2.69422245025635"
"144","24","300","20","community","sites","sites_2","PLN","BIC","0.15","0.6779655","17732.5658927872","0.898","0.923","0.07","0.13","9.08522534370422"
"145","25","300","20","community","sites","sites_2","PLN","BIC","0.14","0.74933","0.502826055055184","0.029","0.353","0.545","0.429","2.91252088546753"
"146","Error in if ((convergence[iter] < config$ftol_out) | (iter >= config$maxit_out)) cond <- TRUE : 
  valeur manquante là où TRUE / FALSE est requis
","Error in if ((convergence[iter] < config$ftol_out) | (iter >= config$maxit_out)) cond <- TRUE : 
  valeur manquante là où TRUE / FALSE est requis
","Error in if ((convergence[iter] < config$ftol_out) | (iter >= config$maxit_out)) cond <- TRUE : 
  valeur manquante là où TRUE / FALSE est requis
","Error in if ((convergence[iter] < config$ftol_out) | (iter >= config$maxit_out)) cond <- TRUE : 
  valeur manquante là où TRUE / FALSE est requis
","Error in if ((convergence[iter] < config$ftol_out) | (iter >= config$maxit_out)) cond <- TRUE : 
  valeur manquante là où TRUE / FALSE est requis
","Error in if ((convergence[iter] < config$ftol_out) | (iter >= config$maxit_out)) cond <- TRUE : 
  valeur manquante là où TRUE / FALSE est requis
","Error in if ((convergence[iter] < config$ftol_out) | (iter >= config$maxit_out)) cond <- TRUE : 
  valeur manquante là où TRUE / FALSE est requis
","Error in if ((convergence[iter] < config$ftol_out) | (iter >= config$maxit_out)) cond <- TRUE : 
  valeur manquante là où TRUE / FALSE est requis
","Error in if ((convergence[iter] < config$ftol_out) | (iter >= config$maxit_out)) cond <- TRUE : 
  valeur manquante là où TRUE / FALSE est requis
","Error in if ((convergence[iter] < config$ftol_out) | (iter >= config$maxit_out)) cond <- TRUE : 
  valeur manquante là où TRUE / FALSE est requis
","Error in if ((convergence[iter] < config$ftol_out) | (iter >= config$maxit_out)) cond <- TRUE : 
  valeur manquante là où TRUE / FALSE est requis
","Error in if ((convergence[iter] < config$ftol_out) | (iter >= config$maxit_out)) cond <- TRUE : 
  valeur manquante là où TRUE / FALSE est requis
","Error in if ((convergence[iter] < config$ftol_out) | (iter >= config$maxit_out)) cond <- TRUE : 
  valeur manquante là où TRUE / FALSE est requis
","Error in if ((convergence[iter] < config$ftol_out) | (iter >= config$maxit_out)) cond <- TRUE : 
  valeur manquante là où TRUE / FALSE est requis
","Error in if ((convergence[iter] < config$ftol_out) | (iter >= config$maxit_out)) cond <- TRUE : 
  valeur manquante là où TRUE / FALSE est requis
","Error in if ((convergence[iter] < config$ftol_out) | (iter >= config$maxit_out)) cond <- TRUE : 
  valeur manquante là où TRUE / FALSE est requis
"
"147","27","300","20","community","sites","sites_2","PLN","BIC","0.15","0.5387185","1913685.5836308","0.871","0.833","0.061","0.113","11.0473110675812"
"148","28","300","20","community","sites","sites_2","PLN","BIC","0.16","0.6157425","0.593873190325844","0.115","0.5","0.286","0.364","1.49817752838135"
"149","29","300","20","community","sites","sites_2","PLN","BIC","0.12","0.69429","0.536369693283596","0.022","0.636","0.636","0.636","2.9894437789917"
"150","30","300","20","community","sites","sites_2","PLN","BIC","0.1","0.5474485","0.505988097201005","0.006","0.364","0.8","0.5","2.66615438461304"
"151","Error in if ((convergence[iter] < config$ftol_out) | (iter >= config$maxit_out)) cond <- TRUE : 
  valeur manquante là où TRUE / FALSE est requis
","Error in if ((convergence[iter] < config$ftol_out) | (iter >= config$maxit_out)) cond <- TRUE : 
  valeur manquante là où TRUE / FALSE est requis
","Error in if ((convergence[iter] < config$ftol_out) | (iter >= config$maxit_out)) cond <- TRUE : 
  valeur manquante là où TRUE / FALSE est requis
","Error in if ((convergence[iter] < config$ftol_out) | (iter >= config$maxit_out)) cond <- TRUE : 
  valeur manquante là où TRUE / FALSE est requis
","Error in if ((convergence[iter] < config$ftol_out) | (iter >= config$maxit_out)) cond <- TRUE : 
  valeur manquante là où TRUE / FALSE est requis
","Error in if ((convergence[iter] < config$ftol_out) | (iter >= config$maxit_out)) cond <- TRUE : 
  valeur manquante là où TRUE / FALSE est requis
","Error in if ((convergence[iter] < config$ftol_out) | (iter >= config$maxit_out)) cond <- TRUE : 
  valeur manquante là où TRUE / FALSE est requis
","Error in if ((convergence[iter] < config$ftol_out) | (iter >= config$maxit_out)) cond <- TRUE : 
  valeur manquante là où TRUE / FALSE est requis
","Error in if ((convergence[iter] < config$ftol_out) | (iter >= config$maxit_out)) cond <- TRUE : 
  valeur manquante là où TRUE / FALSE est requis
","Error in if ((convergence[iter] < config$ftol_out) | (iter >= config$maxit_out)) cond <- TRUE : 
  valeur manquante là où TRUE / FALSE est requis
","Error in if ((convergence[iter] < config$ftol_out) | (iter >= config$maxit_out)) cond <- TRUE : 
  valeur manquante là où TRUE / FALSE est requis
","Error in if ((convergence[iter] < config$ftol_out) | (iter >= config$maxit_out)) cond <- TRUE : 
  valeur manquante là où TRUE / FALSE est requis
","Error in if ((convergence[iter] < config$ftol_out) | (iter >= config$maxit_out)) cond <- TRUE : 
  valeur manquante là où TRUE / FALSE est requis
","Error in if ((convergence[iter] < config$ftol_out) | (iter >= config$maxit_out)) cond <- TRUE : 
  valeur manquante là où TRUE / FALSE est requis
","Error in if ((convergence[iter] < config$ftol_out) | (iter >= config$maxit_out)) cond <- TRUE : 
  valeur manquante là où TRUE / FALSE est requis
","Error in if ((convergence[iter] < config$ftol_out) | (iter >= config$maxit_out)) cond <- TRUE : 
  valeur manquante là où TRUE / FALSE est requis
"
"152","2","300","20","community","sites","sites_3","PLN","BIC","0.12","0.8652","0.383103990479122","0","0",NA,"0","3.45957350730896"
"153","3","300","20","community","sites","sites_3","PLN","BIC","0.13","0.3538125","0.38327142621054","0","0.125","1","0.222","7.64445114135742"
"154","4","300","20","community","sites","sites_3","PLN","BIC","0.15","0.5921695","0.413307703267118","0.247","0.417","0.102","0.164","3.47236776351929"
"155","5","300","20","community","sites","sites_3","PLN","BIC","0.11","0.5177655","0.429371398932921","0.265","0.222","0.04","0.068","3.60812163352966"
"156","6","300","20","community","sites","sites_3","PLN","BIC","0.14","0.588045","0.42168645154003","0","0",NA,"0","5.06556177139282"
"157","Error in if ((convergence[iter] < config$ftol_out) | (iter >= config$maxit_out)) cond <- TRUE : 
  valeur manquante là où TRUE / FALSE est requis
","Error in if ((convergence[iter] < config$ftol_out) | (iter >= config$maxit_out)) cond <- TRUE : 
  valeur manquante là où TRUE / FALSE est requis
","Error in if ((convergence[iter] < config$ftol_out) | (iter >= config$maxit_out)) cond <- TRUE : 
  valeur manquante là où TRUE / FALSE est requis
","Error in if ((convergence[iter] < config$ftol_out) | (iter >= config$maxit_out)) cond <- TRUE : 
  valeur manquante là où TRUE / FALSE est requis
","Error in if ((convergence[iter] < config$ftol_out) | (iter >= config$maxit_out)) cond <- TRUE : 
  valeur manquante là où TRUE / FALSE est requis
","Error in if ((convergence[iter] < config$ftol_out) | (iter >= config$maxit_out)) cond <- TRUE : 
  valeur manquante là où TRUE / FALSE est requis
","Error in if ((convergence[iter] < config$ftol_out) | (iter >= config$maxit_out)) cond <- TRUE : 
  valeur manquante là où TRUE / FALSE est requis
","Error in if ((convergence[iter] < config$ftol_out) | (iter >= config$maxit_out)) cond <- TRUE : 
  valeur manquante là où TRUE / FALSE est requis
","Error in if ((convergence[iter] < config$ftol_out) | (iter >= config$maxit_out)) cond <- TRUE : 
  valeur manquante là où TRUE / FALSE est requis
","Error in if ((convergence[iter] < config$ftol_out) | (iter >= config$maxit_out)) cond <- TRUE : 
  valeur manquante là où TRUE / FALSE est requis
","Error in if ((convergence[iter] < config$ftol_out) | (iter >= config$maxit_out)) cond <- TRUE : 
  valeur manquante là où TRUE / FALSE est requis
","Error in if ((convergence[iter] < config$ftol_out) | (iter >= config$maxit_out)) cond <- TRUE : 
  valeur manquante là où TRUE / FALSE est requis
","Error in if ((convergence[iter] < config$ftol_out) | (iter >= config$maxit_out)) cond <- TRUE : 
  valeur manquante là où TRUE / FALSE est requis
","Error in if ((convergence[iter] < config$ftol_out) | (iter >= config$maxit_out)) cond <- TRUE : 
  valeur manquante là où TRUE / FALSE est requis
","Error in if ((convergence[iter] < config$ftol_out) | (iter >= config$maxit_out)) cond <- TRUE : 
  valeur manquante là où TRUE / FALSE est requis
","Error in if ((convergence[iter] < config$ftol_out) | (iter >= config$maxit_out)) cond <- TRUE : 
  valeur manquante là où TRUE / FALSE est requis
"
"158","8","300","20","community","sites","sites_3","PLN","BIC","0.13","0.336739","0.408156552788321","0.564","0.667","0.056","0.103","1.35164642333984"
"159","9","300","20","community","sites","sites_3","PLN","BIC","0.19","0.4913865","2845299.61322753","0.926","1","0.085","0.156","14.5976648330688"
"160","10","300","20","community","sites","sites_3","PLN","BIC","0.18","0.495665","0.44138549598692","0","0",NA,"0","3.056636095047"
"161","11","300","20","community","sites","sites_3","PLN","BIC","0.1","0.7295665","157.791142826467","0.858","1","0.043","0.082","12.2433292865753"
"162","12","300","20","community","sites","sites_3","PLN","BIC","0.15","0.702006","0.408010684060417","0","0",NA,"0","6.20596647262573"
"163","Error in if ((convergence[iter] < config$ftol_out) | (iter >= config$maxit_out)) cond <- TRUE : 
  valeur manquante là où TRUE / FALSE est requis
","Error in if ((convergence[iter] < config$ftol_out) | (iter >= config$maxit_out)) cond <- TRUE : 
  valeur manquante là où TRUE / FALSE est requis
","Error in if ((convergence[iter] < config$ftol_out) | (iter >= config$maxit_out)) cond <- TRUE : 
  valeur manquante là où TRUE / FALSE est requis
","Error in if ((convergence[iter] < config$ftol_out) | (iter >= config$maxit_out)) cond <- TRUE : 
  valeur manquante là où TRUE / FALSE est requis
","Error in if ((convergence[iter] < config$ftol_out) | (iter >= config$maxit_out)) cond <- TRUE : 
  valeur manquante là où TRUE / FALSE est requis
","Error in if ((convergence[iter] < config$ftol_out) | (iter >= config$maxit_out)) cond <- TRUE : 
  valeur manquante là où TRUE / FALSE est requis
","Error in if ((convergence[iter] < config$ftol_out) | (iter >= config$maxit_out)) cond <- TRUE : 
  valeur manquante là où TRUE / FALSE est requis
","Error in if ((convergence[iter] < config$ftol_out) | (iter >= config$maxit_out)) cond <- TRUE : 
  valeur manquante là où TRUE / FALSE est requis
","Error in if ((convergence[iter] < config$ftol_out) | (iter >= config$maxit_out)) cond <- TRUE : 
  valeur manquante là où TRUE / FALSE est requis
","Error in if ((convergence[iter] < config$ftol_out) | (iter >= config$maxit_out)) cond <- TRUE : 
  valeur manquante là où TRUE / FALSE est requis
","Error in if ((convergence[iter] < config$ftol_out) | (iter >= config$maxit_out)) cond <- TRUE : 
  valeur manquante là où TRUE / FALSE est requis
","Error in if ((convergence[iter] < config$ftol_out) | (iter >= config$maxit_out)) cond <- TRUE : 
  valeur manquante là où TRUE / FALSE est requis
","Error in if ((convergence[iter] < config$ftol_out) | (iter >= config$maxit_out)) cond <- TRUE : 
  valeur manquante là où TRUE / FALSE est requis
","Error in if ((convergence[iter] < config$ftol_out) | (iter >= config$maxit_out)) cond <- TRUE : 
  valeur manquante là où TRUE / FALSE est requis
","Error in if ((convergence[iter] < config$ftol_out) | (iter >= config$maxit_out)) cond <- TRUE : 
  valeur manquante là où TRUE / FALSE est requis
","Error in if ((convergence[iter] < config$ftol_out) | (iter >= config$maxit_out)) cond <- TRUE : 
  valeur manquante là où TRUE / FALSE est requis
"
"164","14","300","20","community","sites","sites_3","PLN","BIC","0.15","0.593125","1.11994354854575e+32","0.89","0.875","0.041","0.079","25.0061972141266"
"165","15","300","20","community","sites","sites_3","PLN","BIC","0.13","0.6854135","0.386123244850134","0.112","0.545","0.231","0.324","3.85368084907532"
"166","16","300","20","community","sites","sites_3","PLN","BIC","0.15","0.523608","0.371189598862873","0.006","0.059","0.5","0.105","4.53315138816833"
"167","17","300","20","community","sites","sites_3","PLN","BIC","0.16","0.4697","0.471289325139983","0.503","0.538","0.073","0.128","4.02128839492798"
"168","18","300","20","community","sites","sites_3","PLN","BIC","0.2","0.495875","0.425723620808367","0.112","0.25","0.208","0.227","4.2173068523407"
"169","Error in if ((convergence[iter] < config$ftol_out) | (iter >= config$maxit_out)) cond <- TRUE : 
  valeur manquante là où TRUE / FALSE est requis
","Error in if ((convergence[iter] < config$ftol_out) | (iter >= config$maxit_out)) cond <- TRUE : 
  valeur manquante là où TRUE / FALSE est requis
","Error in if ((convergence[iter] < config$ftol_out) | (iter >= config$maxit_out)) cond <- TRUE : 
  valeur manquante là où TRUE / FALSE est requis
","Error in if ((convergence[iter] < config$ftol_out) | (iter >= config$maxit_out)) cond <- TRUE : 
  valeur manquante là où TRUE / FALSE est requis
","Error in if ((convergence[iter] < config$ftol_out) | (iter >= config$maxit_out)) cond <- TRUE : 
  valeur manquante là où TRUE / FALSE est requis
","Error in if ((convergence[iter] < config$ftol_out) | (iter >= config$maxit_out)) cond <- TRUE : 
  valeur manquante là où TRUE / FALSE est requis
","Error in if ((convergence[iter] < config$ftol_out) | (iter >= config$maxit_out)) cond <- TRUE : 
  valeur manquante là où TRUE / FALSE est requis
","Error in if ((convergence[iter] < config$ftol_out) | (iter >= config$maxit_out)) cond <- TRUE : 
  valeur manquante là où TRUE / FALSE est requis
","Error in if ((convergence[iter] < config$ftol_out) | (iter >= config$maxit_out)) cond <- TRUE : 
  valeur manquante là où TRUE / FALSE est requis
","Error in if ((convergence[iter] < config$ftol_out) | (iter >= config$maxit_out)) cond <- TRUE : 
  valeur manquante là où TRUE / FALSE est requis
","Error in if ((convergence[iter] < config$ftol_out) | (iter >= config$maxit_out)) cond <- TRUE : 
  valeur manquante là où TRUE / FALSE est requis
","Error in if ((convergence[iter] < config$ftol_out) | (iter >= config$maxit_out)) cond <- TRUE : 
  valeur manquante là où TRUE / FALSE est requis
","Error in if ((convergence[iter] < config$ftol_out) | (iter >= config$maxit_out)) cond <- TRUE : 
  valeur manquante là où TRUE / FALSE est requis
","Error in if ((convergence[iter] < config$ftol_out) | (iter >= config$maxit_out)) cond <- TRUE : 
  valeur manquante là où TRUE / FALSE est requis
","Error in if ((convergence[iter] < config$ftol_out) | (iter >= config$maxit_out)) cond <- TRUE : 
  valeur manquante là où TRUE / FALSE est requis
","Error in if ((convergence[iter] < config$ftol_out) | (iter >= config$maxit_out)) cond <- TRUE : 
  valeur manquante là où TRUE / FALSE est requis
"
"170","20","300","20","community","sites","sites_3","PLN","BIC","0.17","0.623864","0.420175396642701","0.392","0.571","0.104","0.176","3.83445715904236"
"171","21","300","20","community","sites","sites_3","PLN","BIC","0.12","0.675334","0.432559872049661","0","0",NA,"0","3.27811360359192"
"172","22","300","20","community","sites","sites_3","PLN","BIC","0.12","0.6981695","0.381019533197731","0","0.111","1","0.2","3.56612873077393"
"173","23","300","20","community","sites","sites_3","PLN","BIC","0.12","0.4176335","11.4850268340643","0.617","0.857","0.05","0.095","6.18144679069519"
"174","24","300","20","community","sites","sites_3","PLN","BIC","0.15","0.646614","0.381846462287168","0","0",NA,"0","6.16843247413635"
"175","Error in if ((convergence[iter] < config$ftol_out) | (iter >= config$maxit_out)) cond <- TRUE : 
  valeur manquante là où TRUE / FALSE est requis
","Error in if ((convergence[iter] < config$ftol_out) | (iter >= config$maxit_out)) cond <- TRUE : 
  valeur manquante là où TRUE / FALSE est requis
","Error in if ((convergence[iter] < config$ftol_out) | (iter >= config$maxit_out)) cond <- TRUE : 
  valeur manquante là où TRUE / FALSE est requis
","Error in if ((convergence[iter] < config$ftol_out) | (iter >= config$maxit_out)) cond <- TRUE : 
  valeur manquante là où TRUE / FALSE est requis
","Error in if ((convergence[iter] < config$ftol_out) | (iter >= config$maxit_out)) cond <- TRUE : 
  valeur manquante là où TRUE / FALSE est requis
","Error in if ((convergence[iter] < config$ftol_out) | (iter >= config$maxit_out)) cond <- TRUE : 
  valeur manquante là où TRUE / FALSE est requis
","Error in if ((convergence[iter] < config$ftol_out) | (iter >= config$maxit_out)) cond <- TRUE : 
  valeur manquante là où TRUE / FALSE est requis
","Error in if ((convergence[iter] < config$ftol_out) | (iter >= config$maxit_out)) cond <- TRUE : 
  valeur manquante là où TRUE / FALSE est requis
","Error in if ((convergence[iter] < config$ftol_out) | (iter >= config$maxit_out)) cond <- TRUE : 
  valeur manquante là où TRUE / FALSE est requis
","Error in if ((convergence[iter] < config$ftol_out) | (iter >= config$maxit_out)) cond <- TRUE : 
  valeur manquante là où TRUE / FALSE est requis
","Error in if ((convergence[iter] < config$ftol_out) | (iter >= config$maxit_out)) cond <- TRUE : 
  valeur manquante là où TRUE / FALSE est requis
","Error in if ((convergence[iter] < config$ftol_out) | (iter >= config$maxit_out)) cond <- TRUE : 
  valeur manquante là où TRUE / FALSE est requis
","Error in if ((convergence[iter] < config$ftol_out) | (iter >= config$maxit_out)) cond <- TRUE : 
  valeur manquante là où TRUE / FALSE est requis
","Error in if ((convergence[iter] < config$ftol_out) | (iter >= config$maxit_out)) cond <- TRUE : 
  valeur manquante là où TRUE / FALSE est requis
","Error in if ((convergence[iter] < config$ftol_out) | (iter >= config$maxit_out)) cond <- TRUE : 
  valeur manquante là où TRUE / FALSE est requis
","Error in if ((convergence[iter] < config$ftol_out) | (iter >= config$maxit_out)) cond <- TRUE : 
  valeur manquante là où TRUE / FALSE est requis
"
"176","26","300","20","community","sites","sites_3","PLN","BIC","0.12","0.43685","0.433606816191899","0","0",NA,"0","3.08961129188538"
"177","27","300","20","community","sites","sites_3","PLN","BIC","0.13","0.3438375","0.415284473597852","0.145","0.182","0.071","0.103","2.38848304748535"
"178","28","300","20","community","sites","sites_3","PLN","BIC","0.15","0.6520215","0.397768547438383","0","0",NA,"0","3.54150724411011"
"179","29","300","20","community","sites","sites_3","PLN","BIC","0.16","0.446264","0.386917327613853","0.583","0.667","0.089","0.157","1.93975210189819"
"180","30","300","20","community","sites","sites_3","PLN","BIC","0.15","0.6615875","0.407003284836434","0.14","0.545","0.194","0.286","3.63141679763794"
"181","Error in if ((convergence[iter] < config$ftol_out) | (iter >= config$maxit_out)) cond <- TRUE : 
  valeur manquante là où TRUE / FALSE est requis
","Error in if ((convergence[iter] < config$ftol_out) | (iter >= config$maxit_out)) cond <- TRUE : 
  valeur manquante là où TRUE / FALSE est requis
","Error in if ((convergence[iter] < config$ftol_out) | (iter >= config$maxit_out)) cond <- TRUE : 
  valeur manquante là où TRUE / FALSE est requis
","Error in if ((convergence[iter] < config$ftol_out) | (iter >= config$maxit_out)) cond <- TRUE : 
  valeur manquante là où TRUE / FALSE est requis
","Error in if ((convergence[iter] < config$ftol_out) | (iter >= config$maxit_out)) cond <- TRUE : 
  valeur manquante là où TRUE / FALSE est requis
","Error in if ((convergence[iter] < config$ftol_out) | (iter >= config$maxit_out)) cond <- TRUE : 
  valeur manquante là où TRUE / FALSE est requis
","Error in if ((convergence[iter] < config$ftol_out) | (iter >= config$maxit_out)) cond <- TRUE : 
  valeur manquante là où TRUE / FALSE est requis
","Error in if ((convergence[iter] < config$ftol_out) | (iter >= config$maxit_out)) cond <- TRUE : 
  valeur manquante là où TRUE / FALSE est requis
","Error in if ((convergence[iter] < config$ftol_out) | (iter >= config$maxit_out)) cond <- TRUE : 
  valeur manquante là où TRUE / FALSE est requis
","Error in if ((convergence[iter] < config$ftol_out) | (iter >= config$maxit_out)) cond <- TRUE : 
  valeur manquante là où TRUE / FALSE est requis
","Error in if ((convergence[iter] < config$ftol_out) | (iter >= config$maxit_out)) cond <- TRUE : 
  valeur manquante là où TRUE / FALSE est requis
","Error in if ((convergence[iter] < config$ftol_out) | (iter >= config$maxit_out)) cond <- TRUE : 
  valeur manquante là où TRUE / FALSE est requis
","Error in if ((convergence[iter] < config$ftol_out) | (iter >= config$maxit_out)) cond <- TRUE : 
  valeur manquante là où TRUE / FALSE est requis
","Error in if ((convergence[iter] < config$ftol_out) | (iter >= config$maxit_out)) cond <- TRUE : 
  valeur manquante là où TRUE / FALSE est requis
","Error in if ((convergence[iter] < config$ftol_out) | (iter >= config$maxit_out)) cond <- TRUE : 
  valeur manquante là où TRUE / FALSE est requis
","Error in if ((convergence[iter] < config$ftol_out) | (iter >= config$maxit_out)) cond <- TRUE : 
  valeur manquante là où TRUE / FALSE est requis
"
"182","2","300","20","preferential_attachment","sites","sites_1","PLN","BIC","0.11","0.463597","0.643083041173053","0.111","0.789","0.441","0.566","3.77264904975891"
"183","3","300","20","preferential_attachment","sites","sites_1","PLN","BIC","0.12","0.5575435","0.643080423328244","0.123","0.684","0.382","0.491","2.46652507781982"
"184","4","300","20","preferential_attachment","sites","sites_1","PLN","BIC","0.22","0.3794955","2.68808469083146e+20","0.731","0.789","0.107","0.189","24.7541654109955"
"185","5","300","20","preferential_attachment","sites","sites_1","PLN","BIC","0.12","0.5569695","0.852918802573146","0.228","0.947","0.316","0.474","1.98337602615356"
"186","6","300","20","preferential_attachment","sites","sites_1","PLN","BIC","0.11","0.404876","0.662769590597594","0.082","0.684","0.481","0.565","2.45555710792542"
"187","Error in if ((convergence[iter] < config$ftol_out) | (iter >= config$maxit_out)) cond <- TRUE : 
  valeur manquante là où TRUE / FALSE est requis
","Error in if ((convergence[iter] < config$ftol_out) | (iter >= config$maxit_out)) cond <- TRUE : 
  valeur manquante là où TRUE / FALSE est requis
","Error in if ((convergence[iter] < config$ftol_out) | (iter >= config$maxit_out)) cond <- TRUE : 
  valeur manquante là où TRUE / FALSE est requis
","Error in if ((convergence[iter] < config$ftol_out) | (iter >= config$maxit_out)) cond <- TRUE : 
  valeur manquante là où TRUE / FALSE est requis
","Error in if ((convergence[iter] < config$ftol_out) | (iter >= config$maxit_out)) cond <- TRUE : 
  valeur manquante là où TRUE / FALSE est requis
","Error in if ((convergence[iter] < config$ftol_out) | (iter >= config$maxit_out)) cond <- TRUE : 
  valeur manquante là où TRUE / FALSE est requis
","Error in if ((convergence[iter] < config$ftol_out) | (iter >= config$maxit_out)) cond <- TRUE : 
  valeur manquante là où TRUE / FALSE est requis
","Error in if ((convergence[iter] < config$ftol_out) | (iter >= config$maxit_out)) cond <- TRUE : 
  valeur manquante là où TRUE / FALSE est requis
","Error in if ((convergence[iter] < config$ftol_out) | (iter >= config$maxit_out)) cond <- TRUE : 
  valeur manquante là où TRUE / FALSE est requis
","Error in if ((convergence[iter] < config$ftol_out) | (iter >= config$maxit_out)) cond <- TRUE : 
  valeur manquante là où TRUE / FALSE est requis
","Error in if ((convergence[iter] < config$ftol_out) | (iter >= config$maxit_out)) cond <- TRUE : 
  valeur manquante là où TRUE / FALSE est requis
","Error in if ((convergence[iter] < config$ftol_out) | (iter >= config$maxit_out)) cond <- TRUE : 
  valeur manquante là où TRUE / FALSE est requis
","Error in if ((convergence[iter] < config$ftol_out) | (iter >= config$maxit_out)) cond <- TRUE : 
  valeur manquante là où TRUE / FALSE est requis
","Error in if ((convergence[iter] < config$ftol_out) | (iter >= config$maxit_out)) cond <- TRUE : 
  valeur manquante là où TRUE / FALSE est requis
","Error in if ((convergence[iter] < config$ftol_out) | (iter >= config$maxit_out)) cond <- TRUE : 
  valeur manquante là où TRUE / FALSE est requis
","Error in if ((convergence[iter] < config$ftol_out) | (iter >= config$maxit_out)) cond <- TRUE : 
  valeur manquante là où TRUE / FALSE est requis
"
"188","8","300","20","preferential_attachment","sites","sites_1","PLN","BIC","0.14","0.498717","6.67388755386058","0.199","0.789","0.306","0.441","2.49075388908386"
"189","9","300","20","preferential_attachment","sites","sites_1","PLN","BIC","0.17","0.3811135","214290.500652422","0.523","0.944","0.159","0.272","9.90561056137085"
"190","10","300","20","preferential_attachment","sites","sites_1","PLN","BIC","0.21","0.369371","1.04621022578063e+22","0.591","0.947","0.151","0.261","15.5214624404907"
"191","11","300","20","preferential_attachment","sites","sites_1","PLN","BIC","0.11","0.3821045","146.900846388659","0.515","0.895","0.162","0.274","7.65900349617004"
"192","12","300","20","preferential_attachment","sites","sites_1","PLN","BIC","0.11","0.4871615","0.831444058204897","0.163","0.833","0.349","0.492","1.32443618774414"
"193","Error in if ((convergence[iter] < config$ftol_out) | (iter >= config$maxit_out)) cond <- TRUE : 
  valeur manquante là où TRUE / FALSE est requis
","Error in if ((convergence[iter] < config$ftol_out) | (iter >= config$maxit_out)) cond <- TRUE : 
  valeur manquante là où TRUE / FALSE est requis
","Error in if ((convergence[iter] < config$ftol_out) | (iter >= config$maxit_out)) cond <- TRUE : 
  valeur manquante là où TRUE / FALSE est requis
","Error in if ((convergence[iter] < config$ftol_out) | (iter >= config$maxit_out)) cond <- TRUE : 
  valeur manquante là où TRUE / FALSE est requis
","Error in if ((convergence[iter] < config$ftol_out) | (iter >= config$maxit_out)) cond <- TRUE : 
  valeur manquante là où TRUE / FALSE est requis
","Error in if ((convergence[iter] < config$ftol_out) | (iter >= config$maxit_out)) cond <- TRUE : 
  valeur manquante là où TRUE / FALSE est requis
","Error in if ((convergence[iter] < config$ftol_out) | (iter >= config$maxit_out)) cond <- TRUE : 
  valeur manquante là où TRUE / FALSE est requis
","Error in if ((convergence[iter] < config$ftol_out) | (iter >= config$maxit_out)) cond <- TRUE : 
  valeur manquante là où TRUE / FALSE est requis
","Error in if ((convergence[iter] < config$ftol_out) | (iter >= config$maxit_out)) cond <- TRUE : 
  valeur manquante là où TRUE / FALSE est requis
","Error in if ((convergence[iter] < config$ftol_out) | (iter >= config$maxit_out)) cond <- TRUE : 
  valeur manquante là où TRUE / FALSE est requis
","Error in if ((convergence[iter] < config$ftol_out) | (iter >= config$maxit_out)) cond <- TRUE : 
  valeur manquante là où TRUE / FALSE est requis
","Error in if ((convergence[iter] < config$ftol_out) | (iter >= config$maxit_out)) cond <- TRUE : 
  valeur manquante là où TRUE / FALSE est requis
","Error in if ((convergence[iter] < config$ftol_out) | (iter >= config$maxit_out)) cond <- TRUE : 
  valeur manquante là où TRUE / FALSE est requis
","Error in if ((convergence[iter] < config$ftol_out) | (iter >= config$maxit_out)) cond <- TRUE : 
  valeur manquante là où TRUE / FALSE est requis
","Error in if ((convergence[iter] < config$ftol_out) | (iter >= config$maxit_out)) cond <- TRUE : 
  valeur manquante là où TRUE / FALSE est requis
","Error in if ((convergence[iter] < config$ftol_out) | (iter >= config$maxit_out)) cond <- TRUE : 
  valeur manquante là où TRUE / FALSE est requis
"
"194","14","300","20","preferential_attachment","sites","sites_1","PLN","BIC","0.1","0.464078","0.698755205464426","0.076","0.632","0.48","0.545","3.94463157653809"
"195","15","300","20","preferential_attachment","sites","sites_1","PLN","BIC","0.14","0.378612","7.0982398852707","0.152","0.684","0.333","0.448","1.58739614486694"
"196","16","300","20","preferential_attachment","sites","sites_1","PLN","BIC","0.09","0.343163","0.674371756597635","0.082","0.684","0.481","0.565","2.37608003616333"
"197","17","300","20","preferential_attachment","sites","sites_1","PLN","BIC","0.09","0.7018","0.704541081113675","0.088","0.789","0.5","0.612","2.71932315826416"
"198","18","300","20","preferential_attachment","sites","sites_1","PLN","BIC","0.21","0.3340135","1113859965079790720","0.52","0.947","0.168","0.286","17.016832113266"
"199","Error in if ((convergence[iter] < config$ftol_out) | (iter >= config$maxit_out)) cond <- TRUE : 
  valeur manquante là où TRUE / FALSE est requis
","Error in if ((convergence[iter] < config$ftol_out) | (iter >= config$maxit_out)) cond <- TRUE : 
  valeur manquante là où TRUE / FALSE est requis
","Error in if ((convergence[iter] < config$ftol_out) | (iter >= config$maxit_out)) cond <- TRUE : 
  valeur manquante là où TRUE / FALSE est requis
","Error in if ((convergence[iter] < config$ftol_out) | (iter >= config$maxit_out)) cond <- TRUE : 
  valeur manquante là où TRUE / FALSE est requis
","Error in if ((convergence[iter] < config$ftol_out) | (iter >= config$maxit_out)) cond <- TRUE : 
  valeur manquante là où TRUE / FALSE est requis
","Error in if ((convergence[iter] < config$ftol_out) | (iter >= config$maxit_out)) cond <- TRUE : 
  valeur manquante là où TRUE / FALSE est requis
","Error in if ((convergence[iter] < config$ftol_out) | (iter >= config$maxit_out)) cond <- TRUE : 
  valeur manquante là où TRUE / FALSE est requis
","Error in if ((convergence[iter] < config$ftol_out) | (iter >= config$maxit_out)) cond <- TRUE : 
  valeur manquante là où TRUE / FALSE est requis
","Error in if ((convergence[iter] < config$ftol_out) | (iter >= config$maxit_out)) cond <- TRUE : 
  valeur manquante là où TRUE / FALSE est requis
","Error in if ((convergence[iter] < config$ftol_out) | (iter >= config$maxit_out)) cond <- TRUE : 
  valeur manquante là où TRUE / FALSE est requis
","Error in if ((convergence[iter] < config$ftol_out) | (iter >= config$maxit_out)) cond <- TRUE : 
  valeur manquante là où TRUE / FALSE est requis
","Error in if ((convergence[iter] < config$ftol_out) | (iter >= config$maxit_out)) cond <- TRUE : 
  valeur manquante là où TRUE / FALSE est requis
","Error in if ((convergence[iter] < config$ftol_out) | (iter >= config$maxit_out)) cond <- TRUE : 
  valeur manquante là où TRUE / FALSE est requis
","Error in if ((convergence[iter] < config$ftol_out) | (iter >= config$maxit_out)) cond <- TRUE : 
  valeur manquante là où TRUE / FALSE est requis
","Error in if ((convergence[iter] < config$ftol_out) | (iter >= config$maxit_out)) cond <- TRUE : 
  valeur manquante là où TRUE / FALSE est requis
","Error in if ((convergence[iter] < config$ftol_out) | (iter >= config$maxit_out)) cond <- TRUE : 
  valeur manquante là où TRUE / FALSE est requis
"
"200","20","300","20","preferential_attachment","sites","sites_1","PLN","BIC","0.1","0.651188","0.698226150598517","0.088","0.842","0.516","0.64","4.05634760856628"
"201","21","300","20","preferential_attachment","sites","sites_1","PLN","BIC","0.15","0.2858335","891.02121081161","0.468","0.895","0.175","0.293","9.47341346740723"
"202","22","300","20","preferential_attachment","sites","sites_1","PLN","BIC","0.11","0.4859425","0.630912431691328","0.17","0.684","0.31","0.426","2.07577085494995"
"203","23","300","20","preferential_attachment","sites","sites_1","PLN","BIC","0.1","0.7389635","0.754395196162429","0.257","0.947","0.29","0.444","2.09738397598267"
"204","24","300","20","preferential_attachment","sites","sites_1","PLN","BIC","0.1","0.5143135","0.631445944963735","0.117","0.947","0.474","0.632","2.45971655845642"
"205","Error in if ((convergence[iter] < config$ftol_out) | (iter >= config$maxit_out)) cond <- TRUE : 
  valeur manquante là où TRUE / FALSE est requis
","Error in if ((convergence[iter] < config$ftol_out) | (iter >= config$maxit_out)) cond <- TRUE : 
  valeur manquante là où TRUE / FALSE est requis
","Error in if ((convergence[iter] < config$ftol_out) | (iter >= config$maxit_out)) cond <- TRUE : 
  valeur manquante là où TRUE / FALSE est requis
","Error in if ((convergence[iter] < config$ftol_out) | (iter >= config$maxit_out)) cond <- TRUE : 
  valeur manquante là où TRUE / FALSE est requis
","Error in if ((convergence[iter] < config$ftol_out) | (iter >= config$maxit_out)) cond <- TRUE : 
  valeur manquante là où TRUE / FALSE est requis
","Error in if ((convergence[iter] < config$ftol_out) | (iter >= config$maxit_out)) cond <- TRUE : 
  valeur manquante là où TRUE / FALSE est requis
","Error in if ((convergence[iter] < config$ftol_out) | (iter >= config$maxit_out)) cond <- TRUE : 
  valeur manquante là où TRUE / FALSE est requis
","Error in if ((convergence[iter] < config$ftol_out) | (iter >= config$maxit_out)) cond <- TRUE : 
  valeur manquante là où TRUE / FALSE est requis
","Error in if ((convergence[iter] < config$ftol_out) | (iter >= config$maxit_out)) cond <- TRUE : 
  valeur manquante là où TRUE / FALSE est requis
","Error in if ((convergence[iter] < config$ftol_out) | (iter >= config$maxit_out)) cond <- TRUE : 
  valeur manquante là où TRUE / FALSE est requis
","Error in if ((convergence[iter] < config$ftol_out) | (iter >= config$maxit_out)) cond <- TRUE : 
  valeur manquante là où TRUE / FALSE est requis
","Error in if ((convergence[iter] < config$ftol_out) | (iter >= config$maxit_out)) cond <- TRUE : 
  valeur manquante là où TRUE / FALSE est requis
","Error in if ((convergence[iter] < config$ftol_out) | (iter >= config$maxit_out)) cond <- TRUE : 
  valeur manquante là où TRUE / FALSE est requis
","Error in if ((convergence[iter] < config$ftol_out) | (iter >= config$maxit_out)) cond <- TRUE : 
  valeur manquante là où TRUE / FALSE est requis
","Error in if ((convergence[iter] < config$ftol_out) | (iter >= config$maxit_out)) cond <- TRUE : 
  valeur manquante là où TRUE / FALSE est requis
","Error in if ((convergence[iter] < config$ftol_out) | (iter >= config$maxit_out)) cond <- TRUE : 
  valeur manquante là où TRUE / FALSE est requis
"
"206","26","300","20","preferential_attachment","sites","sites_1","PLN","BIC","0.09","0.490577","0.789760686911133","0.193","0.789","0.312","0.448","2.88043165206909"
"207","27","300","20","preferential_attachment","sites","sites_1","PLN","BIC","0.14","0.455488","174.405297916792","0.459","0.944","0.177","0.298","4.38501644134521"
"208","28","300","20","preferential_attachment","sites","sites_1","PLN","BIC","0.09","0.699139","0.665765681730112","0.175","0.947","0.375","0.537","2.36945533752441"
"209","29","300","20","preferential_attachment","sites","sites_1","PLN","BIC","0.08","0.6702695","0.717455404238057","0","0.316","1","0.48","2.42590594291687"
"210","30","300","20","preferential_attachment","sites","sites_1","PLN","BIC","0.12","0.7014445","0.624178641533901","0.164","0.895","0.378","0.531","2.4147846698761"
"211","1","300","20","preferential_attachment","sites","sites_2","PLN","BIC","0.15","0.6061575","0.524669939121369","0.058","0.474","0.474","0.474","5.15726065635681"
"212","2","300","20","preferential_attachment","sites","sites_2","PLN","BIC","0.21","0.372986","54729475.9694718","0.895","0.789","0.089","0.16","15.507331609726"
"213","3","300","20","preferential_attachment","sites","sites_2","PLN","BIC","0.17","0.6553035","0.538181679603118","0.018","0.368","0.7","0.483","2.87901759147644"
"214","4","300","20","preferential_attachment","sites","sites_2","PLN","BIC","0.18","0.6212825","0.906905852224899","0.129","0.632","0.353","0.453","2.15851855278015"
"215","5","300","20","preferential_attachment","sites","sites_2","PLN","BIC","0.19","0.4754855","77346.4253030281","0.854","0.842","0.099","0.177","16.0646154880524"
"216","6","300","20","preferential_attachment","sites","sites_2","PLN","BIC","0.16","0.802474","0.619280667612529","0","0",NA,"0","2.5836238861084"
"217","7","300","20","preferential_attachment","sites","sites_2","PLN","BIC","0.16","0.7306435","0.527523581995189","0.012","0.526","0.833","0.645","4.74784827232361"
"218","8","300","20","preferential_attachment","sites","sites_2","PLN","BIC","0.24","0.451749","9392442635934.34","0.795","0.947","0.117","0.208","14.8143377304077"
"219","9","300","20","preferential_attachment","sites","sites_2","PLN","BIC","0.15","0.7170565","0.52102068269312","0.018","0.474","0.75","0.581","2.89351391792297"
"220","10","300","20","preferential_attachment","sites","sites_2","PLN","BIC","0.16","0.577217","0.559192157744308","0.064","0.474","0.45","0.462","4.45547723770142"
"221","11","300","20","preferential_attachment","sites","sites_2","PLN","BIC","0.21","0.5386555","6721.59302689267","0.836","1","0.117","0.21","9.260333776474"
"222","12","300","20","preferential_attachment","sites","sites_2","PLN","BIC","0.15","0.67491","0.543665878480661","0.012","0.421","0.8","0.552","2.85549855232239"
"223","13","300","20","preferential_attachment","sites","sites_2","PLN","BIC","0.21","0.5128235","0.734495843866256","0.006","0.105","0.667","0.182","2.04857659339905"
"224","14","300","20","preferential_attachment","sites","sites_2","PLN","BIC","0.14","0.661514","0.51979637686448","0.017","0.333","0.667","0.444","3.00763392448425"
"225","15","300","20","preferential_attachment","sites","sites_2","PLN","BIC","0.15","0.7295145","0.545662758506681","0.035","0.421","0.571","0.485","2.65457105636597"
"226","16","300","20","preferential_attachment","sites","sites_2","PLN","BIC","0.16","0.724107","0.556649935770036","0.234","0.737","0.259","0.384","3.76563954353333"
"227","17","300","20","preferential_attachment","sites","sites_2","PLN","BIC","0.18","0.511336","0.67735545089442","0.298","0.632","0.19","0.293","1.43178772926331"
"228","18","300","20","preferential_attachment","sites","sites_2","PLN","BIC","0.17","0.482804","15.8901280344472","0.749","0.895","0.117","0.207","7.66587424278259"
"229","19","300","20","preferential_attachment","sites","sites_2","PLN","BIC","0.2","0.6459985","133459.170417693","0.871","1","0.113","0.203","10.6723728179932"
"230","20","300","20","preferential_attachment","sites","sites_2","PLN","BIC","0.22","0.5580855","54699659.4012471","0.86","0.895","0.104","0.186","11.1128835678101"
"231","21","300","20","preferential_attachment","sites","sites_2","PLN","BIC","0.15","0.682117","0.576177057943766","0.006","0.158","0.75","0.261","2.94015765190125"
"232","22","300","20","preferential_attachment","sites","sites_2","PLN","BIC","0.15","0.7538555","0.537764779702804","0.216","0.842","0.302","0.444","3.9917414188385"
"233","23","300","20","preferential_attachment","sites","sites_2","PLN","BIC","0.17","0.708653","0.563733205783375","0.17","0.579","0.275","0.373","1.56004619598389"
"234","24","300","20","preferential_attachment","sites","sites_2","PLN","BIC","0.18","0.5656595","1.96563031667148","0.152","0.579","0.297","0.393","1.48829698562622"
"235","25","300","20","preferential_attachment","sites","sites_2","PLN","BIC","0.18","0.6411215","0.591504107780666","0.088","0.474","0.375","0.419","1.68430995941162"
"236","26","300","20","preferential_attachment","sites","sites_2","PLN","BIC","0.15","0.740483","0.551389477213345","0","0.167","1","0.286","2.69350504875183"
"237","27","300","20","preferential_attachment","sites","sites_2","PLN","BIC","0.18","0.6824145","2.96187275486215","0.292","0.737","0.219","0.337","1.5348334312439"
"238","28","300","20","preferential_attachment","sites","sites_2","PLN","BIC","0.17","0.749465","0.486646623826258","0.023","0.526","0.714","0.606","4.0957887172699"
"239","29","300","20","preferential_attachment","sites","sites_2","PLN","BIC","0.14","0.5935415","0.552562436754992","0","0.105","1","0.19","2.37505435943604"
"240","30","300","20","preferential_attachment","sites","sites_2","PLN","BIC","0.18","0.6572","0.570011104168141","0.14","0.579","0.314","0.407","2.17682814598083"
"241","1","300","20","preferential_attachment","sites","sites_3","PLN","BIC","0.18","0.523775","0.427915443377359","0","0",NA,"0","2.91696238517761"
"242","2","300","20","preferential_attachment","sites","sites_3","PLN","BIC","0.2","0.5694285","0.405881621310537","0","0",NA,"0","5.55364608764648"
"243","3","300","20","preferential_attachment","sites","sites_3","PLN","BIC","0.18","0.4480485","0.407818263142266","0.24","0.316","0.128","0.182","4.85851359367371"
"244","4","300","20","preferential_attachment","sites","sites_3","PLN","BIC","0.19","0.474725","0.415569443291299","0","0",NA,"0","5.27166724205017"
"245","5","300","20","preferential_attachment","sites","sites_3","PLN","BIC","0.17","0.529108","0.454349619430425","0","0",NA,"0","3.1830849647522"
"246","6","300","20","preferential_attachment","sites","sites_3","PLN","BIC","0.19","0.749145","0.377747985915126","0","0",NA,"0","6.29369568824768"
"247","7","300","20","preferential_attachment","sites","sites_3","PLN","BIC","0.19","0.579178","0.389963586824561","0","0",NA,"0","4.65502738952637"
"248","8","300","20","preferential_attachment","sites","sites_3","PLN","BIC","0.23","0.391991","1.04497929755196e+22","0.901","0.842","0.094","0.169","15.276935338974"
"249","9","300","20","preferential_attachment","sites","sites_3","PLN","BIC","0.24","0.372963","1.22210735306854e+21","0.901","0.789","0.089","0.16","17.7491528987885"
"250","10","300","20","preferential_attachment","sites","sites_3","PLN","BIC","0.18","0.5068","16.2704419374939","0.918","0.947","0.103","0.186","8.65126943588257"
"251","11","300","20","preferential_attachment","sites","sites_3","PLN","BIC","0.18","0.5778295","0.411962536331376","0.316","0.368","0.115","0.175","3.32808971405029"
"252","12","300","20","preferential_attachment","sites","sites_3","PLN","BIC","0.19","0.3062215","0.443594499003504","0.596","0.579","0.097","0.167","2.15441513061523"
"253","13","300","20","preferential_attachment","sites","sites_3","PLN","BIC","0.23","0.324364","0.406777246194289","0.634","0.611","0.092","0.159","1.27999377250671"
"254","14","300","20","preferential_attachment","sites","sites_3","PLN","BIC","0.18","0.4343145","0.426031010518859","0.491","0.632","0.125","0.209","1.31635451316833"
"255","15","300","20","preferential_attachment","sites","sites_3","PLN","BIC","0.17","0.5024335","0.429597746232055","0","0.053","1","0.1","3.0843334197998"
"256","16","300","20","preferential_attachment","sites","sites_3","PLN","BIC","0.23","0.4760825","113210181.128385","0.895","0.895","0.1","0.18","12.0453412532806"
"257","17","300","20","preferential_attachment","sites","sites_3","PLN","BIC","0.21","0.434645","0.479859419400545","0.497","0.579","0.115","0.191","1.78455066680908"
"258","18","300","20","preferential_attachment","sites","sites_3","PLN","BIC","0.21","0.417711","0.443123383101614","0.55","0.842","0.145","0.248","2.10848569869995"
"259","19","300","20","preferential_attachment","sites","sites_3","PLN","BIC","0.2","0.5312195","0.437436527561993","0","0.056","1","0.105","3.0436680316925"
"260","20","300","20","preferential_attachment","sites","sites_3","PLN","BIC","0.17","0.675435","0.412001895036583","0.263","0.579","0.196","0.293","3.58542084693909"
"261","21","300","20","preferential_attachment","sites","sites_3","PLN","BIC","0.17","0.532926","0.406584216393576","0","0",NA,"0","3.49400806427002"
"262","22","300","20","preferential_attachment","sites","sites_3","PLN","BIC","0.24","0.408636","9.47101367115898e+75","0.018","0","0","0","7.72690105438232"
"263","23","300","20","preferential_attachment","sites","sites_3","PLN","BIC","0.21","0.54188","0.416479099592621","0","0.105","1","0.19","4.14133167266846"
"264","24","300","20","preferential_attachment","sites","sites_3","PLN","BIC","0.18","0.5082005","0.421032187927176","0","0",NA,"0","4.739990234375"
"265","25","300","20","preferential_attachment","sites","sites_3","PLN","BIC","0.22","0.449754","0.415358514022744","0.637","0.737","0.114","0.197","2.00963425636292"
"266","26","300","20","preferential_attachment","sites","sites_3","PLN","BIC","0.22","0.4571485","1795540382054.27","0.936","0.889","0.09","0.164","14.1959652900696"
"267","27","300","20","preferential_attachment","sites","sites_3","PLN","BIC","0.16","0.526112","0.395895280892552","0.006","0.053","0.5","0.095","3.68075060844421"
"268","28","300","20","preferential_attachment","sites","sites_3","PLN","BIC","0.19","0.6192335","0.415925867419924","0.31","0.579","0.172","0.265","3.25535655021667"
"269","29","300","20","preferential_attachment","sites","sites_3","PLN","BIC","0.22","0.5489865","0.414080454656205","0.48","0.789","0.155","0.259","1.53488969802856"
"270","30","300","20","preferential_attachment","sites","sites_3","PLN","BIC","0.2","0.430061","15893.8776982051","0.901","0.895","0.099","0.179","9.87627220153809"
"271","1","300","20","erdos_renyi","species","species_1","PLN","BIC","0.07","0.5566955","0.606019410687605","0","0.778","1","0.875","3.57957911491394"
"272","2","300","20","erdos_renyi","species","species_1","PLN","BIC","0.05","0.84725","0.62517676755996","0.005","0.75","0.857","0.8","3.66539359092712"
"273","3","300","20","erdos_renyi","species","species_1","PLN","BIC","0.05","0.794125","0.600145260688028","0.005","0.875","0.875","0.875","2.00515627861023"
"274","4","300","20","erdos_renyi","species","species_1","PLN","BIC","0.09","0.58084","0.818706394131801","0.136","0.769","0.294","0.426","2.0651912689209"
"275","5","300","20","erdos_renyi","species","species_1","PLN","BIC","0.04","0.914257","0.645132797347964","0","0",NA,"0","3.53723621368408"
"276","6","300","20","erdos_renyi","species","species_1","PLN","BIC","0.07","0.3182975","2.87332509652317","0.084","0.917","0.423","0.579","1.3821165561676"
"277","7","300","20","erdos_renyi","species","species_1","PLN","BIC","0.05","0.6328605","0.755084797700973","0.077","0.889","0.364","0.516","3.22563004493713"
"278","8","300","20","erdos_renyi","species","species_1","PLN","BIC","0.07","0.534932","0.627621768424849","0.022","0.455","0.556","0.5","3.39891624450684"
"279","9","300","20","erdos_renyi","species","species_1","PLN","BIC","0.07","0.4317245","0.815974417413397","0.128","0.909","0.303","0.455","1.29023671150208"
"280","10","300","20","erdos_renyi","species","species_1","PLN","BIC","0.1","0.3229165","31002.0360210093","0.442","0.889","0.091","0.165","4.90183854103088"
"281","11","300","20","erdos_renyi","species","species_1","PLN","BIC","0.06","0.3150835","10.7536728587683","0.033","0.714","0.455","0.556","2.10517597198486"
"282","12","300","20","erdos_renyi","species","species_1","PLN","BIC","0.05","0.584","162.946964830708","0.584","1","0.044","0.085","8.23441815376282"
"283","13","300","20","erdos_renyi","species","species_1","PLN","BIC","0.05","0.6783365","0.847972581626787","0.016","0.714","0.625","0.667","2.84528589248657"
"284","14","300","20","erdos_renyi","species","species_1","PLN","BIC","0.07","0.6985865","0.647742194769884","0.039","0.667","0.533","0.593","3.40387606620789"
"285","15","300","20","erdos_renyi","species","species_1","PLN","BIC","0.05","0.624562","0.730774130382724","0.087","1","0.304","0.467","1.89021587371826"
"286","16","300","20","erdos_renyi","species","species_1","PLN","BIC","0.06","0.5752","0.71124848742735","0.072","0.9","0.409","0.563","3.34858560562134"
"287","17","300","20","erdos_renyi","species","species_1","PLN","BIC","0.07","0.786237","0.604642804405456","0","0.667","1","0.8","3.31524014472961"
"288","18","300","20","erdos_renyi","species","species_1","PLN","BIC","0.09","0.471988","0.671078851836503","0","0.5","1","0.667","2.65580272674561"
"289","19","300","20","erdos_renyi","species","species_1","PLN","BIC","0.06","0.62675","0.90438579566204","0.05","1","0.526","0.69","2.0987811088562"
"290","20","300","20","erdos_renyi","species","species_1","PLN","BIC","0.08","0.5056365","0.755110777449231","0.117","0.909","0.323","0.476","2.00952959060669"
"291","21","300","20","erdos_renyi","species","species_1","PLN","BIC","0.07","0.279596","1904872.41376844","0.299","1","0.098","0.179","11.162853717804"
"292","22","300","20","erdos_renyi","species","species_1","PLN","BIC","0.06","0.761199","0.653432201659282","0.011","0.727","0.8","0.762","3.53556060791016"
"293","23","300","20","erdos_renyi","species","species_1","PLN","BIC","0.06","0.71413","0.706231032141405","0.027","0.857","0.545","0.667","2.4083399772644"
"294","24","300","20","erdos_renyi","species","species_1","PLN","BIC","0.09","0.52125","0.840688388371895","0.038","0.75","0.462","0.571","1.49047183990479"
"295","25","300","20","erdos_renyi","species","species_1","PLN","BIC","0.05","0.718125","0.757952920050521","0.038","1","0.364","0.533","2.30946111679077"
"296","26","300","20","erdos_renyi","species","species_1","PLN","BIC","0.05","0.6211875","0.612113130503914","0.022","0.875","0.636","0.737","3.13624286651611"
"297","27","300","20","erdos_renyi","species","species_1","PLN","BIC","0.06","0.6994355","0.574833644078025","0.028","0.667","0.545","0.6","2.57840895652771"
"298","28","300","20","erdos_renyi","species","species_1","PLN","BIC","0.06","0.4982885","37.0740833312292","0.553","1","0.1","0.182","4.97649121284485"
"299","29","300","20","erdos_renyi","species","species_1","PLN","BIC","0.06","0.708267","0.620363808731138","0","0.286","1","0.444","3.5644702911377"
"300","30","300","20","erdos_renyi","species","species_1","PLN","BIC","0.07","0.5715","0.679957589977936","0.089","0.9","0.36","0.514","1.97865438461304"
"301","1","300","20","erdos_renyi","species","species_2","PLN","BIC","0.1","0.6768295","0.547961917406389","0.066","0.714","0.294","0.417","4.09198689460754"
"302","2","300","20","erdos_renyi","species","species_2","PLN","BIC","0.07","0.655","0.571230768932641","0.006","0.1","0.5","0.167","2.43589091300964"
"303","3","300","20","erdos_renyi","species","species_2","PLN","BIC","0.1","0.726601","0.569561218385311","0.101","0.727","0.308","0.432","2.25799465179443"
"304","4","300","20","erdos_renyi","species","species_2","PLN","BIC","0.09","0.755202","0.562829257367656","0.126","0.857","0.207","0.333","4.17179679870605"
"305","5","300","20","erdos_renyi","species","species_2","PLN","BIC","0.07","0.8893","0.558038373030041","0","0.8","1","0.889","4.14180469512939"
"306","Error in if ((convergence[iter] < config$ftol_out) | (iter >= config$maxit_out)) cond <- TRUE : 
  valeur manquante là où TRUE / FALSE est requis
","Error in if ((convergence[iter] < config$ftol_out) | (iter >= config$maxit_out)) cond <- TRUE : 
  valeur manquante là où TRUE / FALSE est requis
","Error in if ((convergence[iter] < config$ftol_out) | (iter >= config$maxit_out)) cond <- TRUE : 
  valeur manquante là où TRUE / FALSE est requis
","Error in if ((convergence[iter] < config$ftol_out) | (iter >= config$maxit_out)) cond <- TRUE : 
  valeur manquante là où TRUE / FALSE est requis
","Error in if ((convergence[iter] < config$ftol_out) | (iter >= config$maxit_out)) cond <- TRUE : 
  valeur manquante là où TRUE / FALSE est requis
","Error in if ((convergence[iter] < config$ftol_out) | (iter >= config$maxit_out)) cond <- TRUE : 
  valeur manquante là où TRUE / FALSE est requis
","Error in if ((convergence[iter] < config$ftol_out) | (iter >= config$maxit_out)) cond <- TRUE : 
  valeur manquante là où TRUE / FALSE est requis
","Error in if ((convergence[iter] < config$ftol_out) | (iter >= config$maxit_out)) cond <- TRUE : 
  valeur manquante là où TRUE / FALSE est requis
","Error in if ((convergence[iter] < config$ftol_out) | (iter >= config$maxit_out)) cond <- TRUE : 
  valeur manquante là où TRUE / FALSE est requis
","Error in if ((convergence[iter] < config$ftol_out) | (iter >= config$maxit_out)) cond <- TRUE : 
  valeur manquante là où TRUE / FALSE est requis
","Error in if ((convergence[iter] < config$ftol_out) | (iter >= config$maxit_out)) cond <- TRUE : 
  valeur manquante là où TRUE / FALSE est requis
","Error in if ((convergence[iter] < config$ftol_out) | (iter >= config$maxit_out)) cond <- TRUE : 
  valeur manquante là où TRUE / FALSE est requis
","Error in if ((convergence[iter] < config$ftol_out) | (iter >= config$maxit_out)) cond <- TRUE : 
  valeur manquante là où TRUE / FALSE est requis
","Error in if ((convergence[iter] < config$ftol_out) | (iter >= config$maxit_out)) cond <- TRUE : 
  valeur manquante là où TRUE / FALSE est requis
","Error in if ((convergence[iter] < config$ftol_out) | (iter >= config$maxit_out)) cond <- TRUE : 
  valeur manquante là où TRUE / FALSE est requis
","Error in if ((convergence[iter] < config$ftol_out) | (iter >= config$maxit_out)) cond <- TRUE : 
  valeur manquante là où TRUE / FALSE est requis
"
"307","7","300","20","erdos_renyi","species","species_2","PLN","BIC","0.1","0.5453","0.557082561080549","0.094","0.6","0.261","0.364","3.92984700202942"
"308","8","300","20","erdos_renyi","species","species_2","PLN","BIC","0.1","0.6719","0.622678730976025","0.111","0.8","0.286","0.421","1.87889051437378"
"309","9","300","20","erdos_renyi","species","species_2","PLN","BIC","0.14","0.47175","63409.47876008","0.661","0.9","0.07","0.13","9.67355799674988"
"310","10","300","20","erdos_renyi","species","species_2","PLN","BIC","0.08","0.731625","0.598753534837815","0.032","1","0.4","0.571","2.4141857624054"
"311","11","300","20","erdos_renyi","species","species_2","PLN","BIC","0.11","0.66483","0.642431464461867","0.084","0.75","0.375","0.5","3.66835069656372"
"312","Error in if ((convergence[iter] < config$ftol_out) | (iter >= config$maxit_out)) cond <- TRUE : 
  valeur manquante là où TRUE / FALSE est requis
","Error in if ((convergence[iter] < config$ftol_out) | (iter >= config$maxit_out)) cond <- TRUE : 
  valeur manquante là où TRUE / FALSE est requis
","Error in if ((convergence[iter] < config$ftol_out) | (iter >= config$maxit_out)) cond <- TRUE : 
  valeur manquante là où TRUE / FALSE est requis
","Error in if ((convergence[iter] < config$ftol_out) | (iter >= config$maxit_out)) cond <- TRUE : 
  valeur manquante là où TRUE / FALSE est requis
","Error in if ((convergence[iter] < config$ftol_out) | (iter >= config$maxit_out)) cond <- TRUE : 
  valeur manquante là où TRUE / FALSE est requis
","Error in if ((convergence[iter] < config$ftol_out) | (iter >= config$maxit_out)) cond <- TRUE : 
  valeur manquante là où TRUE / FALSE est requis
","Error in if ((convergence[iter] < config$ftol_out) | (iter >= config$maxit_out)) cond <- TRUE : 
  valeur manquante là où TRUE / FALSE est requis
","Error in if ((convergence[iter] < config$ftol_out) | (iter >= config$maxit_out)) cond <- TRUE : 
  valeur manquante là où TRUE / FALSE est requis
","Error in if ((convergence[iter] < config$ftol_out) | (iter >= config$maxit_out)) cond <- TRUE : 
  valeur manquante là où TRUE / FALSE est requis
","Error in if ((convergence[iter] < config$ftol_out) | (iter >= config$maxit_out)) cond <- TRUE : 
  valeur manquante là où TRUE / FALSE est requis
","Error in if ((convergence[iter] < config$ftol_out) | (iter >= config$maxit_out)) cond <- TRUE : 
  valeur manquante là où TRUE / FALSE est requis
","Error in if ((convergence[iter] < config$ftol_out) | (iter >= config$maxit_out)) cond <- TRUE : 
  valeur manquante là où TRUE / FALSE est requis
","Error in if ((convergence[iter] < config$ftol_out) | (iter >= config$maxit_out)) cond <- TRUE : 
  valeur manquante là où TRUE / FALSE est requis
","Error in if ((convergence[iter] < config$ftol_out) | (iter >= config$maxit_out)) cond <- TRUE : 
  valeur manquante là où TRUE / FALSE est requis
","Error in if ((convergence[iter] < config$ftol_out) | (iter >= config$maxit_out)) cond <- TRUE : 
  valeur manquante là où TRUE / FALSE est requis
","Error in if ((convergence[iter] < config$ftol_out) | (iter >= config$maxit_out)) cond <- TRUE : 
  valeur manquante là où TRUE / FALSE est requis
"
"313","13","300","20","erdos_renyi","species","species_2","PLN","BIC","0.05","0.684125","0.520293012309032","0","0.75","1","0.857","3.81884360313416"
"314","14","300","20","erdos_renyi","species","species_2","PLN","BIC","0.12","0.551153","0.577622406122584","0.006","0.333","0.75","0.462","2.81882452964783"
"315","15","300","20","erdos_renyi","species","species_2","PLN","BIC","0.1","0.734665","0.66189507781262","0.033","0.714","0.455","0.556","2.14113521575928"
"316","16","300","20","erdos_renyi","species","species_2","PLN","BIC","0.08","0.6571875","0.583617401881738","0.121","0.875","0.241","0.378","3.21161317825317"
"317","17","300","20","erdos_renyi","species","species_2","PLN","BIC","0.12","0.51125","0.820645686221405","0.267","0.7","0.127","0.215","2.0240523815155"
"318","Error in if ((convergence[iter] < config$ftol_out) | (iter >= config$maxit_out)) cond <- TRUE : 
  valeur manquante là où TRUE / FALSE est requis
","Error in if ((convergence[iter] < config$ftol_out) | (iter >= config$maxit_out)) cond <- TRUE : 
  valeur manquante là où TRUE / FALSE est requis
","Error in if ((convergence[iter] < config$ftol_out) | (iter >= config$maxit_out)) cond <- TRUE : 
  valeur manquante là où TRUE / FALSE est requis
","Error in if ((convergence[iter] < config$ftol_out) | (iter >= config$maxit_out)) cond <- TRUE : 
  valeur manquante là où TRUE / FALSE est requis
","Error in if ((convergence[iter] < config$ftol_out) | (iter >= config$maxit_out)) cond <- TRUE : 
  valeur manquante là où TRUE / FALSE est requis
","Error in if ((convergence[iter] < config$ftol_out) | (iter >= config$maxit_out)) cond <- TRUE : 
  valeur manquante là où TRUE / FALSE est requis
","Error in if ((convergence[iter] < config$ftol_out) | (iter >= config$maxit_out)) cond <- TRUE : 
  valeur manquante là où TRUE / FALSE est requis
","Error in if ((convergence[iter] < config$ftol_out) | (iter >= config$maxit_out)) cond <- TRUE : 
  valeur manquante là où TRUE / FALSE est requis
","Error in if ((convergence[iter] < config$ftol_out) | (iter >= config$maxit_out)) cond <- TRUE : 
  valeur manquante là où TRUE / FALSE est requis
","Error in if ((convergence[iter] < config$ftol_out) | (iter >= config$maxit_out)) cond <- TRUE : 
  valeur manquante là où TRUE / FALSE est requis
","Error in if ((convergence[iter] < config$ftol_out) | (iter >= config$maxit_out)) cond <- TRUE : 
  valeur manquante là où TRUE / FALSE est requis
","Error in if ((convergence[iter] < config$ftol_out) | (iter >= config$maxit_out)) cond <- TRUE : 
  valeur manquante là où TRUE / FALSE est requis
","Error in if ((convergence[iter] < config$ftol_out) | (iter >= config$maxit_out)) cond <- TRUE : 
  valeur manquante là où TRUE / FALSE est requis
","Error in if ((convergence[iter] < config$ftol_out) | (iter >= config$maxit_out)) cond <- TRUE : 
  valeur manquante là où TRUE / FALSE est requis
","Error in if ((convergence[iter] < config$ftol_out) | (iter >= config$maxit_out)) cond <- TRUE : 
  valeur manquante là où TRUE / FALSE est requis
","Error in if ((convergence[iter] < config$ftol_out) | (iter >= config$maxit_out)) cond <- TRUE : 
  valeur manquante là où TRUE / FALSE est requis
"
"319","19","300","20","erdos_renyi","species","species_2","PLN","BIC","0.11","0.6924","0.98345017004803","0.022","0.4","0.5","0.444","1.27195811271667"
"320","20","300","20","erdos_renyi","species","species_2","PLN","BIC","0.09","0.6724","0.576812321872055","0.146","0.6","0.1","0.171","1.3256938457489"
"321","21","300","20","erdos_renyi","species","species_2","PLN","BIC","0.09","0.5973175","0.544267113121927","0.011","0.556","0.714","0.625","3.01636433601379"
"322","22","300","20","erdos_renyi","species","species_2","PLN","BIC","0.11","0.6943","0.51032271333284","0.022","0.5","0.556","0.526","4.43975567817688"
"323","23","300","20","erdos_renyi","species","species_2","PLN","BIC","0.1","0.399375","336174.819731437","0.56","1","0.073","0.136","11.5168521404266"
"324","Error in if ((convergence[iter] < config$ftol_out) | (iter >= config$maxit_out)) cond <- TRUE : 
  valeur manquante là où TRUE / FALSE est requis
","Error in if ((convergence[iter] < config$ftol_out) | (iter >= config$maxit_out)) cond <- TRUE : 
  valeur manquante là où TRUE / FALSE est requis
","Error in if ((convergence[iter] < config$ftol_out) | (iter >= config$maxit_out)) cond <- TRUE : 
  valeur manquante là où TRUE / FALSE est requis
","Error in if ((convergence[iter] < config$ftol_out) | (iter >= config$maxit_out)) cond <- TRUE : 
  valeur manquante là où TRUE / FALSE est requis
","Error in if ((convergence[iter] < config$ftol_out) | (iter >= config$maxit_out)) cond <- TRUE : 
  valeur manquante là où TRUE / FALSE est requis
","Error in if ((convergence[iter] < config$ftol_out) | (iter >= config$maxit_out)) cond <- TRUE : 
  valeur manquante là où TRUE / FALSE est requis
","Error in if ((convergence[iter] < config$ftol_out) | (iter >= config$maxit_out)) cond <- TRUE : 
  valeur manquante là où TRUE / FALSE est requis
","Error in if ((convergence[iter] < config$ftol_out) | (iter >= config$maxit_out)) cond <- TRUE : 
  valeur manquante là où TRUE / FALSE est requis
","Error in if ((convergence[iter] < config$ftol_out) | (iter >= config$maxit_out)) cond <- TRUE : 
  valeur manquante là où TRUE / FALSE est requis
","Error in if ((convergence[iter] < config$ftol_out) | (iter >= config$maxit_out)) cond <- TRUE : 
  valeur manquante là où TRUE / FALSE est requis
","Error in if ((convergence[iter] < config$ftol_out) | (iter >= config$maxit_out)) cond <- TRUE : 
  valeur manquante là où TRUE / FALSE est requis
","Error in if ((convergence[iter] < config$ftol_out) | (iter >= config$maxit_out)) cond <- TRUE : 
  valeur manquante là où TRUE / FALSE est requis
","Error in if ((convergence[iter] < config$ftol_out) | (iter >= config$maxit_out)) cond <- TRUE : 
  valeur manquante là où TRUE / FALSE est requis
","Error in if ((convergence[iter] < config$ftol_out) | (iter >= config$maxit_out)) cond <- TRUE : 
  valeur manquante là où TRUE / FALSE est requis
","Error in if ((convergence[iter] < config$ftol_out) | (iter >= config$maxit_out)) cond <- TRUE : 
  valeur manquante là où TRUE / FALSE est requis
","Error in if ((convergence[iter] < config$ftol_out) | (iter >= config$maxit_out)) cond <- TRUE : 
  valeur manquante là où TRUE / FALSE est requis
"
"325","25","300","20","erdos_renyi","species","species_2","PLN","BIC","0.07","0.6857285","0.567039283897929","0","0.222","1","0.364","2.2831404209137"
"326","26","300","20","erdos_renyi","species","species_2","PLN","BIC","0.1","0.648055","0.559089996200817","0.022","0.417","0.556","0.476","2.55012035369873"
"327","27","300","20","erdos_renyi","species","species_2","PLN","BIC","0.1","0.766393","0.612759947178453","0.051","0.667","0.471","0.552","1.81401062011719"
"328","28","300","20","erdos_renyi","species","species_2","PLN","BIC","0.12","0.694204","0.577916519470983","0.207","0.909","0.213","0.345","2.6889967918396"
"329","29","300","20","erdos_renyi","species","species_2","PLN","BIC","0.1","0.7709445","0.575450302429421","0.006","0.182","0.667","0.286","2.27691388130188"
"330","Error in if ((convergence[iter] < config$ftol_out) | (iter >= config$maxit_out)) cond <- TRUE : 
  valeur manquante là où TRUE / FALSE est requis
","Error in if ((convergence[iter] < config$ftol_out) | (iter >= config$maxit_out)) cond <- TRUE : 
  valeur manquante là où TRUE / FALSE est requis
","Error in if ((convergence[iter] < config$ftol_out) | (iter >= config$maxit_out)) cond <- TRUE : 
  valeur manquante là où TRUE / FALSE est requis
","Error in if ((convergence[iter] < config$ftol_out) | (iter >= config$maxit_out)) cond <- TRUE : 
  valeur manquante là où TRUE / FALSE est requis
","Error in if ((convergence[iter] < config$ftol_out) | (iter >= config$maxit_out)) cond <- TRUE : 
  valeur manquante là où TRUE / FALSE est requis
","Error in if ((convergence[iter] < config$ftol_out) | (iter >= config$maxit_out)) cond <- TRUE : 
  valeur manquante là où TRUE / FALSE est requis
","Error in if ((convergence[iter] < config$ftol_out) | (iter >= config$maxit_out)) cond <- TRUE : 
  valeur manquante là où TRUE / FALSE est requis
","Error in if ((convergence[iter] < config$ftol_out) | (iter >= config$maxit_out)) cond <- TRUE : 
  valeur manquante là où TRUE / FALSE est requis
","Error in if ((convergence[iter] < config$ftol_out) | (iter >= config$maxit_out)) cond <- TRUE : 
  valeur manquante là où TRUE / FALSE est requis
","Error in if ((convergence[iter] < config$ftol_out) | (iter >= config$maxit_out)) cond <- TRUE : 
  valeur manquante là où TRUE / FALSE est requis
","Error in if ((convergence[iter] < config$ftol_out) | (iter >= config$maxit_out)) cond <- TRUE : 
  valeur manquante là où TRUE / FALSE est requis
","Error in if ((convergence[iter] < config$ftol_out) | (iter >= config$maxit_out)) cond <- TRUE : 
  valeur manquante là où TRUE / FALSE est requis
","Error in if ((convergence[iter] < config$ftol_out) | (iter >= config$maxit_out)) cond <- TRUE : 
  valeur manquante là où TRUE / FALSE est requis
","Error in if ((convergence[iter] < config$ftol_out) | (iter >= config$maxit_out)) cond <- TRUE : 
  valeur manquante là où TRUE / FALSE est requis
","Error in if ((convergence[iter] < config$ftol_out) | (iter >= config$maxit_out)) cond <- TRUE : 
  valeur manquante là où TRUE / FALSE est requis
","Error in if ((convergence[iter] < config$ftol_out) | (iter >= config$maxit_out)) cond <- TRUE : 
  valeur manquante là où TRUE / FALSE est requis
"
"331","1","300","20","erdos_renyi","species","species_3","PLN","BIC","0.14","0.6096","0.438515911266399","0","0.1","1","0.182","2.9717321395874"
"332","2","300","20","erdos_renyi","species","species_3","PLN","BIC","0.12","0.59145","0.458469580415229","0","0",NA,"0","4.31953001022339"
"333","3","300","20","erdos_renyi","species","species_3","PLN","BIC","0.13","0.2848795","8.88939668086422e+31","0.672","0.714","0.039","0.074","25.350795507431"
"334","4","300","20","erdos_renyi","species","species_3","PLN","BIC","0.15","0.087145","0.50559513053294","0.222","0.429","0.133","0.203","2.65009260177612"
"335","5","300","20","erdos_renyi","species","species_3","PLN","BIC","0.13","0.8250925","0.575116168042576","0.151","0.909","0.27","0.417","4.09603834152222"
"336","6","300","20","erdos_renyi","species","species_3","PLN","BIC","0.11","0.62585","0.546328089244611","0","0.2","1","0.333","4.22349452972412"
"337","7","300","20","erdos_renyi","species","species_3","PLN","BIC","0.1","0.5192005","0.392325202647397","0.005","0.143","0.5","0.222","3.72098994255066"
"338","8","300","20","erdos_renyi","species","species_3","PLN","BIC","0.11","0.622828","0.530106941931734","0.049","0.5","0.25","0.333","3.59781312942505"
"339","9","300","20","erdos_renyi","species","species_3","PLN","BIC","0.12","0.472605","0.45581245088862","0.204","0.444","0.098","0.16","3.28575968742371"
"340","10","300","20","erdos_renyi","species","species_3","PLN","BIC","0.1","0.72375","0.553851044548779","0","0.3","1","0.462","3.8804144859314"
"341","11","300","20","erdos_renyi","species","species_3","PLN","BIC","0.12","0.70175","0.423032566770555","0.022","0.5","0.556","0.526","4.87188363075256"
"342","12","300","20","erdos_renyi","species","species_3","PLN","BIC","0.1","0.7079085","0.521139635300362","0","0.167","1","0.286","4.20535564422607"
"343","13","300","20","erdos_renyi","species","species_3","PLN","BIC","0.1","0.6361675","0.513487320113419","0","0.286","1","0.444","2.85047912597656"
"344","14","300","20","erdos_renyi","species","species_3","PLN","BIC","0.1","0.803495","0.595777451676081","0.006","0.333","0.75","0.462","4.26672554016113"
"345","15","300","20","erdos_renyi","species","species_3","PLN","BIC","0.1","0.5671095","0.521089405726978","0.011","0.333","0.6","0.429","2.01990222930908"
"346","16","300","20","erdos_renyi","species","species_3","PLN","BIC","0.09","0.731854","0.487907527858714","0.044","0.714","0.385","0.5","4.17436742782593"
"347","17","300","20","erdos_renyi","species","species_3","PLN","BIC","0.09","0.5810625","0.566754756244458","0.027","0.125","0.167","0.143","4.53951358795166"
"348","18","300","20","erdos_renyi","species","species_3","PLN","BIC","0.07","0.778","0.422858027087534","0.027","1","0.444","0.615","4.09997153282166"
"349","19","300","20","erdos_renyi","species","species_3","PLN","BIC","0.1","0.2889865","0.500462579785304","0.326","0.667","0.062","0.114","1.47792458534241"
"350","20","300","20","erdos_renyi","species","species_3","PLN","BIC","0.1","0.6559975","0.537689748982954","0.022","0.417","0.556","0.476","3.59018754959106"
"351","21","300","20","erdos_renyi","species","species_3","PLN","BIC","0.14","0.694766","0.491405786857608","0.073","0.692","0.409","0.514","2.61379480361938"
"352","22","300","20","erdos_renyi","species","species_3","PLN","BIC","0.69","0.5571655","16.4707289084577","0.087","0.286","0.111","0.16","2.67892956733704"
"353","23","300","20","erdos_renyi","species","species_3","PLN","BIC","0.12","0.1513295","0.69616299746094","0.256","0.714","0.182","0.29","2.10375356674194"
"354","24","300","20","erdos_renyi","species","species_3","PLN","BIC","0.1","0.689279","0.46273696015259","0","0",NA,"0","3.68800282478333"
"355","25","300","20","erdos_renyi","species","species_3","PLN","BIC","0.11","0.811558","0.44588169129103","0","0",NA,"0","3.41401433944702"
"356","26","300","20","erdos_renyi","species","species_3","PLN","BIC","0.09","0.7481505","0.537220894067983","0.127","0.667","0.207","0.316","2.5954852104187"
"357","27","300","20","erdos_renyi","species","species_3","PLN","BIC","0.1","0.75455","0.57056906851228","0.117","0.7","0.25","0.368","2.79099202156067"
"358","28","300","20","erdos_renyi","species","species_3","PLN","BIC","0.13","0.6309585","0.434492742403256","0","0",NA,"0","2.85833811759949"
"359","29","300","20","erdos_renyi","species","species_3","PLN","BIC","0.1","0.8301875","0.540198700081431","0.005","0.5","0.8","0.615","2.88557887077332"
"360","30","300","20","erdos_renyi","species","species_3","PLN","BIC","0.1","0.5698","0.487385560821851","0.011","0.2","0.5","0.286","2.98061490058899"
"361","1","300","20","community","species","species_1","PLN","BIC","0.08","0.6509335","0.797009465627567","0.124","0.917","0.333","0.489","2.69889187812805"
"362","2","300","20","community","species","species_1","PLN","BIC","0.08","0.677996","0.688299893537514","0.017","0.6","0.75","0.667","4.11580753326416"
"363","3","300","20","community","species","species_1","PLN","BIC","0.09","0.60415","0.64743442862074","0.218","0.8","0.302","0.438","4.39512610435486"
"364","4","300","20","community","species","species_1","PLN","BIC","0.08","0.444687","0.768297051726768","0.057","0.714","0.5","0.588","2.00149583816528"
"365","5","300","20","community","species","species_1","PLN","BIC","0.06","0.6722005","0.673903820934832","0.119","0.846","0.344","0.489","2.75441217422485"
"366","6","300","20","community","species","species_1","PLN","BIC","0.04","0.804562","0.646811295665122","0.055","0.857","0.375","0.522","2.06926012039185"
"367","7","300","20","community","species","species_1","PLN","BIC","0.08","0.433059","0.761829038212549","0.062","0.786","0.5","0.611","2.23524832725525"
"368","8","300","20","community","species","species_1","PLN","BIC","0.06","0.8012555","0.680920493799732","0","0.667","1","0.8","3.51908349990845"
"369","9","300","20","community","species","species_1","PLN","BIC","0.08","0.372748","0.702165986523628","0.075","0.625","0.435","0.513","3.70215749740601"
"370","10","300","20","community","species","species_1","PLN","BIC","0.08","0.4636075","0.648194646472666","0.022","0.636","0.636","0.636","2.63290071487427"
"371","11","300","20","community","species","species_1","PLN","BIC","0.14","0.234035","171559.473576216","0.371","0.913","0.253","0.396","15.7714519500732"
"372","12","300","20","community","species","species_1","PLN","BIC","0.09","0.3907725","0.969540754911894","0.067","0.917","0.478","0.629","1.39581418037415"
"373","13","300","20","community","species","species_1","PLN","BIC","0.06","0.4938535","1.18271483080246","0.142","1","0.359","0.528","2.70810985565186"
"374","14","300","20","community","species","species_1","PLN","BIC","0.11","0.682075","0.664498265318553","0","0.55","1","0.71","3.97147560119629"
"375","15","300","20","community","species","species_1","PLN","BIC","0.09","0.384371","0.848784453989117","0.075","0.75","0.48","0.585","2.14209413528442"
"376","16","300","20","community","species","species_1","PLN","BIC","0.13","0.3607145","41588898577.4185","0.441","0.923","0.133","0.233","13.4132688045502"
"377","17","300","20","community","species","species_1","PLN","BIC","0.1","0.4596515","0.675456818146048","0.15","0.882","0.366","0.517","2.37973403930664"
"378","18","300","20","community","species","species_1","PLN","BIC","0.1","0.1386795","239198.182549487","0.193","0.889","0.186","0.308","10.7921071052551"
"379","19","300","20","community","species","species_1","PLN","BIC","0.09","0.319102","0.690336963896153","0.189","0.667","0.304","0.418","3.99740123748779"
"380","20","300","20","community","species","species_1","PLN","BIC","0.09","0.40094","0.856809169507827","0.137","0.867","0.351","0.5","2.03341317176819"
"381","21","300","20","community","species","species_1","PLN","BIC","0.06","0.675679","0.691275693480017","0.017","0.571","0.727","0.64","3.84909868240356"
"382","22","300","20","community","species","species_1","PLN","BIC","0.06","0.650364","0.65132456610054","0.006","0.364","0.8","0.5","2.22714734077454"
"383","23","300","20","community","species","species_1","PLN","BIC","0.09","0.472738","0.824328330383179","0.075","0.625","0.435","0.513","1.43766641616821"
"384","24","300","20","community","species","species_1","PLN","BIC","0.07","0.5988","0.728178210395336","0.117","0.9","0.3","0.45","1.57633447647095"
"385","25","300","20","community","species","species_1","PLN","BIC","0.09","0.7222115","0.624767005141506","0.04","0.812","0.65","0.722","4.38132238388062"
"386","26","300","20","community","species","species_1","PLN","BIC","0.07","0.52872","0.614613363785718","0.017","0.727","0.727","0.727","3.60139584541321"
"387","27","300","20","community","species","species_1","PLN","BIC","0.05","0.66975","0.657927397458286","0.011","0.625","0.714","0.667","3.45185589790344"
"388","28","300","20","community","species","species_1","PLN","BIC","0.07","0.7288485","0.742553260890418","0.118","1","0.364","0.533","1.37355279922485"
"389","29","300","20","community","species","species_1","PLN","BIC","0.09","0.701125","0.672305202671093","0.063","0.867","0.542","0.667","2.23780512809753"
"390","30","300","20","community","species","species_1","PLN","BIC","0.06","0.6887775","0.637906513263182","0.057","0.857","0.545","0.667","2.42635989189148"
"391","1","300","20","community","species","species_2","PLN","BIC","0.09","0.7876975","0.603516979069989","0","0.182","1","0.308","2.59488797187805"
"392","2","300","20","community","species","species_2","PLN","BIC","0.11","0.6005765","0.564290799022233","0.028","0.417","0.5","0.455","4.04796552658081"
"393","3","300","20","community","species","species_2","PLN","BIC","0.19","0.5337585","0.654891668854931","0.337","0.667","0.197","0.304","2.20293593406677"
"394","4","300","20","community","species","species_2","PLN","BIC","0.16","0.155503","5.99626306035666e+41","0.381","0.571","0.107","0.18","13.5724766254425"
"395","5","300","20","community","species","species_2","PLN","BIC","0.12","0.8159465","0.528974072608918","0.017","0.333","0.571","0.421","4.34260249137878"
"396","6","300","20","community","species","species_2","PLN","BIC","0.16","0.453255","3.10932187582374e+35","0.724","0.889","0.058","0.108","30.6960847377777"
"397","7","300","20","community","species","species_2","PLN","BIC","0.1","0.6678","0.551700601993864","0","0.7","1","0.824","2.33158087730408"
"398","8","300","20","community","species","species_2","PLN","BIC","0.13","0.485125","11918752.5453158","0.703","0.75","0.045","0.085","15.2786946296692"
"399","9","300","20","community","species","species_2","PLN","BIC","0.14","0.638283","0.587721136962405","0.029","0.533","0.615","0.571","4.7838032245636"
"400","10","300","20","community","species","species_2","PLN","BIC","0.1","0.2967305","13.3505824869238","0.129","0.833","0.303","0.444","1.46871590614319"
"401","11","300","20","community","species","species_2","PLN","BIC","0.13","0.4394615","58.397354304448","0.039","0.364","0.364","0.364","2.2696328163147"
"402","12","300","20","community","species","species_2","PLN","BIC","0.09","0.754465","0.500284683653273","0","0.182","1","0.308","2.05924391746521"
"403","13","300","20","community","species","species_2","PLN","BIC","0.12","0.6572955","6.10168183747455","0.152","0.917","0.289","0.44","1.29736161231995"
"404","14","300","20","community","species","species_2","PLN","BIC","0.09","0.586639","0.554547282275169","0.05","0.545","0.4","0.462","2.14453554153442"
"405","15","300","20","community","species","species_2","PLN","BIC","0.11","0.6800285","0.531066125210549","0.017","0.462","0.667","0.545","4.58473443984985"
"406","16","300","20","community","species","species_2","PLN","BIC","0.13","0.6658915","0.618915927975439","0.223","0.636","0.149","0.241","1.22943043708801"
"407","17","300","20","community","species","species_2","PLN","BIC","0.1","0.7153685","0.553125228358683","0","0",NA,"0","4.59319043159485"
"408","18","300","20","community","species","species_2","PLN","BIC","0.11","0.59006","13.0375918696528","0.506","0.857","0.119","0.209","4.04514503479004"
"409","19","300","20","community","species","species_2","PLN","BIC","0.11","0.803442","0.585066945285447","0.129","0.833","0.303","0.444","1.75748372077942"
"410","20","300","20","community","species","species_2","PLN","BIC","0.11","0.715614","0.555120579131842","0.068","0.692","0.429","0.529","3.06552886962891"
"411","21","300","20","community","species","species_2","PLN","BIC","0.1","0.547125","7.06594441070231","0.082","0.625","0.25","0.357","1.98638033866882"
"412","22","300","20","community","species","species_2","PLN","BIC","0.11","0.680013","0.577605521168822","0.145","0.818","0.257","0.391","1.36733818054199"
"413","23","300","20","community","species","species_2","PLN","BIC","0.12","0.624101","0.610859464975971","0.198","0.769","0.222","0.345","1.5374710559845"
"414","24","300","20","community","species","species_2","PLN","BIC","0.05","0.75379","0.51122394280107","0","0.333","1","0.5","2.59123468399048"
"415","25","300","20","community","species","species_2","PLN","BIC","0.11","0.680365","0.584273217319345","0.028","0.385","0.5","0.435","2.75442051887512"
"416","26","300","20","community","species","species_2","PLN","BIC","0.11","0.5465195","0.605581298362261","0.017","0.636","0.7","0.667","2.63621640205383"
"417","27","300","20","community","species","species_2","PLN","BIC","0.11","0.75865","0.523769017799657","0.083","0.7","0.318","0.438","3.25909352302551"
"418","28","300","20","community","species","species_2","PLN","BIC","0.13","0.51776","28618.685258066","0.59","1","0.061","0.115","8.63519358634949"
"419","29","300","20","community","species","species_2","PLN","BIC","0.13","0.6162455","0.636359113794836","0.127","0.706","0.353","0.471","1.92596817016602"
"420","30","300","20","community","species","species_2","PLN","BIC","0.15","0.37366","172217117.535491","0.438","1","0.133","0.235","10.9490551948547"
"421","1","300","20","community","species","species_3","PLN","BIC","0.16","0.548369","0.538836629074535","0.006","0.235","0.8","0.364","4.45037245750427"
"422","2","300","20","community","species","species_3","PLN","BIC","0.12","0.604713","0.571391738705423","0.162","0.636","0.194","0.298","2.60580325126648"
"423","3","300","20","community","species","species_3","PLN","BIC","0.15","0.5419735","0.50936178653133","0.431","0.688","0.128","0.216","2.27926135063171"
"424","4","300","20","community","species","species_3","PLN","BIC","0.12","0.69135","0.494489653706294","0.05","0.6","0.4","0.48","3.1144962310791"
"425","5","300","20","community","species","species_3","PLN","BIC","0.14","0.092477","0.423872241464372","0.271","0.308","0.077","0.123","2.32640838623047"
"426","6","300","20","community","species","species_3","PLN","BIC","0.12","0.7500515","0.525696648073085","0.14","0.75","0.265","0.391","3.990567445755"
"427","7","300","20","community","species","species_3","PLN","BIC","0.12","0.517148","0.483557977866371","0","0.091","1","0.167","4.469566822052"
"428","8","300","20","community","species","species_3","PLN","BIC","0.1","0.69865","0.561684914464679","0","0",NA,"0","3.07699584960938"
"429","9","300","20","community","species","species_3","PLN","BIC","0.13","0.7604185","0.610497332998119","0.135","0.833","0.294","0.435","2.53646326065063"
"430","10","300","20","community","species","species_3","PLN","BIC","0.1","0.42675","0.562334624780205","0.128","0.7","0.233","0.35","2.60321927070618"
"431","11","300","20","community","species","species_3","PLN","BIC","0.13","0.410187","0.49208936971284","0.376","0.833","0.13","0.225","2.07337284088135"
"432","12","300","20","community","species","species_3","PLN","BIC","0.1","0.306652","0.588816049023863","0.284","0.857","0.103","0.185","2.0632631778717"
"433","13","300","20","community","species","species_3","PLN","BIC","0.12","0.6729675","0.447757583204903","0.033","0.333","0.333","0.333","4.34802913665771"
"434","14","300","20","community","species","species_3","PLN","BIC","0.16","0.740875","0.458400265661767","0.094","0.45","0.36","0.4","3.10514712333679"
"435","15","300","20","community","species","species_3","PLN","BIC","0.11","0.606269","0.564409614903914","0.017","0.462","0.667","0.545","2.71264386177063"
"436","16","300","20","community","species","species_3","PLN","BIC","0.08","0.7584375","0.532979494809439","0","0",NA,"0","3.5177435874939"
"437","17","300","20","community","species","species_3","PLN","BIC","0.11","0.582203","2.83040631678833","0.101","0.364","0.182","0.242","2.07811665534973"
"438","18","300","20","community","species","species_3","PLN","BIC","0.14","0.6757995","0.596257838165985","0.145","0.647","0.306","0.415","4.25858736038208"
"439","19","300","20","community","species","species_3","PLN","BIC","0.22","0.4724135","1.26320490504778","0.058","0.278","0.333","0.303","2.08304238319397"
"440","20","300","20","community","species","species_3","PLN","BIC","0.11","0.7184595","98.1457715716149","0.866","0.909","0.061","0.114","4.45730328559875"
"441","21","300","20","community","species","species_3","PLN","BIC","0.11","0.6630055","0.487903137565485","0.006","0.25","0.75","0.375","2.49596667289734"
"442","22","300","20","community","species","species_3","PLN","BIC","0.12","0.7027055","0.585233643988866","0","0.091","1","0.167","5.25351524353027"
"443","23","300","20","community","species","species_3","PLN","BIC","0.16","0.589475","0.68690390694867","0.212","0.65","0.265","0.377","4.18245220184326"
"444","24","300","20","community","species","species_3","PLN","BIC","0.11","0.7713","0.43141361799749","0.106","0.5","0.208","0.294","5.69839215278625"
"445","25","300","20","community","species","species_3","PLN","BIC","0.12","0.522026","0.525185473613656","0","0.286","1","0.444","3.1614556312561"
"446","26","300","20","community","species","species_3","PLN","BIC","0.15","0.5691235","0.561036913346974","0.301","0.786","0.172","0.282","2.42660999298096"
"447","27","300","20","community","species","species_3","PLN","BIC","0.12","0.1963325","98663.674993048","0.441","0.455","0.06","0.105","10.3493473529816"
"448","28","300","20","community","species","species_3","PLN","BIC","0.13","0.4395025","0.52181469313072","0","0",NA,"0","3.15212845802307"
"449","29","300","20","community","species","species_3","PLN","BIC","0.18","0.4788395","0.502182805987447","0","0",NA,"0","4.99245357513428"
"450","30","300","20","community","species","species_3","PLN","BIC","0.1","0.3696695","0.503174000403142","0.359","0.556","0.071","0.127","2.89412307739258"
"451","1","300","20","preferential_attachment","species","species_1","PLN","BIC","0.09","0.705425","0.659019258094079","0.047","0.737","0.636","0.683","3.72387170791626"
"452","2","300","20","preferential_attachment","species","species_1","PLN","BIC","0.1","0.7601575","0.641958308273782","0.082","0.789","0.517","0.625","2.23783302307129"
"453","3","300","20","preferential_attachment","species","species_1","PLN","BIC","0.1","0.5869275","0.800332232264219","0.281","0.947","0.273","0.424","1.53842210769653"
"454","4","300","20","preferential_attachment","species","species_1","PLN","BIC","0.08","0.534865","0.681457378222445","0.123","0.789","0.417","0.545","4.19910407066345"
"455","5","300","20","preferential_attachment","species","species_1","PLN","BIC","0.11","0.659901","0.672047531350674","0.123","0.895","0.447","0.596","4.0412437915802"
"456","6","300","20","preferential_attachment","species","species_1","PLN","BIC","0.14","0.380654","82618.5356870943","0.544","0.895","0.155","0.264","14.0687820911407"
"457","7","300","20","preferential_attachment","species","species_1","PLN","BIC","0.1","0.399066","1.0833302650655","0.164","0.842","0.364","0.508","2.13565397262573"
"458","8","300","20","preferential_attachment","species","species_1","PLN","BIC","0.2","0.2848565","689296310920971","0.444","0.895","0.183","0.304","16.3874020576477"
"459","9","300","20","preferential_attachment","species","species_1","PLN","BIC","0.12","0.547006","0.767315006166199","0.187","0.737","0.304","0.431","1.31345176696777"
"460","10","300","20","preferential_attachment","species","species_1","PLN","BIC","0.11","0.3660995","5.13046380236761","0.228","0.789","0.278","0.411","2.12838840484619"
"461","11","300","20","preferential_attachment","species","species_1","PLN","BIC","0.1","0.6619225","0.646532567708199","0.041","0.737","0.667","0.7","3.82699656486511"
"462","12","300","20","preferential_attachment","species","species_1","PLN","BIC","0.1","0.615512","0.636600371349014","0.117","0.842","0.444","0.582","3.88380002975464"
"463","13","300","20","preferential_attachment","species","species_1","PLN","BIC","0.12","0.39967","0.678603999768903","0.287","0.895","0.258","0.4","4.07849526405334"
"464","14","300","20","preferential_attachment","species","species_1","PLN","BIC","0.09","0.5007795","0.676641049322589","0.199","0.895","0.333","0.486","2.30908203125"
"465","15","300","20","preferential_attachment","species","species_1","PLN","BIC","0.11","0.4830635","0.65881007977209","0.07","0.579","0.478","0.524","2.30886554718018"
"466","16","300","20","preferential_attachment","species","species_1","PLN","BIC","0.1","0.471965","0.674821408821435","0.187","0.737","0.304","0.431","4.42331624031067"
"467","17","300","20","preferential_attachment","species","species_1","PLN","BIC","0.1","0.647584","0.672384317631446","0.082","0.737","0.5","0.596","3.92977380752563"
"468","18","300","20","preferential_attachment","species","species_1","PLN","BIC","0.14","0.4407585","1.31918312386381","0.158","0.842","0.372","0.516","1.29405665397644"
"469","19","300","20","preferential_attachment","species","species_1","PLN","BIC","0.14","0.2601735","1194.27550707851","0.55","0.579","0.105","0.177","3.42630219459534"
"470","20","300","20","preferential_attachment","species","species_1","PLN","BIC","0.12","0.3349845","21321.4402005589","0.468","0.842","0.167","0.278","9.19442439079285"
"471","21","300","20","preferential_attachment","species","species_1","PLN","BIC","0.17","0.3357225","61249425836738.9","0.515","0.947","0.17","0.288","14.8850035667419"
"472","22","300","20","preferential_attachment","species","species_1","PLN","BIC","0.1","0.5580765","0.877166350194812","0.129","0.737","0.389","0.509","2.10013365745544"
"473","23","300","20","preferential_attachment","species","species_1","PLN","BIC","0.14","0.2505265","3523.00566525138","0.415","0.842","0.184","0.302","8.40612316131592"
"474","24","300","20","preferential_attachment","species","species_1","PLN","BIC","0.17","0.210886","755832832266.669","0.345","0.895","0.224","0.358","12.5886213779449"
"475","25","300","20","preferential_attachment","species","species_1","PLN","BIC","0.11","0.5569335","0.698498407689513","0.064","0.737","0.56","0.636","3.91101598739624"
"476","26","300","20","preferential_attachment","species","species_1","PLN","BIC","0.14","0.261421","1324.728810071","0.386","0.842","0.195","0.317","2.29124999046326"
"477","27","300","20","preferential_attachment","species","species_1","PLN","BIC","0.1","0.4819825","0.661315367650343","0.17","0.947","0.383","0.545","2.78447890281677"
"478","28","300","20","preferential_attachment","species","species_1","PLN","BIC","0.1","0.337266","0.656394965496568","0.222","0.895","0.309","0.459","4.33899903297424"
"479","29","300","20","preferential_attachment","species","species_1","PLN","BIC","0.07","0.350855","0.836736563788458","0.129","0.789","0.405","0.536","2.15512895584106"
"480","30","300","20","preferential_attachment","species","species_1","PLN","BIC","0.1","0.570272","0.815526555641924","0.186","0.944","0.347","0.507","1.27083659172058"
"481","1","300","20","preferential_attachment","species","species_2","PLN","BIC","0.17","0.479682","0.737432668886145","0.216","0.474","0.196","0.277","1.28702354431152"
"482","2","300","20","preferential_attachment","species","species_2","PLN","BIC","0.15","0.5294525","0.768833613122342","0.292","0.737","0.219","0.337","3.32253932952881"
"483","3","300","20","preferential_attachment","species","species_2","PLN","BIC","0.16","0.696925","0.585310007514937","0.088","0.421","0.348","0.381","4.95344161987305"
"484","4","300","20","preferential_attachment","species","species_2","PLN","BIC","0.16","0.5876655","0.546076671623567","0.047","0.579","0.579","0.579","4.6959400177002"
"485","5","300","20","preferential_attachment","species","species_2","PLN","BIC","0.14","0.6454455","0.564346527348297","0.035","0.474","0.6","0.529","4.01303267478943"
"486","6","300","20","preferential_attachment","species","species_2","PLN","BIC","0.13","0.7077955","0.626831984847204","0.07","0.833","0.556","0.667","2.59614181518555"
"487","7","300","20","preferential_attachment","species","species_2","PLN","BIC","0.16","0.662548","0.642221534224383","0.234","0.842","0.286","0.427","2.23290157318115"
"488","8","300","20","preferential_attachment","species","species_2","PLN","BIC","0.22","0.4238865","1698763901635685","0.766","0.895","0.115","0.204","18.6296923160553"
"489","9","300","20","preferential_attachment","species","species_2","PLN","BIC","0.18","0.7100645","0.524208672544779","0.398","0.947","0.209","0.343","2.15802907943726"
"490","10","300","20","preferential_attachment","species","species_2","PLN","BIC","0.13","0.5531815","0.601333356447072","0.076","0.684","0.5","0.578","4.9813220500946"
"491","11","300","20","preferential_attachment","species","species_2","PLN","BIC","0.2","0.3213935","2046539607.43428","0.532","0.895","0.157","0.268","15.8305330276489"
"492","12","300","20","preferential_attachment","species","species_2","PLN","BIC","0.12","0.641869","0.63162161514822","0.012","0.316","0.75","0.444","2.69064998626709"
"493","13","300","20","preferential_attachment","species","species_2","PLN","BIC","0.19","0.4258815","0.690534559472585","0.368","0.684","0.171","0.274","1.33830547332764"
"494","14","300","20","preferential_attachment","species","species_2","PLN","BIC","0.16","0.5737615","0.569862687308291","0.292","0.632","0.194","0.296","2.27604627609253"
"495","15","300","20","preferential_attachment","species","species_2","PLN","BIC","0.15","0.630523","0.59446342297884","0.023","0.474","0.692","0.562","5.09997773170471"
"496","16","300","20","preferential_attachment","species","species_2","PLN","BIC","0.18","0.549837","0.585920897347274","0.041","0.526","0.588","0.556","2.9747211933136"
"497","17","300","20","preferential_attachment","species","species_2","PLN","BIC","0.13","0.7329395","0.611967214566514","0.211","0.947","0.333","0.493","2.06330299377441"
"498","18","300","20","preferential_attachment","species","species_2","PLN","BIC","0.13","0.6717955","0.601717818463692","0","0",NA,"0","2.47509860992432"
"499","19","300","20","preferential_attachment","species","species_2","PLN","BIC","0.19","0.505295","174.757262858787","0.24","0.474","0.18","0.261","1.64098453521729"
"500","20","300","20","preferential_attachment","species","species_2","PLN","BIC","0.14","0.5059725","0.607411118753407","0.047","0.579","0.579","0.579","2.85465025901794"
"501","21","300","20","preferential_attachment","species","species_2","PLN","BIC","0.14","0.6720745","0.599261538812389","0.053","0.579","0.55","0.564","2.89510273933411"
"502","22","300","20","preferential_attachment","species","species_2","PLN","BIC","0.15","0.5706235","0.685188442415013","0.333","0.737","0.197","0.311","1.32004141807556"
"503","23","300","20","preferential_attachment","species","species_2","PLN","BIC","0.16","0.650517","0.602210395053099","0.035","0.579","0.647","0.611","3.29067778587341"
"504","24","300","20","preferential_attachment","species","species_2","PLN","BIC","0.14","0.50705","0.599205653482927","0","0.158","1","0.273","2.64500594139099"
"505","25","300","20","preferential_attachment","species","species_2","PLN","BIC","0.15","0.549953","0.609817331719211","0.058","0.526","0.5","0.513","2.7708854675293"
"506","26","300","20","preferential_attachment","species","species_2","PLN","BIC","0.15","0.741804","0.57794132133446","0","0.053","1","0.1","2.20896100997925"
"507","27","300","20","preferential_attachment","species","species_2","PLN","BIC","0.21","0.3059105","1.12505142636125e+23","0.684","0.632","0.093","0.162","20.9506278038025"
"508","28","300","20","preferential_attachment","species","species_2","PLN","BIC","0.15","0.698571","0.598287157226125","0.006","0.421","0.889","0.571","2.3650586605072"
"509","29","300","20","preferential_attachment","species","species_2","PLN","BIC","0.14","0.5331965","0.612998631767519","0.152","0.684","0.333","0.448","2.71168828010559"
"510","30","300","20","preferential_attachment","species","species_2","PLN","BIC","0.14","0.71069","0.531068458136411","0.006","0.158","0.75","0.261","2.97838973999023"
"511","1","300","20","preferential_attachment","species","species_3","PLN","BIC","0.19","0.119175","0.648224928315556","0.287","0.526","0.169","0.256","2.16909551620483"
"512","2","300","20","preferential_attachment","species","species_3","PLN","BIC","0.16","0.8052425","0.591384186681638","0.018","0.474","0.75","0.581","2.84366631507874"
"513","3","300","20","preferential_attachment","species","species_3","PLN","BIC","0.15","0.584116","0.519938765335905","0","0.211","1","0.348","3.87568950653076"
"514","4","300","20","preferential_attachment","species","species_3","PLN","BIC","0.17","0.5433025","0.472879662681372","0.041","0.263","0.417","0.323","2.96246576309204"
"515","5","300","20","preferential_attachment","species","species_3","PLN","BIC","0.18","0.838148","0.567208787728733","0","0",NA,"0","4.35510396957397"
"516","6","300","20","preferential_attachment","species","species_3","PLN","BIC","0.15","0.60857","0.532543242206448","0.035","0.368","0.538","0.438","4.88363242149353"
"517","7","300","20","preferential_attachment","species","species_3","PLN","BIC","0.21","0.2828835","1.53384788486672e+20","0.749","0.789","0.105","0.185","19.9600336551666"
"518","8","300","20","preferential_attachment","species","species_3","PLN","BIC","0.18","0.397099","0.526156929053933","0","0",NA,"0","2.4715564250946"
"519","9","300","20","preferential_attachment","species","species_3","PLN","BIC","0.15","0.5402115","0.547950813974693","0.006","0.053","0.5","0.095","3.50752186775208"
"520","10","300","20","preferential_attachment","species","species_3","PLN","BIC","0.17","0.53739","0.548849292859439","0.018","0.316","0.667","0.429","2.91496729850769"
"521","11","300","20","preferential_attachment","species","species_3","PLN","BIC","0.19","0.231699","22206214980.4358","0.643","0.632","0.098","0.17","17.6601691246033"
"522","12","300","20","preferential_attachment","species","species_3","PLN","BIC","0.17","0.641433","0.553541026890994","0","0",NA,"0","3.77812337875366"
"523","13","300","20","preferential_attachment","species","species_3","PLN","BIC","0.17","0.5663835","0.584276685055694","0.292","0.789","0.231","0.357","2.26116585731506"
"524","14","300","20","preferential_attachment","species","species_3","PLN","BIC","0.14","0.4518095","9.71787130030835","0.193","0.579","0.25","0.349","3.07858777046204"
"525","15","300","20","preferential_attachment","species","species_3","PLN","BIC","0.17","0.25589","14.1020130581954","0.099","0.263","0.227","0.244","2.02769088745117"
"526","16","300","20","preferential_attachment","species","species_3","PLN","BIC","0.18","0.652352","0.4985718641574","0.333","0.579","0.162","0.253","3.42161059379578"
"527","17","300","20","preferential_attachment","species","species_3","PLN","BIC","0.16","0.5554065","0.508647782342528","0.023","0.263","0.556","0.357","3.2226676940918"
"528","18","300","20","preferential_attachment","species","species_3","PLN","BIC","0.18","0.509096","0.479957530148582","0","0.105","1","0.19","5.40587973594666"
"529","19","300","20","preferential_attachment","species","species_3","PLN","BIC","0.17","0.2470045","1.20100672398296","0.053","0.211","0.308","0.25","1.55035924911499"
"530","20","300","20","preferential_attachment","species","species_3","PLN","BIC","0.19","0.4019095","2366445.95121757","0.731","0.842","0.113","0.2","10.5003845691681"
"531","21","300","20","preferential_attachment","species","species_3","PLN","BIC","0.18","0.6061785","0.517308123459936","0.193","0.474","0.214","0.295","4.36230754852295"
"532","22","300","20","preferential_attachment","species","species_3","PLN","BIC","0.19","0.2278155","0.561955087446904","0.439","0.842","0.176","0.291","1.3445930480957"
"533","23","300","20","preferential_attachment","species","species_3","PLN","BIC","0.2","0.2816765","0.544600267646553","0.485","0.947","0.178","0.3","1.51304268836975"
"534","24","300","20","preferential_attachment","species","species_3","PLN","BIC","0.22","0.3934435","2.76082487845223e+47","0.772","0.895","0.114","0.202","34.299957036972"
"535","25","300","20","preferential_attachment","species","species_3","PLN","BIC","0.17","0.302901","25.9277969614451","0.117","0.316","0.231","0.267","1.35486268997192"
"536","26","300","20","preferential_attachment","species","species_3","PLN","BIC","0.36","0.308333","48.6444566281857","0.637","0.684","0.107","0.184","7.37819290161133"
"537","27","300","20","preferential_attachment","species","species_3","PLN","BIC","0.18","0.4040825","0.578180274060746","0.343","0.833","0.203","0.326","1.59978818893433"
"538","28","300","20","preferential_attachment","species","species_3","PLN","BIC","0.17","0.6267285","0.543756961445798","0","0",NA,"0","3.37498068809509"
"539","29","300","20","preferential_attachment","species","species_3","PLN","BIC","0.18","0.124664","0.611190918643558","0.316","0.632","0.182","0.282","1.6532735824585"
"540","30","300","20","preferential_attachment","species","species_3","PLN","BIC","0.16","0.5869505","0.490489609756249","0","0",NA,"0","3.49589490890503"
